[0;34mUsing docker and docker compose[0m
[0;34mdeploying chaincode on channel 'mychannel'[0m
executing with the following
- CHANNEL_NAME: [0;32mmychannel[0m
- CC_NAME: [0;32mbzt[0m
- CC_SRC_PATH: [0;32m/home/runner/work/bzt-id-experiments/bzt-id-experiments/fabric-bench/chaincode[0m
- CC_SRC_LANGUAGE: [0;32mjavascript[0m
- CC_VERSION: [0;32m1.0[0m
- CC_SEQUENCE: [0;32mauto[0m
- CC_END_POLICY: [0;32mNA[0m
- CC_COLL_CONFIG: [0;32mNA[0m
- CC_INIT_FCN: [0;32mNA[0m
- DELAY: [0;32m3[0m
- MAX_RETRY: [0;32m5[0m
- VERBOSE: [0;32mfalse[0m
executing with the following
- CC_NAME: [0;32mbzt[0m
- CC_SRC_PATH: [0;32m/home/runner/work/bzt-id-experiments/bzt-id-experiments/fabric-bench/chaincode[0m
- CC_SRC_LANGUAGE: [0;32mjavascript[0m
- CC_VERSION: [0;32m1.0[0m
+ '[' false = true ']'
+ peer lifecycle chaincode package bzt.tar.gz --path /home/runner/work/bzt-id-experiments/bzt-id-experiments/fabric-bench/chaincode --lang node --label bzt_1.0
+ res=0
[0;32mChaincode is packaged[0m
[0;34mInstalling chaincode on peer0.org1...[0m
[0;34mUsing organization 1[0m
+ peer lifecycle chaincode queryinstalled --output json
+ grep '^bzt_1.0:777c383bc4d25d7dc5610f92a201167f7301ed4b2cd3593b83e643df51c39c71$'
+ jq -r 'try (.installed_chaincodes[].package_id)'
[34m2026-10-08 05:25:32.475 UTC 0001 INFO[0m [grpc] [34;1mInfof[0m -> [core] original dial target is: "localhost:7051"
[34m2026-10-08 05:25:32.475 UTC 0002 INFO[0m [grpc] [34;1mAddTraceEvent[0m -> [core] [Channel #1]Channel created
[34m2026-10-08 05:25:32.475 UTC 0003 INFO[0m [grpc] [34;1mAddTraceEvent[0m -> [core] [Channel #1]parsed dial target is: resolver.Target{URL:url.URL{Scheme:"passthrough", Opaque:"", User:(*url.Userinfo)(nil), Host:"", Path:"/localhost:7051", RawPath:"", OmitHost:false, ForceQuery:false, RawQuery:"", Fragment:"", RawFragment:""}}
[34m2026-10-08 05:25:32.475 UTC 0004 INFO[0m [grpc] [34;1mAddTraceEvent[0m -> [core] [Channel #1]Channel authority set to "localhost:7051"
[34m2026-10-08 05:25:32.475 UTC 0005 INFO[0m [grpc] [34;1mAddTraceEvent[0m -> [core] [Channel #1]Resolver state updated: {
  "Addresses": [
    {
      "Addr": "localhost:7051",
      "ServerName": "",
      "Attributes": null,
      "BalancerAttributes": null,
      "Metadata": null
    }
  ],
  "Endpoints": [
    {
      "Addresses": [
        {
          "Addr": "localhost:7051",
          "ServerName": "",
          "Attributes": null,
          "BalancerAttributes": null,
          "Metadata": null
        }
      ],
      "Attributes": null
    }
  ],
  "ServiceConfig": null,
  "Attributes": null
} (resolver returned new addresses)
[34m2026-10-08 05:25:32.475 UTC 0006 INFO[0m [grpc] [34;1mAddTraceEvent[0m -> [core] [Channel #1]Channel switches to new LB policy "pick_first"
[34m2026-10-08 05:25:32.475 UTC 0007 INFO[0m [grpc] [34;1mInfof[0m -> [pick-first-lb] [pick-first-lb 0xc00023f7a0] Received new config {
  "shuffleAddressList": false
}, resolver state {
  "Addresses": [
    {
      "Addr": "localhost:7051",
      "ServerName": "",
      "Attributes": null,
      "BalancerAttributes": null,
      "Metadata": null
    }
  ],
  "Endpoints": [
    {
      "Addresses": [
        {
          "Addr": "localhost:7051",
          "ServerName": "",
          "Attributes": null,
          "BalancerAttributes": null,
          "Metadata": null
        }
      ],
      "Attributes": null
    }
  ],
  "ServiceConfig": null,
  "Attributes": null
}
[34m2026-10-08 05:25:32.475 UTC 0008 INFO[0m [grpc] [34;1mAddTraceEvent[0m -> [core] [Channel #1 SubChannel #2]Subchannel created
[34m2026-10-08 05:25:32.475 UTC 0009 INFO[0m [grpc] [34;1mAddTraceEvent[0m -> [core] [Channel #1]Channel Connectivity change to CONNECTING
[34m2026-10-08 05:25:32.475 UTC 000a INFO[0m [grpc] [34;1mAddTraceEvent[0m -> [core] [Channel #1]Channel exiting idle mode
[34m2026-10-08 05:25:32.475 UTC 000b INFO[0m [grpc] [34;1mAddTraceEvent[0m -> [core] [Channel #1 SubChannel #2]Subchannel Connectivity change to CONNECTING
[34m2026-10-08 05:25:32.475 UTC 000c INFO[0m [grpc] [34;1mAddTraceEvent[0m -> [core] [Channel #1 SubChannel #2]Subchannel picks a new address "localhost:7051" to connect
[34m2026-10-08 05:25:32.476 UTC 000d INFO[0m [grpc] [34;1mInfof[0m -> [pick-first-lb] [pick-first-lb 0xc00023f7a0] Received SubConn state update: 0xc00023f830, {ConnectivityState:CONNECTING ConnectionError:<nil> connectedAddress:{Addr: ServerName: Attributes:<nil> BalancerAttributes:<nil> Metadata:<nil>}}
[34m2026-10-08 05:25:32.478 UTC 000e INFO[0m [grpc] [34;1mAddTraceEvent[0m -> [core] [Channel #1 SubChannel #2]Subchannel Connectivity change to READY
[34m2026-10-08 05:25:32.478 UTC 000f INFO[0m [grpc] [34;1mInfof[0m -> [pick-first-lb] [pick-first-lb 0xc00023f7a0] Received SubConn state update: 0xc00023f830, {ConnectivityState:READY ConnectionError:<nil> connectedAddress:{Addr:localhost:7051 ServerName:localhost:7051 Attributes:<nil> BalancerAttributes:<nil> Metadata:<nil>}}
[34m2026-10-08 05:25:32.478 UTC 0010 INFO[0m [grpc] [34;1mAddTraceEvent[0m -> [core] [Channel #1]Channel Connectivity change to READY
[34m2026-10-08 05:25:32.478 UTC 0011 INFO[0m [grpc] [34;1mInfof[0m -> [core] original dial target is: "localhost:7051"
[34m2026-10-08 05:25:32.478 UTC 0012 INFO[0m [grpc] [34;1mAddTraceEvent[0m -> [core] [Channel #4]Channel created
[34m2026-10-08 05:25:32.478 UTC 0013 INFO[0m [grpc] [34;1mAddTraceEvent[0m -> [core] [Channel #4]parsed dial target is: resolver.Target{URL:url.URL{Scheme:"passthrough", Opaque:"", User:(*url.Userinfo)(nil), Host:"", Path:"/localhost:7051", RawPath:"", OmitHost:false, ForceQuery:false, RawQuery:"", Fragment:"", RawFragment:""}}
[34m2026-10-08 05:25:32.478 UTC 0014 INFO[0m [grpc] [34;1mAddTraceEvent[0m -> [core] [Channel #4]Channel authority set to "localhost:7051"
[34m2026-10-08 05:25:32.478 UTC 0015 INFO[0m [grpc] [34;1mAddTraceEvent[0m -> [core] [Channel #4]Resolver state updated: {
  "Addresses": [
    {
      "Addr": "localhost:7051",
      "ServerName": "",
      "Attributes": null,
      "BalancerAttributes": null,
      "Metadata": null
    }
  ],
  "Endpoints": [
    {
      "Addresses": [
        {
          "Addr": "localhost:7051",
          "ServerName": "",
          "Attributes": null,
          "BalancerAttributes": null,
          "Metadata": null
        }
      ],
      "Attributes": null
    }
  ],
  "ServiceConfig": null,
  "Attributes": null
} (resolver returned new addresses)
[34m2026-10-08 05:25:32.478 UTC 0016 INFO[0m [grpc] [34;1mAddTraceEvent[0m -> [core] [Channel #4]Channel switches to new LB policy "pick_first"
[34m2026-10-08 05:25:32.478 UTC 0017 INFO[0m [grpc] [34;1mInfof[0m -> [pick-first-lb] [pick-first-lb 0xc000368ab0] Received new config {
  "shuffleAddressList": false
}, resolver state {
  "Addresses": [
    {
      "Addr": "localhost:7051",
      "ServerName": "",
      "Attributes": null,
      "BalancerAttributes": null,
      "Metadata": null
    }
  ],
  "Endpoints": [
    {
      "Addresses": [
        {
          "Addr": "localhost:7051",
          "ServerName": "",
          "Attributes": null,
          "BalancerAttributes": null,
          "Metadata": null
        }
      ],
      "Attributes": null
    }
  ],
  "ServiceConfig": null,
  "Attributes": null
}
[34m2026-10-08 05:25:32.478 UTC 0018 INFO[0m [grpc] [34;1mAddTraceEvent[0m -> [core] [Channel #4 SubChannel #5]Subchannel created
[34m2026-10-08 05:25:32.478 UTC 0019 INFO[0m [grpc] [34;1mAddTraceEvent[0m -> [core] [Channel #4]Channel Connectivity change to CONNECTING
[34m2026-10-08 05:25:32.478 UTC 001a INFO[0m [grpc] [34;1mAddTraceEvent[0m -> [core] [Channel #4]Channel exiting idle mode
[34m2026-10-08 05:25:32.478 UTC 001b INFO[0m [grpc] [34;1mAddTraceEvent[0m -> [core] [Channel #4 SubChannel #5]Subchannel Connectivity change to CONNECTING
[34m2026-10-08 05:25:32.478 UTC 001c INFO[0m [grpc] [34;1mAddTraceEvent[0m -> [core] [Channel #4 SubChannel #5]Subchannel picks a new address "localhost:7051" to connect
[34m2026-10-08 05:25:32.478 UTC 001d INFO[0m [grpc] [34;1mInfof[0m -> [pick-first-lb] [pick-first-lb 0xc000368ab0] Received SubConn state update: 0xc000368b10, {ConnectivityState:CONNECTING ConnectionError:<nil> connectedAddress:{Addr: ServerName: Attributes:<nil> BalancerAttributes:<nil> Metadata:<nil>}}
[34m2026-10-08 05:25:32.481 UTC 001e INFO[0m [grpc] [34;1mAddTraceEvent[0m -> [core] [Channel #4 SubChannel #5]Subchannel Connectivity change to READY
[34m2026-10-08 05:25:32.481 UTC 001f INFO[0m [grpc] [34;1mInfof[0m -> [pick-first-lb] [pick-first-lb 0xc000368ab0] Received SubConn state update: 0xc000368b10, {ConnectivityState:READY ConnectionError:<nil> connectedAddress:{Addr:localhost:7051 ServerName:localhost:7051 Attributes:<nil> BalancerAttributes:<nil> Metadata:<nil>}}
[34m2026-10-08 05:25:32.481 UTC 0020 INFO[0m [grpc] [34;1mAddTraceEvent[0m -> [core] [Channel #4]Channel Connectivity change to READY
+ test 1 -ne 0
+ peer lifecycle chaincode install bzt.tar.gz
+ res=0
[34m2026-10-08 05:25:32.525 UTC 0001 INFO[0m [grpc] [34;1mInfof[0m -> [core] original dial target is: "localhost:7051"
[34m2026-10-08 05:25:32.525 UTC 0002 INFO[0m [grpc] [34;1mAddTraceEvent[0m -> [core] [Channel #1]Channel created
[34m2026-10-08 05:25:32.525 UTC 0003 INFO[0m [grpc] [34;1mAddTraceEvent[0m -> [core] [Channel #1]parsed dial target is: resolver.Target{URL:url.URL{Scheme:"passthrough", Opaque:"", User:(*url.Userinfo)(nil), Host:"", Path:"/localhost:7051", RawPath:"", OmitHost:false, ForceQuery:false, RawQuery:"", Fragment:"", RawFragment:""}}
[34m2026-10-08 05:25:32.525 UTC 0004 INFO[0m [grpc] [34;1mAddTraceEvent[0m -> [core] [Channel #1]Channel authority set to "localhost:7051"
[34m2026-10-08 05:25:32.525 UTC 0005 INFO[0m [grpc] [34;1mAddTraceEvent[0m -> [core] [Channel #1]Resolver state updated: {
  "Addresses": [
    {
      "Addr": "localhost:7051",
      "ServerName": "",
      "Attributes": null,
      "BalancerAttributes": null,
      "Metadata": null
    }
  ],
  "Endpoints": [
    {
      "Addresses": [
        {
          "Addr": "localhost:7051",
          "ServerName": "",
          "Attributes": null,
          "BalancerAttributes": null,
          "Metadata": null
        }
      ],
      "Attributes": null
    }
  ],
  "ServiceConfig": null,
  "Attributes": null
} (resolver returned new addresses)
[34m2026-10-08 05:25:32.525 UTC 0006 INFO[0m [grpc] [34;1mAddTraceEvent[0m -> [core] [Channel #1]Channel switches to new LB policy "pick_first"
[34m2026-10-08 05:25:32.525 UTC 0007 INFO[0m [grpc] [34;1mInfof[0m -> [pick-first-lb] [pick-first-lb 0xc000220db0] Received new config {
  "shuffleAddressList": false
}, resolver state {
  "Addresses": [
    {
      "Addr": "localhost:7051",
      "ServerName": "",
      "Attributes": null,
      "BalancerAttributes": null,
      "Metadata": null
    }
  ],
  "Endpoints": [
    {
      "Addresses": [
        {
          "Addr": "localhost:7051",
          "ServerName": "",
          "Attributes": null,
          "BalancerAttributes": null,
          "Metadata": null
        }
      ],
      "Attributes": null
    }
  ],
  "ServiceConfig": null,
  "Attributes": null
}
[34m2026-10-08 05:25:32.525 UTC 0008 INFO[0m [grpc] [34;1mAddTraceEvent[0m -> [core] [Channel #1 SubChannel #2]Subchannel created
[34m2026-10-08 05:25:32.525 UTC 0009 INFO[0m [grpc] [34;1mAddTraceEvent[0m -> [core] [Channel #1]Channel Connectivity change to CONNECTING
[34m2026-10-08 05:25:32.525 UTC 000a INFO[0m [grpc] [34;1mAddTraceEvent[0m -> [core] [Channel #1]Channel exiting idle mode
[34m2026-10-08 05:25:32.525 UTC 000b INFO[0m [grpc] [34;1mAddTraceEvent[0m -> [core] [Channel #1 SubChannel #2]Subchannel Connectivity change to CONNECTING
[34m2026-10-08 05:25:32.525 UTC 000c INFO[0m [grpc] [34;1mAddTraceEvent[0m -> [core] [Channel #1 SubChannel #2]Subchannel picks a new address "localhost:7051" to connect
[34m2026-10-08 05:25:32.525 UTC 000d INFO[0m [grpc] [34;1mInfof[0m -> [pick-first-lb] [pick-first-lb 0xc000220db0] Received SubConn state update: 0xc000220e40, {ConnectivityState:CONNECTING ConnectionError:<nil> connectedAddress:{Addr: ServerName: Attributes:<nil> BalancerAttributes:<nil> Metadata:<nil>}}
[34m2026-10-08 05:25:32.527 UTC 000e INFO[0m [grpc] [34;1mAddTraceEvent[0m -> [core] [Channel #1 SubChannel #2]Subchannel Connectivity change to READY
[34m2026-10-08 05:25:32.527 UTC 000f INFO[0m [grpc] [34;1mInfof[0m -> [pick-first-lb] [pick-first-lb 0xc000220db0] Received SubConn state update: 0xc000220e40, {ConnectivityState:READY ConnectionError:<nil> connectedAddress:{Addr:localhost:7051 ServerName:localhost:7051 Attributes:<nil> BalancerAttributes:<nil> Metadata:<nil>}}
[34m2026-10-08 05:25:32.527 UTC 0010 INFO[0m [grpc] [34;1mAddTraceEvent[0m -> [core] [Channel #1]Channel Connectivity change to READY
[34m2026-10-08 05:25:32.527 UTC 0011 INFO[0m [grpc] [34;1mInfof[0m -> [core] original dial target is: "localhost:7051"
[34m2026-10-08 05:25:32.527 UTC 0012 INFO[0m [grpc] [34;1mAddTraceEvent[0m -> [core] [Channel #4]Channel created
[34m2026-10-08 05:25:32.527 UTC 0013 INFO[0m [grpc] [34;1mAddTraceEvent[0m -> [core] [Channel #4]parsed dial target is: resolver.Target{URL:url.URL{Scheme:"passthrough", Opaque:"", User:(*url.Userinfo)(nil), Host:"", Path:"/localhost:7051", RawPath:"", OmitHost:false, ForceQuery:false, RawQuery:"", Fragment:"", RawFragment:""}}
[34m2026-10-08 05:25:32.527 UTC 0014 INFO[0m [grpc] [34;1mAddTraceEvent[0m -> [core] [Channel #4]Channel authority set to "localhost:7051"
[34m2026-10-08 05:25:32.527 UTC 0015 INFO[0m [grpc] [34;1mAddTraceEvent[0m -> [core] [Channel #4]Resolver state updated: {
  "Addresses": [
    {
      "Addr": "localhost:7051",
      "ServerName": "",
      "Attributes": null,
      "BalancerAttributes": null,
      "Metadata": null
    }
  ],
  "Endpoints": [
    {
      "Addresses": [
        {
          "Addr": "localhost:7051",
          "ServerName": "",
          "Attributes": null,
          "BalancerAttributes": null,
          "Metadata": null
        }
      ],
      "Attributes": null
    }
  ],
  "ServiceConfig": null,
  "Attributes": null
} (resolver returned new addresses)
[34m2026-10-08 05:25:32.527 UTC 0016 INFO[0m [grpc] [34;1mAddTraceEvent[0m -> [core] [Channel #4]Channel switches to new LB policy "pick_first"
[34m2026-10-08 05:25:32.528 UTC 0017 INFO[0m [grpc] [34;1mInfof[0m -> [pick-first-lb] [pick-first-lb 0xc00039e8d0] Received new config {
  "shuffleAddressList": false
}, resolver state {
  "Addresses": [
    {
      "Addr": "localhost:7051",
      "ServerName": "",
      "Attributes": null,
      "BalancerAttributes": null,
      "Metadata": null
    }
  ],
  "Endpoints": [
    {
      "Addresses": [
        {
          "Addr": "localhost:7051",
          "ServerName": "",
          "Attributes": null,
          "BalancerAttributes": null,
          "Metadata": null
        }
      ],
      "Attributes": null
    }
  ],
  "ServiceConfig": null,
  "Attributes": null
}
[34m2026-10-08 05:25:32.528 UTC 0018 INFO[0m [grpc] [34;1mAddTraceEvent[0m -> [core] [Channel #4 SubChannel #5]Subchannel created
[34m2026-10-08 05:25:32.528 UTC 0019 INFO[0m [grpc] [34;1mAddTraceEvent[0m -> [core] [Channel #4]Channel Connectivity change to CONNECTING
[34m2026-10-08 05:25:32.528 UTC 001a INFO[0m [grpc] [34;1mAddTraceEvent[0m -> [core] [Channel #4]Channel exiting idle mode
[34m2026-10-08 05:25:32.528 UTC 001b INFO[0m [grpc] [34;1mAddTraceEvent[0m -> [core] [Channel #4 SubChannel #5]Subchannel Connectivity change to CONNECTING
[34m2026-10-08 05:25:32.528 UTC 001c INFO[0m [grpc] [34;1mAddTraceEvent[0m -> [core] [Channel #4 SubChannel #5]Subchannel picks a new address "localhost:7051" to connect
[34m2026-10-08 05:25:32.528 UTC 001d INFO[0m [grpc] [34;1mInfof[0m -> [pick-first-lb] [pick-first-lb 0xc00039e8d0] Received SubConn state update: 0xc00039e930, {ConnectivityState:CONNECTING ConnectionError:<nil> connectedAddress:{Addr: ServerName: Attributes:<nil> BalancerAttributes:<nil> Metadata:<nil>}}
[34m2026-10-08 05:25:32.530 UTC 001e INFO[0m [grpc] [34;1mAddTraceEvent[0m -> [core] [Channel #4 SubChannel #5]Subchannel Connectivity change to READY
[34m2026-10-08 05:25:32.530 UTC 001f INFO[0m [grpc] [34;1mInfof[0m -> [pick-first-lb] [pick-first-lb 0xc00039e8d0] Received SubConn state update: 0xc00039e930, {ConnectivityState:READY ConnectionError:<nil> connectedAddress:{Addr:localhost:7051 ServerName:localhost:7051 Attributes:<nil> BalancerAttributes:<nil> Metadata:<nil>}}
[34m2026-10-08 05:25:32.530 UTC 0020 INFO[0m [grpc] [34;1mAddTraceEvent[0m -> [core] [Channel #4]Channel Connectivity change to READY
[34m2026-10-08 05:25:46.032 UTC 0021 INFO[0m [cli.lifecycle.chaincode] [34;1msubmitInstallProposal[0m -> Installed remotely: response:{status:200  payload:"\nHbzt_1.0:777c383bc4d25d7dc5610f92a201167f7301ed4b2cd3593b83e643df51c39c71\x12\x07bzt_1.0"}
[34m2026-10-08 05:25:46.032 UTC 0022 INFO[0m [cli.lifecycle.chaincode] [34;1msubmitInstallProposal[0m -> Chaincode code package identifier: bzt_1.0:777c383bc4d25d7dc5610f92a201167f7301ed4b2cd3593b83e643df51c39c71
[0;32mChaincode is installed on peer0.org1[0m
[0;34mInstall chaincode on peer0.org2...[0m
[0;34mUsing organization 2[0m
+ peer lifecycle chaincode queryinstalled --output json
+ grep '^bzt_1.0:777c383bc4d25d7dc5610f92a201167f7301ed4b2cd3593b83e643df51c39c71$'
+ jq -r 'try (.installed_chaincodes[].package_id)'
[34m2026-10-08 05:25:46.076 UTC 0001 INFO[0m [grpc] [34;1mInfof[0m -> [core] original dial target is: "localhost:9051"
[34m2026-10-08 05:25:46.076 UTC 0002 INFO[0m [grpc] [34;1mAddTraceEvent[0m -> [core] [Channel #1]Channel created
[34m2026-10-08 05:25:46.076 UTC 0003 INFO[0m [grpc] [34;1mAddTraceEvent[0m -> [core] [Channel #1]parsed dial target is: resolver.Target{URL:url.URL{Scheme:"passthrough", Opaque:"", User:(*url.Userinfo)(nil), Host:"", Path:"/localhost:9051", RawPath:"", OmitHost:false, ForceQuery:false, RawQuery:"", Fragment:"", RawFragment:""}}
[34m2026-10-08 05:25:46.076 UTC 0004 INFO[0m [grpc] [34;1mAddTraceEvent[0m -> [core] [Channel #1]Channel authority set to "localhost:9051"
[34m2026-10-08 05:25:46.076 UTC 0005 INFO[0m [grpc] [34;1mAddTraceEvent[0m -> [core] [Channel #1]Resolver state updated: {
  "Addresses": [
    {
      "Addr": "localhost:9051",
      "ServerName": "",
      "Attributes": null,
      "BalancerAttributes": null,
      "Metadata": null
    }
  ],
  "Endpoints": [
    {
      "Addresses": [
        {
          "Addr": "localhost:9051",
          "ServerName": "",
          "Attributes": null,
          "BalancerAttributes": null,
          "Metadata": null
        }
      ],
      "Attributes": null
    }
  ],
  "ServiceConfig": null,
  "Attributes": null
} (resolver returned new addresses)
[34m2026-10-08 05:25:46.076 UTC 0006 INFO[0m [grpc] [34;1mAddTraceEvent[0m -> [core] [Channel #1]Channel switches to new LB policy "pick_first"
[34m2026-10-08 05:25:46.076 UTC 0007 INFO[0m [grpc] [34;1mInfof[0m -> [pick-first-lb] [pick-first-lb 0xc0004f38c0] Received new config {
  "shuffleAddressList": false
}, resolver state {
  "Addresses": [
    {
      "Addr": "localhost:9051",
      "ServerName": "",
      "Attributes": null,
      "BalancerAttributes": null,
      "Metadata": null
    }
  ],
  "Endpoints": [
    {
      "Addresses": [
        {
          "Addr": "localhost:9051",
          "ServerName": "",
          "Attributes": null,
          "BalancerAttributes": null,
          "Metadata": null
        }
      ],
      "Attributes": null
    }
  ],
  "ServiceConfig": null,
  "Attributes": null
}
[34m2026-10-08 05:25:46.076 UTC 0008 INFO[0m [grpc] [34;1mAddTraceEvent[0m -> [core] [Channel #1 SubChannel #2]Subchannel created
[34m2026-10-08 05:25:46.077 UTC 0009 INFO[0m [grpc] [34;1mAddTraceEvent[0m -> [core] [Channel #1]Channel Connectivity change to CONNECTING
[34m2026-10-08 05:25:46.077 UTC 000a INFO[0m [grpc] [34;1mAddTraceEvent[0m -> [core] [Channel #1]Channel exiting idle mode
[34m2026-10-08 05:25:46.077 UTC 000b INFO[0m [grpc] [34;1mAddTraceEvent[0m -> [core] [Channel #1 SubChannel #2]Subchannel Connectivity change to CONNECTING
[34m2026-10-08 05:25:46.077 UTC 000c INFO[0m [grpc] [34;1mAddTraceEvent[0m -> [core] [Channel #1 SubChannel #2]Subchannel picks a new address "localhost:9051" to connect
[34m2026-10-08 05:25:46.077 UTC 000d INFO[0m [grpc] [34;1mInfof[0m -> [pick-first-lb] [pick-first-lb 0xc0004f38c0] Received SubConn state update: 0xc0004f3950, {ConnectivityState:CONNECTING ConnectionError:<nil> connectedAddress:{Addr: ServerName: Attributes:<nil> BalancerAttributes:<nil> Metadata:<nil>}}
[34m2026-10-08 05:25:46.080 UTC 000e INFO[0m [grpc] [34;1mAddTraceEvent[0m -> [core] [Channel #1 SubChannel #2]Subchannel Connectivity change to READY
[34m2026-10-08 05:25:46.080 UTC 000f INFO[0m [grpc] [34;1mInfof[0m -> [pick-first-lb] [pick-first-lb 0xc0004f38c0] Received SubConn state update: 0xc0004f3950, {ConnectivityState:READY ConnectionError:<nil> connectedAddress:{Addr:localhost:9051 ServerName:localhost:9051 Attributes:<nil> BalancerAttributes:<nil> Metadata:<nil>}}
[34m2026-10-08 05:25:46.080 UTC 0010 INFO[0m [grpc] [34;1mAddTraceEvent[0m -> [core] [Channel #1]Channel Connectivity change to READY
[34m2026-10-08 05:25:46.080 UTC 0011 INFO[0m [grpc] [34;1mInfof[0m -> [core] original dial target is: "localhost:9051"
[34m2026-10-08 05:25:46.080 UTC 0012 INFO[0m [grpc] [34;1mAddTraceEvent[0m -> [core] [Channel #4]Channel created
[34m2026-10-08 05:25:46.080 UTC 0013 INFO[0m [grpc] [34;1mAddTraceEvent[0m -> [core] [Channel #4]parsed dial target is: resolver.Target{URL:url.URL{Scheme:"passthrough", Opaque:"", User:(*url.Userinfo)(nil), Host:"", Path:"/localhost:9051", RawPath:"", OmitHost:false, ForceQuery:false, RawQuery:"", Fragment:"", RawFragment:""}}
[34m2026-10-08 05:25:46.080 UTC 0014 INFO[0m [grpc] [34;1mAddTraceEvent[0m -> [core] [Channel #4]Channel authority set to "localhost:9051"
[34m2026-10-08 05:25:46.080 UTC 0015 INFO[0m [grpc] [34;1mAddTraceEvent[0m -> [core] [Channel #4]Resolver state updated: {
  "Addresses": [
    {
      "Addr": "localhost:9051",
      "ServerName": "",
      "Attributes": null,
      "BalancerAttributes": null,
      "Metadata": null
    }
  ],
  "Endpoints": [
    {
      "Addresses": [
        {
          "Addr": "localhost:9051",
          "ServerName": "",
          "Attributes": null,
          "BalancerAttributes": null,
          "Metadata": null
        }
      ],
      "Attributes": null
    }
  ],
  "ServiceConfig": null,
  "Attributes": null
} (resolver returned new addresses)
[34m2026-10-08 05:25:46.080 UTC 0016 INFO[0m [grpc] [34;1mAddTraceEvent[0m -> [core] [Channel #4]Channel switches to new LB policy "pick_first"
[34m2026-10-08 05:25:46.080 UTC 0017 INFO[0m [grpc] [34;1mInfof[0m -> [pick-first-lb] [pick-first-lb 0xc0004309c0] Received new config {
  "shuffleAddressList": false
}, resolver state {
  "Addresses": [
    {
      "Addr": "localhost:9051",
      "ServerName": "",
      "Attributes": null,
      "BalancerAttributes": null,
      "Metadata": null
    }
  ],
  "Endpoints": [
    {
      "Addresses": [
        {
          "Addr": "localhost:9051",
          "ServerName": "",
          "Attributes": null,
          "BalancerAttributes": null,
          "Metadata": null
        }
      ],
      "Attributes": null
    }
  ],
  "ServiceConfig": null,
  "Attributes": null
}
[34m2026-10-08 05:25:46.080 UTC 0018 INFO[0m [grpc] [34;1mAddTraceEvent[0m -> [core] [Channel #4 SubChannel #5]Subchannel created
[34m2026-10-08 05:25:46.080 UTC 0019 INFO[0m [grpc] [34;1mAddTraceEvent[0m -> [core] [Channel #4]Channel Connectivity change to CONNECTING
[34m2026-10-08 05:25:46.080 UTC 001a INFO[0m [grpc] [34;1mAddTraceEvent[0m -> [core] [Channel #4]Channel exiting idle mode
[34m2026-10-08 05:25:46.080 UTC 001b INFO[0m [grpc] [34;1mAddTraceEvent[0m -> [core] [Channel #4 SubChannel #5]Subchannel Connectivity change to CONNECTING
[34m2026-10-08 05:25:46.081 UTC 001c INFO[0m [grpc] [34;1mAddTraceEvent[0m -> [core] [Channel #4 SubChannel #5]Subchannel picks a new address "localhost:9051" to connect
[34m2026-10-08 05:25:46.081 UTC 001d INFO[0m [grpc] [34;1mInfof[0m -> [pick-first-lb] [pick-first-lb 0xc0004309c0] Received SubConn state update: 0xc000430a20, {ConnectivityState:CONNECTING ConnectionError:<nil> connectedAddress:{Addr: ServerName: Attributes:<nil> BalancerAttributes:<nil> Metadata:<nil>}}
[34m2026-10-08 05:25:46.083 UTC 001e INFO[0m [grpc] [34;1mAddTraceEvent[0m -> [core] [Channel #4 SubChannel #5]Subchannel Connectivity change to READY
[34m2026-10-08 05:25:46.083 UTC 001f INFO[0m [grpc] [34;1mInfof[0m -> [pick-first-lb] [pick-first-lb 0xc0004309c0] Received SubConn state update: 0xc000430a20, {ConnectivityState:READY ConnectionError:<nil> connectedAddress:{Addr:localhost:9051 ServerName:localhost:9051 Attributes:<nil> BalancerAttributes:<nil> Metadata:<nil>}}
[34m2026-10-08 05:25:46.083 UTC 0020 INFO[0m [grpc] [34;1mAddTraceEvent[0m -> [core] [Channel #4]Channel Connectivity change to READY
+ test 1 -ne 0
+ peer lifecycle chaincode install bzt.tar.gz
+ res=0
[34m2026-10-08 05:25:46.127 UTC 0001 INFO[0m [grpc] [34;1mInfof[0m -> [core] original dial target is: "localhost:9051"
[34m2026-10-08 05:25:46.127 UTC 0002 INFO[0m [grpc] [34;1mAddTraceEvent[0m -> [core] [Channel #1]Channel created
[34m2026-10-08 05:25:46.127 UTC 0003 INFO[0m [grpc] [34;1mAddTraceEvent[0m -> [core] [Channel #1]parsed dial target is: resolver.Target{URL:url.URL{Scheme:"passthrough", Opaque:"", User:(*url.Userinfo)(nil), Host:"", Path:"/localhost:9051", RawPath:"", OmitHost:false, ForceQuery:false, RawQuery:"", Fragment:"", RawFragment:""}}
[34m2026-10-08 05:25:46.127 UTC 0004 INFO[0m [grpc] [34;1mAddTraceEvent[0m -> [core] [Channel #1]Channel authority set to "localhost:9051"
[34m2026-10-08 05:25:46.127 UTC 0005 INFO[0m [grpc] [34;1mAddTraceEvent[0m -> [core] [Channel #1]Resolver state updated: {
  "Addresses": [
    {
      "Addr": "localhost:9051",
      "ServerName": "",
      "Attributes": null,
      "BalancerAttributes": null,
      "Metadata": null
    }
  ],
  "Endpoints": [
    {
      "Addresses": [
        {
          "Addr": "localhost:9051",
          "ServerName": "",
          "Attributes": null,
          "BalancerAttributes": null,
          "Metadata": null
        }
      ],
      "Attributes": null
    }
  ],
  "ServiceConfig": null,
  "Attributes": null
} (resolver returned new addresses)
[34m2026-10-08 05:25:46.127 UTC 0006 INFO[0m [grpc] [34;1mAddTraceEvent[0m -> [core] [Channel #1]Channel switches to new LB policy "pick_first"
[34m2026-10-08 05:25:46.127 UTC 0007 INFO[0m [grpc] [34;1mInfof[0m -> [pick-first-lb] [pick-first-lb 0xc00044eab0] Received new config {
  "shuffleAddressList": false
}, resolver state {
  "Addresses": [
    {
      "Addr": "localhost:9051",
      "ServerName": "",
      "Attributes": null,
      "BalancerAttributes": null,
      "Metadata": null
    }
  ],
  "Endpoints": [
    {
      "Addresses": [
        {
          "Addr": "localhost:9051",
          "ServerName": "",
          "Attributes": null,
          "BalancerAttributes": null,
          "Metadata": null
        }
      ],
      "Attributes": null
    }
  ],
  "ServiceConfig": null,
  "Attributes": null
}
[34m2026-10-08 05:25:46.127 UTC 0008 INFO[0m [grpc] [34;1mAddTraceEvent[0m -> [core] [Channel #1 SubChannel #2]Subchannel created
[34m2026-10-08 05:25:46.127 UTC 0009 INFO[0m [grpc] [34;1mAddTraceEvent[0m -> [core] [Channel #1]Channel Connectivity change to CONNECTING
[34m2026-10-08 05:25:46.127 UTC 000a INFO[0m [grpc] [34;1mAddTraceEvent[0m -> [core] [Channel #1]Channel exiting idle mode
[34m2026-10-08 05:25:46.127 UTC 000b INFO[0m [grpc] [34;1mAddTraceEvent[0m -> [core] [Channel #1 SubChannel #2]Subchannel Connectivity change to CONNECTING
[34m2026-10-08 05:25:46.127 UTC 000c INFO[0m [grpc] [34;1mAddTraceEvent[0m -> [core] [Channel #1 SubChannel #2]Subchannel picks a new address "localhost:9051" to connect
[34m2026-10-08 05:25:46.127 UTC 000d INFO[0m [grpc] [34;1mInfof[0m -> [pick-first-lb] [pick-first-lb 0xc00044eab0] Received SubConn state update: 0xc00044eb40, {ConnectivityState:CONNECTING ConnectionError:<nil> connectedAddress:{Addr: ServerName: Attributes:<nil> BalancerAttributes:<nil> Metadata:<nil>}}
[34m2026-10-08 05:25:46.130 UTC 000e INFO[0m [grpc] [34;1mAddTraceEvent[0m -> [core] [Channel #1 SubChannel #2]Subchannel Connectivity change to READY
[34m2026-10-08 05:25:46.130 UTC 000f INFO[0m [grpc] [34;1mInfof[0m -> [pick-first-lb] [pick-first-lb 0xc00044eab0] Received SubConn state update: 0xc00044eb40, {ConnectivityState:READY ConnectionError:<nil> connectedAddress:{Addr:localhost:9051 ServerName:localhost:9051 Attributes:<nil> BalancerAttributes:<nil> Metadata:<nil>}}
[34m2026-10-08 05:25:46.130 UTC 0010 INFO[0m [grpc] [34;1mAddTraceEvent[0m -> [core] [Channel #1]Channel Connectivity change to READY
[34m2026-10-08 05:25:46.130 UTC 0011 INFO[0m [grpc] [34;1mInfof[0m -> [core] original dial target is: "localhost:9051"
[34m2026-10-08 05:25:46.130 UTC 0012 INFO[0m [grpc] [34;1mAddTraceEvent[0m -> [core] [Channel #4]Channel created
[34m2026-10-08 05:25:46.130 UTC 0013 INFO[0m [grpc] [34;1mAddTraceEvent[0m -> [core] [Channel #4]parsed dial target is: resolver.Target{URL:url.URL{Scheme:"passthrough", Opaque:"", User:(*url.Userinfo)(nil), Host:"", Path:"/localhost:9051", RawPath:"", OmitHost:false, ForceQuery:false, RawQuery:"", Fragment:"", RawFragment:""}}
[34m2026-10-08 05:25:46.130 UTC 0014 INFO[0m [grpc] [34;1mAddTraceEvent[0m -> [core] [Channel #4]Channel authority set to "localhost:9051"
[34m2026-10-08 05:25:46.130 UTC 0015 INFO[0m [grpc] [34;1mAddTraceEvent[0m -> [core] [Channel #4]Resolver state updated: {
  "Addresses": [
    {
      "Addr": "localhost:9051",
      "ServerName": "",
      "Attributes": null,
      "BalancerAttributes": null,
      "Metadata": null
    }
  ],
  "Endpoints": [
    {
      "Addresses": [
        {
          "Addr": "localhost:9051",
          "ServerName": "",
          "Attributes": null,
          "BalancerAttributes": null,
          "Metadata": null
        }
      ],
      "Attributes": null
    }
  ],
  "ServiceConfig": null,
  "Attributes": null
} (resolver returned new addresses)
[34m2026-10-08 05:25:46.130 UTC 0016 INFO[0m [grpc] [34;1mAddTraceEvent[0m -> [core] [Channel #4]Channel switches to new LB policy "pick_first"
[34m2026-10-08 05:25:46.130 UTC 0017 INFO[0m [grpc] [34;1mInfof[0m -> [pick-first-lb] [pick-first-lb 0xc0003b0b40] Received new config {
  "shuffleAddressList": false
}, resolver state {
  "Addresses": [
    {
      "Addr": "localhost:9051",
      "ServerName": "",
      "Attributes": null,
      "BalancerAttributes": null,
      "Metadata": null
    }
  ],
  "Endpoints": [
    {
      "Addresses": [
        {
          "Addr": "localhost:9051",
          "ServerName": "",
          "Attributes": null,
          "BalancerAttributes": null,
          "Metadata": null
        }
      ],
      "Attributes": null
    }
  ],
  "ServiceConfig": null,
  "Attributes": null
}
[34m2026-10-08 05:25:46.130 UTC 0018 INFO[0m [grpc] [34;1mAddTraceEvent[0m -> [core] [Channel #4 SubChannel #5]Subchannel created
[34m2026-10-08 05:25:46.130 UTC 0019 INFO[0m [grpc] [34;1mAddTraceEvent[0m -> [core] [Channel #4]Channel Connectivity change to CONNECTING
[34m2026-10-08 05:25:46.130 UTC 001a INFO[0m [grpc] [34;1mAddTraceEvent[0m -> [core] [Channel #4]Channel exiting idle mode
[34m2026-10-08 05:25:46.130 UTC 001b INFO[0m [grpc] [34;1mAddTraceEvent[0m -> [core] [Channel #4 SubChannel #5]Subchannel Connectivity change to CONNECTING
[34m2026-10-08 05:25:46.130 UTC 001c INFO[0m [grpc] [34;1mAddTraceEvent[0m -> [core] [Channel #4 SubChannel #5]Subchannel picks a new address "localhost:9051" to connect
[34m2026-10-08 05:25:46.130 UTC 001d INFO[0m [grpc] [34;1mInfof[0m -> [pick-first-lb] [pick-first-lb 0xc0003b0b40] Received SubConn state update: 0xc0003b0ba0, {ConnectivityState:CONNECTING ConnectionError:<nil> connectedAddress:{Addr: ServerName: Attributes:<nil> BalancerAttributes:<nil> Metadata:<nil>}}
[34m2026-10-08 05:25:46.132 UTC 001e INFO[0m [grpc] [34;1mAddTraceEvent[0m -> [core] [Channel #4 SubChannel #5]Subchannel Connectivity change to READY
[34m2026-10-08 05:25:46.132 UTC 001f INFO[0m [grpc] [34;1mInfof[0m -> [pick-first-lb] [pick-first-lb 0xc0003b0b40] Received SubConn state update: 0xc0003b0ba0, {ConnectivityState:READY ConnectionError:<nil> connectedAddress:{Addr:localhost:9051 ServerName:localhost:9051 Attributes:<nil> BalancerAttributes:<nil> Metadata:<nil>}}
[34m2026-10-08 05:25:46.132 UTC 0020 INFO[0m [grpc] [34;1mAddTraceEvent[0m -> [core] [Channel #4]Channel Connectivity change to READY
[34m2026-10-08 05:25:54.027 UTC 0021 INFO[0m [cli.lifecycle.chaincode] [34;1msubmitInstallProposal[0m -> Installed remotely: response:{status:200  payload:"\nHbzt_1.0:777c383bc4d25d7dc5610f92a201167f7301ed4b2cd3593b83e643df51c39c71\x12\x07bzt_1.0"}
[34m2026-10-08 05:25:54.028 UTC 0022 INFO[0m [cli.lifecycle.chaincode] [34;1msubmitInstallProposal[0m -> Chaincode code package identifier: bzt_1.0:777c383bc4d25d7dc5610f92a201167f7301ed4b2cd3593b83e643df51c39c71
[0;32mChaincode is installed on peer0.org2[0m
++ peer lifecycle chaincode querycommitted --channelID mychannel --name bzt
++ sed -n '/Version:/{s/.*Sequence: //; s/, Endorsement Plugin:.*$//; p;}'
[34m2026-10-08 05:25:54.070 UTC 0001 INFO[0m [grpc] [34;1mInfof[0m -> [core] original dial target is: "localhost:9051"
[34m2026-10-08 05:25:54.070 UTC 0002 INFO[0m [grpc] [34;1mAddTraceEvent[0m -> [core] [Channel #1]Channel created
[34m2026-10-08 05:25:54.070 UTC 0003 INFO[0m [grpc] [34;1mAddTraceEvent[0m -> [core] [Channel #1]parsed dial target is: resolver.Target{URL:url.URL{Scheme:"passthrough", Opaque:"", User:(*url.Userinfo)(nil), Host:"", Path:"/localhost:9051", RawPath:"", OmitHost:false, ForceQuery:false, RawQuery:"", Fragment:"", RawFragment:""}}
[34m2026-10-08 05:25:54.070 UTC 0004 INFO[0m [grpc] [34;1mAddTraceEvent[0m -> [core] [Channel #1]Channel authority set to "localhost:9051"
[34m2026-10-08 05:25:54.070 UTC 0005 INFO[0m [grpc] [34;1mAddTraceEvent[0m -> [core] [Channel #1]Resolver state updated: {
  "Addresses": [
    {
      "Addr": "localhost:9051",
      "ServerName": "",
      "Attributes": null,
      "BalancerAttributes": null,
      "Metadata": null
    }
  ],
  "Endpoints": [
    {
      "Addresses": [
        {
          "Addr": "localhost:9051",
          "ServerName": "",
          "Attributes": null,
          "BalancerAttributes": null,
          "Metadata": null
        }
      ],
      "Attributes": null
    }
  ],
  "ServiceConfig": null,
  "Attributes": null
} (resolver returned new addresses)
[34m2026-10-08 05:25:54.070 UTC 0006 INFO[0m [grpc] [34;1mAddTraceEvent[0m -> [core] [Channel #1]Channel switches to new LB policy "pick_first"
[34m2026-10-08 05:25:54.070 UTC 0007 INFO[0m [grpc] [34;1mInfof[0m -> [pick-first-lb] [pick-first-lb 0xc0003d3ce0] Received new config {
  "shuffleAddressList": false
}, resolver state {
  "Addresses": [
    {
      "Addr": "localhost:9051",
      "ServerName": "",
      "Attributes": null,
      "BalancerAttributes": null,
      "Metadata": null
    }
  ],
  "Endpoints": [
    {
      "Addresses": [
        {
          "Addr": "localhost:9051",
          "ServerName": "",
          "Attributes": null,
          "BalancerAttributes": null,
          "Metadata": null
        }
      ],
      "Attributes": null
    }
  ],
  "ServiceConfig": null,
  "Attributes": null
}
[34m2026-10-08 05:25:54.070 UTC 0008 INFO[0m [grpc] [34;1mAddTraceEvent[0m -> [core] [Channel #1 SubChannel #2]Subchannel created
[34m2026-10-08 05:25:54.070 UTC 0009 INFO[0m [grpc] [34;1mAddTraceEvent[0m -> [core] [Channel #1]Channel Connectivity change to CONNECTING
[34m2026-10-08 05:25:54.070 UTC 000a INFO[0m [grpc] [34;1mAddTraceEvent[0m -> [core] [Channel #1]Channel exiting idle mode
[34m2026-10-08 05:25:54.070 UTC 000b INFO[0m [grpc] [34;1mAddTraceEvent[0m -> [core] [Channel #1 SubChannel #2]Subchannel Connectivity change to CONNECTING
[34m2026-10-08 05:25:54.070 UTC 000c INFO[0m [grpc] [34;1mAddTraceEvent[0m -> [core] [Channel #1 SubChannel #2]Subchannel picks a new address "localhost:9051" to connect
[34m2026-10-08 05:25:54.070 UTC 000d INFO[0m [grpc] [34;1mInfof[0m -> [pick-first-lb] [pick-first-lb 0xc0003d3ce0] Received SubConn state update: 0xc0000e4000, {ConnectivityState:CONNECTING ConnectionError:<nil> connectedAddress:{Addr: ServerName: Attributes:<nil> BalancerAttributes:<nil> Metadata:<nil>}}
[34m2026-10-08 05:25:54.073 UTC 000e INFO[0m [grpc] [34;1mAddTraceEvent[0m -> [core] [Channel #1 SubChannel #2]Subchannel Connectivity change to READY
[34m2026-10-08 05:25:54.073 UTC 000f INFO[0m [grpc] [34;1mInfof[0m -> [pick-first-lb] [pick-first-lb 0xc0003d3ce0] Received SubConn state update: 0xc0000e4000, {ConnectivityState:READY ConnectionError:<nil> connectedAddress:{Addr:localhost:9051 ServerName:localhost:9051 Attributes:<nil> BalancerAttributes:<nil> Metadata:<nil>}}
[34m2026-10-08 05:25:54.073 UTC 0010 INFO[0m [grpc] [34;1mAddTraceEvent[0m -> [core] [Channel #1]Channel Connectivity change to READY
[34m2026-10-08 05:25:54.073 UTC 0011 INFO[0m [grpc] [34;1mInfof[0m -> [core] original dial target is: "localhost:9051"
[34m2026-10-08 05:25:54.073 UTC 0012 INFO[0m [grpc] [34;1mAddTraceEvent[0m -> [core] [Channel #4]Channel created
[34m2026-10-08 05:25:54.073 UTC 0013 INFO[0m [grpc] [34;1mAddTraceEvent[0m -> [core] [Channel #4]parsed dial target is: resolver.Target{URL:url.URL{Scheme:"passthrough", Opaque:"", User:(*url.Userinfo)(nil), Host:"", Path:"/localhost:9051", RawPath:"", OmitHost:false, ForceQuery:false, RawQuery:"", Fragment:"", RawFragment:""}}
[34m2026-10-08 05:25:54.073 UTC 0014 INFO[0m [grpc] [34;1mAddTraceEvent[0m -> [core] [Channel #4]Channel authority set to "localhost:9051"
[34m2026-10-08 05:25:54.073 UTC 0015 INFO[0m [grpc] [34;1mAddTraceEvent[0m -> [core] [Channel #4]Resolver state updated: {
  "Addresses": [
    {
      "Addr": "localhost:9051",
      "ServerName": "",
      "Attributes": null,
      "BalancerAttributes": null,
      "Metadata": null
    }
  ],
  "Endpoints": [
    {
      "Addresses": [
        {
          "Addr": "localhost:9051",
          "ServerName": "",
          "Attributes": null,
          "BalancerAttributes": null,
          "Metadata": null
        }
      ],
      "Attributes": null
    }
  ],
  "ServiceConfig": null,
  "Attributes": null
} (resolver returned new addresses)
[34m2026-10-08 05:25:54.073 UTC 0016 INFO[0m [grpc] [34;1mAddTraceEvent[0m -> [core] [Channel #4]Channel switches to new LB policy "pick_first"
[34m2026-10-08 05:25:54.073 UTC 0017 INFO[0m [grpc] [34;1mInfof[0m -> [pick-first-lb] [pick-first-lb 0xc0000c10e0] Received new config {
  "shuffleAddressList": false
}, resolver state {
  "Addresses": [
    {
      "Addr": "localhost:9051",
      "ServerName": "",
      "Attributes": null,
      "BalancerAttributes": null,
      "Metadata": null
    }
  ],
  "Endpoints": [
    {
      "Addresses": [
        {
          "Addr": "localhost:9051",
          "ServerName": "",
          "Attributes": null,
          "BalancerAttributes": null,
          "Metadata": null
        }
      ],
      "Attributes": null
    }
  ],
  "ServiceConfig": null,
  "Attributes": null
}
[34m2026-10-08 05:25:54.073 UTC 0018 INFO[0m [grpc] [34;1mAddTraceEvent[0m -> [core] [Channel #4 SubChannel #5]Subchannel created
[34m2026-10-08 05:25:54.073 UTC 0019 INFO[0m [grpc] [34;1mAddTraceEvent[0m -> [core] [Channel #4]Channel Connectivity change to CONNECTING
[34m2026-10-08 05:25:54.073 UTC 001a INFO[0m [grpc] [34;1mAddTraceEvent[0m -> [core] [Channel #4]Channel exiting idle mode
[34m2026-10-08 05:25:54.073 UTC 001b INFO[0m [grpc] [34;1mAddTraceEvent[0m -> [core] [Channel #4 SubChannel #5]Subchannel Connectivity change to CONNECTING
[34m2026-10-08 05:25:54.073 UTC 001c INFO[0m [grpc] [34;1mAddTraceEvent[0m -> [core] [Channel #4 SubChannel #5]Subchannel picks a new address "localhost:9051" to connect
[34m2026-10-08 05:25:54.073 UTC 001d INFO[0m [grpc] [34;1mInfof[0m -> [pick-first-lb] [pick-first-lb 0xc0000c10e0] Received SubConn state update: 0xc0000c1140, {ConnectivityState:CONNECTING ConnectionError:<nil> connectedAddress:{Addr: ServerName: Attributes:<nil> BalancerAttributes:<nil> Metadata:<nil>}}
[34m2026-10-08 05:25:54.075 UTC 001e INFO[0m [grpc] [34;1mAddTraceEvent[0m -> [core] [Channel #4 SubChannel #5]Subchannel Connectivity change to READY
[34m2026-10-08 05:25:54.075 UTC 001f INFO[0m [grpc] [34;1mInfof[0m -> [pick-first-lb] [pick-first-lb 0xc0000c10e0] Received SubConn state update: 0xc0000c1140, {ConnectivityState:READY ConnectionError:<nil> connectedAddress:{Addr:localhost:9051 ServerName:localhost:9051 Attributes:<nil> BalancerAttributes:<nil> Metadata:<nil>}}
[34m2026-10-08 05:25:54.075 UTC 0020 INFO[0m [grpc] [34;1mAddTraceEvent[0m -> [core] [Channel #4]Channel Connectivity change to READY
Error: query failed with status: 404 - namespace bzt is not defined
+ COMMITTED_CC_SEQUENCE=
+ res=0
[0;34mUsing organization 1[0m
+ peer lifecycle chaincode queryinstalled --output json
+ jq -r 'try (.installed_chaincodes[].package_id)'
+ grep '^bzt_1.0:777c383bc4d25d7dc5610f92a201167f7301ed4b2cd3593b83e643df51c39c71$'
[34m2026-10-08 05:25:54.124 UTC 0001 INFO[0m [grpc] [34;1mInfof[0m -> [core] original dial target is: "localhost:7051"
[34m2026-10-08 05:25:54.124 UTC 0002 INFO[0m [grpc] [34;1mAddTraceEvent[0m -> [core] [Channel #1]Channel created
[34m2026-10-08 05:25:54.124 UTC 0003 INFO[0m [grpc] [34;1mAddTraceEvent[0m -> [core] [Channel #1]parsed dial target is: resolver.Target{URL:url.URL{Scheme:"passthrough", Opaque:"", User:(*url.Userinfo)(nil), Host:"", Path:"/localhost:7051", RawPath:"", OmitHost:false, ForceQuery:false, RawQuery:"", Fragment:"", RawFragment:""}}
[34m2026-10-08 05:25:54.124 UTC 0004 INFO[0m [grpc] [34;1mAddTraceEvent[0m -> [core] [Channel #1]Channel authority set to "localhost:7051"
[34m2026-10-08 05:25:54.124 UTC 0005 INFO[0m [grpc] [34;1mAddTraceEvent[0m -> [core] [Channel #1]Resolver state updated: {
  "Addresses": [
    {
      "Addr": "localhost:7051",
      "ServerName": "",
      "Attributes": null,
      "BalancerAttributes": null,
      "Metadata": null
    }
  ],
  "Endpoints": [
    {
      "Addresses": [
        {
          "Addr": "localhost:7051",
          "ServerName": "",
          "Attributes": null,
          "BalancerAttributes": null,
          "Metadata": null
        }
      ],
      "Attributes": null
    }
  ],
  "ServiceConfig": null,
  "Attributes": null
} (resolver returned new addresses)
[34m2026-10-08 05:25:54.124 UTC 0006 INFO[0m [grpc] [34;1mAddTraceEvent[0m -> [core] [Channel #1]Channel switches to new LB policy "pick_first"
[34m2026-10-08 05:25:54.124 UTC 0007 INFO[0m [grpc] [34;1mInfof[0m -> [pick-first-lb] [pick-first-lb 0xc0004258f0] Received new config {
  "shuffleAddressList": false
}, resolver state {
  "Addresses": [
    {
      "Addr": "localhost:7051",
      "ServerName": "",
      "Attributes": null,
      "BalancerAttributes": null,
      "Metadata": null
    }
  ],
  "Endpoints": [
    {
      "Addresses": [
        {
          "Addr": "localhost:7051",
          "ServerName": "",
          "Attributes": null,
          "BalancerAttributes": null,
          "Metadata": null
        }
      ],
      "Attributes": null
    }
  ],
  "ServiceConfig": null,
  "Attributes": null
}
[34m2026-10-08 05:25:54.124 UTC 0008 INFO[0m [grpc] [34;1mAddTraceEvent[0m -> [core] [Channel #1 SubChannel #2]Subchannel created
[34m2026-10-08 05:25:54.124 UTC 0009 INFO[0m [grpc] [34;1mAddTraceEvent[0m -> [core] [Channel #1]Channel Connectivity change to CONNECTING
[34m2026-10-08 05:25:54.124 UTC 000a INFO[0m [grpc] [34;1mAddTraceEvent[0m -> [core] [Channel #1]Channel exiting idle mode
[34m2026-10-08 05:25:54.124 UTC 000b INFO[0m [grpc] [34;1mAddTraceEvent[0m -> [core] [Channel #1 SubChannel #2]Subchannel Connectivity change to CONNECTING
[34m2026-10-08 05:25:54.124 UTC 000c INFO[0m [grpc] [34;1mAddTraceEvent[0m -> [core] [Channel #1 SubChannel #2]Subchannel picks a new address "localhost:7051" to connect
[34m2026-10-08 05:25:54.125 UTC 000d INFO[0m [grpc] [34;1mInfof[0m -> [pick-first-lb] [pick-first-lb 0xc0004258f0] Received SubConn state update: 0xc000425980, {ConnectivityState:CONNECTING ConnectionError:<nil> connectedAddress:{Addr: ServerName: Attributes:<nil> BalancerAttributes:<nil> Metadata:<nil>}}
[34m2026-10-08 05:25:54.128 UTC 000e INFO[0m [grpc] [34;1mAddTraceEvent[0m -> [core] [Channel #1 SubChannel #2]Subchannel Connectivity change to READY
[34m2026-10-08 05:25:54.128 UTC 000f INFO[0m [grpc] [34;1mInfof[0m -> [pick-first-lb] [pick-first-lb 0xc0004258f0] Received SubConn state update: 0xc000425980, {ConnectivityState:READY ConnectionError:<nil> connectedAddress:{Addr:localhost:7051 ServerName:localhost:7051 Attributes:<nil> BalancerAttributes:<nil> Metadata:<nil>}}
[34m2026-10-08 05:25:54.128 UTC 0010 INFO[0m [grpc] [34;1mAddTraceEvent[0m -> [core] [Channel #1]Channel Connectivity change to READY
[34m2026-10-08 05:25:54.128 UTC 0011 INFO[0m [grpc] [34;1mInfof[0m -> [core] original dial target is: "localhost:7051"
[34m2026-10-08 05:25:54.128 UTC 0012 INFO[0m [grpc] [34;1mAddTraceEvent[0m -> [core] [Channel #4]Channel created
[34m2026-10-08 05:25:54.128 UTC 0013 INFO[0m [grpc] [34;1mAddTraceEvent[0m -> [core] [Channel #4]parsed dial target is: resolver.Target{URL:url.URL{Scheme:"passthrough", Opaque:"", User:(*url.Userinfo)(nil), Host:"", Path:"/localhost:7051", RawPath:"", OmitHost:false, ForceQuery:false, RawQuery:"", Fragment:"", RawFragment:""}}
[34m2026-10-08 05:25:54.128 UTC 0014 INFO[0m [grpc] [34;1mAddTraceEvent[0m -> [core] [Channel #4]Channel authority set to "localhost:7051"
[34m2026-10-08 05:25:54.128 UTC 0015 INFO[0m [grpc] [34;1mAddTraceEvent[0m -> [core] [Channel #4]Resolver state updated: {
  "Addresses": [
    {
      "Addr": "localhost:7051",
      "ServerName": "",
      "Attributes": null,
      "BalancerAttributes": null,
      "Metadata": null
    }
  ],
  "Endpoints": [
    {
      "Addresses": [
        {
          "Addr": "localhost:7051",
          "ServerName": "",
          "Attributes": null,
          "BalancerAttributes": null,
          "Metadata": null
        }
      ],
      "Attributes": null
    }
  ],
  "ServiceConfig": null,
  "Attributes": null
} (resolver returned new addresses)
[34m2026-10-08 05:25:54.128 UTC 0016 INFO[0m [grpc] [34;1mAddTraceEvent[0m -> [core] [Channel #4]Channel switches to new LB policy "pick_first"
[34m2026-10-08 05:25:54.128 UTC 0017 INFO[0m [grpc] [34;1mInfof[0m -> [pick-first-lb] [pick-first-lb 0xc0003ce9c0] Received new config {
  "shuffleAddressList": false
}, resolver state {
  "Addresses": [
    {
      "Addr": "localhost:7051",
      "ServerName": "",
      "Attributes": null,
      "BalancerAttributes": null,
      "Metadata": null
    }
  ],
  "Endpoints": [
    {
      "Addresses": [
        {
          "Addr": "localhost:7051",
          "ServerName": "",
          "Attributes": null,
          "BalancerAttributes": null,
          "Metadata": null
        }
      ],
      "Attributes": null
    }
  ],
  "ServiceConfig": null,
  "Attributes": null
}
[34m2026-10-08 05:25:54.128 UTC 0018 INFO[0m [grpc] [34;1mAddTraceEvent[0m -> [core] [Channel #4 SubChannel #5]Subchannel created
[34m2026-10-08 05:25:54.128 UTC 0019 INFO[0m [grpc] [34;1mAddTraceEvent[0m -> [core] [Channel #4]Channel Connectivity change to CONNECTING
[34m2026-10-08 05:25:54.128 UTC 001a INFO[0m [grpc] [34;1mAddTraceEvent[0m -> [core] [Channel #4]Channel exiting idle mode
[34m2026-10-08 05:25:54.128 UTC 001b INFO[0m [grpc] [34;1mAddTraceEvent[0m -> [core] [Channel #4 SubChannel #5]Subchannel Connectivity change to CONNECTING
[34m2026-10-08 05:25:54.128 UTC 001c INFO[0m [grpc] [34;1mAddTraceEvent[0m -> [core] [Channel #4 SubChannel #5]Subchannel picks a new address "localhost:7051" to connect
[34m2026-10-08 05:25:54.129 UTC 001d INFO[0m [grpc] [34;1mInfof[0m -> [pick-first-lb] [pick-first-lb 0xc0003ce9c0] Received SubConn state update: 0xc0003cea20, {ConnectivityState:CONNECTING ConnectionError:<nil> connectedAddress:{Addr: ServerName: Attributes:<nil> BalancerAttributes:<nil> Metadata:<nil>}}
[34m2026-10-08 05:25:54.130 UTC 001e INFO[0m [grpc] [34;1mAddTraceEvent[0m -> [core] [Channel #4 SubChannel #5]Subchannel Connectivity change to READY
[34m2026-10-08 05:25:54.130 UTC 001f INFO[0m [grpc] [34;1mInfof[0m -> [pick-first-lb] [pick-first-lb 0xc0003ce9c0] Received SubConn state update: 0xc0003cea20, {ConnectivityState:READY ConnectionError:<nil> connectedAddress:{Addr:localhost:7051 ServerName:localhost:7051 Attributes:<nil> BalancerAttributes:<nil> Metadata:<nil>}}
[34m2026-10-08 05:25:54.131 UTC 0020 INFO[0m [grpc] [34;1mAddTraceEvent[0m -> [core] [Channel #4]Channel Connectivity change to READY
+ res=0
bzt_1.0:777c383bc4d25d7dc5610f92a201167f7301ed4b2cd3593b83e643df51c39c71
[0;32mQuery installed successful on peer0.org1 on channel[0m
[0;34mUsing organization 1[0m
+ peer lifecycle chaincode approveformyorg -o localhost:7050 --ordererTLSHostnameOverride orderer.example.com --tls --cafile /home/runner/work/bzt-id-experiments/bzt-id-experiments/fabric-samples/test-network/organizations/ordererOrganizations/example.com/tlsca/tlsca.example.com-cert.pem --channelID mychannel --name bzt --version 1.0 --package-id bzt_1.0:777c383bc4d25d7dc5610f92a201167f7301ed4b2cd3593b83e643df51c39c71 --sequence 1
+ res=0
[34m2026-10-08 05:25:54.177 UTC 0001 INFO[0m [grpc] [34;1mInfof[0m -> [core] original dial target is: "localhost:7051"
[34m2026-10-08 05:25:54.177 UTC 0002 INFO[0m [grpc] [34;1mAddTraceEvent[0m -> [core] [Channel #1]Channel created
[34m2026-10-08 05:25:54.177 UTC 0003 INFO[0m [grpc] [34;1mAddTraceEvent[0m -> [core] [Channel #1]parsed dial target is: resolver.Target{URL:url.URL{Scheme:"passthrough", Opaque:"", User:(*url.Userinfo)(nil), Host:"", Path:"/localhost:7051", RawPath:"", OmitHost:false, ForceQuery:false, RawQuery:"", Fragment:"", RawFragment:""}}
[34m2026-10-08 05:25:54.177 UTC 0004 INFO[0m [grpc] [34;1mAddTraceEvent[0m -> [core] [Channel #1]Channel authority set to "localhost:7051"
[34m2026-10-08 05:25:54.177 UTC 0005 INFO[0m [grpc] [34;1mAddTraceEvent[0m -> [core] [Channel #1]Resolver state updated: {
  "Addresses": [
    {
      "Addr": "localhost:7051",
      "ServerName": "",
      "Attributes": null,
      "BalancerAttributes": null,
      "Metadata": null
    }
  ],
  "Endpoints": [
    {
      "Addresses": [
        {
          "Addr": "localhost:7051",
          "ServerName": "",
          "Attributes": null,
          "BalancerAttributes": null,
          "Metadata": null
        }
      ],
      "Attributes": null
    }
  ],
  "ServiceConfig": null,
  "Attributes": null
} (resolver returned new addresses)
[34m2026-10-08 05:25:54.177 UTC 0006 INFO[0m [grpc] [34;1mAddTraceEvent[0m -> [core] [Channel #1]Channel switches to new LB policy "pick_first"
[34m2026-10-08 05:25:54.177 UTC 0007 INFO[0m [grpc] [34;1mInfof[0m -> [pick-first-lb] [pick-first-lb 0xc0002545d0] Received new config {
  "shuffleAddressList": false
}, resolver state {
  "Addresses": [
    {
      "Addr": "localhost:7051",
      "ServerName": "",
      "Attributes": null,
      "BalancerAttributes": null,
      "Metadata": null
    }
  ],
  "Endpoints": [
    {
      "Addresses": [
        {
          "Addr": "localhost:7051",
          "ServerName": "",
          "Attributes": null,
          "BalancerAttributes": null,
          "Metadata": null
        }
      ],
      "Attributes": null
    }
  ],
  "ServiceConfig": null,
  "Attributes": null
}
[34m2026-10-08 05:25:54.177 UTC 0008 INFO[0m [grpc] [34;1mAddTraceEvent[0m -> [core] [Channel #1 SubChannel #2]Subchannel created
[34m2026-10-08 05:25:54.177 UTC 0009 INFO[0m [grpc] [34;1mAddTraceEvent[0m -> [core] [Channel #1]Channel Connectivity change to CONNECTING
[34m2026-10-08 05:25:54.177 UTC 000a INFO[0m [grpc] [34;1mAddTraceEvent[0m -> [core] [Channel #1]Channel exiting idle mode
[34m2026-10-08 05:25:54.177 UTC 000b INFO[0m [grpc] [34;1mAddTraceEvent[0m -> [core] [Channel #1 SubChannel #2]Subchannel Connectivity change to CONNECTING
[34m2026-10-08 05:25:54.177 UTC 000c INFO[0m [grpc] [34;1mAddTraceEvent[0m -> [core] [Channel #1 SubChannel #2]Subchannel picks a new address "localhost:7051" to connect
[34m2026-10-08 05:25:54.177 UTC 000d INFO[0m [grpc] [34;1mInfof[0m -> [pick-first-lb] [pick-first-lb 0xc0002545d0] Received SubConn state update: 0xc000254660, {ConnectivityState:CONNECTING ConnectionError:<nil> connectedAddress:{Addr: ServerName: Attributes:<nil> BalancerAttributes:<nil> Metadata:<nil>}}
[34m2026-10-08 05:25:54.179 UTC 000e INFO[0m [grpc] [34;1mAddTraceEvent[0m -> [core] [Channel #1 SubChannel #2]Subchannel Connectivity change to READY
[34m2026-10-08 05:25:54.179 UTC 000f INFO[0m [grpc] [34;1mInfof[0m -> [pick-first-lb] [pick-first-lb 0xc0002545d0] Received SubConn state update: 0xc000254660, {ConnectivityState:READY ConnectionError:<nil> connectedAddress:{Addr:localhost:7051 ServerName:localhost:7051 Attributes:<nil> BalancerAttributes:<nil> Metadata:<nil>}}
[34m2026-10-08 05:25:54.179 UTC 0010 INFO[0m [grpc] [34;1mAddTraceEvent[0m -> [core] [Channel #1]Channel Connectivity change to READY
[34m2026-10-08 05:25:54.180 UTC 0011 INFO[0m [grpc] [34;1mInfof[0m -> [core] original dial target is: "localhost:7051"
[34m2026-10-08 05:25:54.180 UTC 0012 INFO[0m [grpc] [34;1mAddTraceEvent[0m -> [core] [Channel #4]Channel created
[34m2026-10-08 05:25:54.180 UTC 0013 INFO[0m [grpc] [34;1mAddTraceEvent[0m -> [core] [Channel #4]parsed dial target is: resolver.Target{URL:url.URL{Scheme:"passthrough", Opaque:"", User:(*url.Userinfo)(nil), Host:"", Path:"/localhost:7051", RawPath:"", OmitHost:false, ForceQuery:false, RawQuery:"", Fragment:"", RawFragment:""}}
[34m2026-10-08 05:25:54.180 UTC 0014 INFO[0m [grpc] [34;1mAddTraceEvent[0m -> [core] [Channel #4]Channel authority set to "localhost:7051"
[34m2026-10-08 05:25:54.180 UTC 0015 INFO[0m [grpc] [34;1mAddTraceEvent[0m -> [core] [Channel #4]Resolver state updated: {
  "Addresses": [
    {
      "Addr": "localhost:7051",
      "ServerName": "",
      "Attributes": null,
      "BalancerAttributes": null,
      "Metadata": null
    }
  ],
  "Endpoints": [
    {
      "Addresses": [
        {
          "Addr": "localhost:7051",
          "ServerName": "",
          "Attributes": null,
          "BalancerAttributes": null,
          "Metadata": null
        }
      ],
      "Attributes": null
    }
  ],
  "ServiceConfig": null,
  "Attributes": null
} (resolver returned new addresses)
[34m2026-10-08 05:25:54.180 UTC 0016 INFO[0m [grpc] [34;1mAddTraceEvent[0m -> [core] [Channel #4]Channel switches to new LB policy "pick_first"
[34m2026-10-08 05:25:54.180 UTC 0017 INFO[0m [grpc] [34;1mInfof[0m -> [pick-first-lb] [pick-first-lb 0xc000359020] Received new config {
  "shuffleAddressList": false
}, resolver state {
  "Addresses": [
    {
      "Addr": "localhost:7051",
      "ServerName": "",
      "Attributes": null,
      "BalancerAttributes": null,
      "Metadata": null
    }
  ],
  "Endpoints": [
    {
      "Addresses": [
        {
          "Addr": "localhost:7051",
          "ServerName": "",
          "Attributes": null,
          "BalancerAttributes": null,
          "Metadata": null
        }
      ],
      "Attributes": null
    }
  ],
  "ServiceConfig": null,
  "Attributes": null
}
[34m2026-10-08 05:25:54.180 UTC 0018 INFO[0m [grpc] [34;1mAddTraceEvent[0m -> [core] [Channel #4 SubChannel #5]Subchannel created
[34m2026-10-08 05:25:54.180 UTC 0019 INFO[0m [grpc] [34;1mAddTraceEvent[0m -> [core] [Channel #4]Channel Connectivity change to CONNECTING
[34m2026-10-08 05:25:54.180 UTC 001a INFO[0m [grpc] [34;1mAddTraceEvent[0m -> [core] [Channel #4]Channel exiting idle mode
[34m2026-10-08 05:25:54.180 UTC 001b INFO[0m [grpc] [34;1mAddTraceEvent[0m -> [core] [Channel #4 SubChannel #5]Subchannel Connectivity change to CONNECTING
[34m2026-10-08 05:25:54.180 UTC 001c INFO[0m [grpc] [34;1mAddTraceEvent[0m -> [core] [Channel #4 SubChannel #5]Subchannel picks a new address "localhost:7051" to connect
[34m2026-10-08 05:25:54.180 UTC 001d INFO[0m [grpc] [34;1mInfof[0m -> [pick-first-lb] [pick-first-lb 0xc000359020] Received SubConn state update: 0xc000359080, {ConnectivityState:CONNECTING ConnectionError:<nil> connectedAddress:{Addr: ServerName: Attributes:<nil> BalancerAttributes:<nil> Metadata:<nil>}}
[34m2026-10-08 05:25:54.182 UTC 001e INFO[0m [grpc] [34;1mAddTraceEvent[0m -> [core] [Channel #4 SubChannel #5]Subchannel Connectivity change to READY
[34m2026-10-08 05:25:54.182 UTC 001f INFO[0m [grpc] [34;1mInfof[0m -> [pick-first-lb] [pick-first-lb 0xc000359020] Received SubConn state update: 0xc000359080, {ConnectivityState:READY ConnectionError:<nil> connectedAddress:{Addr:localhost:7051 ServerName:localhost:7051 Attributes:<nil> BalancerAttributes:<nil> Metadata:<nil>}}
[34m2026-10-08 05:25:54.182 UTC 0020 INFO[0m [grpc] [34;1mAddTraceEvent[0m -> [core] [Channel #4]Channel Connectivity change to READY
[33m2026-10-08 05:25:54.182 UTC 0021 WARN[0m [grpc] [33;1mWarningf[0m -> [core] Adjusting keepalive ping interval to minimum period of 10s
[34m2026-10-08 05:25:54.182 UTC 0022 INFO[0m [grpc] [34;1mInfof[0m -> [core] original dial target is: "localhost:7050"
[34m2026-10-08 05:25:54.182 UTC 0023 INFO[0m [grpc] [34;1mAddTraceEvent[0m -> [core] [Channel #7]Channel created
[34m2026-10-08 05:25:54.182 UTC 0024 INFO[0m [grpc] [34;1mAddTraceEvent[0m -> [core] [Channel #7]parsed dial target is: resolver.Target{URL:url.URL{Scheme:"passthrough", Opaque:"", User:(*url.Userinfo)(nil), Host:"", Path:"/localhost:7050", RawPath:"", OmitHost:false, ForceQuery:false, RawQuery:"", Fragment:"", RawFragment:""}}
[34m2026-10-08 05:25:54.182 UTC 0025 INFO[0m [grpc] [34;1mAddTraceEvent[0m -> [core] [Channel #7]Channel authority set to "orderer.example.com"
[34m2026-10-08 05:25:54.182 UTC 0026 INFO[0m [grpc] [34;1mAddTraceEvent[0m -> [core] [Channel #7]Resolver state updated: {
  "Addresses": [
    {
      "Addr": "localhost:7050",
      "ServerName": "",
      "Attributes": null,
      "BalancerAttributes": null,
      "Metadata": null
    }
  ],
  "Endpoints": [
    {
      "Addresses": [
        {
          "Addr": "localhost:7050",
          "ServerName": "",
          "Attributes": null,
          "BalancerAttributes": null,
          "Metadata": null
        }
      ],
      "Attributes": null
    }
  ],
  "ServiceConfig": null,
  "Attributes": null
} (resolver returned new addresses)
[34m2026-10-08 05:25:54.182 UTC 0027 INFO[0m [grpc] [34;1mAddTraceEvent[0m -> [core] [Channel #7]Channel switches to new LB policy "pick_first"
[34m2026-10-08 05:25:54.182 UTC 0028 INFO[0m [grpc] [34;1mInfof[0m -> [pick-first-lb] [pick-first-lb 0xc000359950] Received new config {
  "shuffleAddressList": false
}, resolver state {
  "Addresses": [
    {
      "Addr": "localhost:7050",
      "ServerName": "",
      "Attributes": null,
      "BalancerAttributes": null,
      "Metadata": null
    }
  ],
  "Endpoints": [
    {
      "Addresses": [
        {
          "Addr": "localhost:7050",
          "ServerName": "",
          "Attributes": null,
          "BalancerAttributes": null,
          "Metadata": null
        }
      ],
      "Attributes": null
    }
  ],
  "ServiceConfig": null,
  "Attributes": null
}
[34m2026-10-08 05:25:54.182 UTC 0029 INFO[0m [grpc] [34;1mAddTraceEvent[0m -> [core] [Channel #7 SubChannel #8]Subchannel created
[34m2026-10-08 05:25:54.182 UTC 002a INFO[0m [grpc] [34;1mAddTraceEvent[0m -> [core] [Channel #7]Channel Connectivity change to CONNECTING
[34m2026-10-08 05:25:54.182 UTC 002b INFO[0m [grpc] [34;1mAddTraceEvent[0m -> [core] [Channel #7]Channel exiting idle mode
[34m2026-10-08 05:25:54.182 UTC 002c INFO[0m [grpc] [34;1mAddTraceEvent[0m -> [core] [Channel #7 SubChannel #8]Subchannel Connectivity change to CONNECTING
[34m2026-10-08 05:25:54.182 UTC 002d INFO[0m [grpc] [34;1mAddTraceEvent[0m -> [core] [Channel #7 SubChannel #8]Subchannel picks a new address "localhost:7050" to connect
[34m2026-10-08 05:25:54.182 UTC 002e INFO[0m [grpc] [34;1mInfof[0m -> [pick-first-lb] [pick-first-lb 0xc000359950] Received SubConn state update: 0xc0003599b0, {ConnectivityState:CONNECTING ConnectionError:<nil> connectedAddress:{Addr: ServerName: Attributes:<nil> BalancerAttributes:<nil> Metadata:<nil>}}
[34m2026-10-08 05:25:54.184 UTC 002f INFO[0m [grpc] [34;1mAddTraceEvent[0m -> [core] [Channel #7 SubChannel #8]Subchannel Connectivity change to READY
[34m2026-10-08 05:25:54.184 UTC 0030 INFO[0m [grpc] [34;1mInfof[0m -> [pick-first-lb] [pick-first-lb 0xc000359950] Received SubConn state update: 0xc0003599b0, {ConnectivityState:READY ConnectionError:<nil> connectedAddress:{Addr:localhost:7050 ServerName:orderer.example.com Attributes:<nil> BalancerAttributes:<nil> Metadata:<nil>}}
[34m2026-10-08 05:25:54.184 UTC 0031 INFO[0m [grpc] [34;1mAddTraceEvent[0m -> [core] [Channel #7]Channel Connectivity change to READY
[34m2026-10-08 05:25:54.258 UTC 0032 INFO[0m [chaincodeCmd] [34;1mClientWait[0m -> txid [e23d906495b9bde13d7cfd80a1fe376cf5ff97a528efae9546c143d4ada54aac] committed with status (VALID) at localhost:7051
[0;32mChaincode definition approved on peer0.org1 on channel 'mychannel'[0m
[0;34mUsing organization 1[0m
[0;34mChecking the commit readiness of the chaincode definition on peer0.org1 on channel 'mychannel'...[0m
[0;34mAttempting to check the commit readiness of the chaincode definition on peer0.org1, Retry after 3 seconds.[0m
+ peer lifecycle chaincode checkcommitreadiness --channelID mychannel --name bzt --version 1.0 --sequence 1 --output json
+ res=0
[34m2026-10-08 05:25:57.304 UTC 0001 INFO[0m [grpc] [34;1mInfof[0m -> [core] original dial target is: "localhost:7051"
[34m2026-10-08 05:25:57.304 UTC 0002 INFO[0m [grpc] [34;1mAddTraceEvent[0m -> [core] [Channel #1]Channel created
[34m2026-10-08 05:25:57.304 UTC 0003 INFO[0m [grpc] [34;1mAddTraceEvent[0m -> [core] [Channel #1]parsed dial target is: resolver.Target{URL:url.URL{Scheme:"passthrough", Opaque:"", User:(*url.Userinfo)(nil), Host:"", Path:"/localhost:7051", RawPath:"", OmitHost:false, ForceQuery:false, RawQuery:"", Fragment:"", RawFragment:""}}
[34m2026-10-08 05:25:57.304 UTC 0004 INFO[0m [grpc] [34;1mAddTraceEvent[0m -> [core] [Channel #1]Channel authority set to "localhost:7051"
[34m2026-10-08 05:25:57.304 UTC 0005 INFO[0m [grpc] [34;1mAddTraceEvent[0m -> [core] [Channel #1]Resolver state updated: {
  "Addresses": [
    {
      "Addr": "localhost:7051",
      "ServerName": "",
      "Attributes": null,
      "BalancerAttributes": null,
      "Metadata": null
    }
  ],
  "Endpoints": [
    {
      "Addresses": [
        {
          "Addr": "localhost:7051",
          "ServerName": "",
          "Attributes": null,
          "BalancerAttributes": null,
          "Metadata": null
        }
      ],
      "Attributes": null
    }
  ],
  "ServiceConfig": null,
  "Attributes": null
} (resolver returned new addresses)
[34m2026-10-08 05:25:57.304 UTC 0006 INFO[0m [grpc] [34;1mAddTraceEvent[0m -> [core] [Channel #1]Channel switches to new LB policy "pick_first"
[34m2026-10-08 05:25:57.304 UTC 0007 INFO[0m [grpc] [34;1mInfof[0m -> [pick-first-lb] [pick-first-lb 0xc0003824e0] Received new config {
  "shuffleAddressList": false
}, resolver state {
  "Addresses": [
    {
      "Addr": "localhost:7051",
      "ServerName": "",
      "Attributes": null,
      "BalancerAttributes": null,
      "Metadata": null
    }
  ],
  "Endpoints": [
    {
      "Addresses": [
        {
          "Addr": "localhost:7051",
          "ServerName": "",
          "Attributes": null,
          "BalancerAttributes": null,
          "Metadata": null
        }
      ],
      "Attributes": null
    }
  ],
  "ServiceConfig": null,
  "Attributes": null
}
[34m2026-10-08 05:25:57.304 UTC 0008 INFO[0m [grpc] [34;1mAddTraceEvent[0m -> [core] [Channel #1 SubChannel #2]Subchannel created
[34m2026-10-08 05:25:57.304 UTC 0009 INFO[0m [grpc] [34;1mAddTraceEvent[0m -> [core] [Channel #1]Channel Connectivity change to CONNECTING
[34m2026-10-08 05:25:57.304 UTC 000a INFO[0m [grpc] [34;1mAddTraceEvent[0m -> [core] [Channel #1]Channel exiting idle mode
[34m2026-10-08 05:25:57.304 UTC 000b INFO[0m [grpc] [34;1mAddTraceEvent[0m -> [core] [Channel #1 SubChannel #2]Subchannel Connectivity change to CONNECTING
[34m2026-10-08 05:25:57.304 UTC 000c INFO[0m [grpc] [34;1mAddTraceEvent[0m -> [core] [Channel #1 SubChannel #2]Subchannel picks a new address "localhost:7051" to connect
[34m2026-10-08 05:25:57.305 UTC 000d INFO[0m [grpc] [34;1mInfof[0m -> [pick-first-lb] [pick-first-lb 0xc0003824e0] Received SubConn state update: 0xc000382570, {ConnectivityState:CONNECTING ConnectionError:<nil> connectedAddress:{Addr: ServerName: Attributes:<nil> BalancerAttributes:<nil> Metadata:<nil>}}
[34m2026-10-08 05:25:57.307 UTC 000e INFO[0m [grpc] [34;1mAddTraceEvent[0m -> [core] [Channel #1 SubChannel #2]Subchannel Connectivity change to READY
[34m2026-10-08 05:25:57.307 UTC 000f INFO[0m [grpc] [34;1mInfof[0m -> [pick-first-lb] [pick-first-lb 0xc0003824e0] Received SubConn state update: 0xc000382570, {ConnectivityState:READY ConnectionError:<nil> connectedAddress:{Addr:localhost:7051 ServerName:localhost:7051 Attributes:<nil> BalancerAttributes:<nil> Metadata:<nil>}}
[34m2026-10-08 05:25:57.307 UTC 0010 INFO[0m [grpc] [34;1mAddTraceEvent[0m -> [core] [Channel #1]Channel Connectivity change to READY
[34m2026-10-08 05:25:57.307 UTC 0011 INFO[0m [grpc] [34;1mInfof[0m -> [core] original dial target is: "localhost:7051"
[34m2026-10-08 05:25:57.307 UTC 0012 INFO[0m [grpc] [34;1mAddTraceEvent[0m -> [core] [Channel #4]Channel created
[34m2026-10-08 05:25:57.307 UTC 0013 INFO[0m [grpc] [34;1mAddTraceEvent[0m -> [core] [Channel #4]parsed dial target is: resolver.Target{URL:url.URL{Scheme:"passthrough", Opaque:"", User:(*url.Userinfo)(nil), Host:"", Path:"/localhost:7051", RawPath:"", OmitHost:false, ForceQuery:false, RawQuery:"", Fragment:"", RawFragment:""}}
[34m2026-10-08 05:25:57.307 UTC 0014 INFO[0m [grpc] [34;1mAddTraceEvent[0m -> [core] [Channel #4]Channel authority set to "localhost:7051"
[34m2026-10-08 05:25:57.307 UTC 0015 INFO[0m [grpc] [34;1mAddTraceEvent[0m -> [core] [Channel #4]Resolver state updated: {
  "Addresses": [
    {
      "Addr": "localhost:7051",
      "ServerName": "",
      "Attributes": null,
      "BalancerAttributes": null,
      "Metadata": null
    }
  ],
  "Endpoints": [
    {
      "Addresses": [
        {
          "Addr": "localhost:7051",
          "ServerName": "",
          "Attributes": null,
          "BalancerAttributes": null,
          "Metadata": null
        }
      ],
      "Attributes": null
    }
  ],
  "ServiceConfig": null,
  "Attributes": null
} (resolver returned new addresses)
[34m2026-10-08 05:25:57.307 UTC 0016 INFO[0m [grpc] [34;1mAddTraceEvent[0m -> [core] [Channel #4]Channel switches to new LB policy "pick_first"
[34m2026-10-08 05:25:57.307 UTC 0017 INFO[0m [grpc] [34;1mInfof[0m -> [pick-first-lb] [pick-first-lb 0xc000382750] Received new config {
  "shuffleAddressList": false
}, resolver state {
  "Addresses": [
    {
      "Addr": "localhost:7051",
      "ServerName": "",
      "Attributes": null,
      "BalancerAttributes": null,
      "Metadata": null
    }
  ],
  "Endpoints": [
    {
      "Addresses": [
        {
          "Addr": "localhost:7051",
          "ServerName": "",
          "Attributes": null,
          "BalancerAttributes": null,
          "Metadata": null
        }
      ],
      "Attributes": null
    }
  ],
  "ServiceConfig": null,
  "Attributes": null
}
[34m2026-10-08 05:25:57.307 UTC 0018 INFO[0m [grpc] [34;1mAddTraceEvent[0m -> [core] [Channel #4 SubChannel #5]Subchannel created
[34m2026-10-08 05:25:57.307 UTC 0019 INFO[0m [grpc] [34;1mAddTraceEvent[0m -> [core] [Channel #4]Channel Connectivity change to CONNECTING
[34m2026-10-08 05:25:57.307 UTC 001a INFO[0m [grpc] [34;1mAddTraceEvent[0m -> [core] [Channel #4]Channel exiting idle mode
[34m2026-10-08 05:25:57.307 UTC 001b INFO[0m [grpc] [34;1mAddTraceEvent[0m -> [core] [Channel #4 SubChannel #5]Subchannel Connectivity change to CONNECTING
[34m2026-10-08 05:25:57.307 UTC 001c INFO[0m [grpc] [34;1mAddTraceEvent[0m -> [core] [Channel #4 SubChannel #5]Subchannel picks a new address "localhost:7051" to connect
[34m2026-10-08 05:25:57.308 UTC 001d INFO[0m [grpc] [34;1mInfof[0m -> [pick-first-lb] [pick-first-lb 0xc000382750] Received SubConn state update: 0xc000414180, {ConnectivityState:CONNECTING ConnectionError:<nil> connectedAddress:{Addr: ServerName: Attributes:<nil> BalancerAttributes:<nil> Metadata:<nil>}}
[34m2026-10-08 05:25:57.309 UTC 001e INFO[0m [grpc] [34;1mAddTraceEvent[0m -> [core] [Channel #4 SubChannel #5]Subchannel Connectivity change to READY
[34m2026-10-08 05:25:57.309 UTC 001f INFO[0m [grpc] [34;1mInfof[0m -> [pick-first-lb] [pick-first-lb 0xc000382750] Received SubConn state update: 0xc000414180, {ConnectivityState:READY ConnectionError:<nil> connectedAddress:{Addr:localhost:7051 ServerName:localhost:7051 Attributes:<nil> BalancerAttributes:<nil> Metadata:<nil>}}
[34m2026-10-08 05:25:57.309 UTC 0020 INFO[0m [grpc] [34;1mAddTraceEvent[0m -> [core] [Channel #4]Channel Connectivity change to READY
{
	"approvals": {
		"Org1MSP": true,
		"Org2MSP": false
	}
}
[0;34mChecking the commit readiness of the chaincode definition successful on peer0.org1 on channel 'mychannel'[0m
[0;34mUsing organization 2[0m
[0;34mChecking the commit readiness of the chaincode definition on peer0.org2 on channel 'mychannel'...[0m
[0;34mAttempting to check the commit readiness of the chaincode definition on peer0.org2, Retry after 3 seconds.[0m
+ peer lifecycle chaincode checkcommitreadiness --channelID mychannel --name bzt --version 1.0 --sequence 1 --output json
+ res=0
[34m2026-10-08 05:26:00.362 UTC 0001 INFO[0m [grpc] [34;1mInfof[0m -> [core] original dial target is: "localhost:9051"
[34m2026-10-08 05:26:00.362 UTC 0002 INFO[0m [grpc] [34;1mAddTraceEvent[0m -> [core] [Channel #1]Channel created
[34m2026-10-08 05:26:00.362 UTC 0003 INFO[0m [grpc] [34;1mAddTraceEvent[0m -> [core] [Channel #1]parsed dial target is: resolver.Target{URL:url.URL{Scheme:"passthrough", Opaque:"", User:(*url.Userinfo)(nil), Host:"", Path:"/localhost:9051", RawPath:"", OmitHost:false, ForceQuery:false, RawQuery:"", Fragment:"", RawFragment:""}}
[34m2026-10-08 05:26:00.362 UTC 0004 INFO[0m [grpc] [34;1mAddTraceEvent[0m -> [core] [Channel #1]Channel authority set to "localhost:9051"
[34m2026-10-08 05:26:00.362 UTC 0005 INFO[0m [grpc] [34;1mAddTraceEvent[0m -> [core] [Channel #1]Resolver state updated: {
  "Addresses": [
    {
      "Addr": "localhost:9051",
      "ServerName": "",
      "Attributes": null,
      "BalancerAttributes": null,
      "Metadata": null
    }
  ],
  "Endpoints": [
    {
      "Addresses": [
        {
          "Addr": "localhost:9051",
          "ServerName": "",
          "Attributes": null,
          "BalancerAttributes": null,
          "Metadata": null
        }
      ],
      "Attributes": null
    }
  ],
  "ServiceConfig": null,
  "Attributes": null
} (resolver returned new addresses)
[34m2026-10-08 05:26:00.362 UTC 0006 INFO[0m [grpc] [34;1mAddTraceEvent[0m -> [core] [Channel #1]Channel switches to new LB policy "pick_first"
[34m2026-10-08 05:26:00.362 UTC 0007 INFO[0m [grpc] [34;1mInfof[0m -> [pick-first-lb] [pick-first-lb 0xc0004bf0b0] Received new config {
  "shuffleAddressList": false
}, resolver state {
  "Addresses": [
    {
      "Addr": "localhost:9051",
      "ServerName": "",
      "Attributes": null,
      "BalancerAttributes": null,
      "Metadata": null
    }
  ],
  "Endpoints": [
    {
      "Addresses": [
        {
          "Addr": "localhost:9051",
          "ServerName": "",
          "Attributes": null,
          "BalancerAttributes": null,
          "Metadata": null
        }
      ],
      "Attributes": null
    }
  ],
  "ServiceConfig": null,
  "Attributes": null
}
[34m2026-10-08 05:26:00.362 UTC 0008 INFO[0m [grpc] [34;1mAddTraceEvent[0m -> [core] [Channel #1 SubChannel #2]Subchannel created
[34m2026-10-08 05:26:00.362 UTC 0009 INFO[0m [grpc] [34;1mAddTraceEvent[0m -> [core] [Channel #1]Channel Connectivity change to CONNECTING
[34m2026-10-08 05:26:00.362 UTC 000a INFO[0m [grpc] [34;1mAddTraceEvent[0m -> [core] [Channel #1]Channel exiting idle mode
[34m2026-10-08 05:26:00.362 UTC 000b INFO[0m [grpc] [34;1mAddTraceEvent[0m -> [core] [Channel #1 SubChannel #2]Subchannel Connectivity change to CONNECTING
[34m2026-10-08 05:26:00.362 UTC 000c INFO[0m [grpc] [34;1mAddTraceEvent[0m -> [core] [Channel #1 SubChannel #2]Subchannel picks a new address "localhost:9051" to connect
[34m2026-10-08 05:26:00.362 UTC 000d INFO[0m [grpc] [34;1mInfof[0m -> [pick-first-lb] [pick-first-lb 0xc0004bf0b0] Received SubConn state update: 0xc0004bf140, {ConnectivityState:CONNECTING ConnectionError:<nil> connectedAddress:{Addr: ServerName: Attributes:<nil> BalancerAttributes:<nil> Metadata:<nil>}}
[34m2026-10-08 05:26:00.364 UTC 000e INFO[0m [grpc] [34;1mAddTraceEvent[0m -> [core] [Channel #1 SubChannel #2]Subchannel Connectivity change to READY
[34m2026-10-08 05:26:00.364 UTC 000f INFO[0m [grpc] [34;1mInfof[0m -> [pick-first-lb] [pick-first-lb 0xc0004bf0b0] Received SubConn state update: 0xc0004bf140, {ConnectivityState:READY ConnectionError:<nil> connectedAddress:{Addr:localhost:9051 ServerName:localhost:9051 Attributes:<nil> BalancerAttributes:<nil> Metadata:<nil>}}
[34m2026-10-08 05:26:00.364 UTC 0010 INFO[0m [grpc] [34;1mAddTraceEvent[0m -> [core] [Channel #1]Channel Connectivity change to READY
[34m2026-10-08 05:26:00.364 UTC 0011 INFO[0m [grpc] [34;1mInfof[0m -> [core] original dial target is: "localhost:9051"
[34m2026-10-08 05:26:00.365 UTC 0012 INFO[0m [grpc] [34;1mAddTraceEvent[0m -> [core] [Channel #4]Channel created
[34m2026-10-08 05:26:00.365 UTC 0013 INFO[0m [grpc] [34;1mAddTraceEvent[0m -> [core] [Channel #4]parsed dial target is: resolver.Target{URL:url.URL{Scheme:"passthrough", Opaque:"", User:(*url.Userinfo)(nil), Host:"", Path:"/localhost:9051", RawPath:"", OmitHost:false, ForceQuery:false, RawQuery:"", Fragment:"", RawFragment:""}}
[34m2026-10-08 05:26:00.365 UTC 0014 INFO[0m [grpc] [34;1mAddTraceEvent[0m -> [core] [Channel #4]Channel authority set to "localhost:9051"
[34m2026-10-08 05:26:00.365 UTC 0015 INFO[0m [grpc] [34;1mAddTraceEvent[0m -> [core] [Channel #4]Resolver state updated: {
  "Addresses": [
    {
      "Addr": "localhost:9051",
      "ServerName": "",
      "Attributes": null,
      "BalancerAttributes": null,
      "Metadata": null
    }
  ],
  "Endpoints": [
    {
      "Addresses": [
        {
          "Addr": "localhost:9051",
          "ServerName": "",
          "Attributes": null,
          "BalancerAttributes": null,
          "Metadata": null
        }
      ],
      "Attributes": null
    }
  ],
  "ServiceConfig": null,
  "Attributes": null
} (resolver returned new addresses)
[34m2026-10-08 05:26:00.365 UTC 0016 INFO[0m [grpc] [34;1mAddTraceEvent[0m -> [core] [Channel #4]Channel switches to new LB policy "pick_first"
[34m2026-10-08 05:26:00.365 UTC 0017 INFO[0m [grpc] [34;1mInfof[0m -> [pick-first-lb] [pick-first-lb 0xc0004bf9b0] Received new config {
  "shuffleAddressList": false
}, resolver state {
  "Addresses": [
    {
      "Addr": "localhost:9051",
      "ServerName": "",
      "Attributes": null,
      "BalancerAttributes": null,
      "Metadata": null
    }
  ],
  "Endpoints": [
    {
      "Addresses": [
        {
          "Addr": "localhost:9051",
          "ServerName": "",
          "Attributes": null,
          "BalancerAttributes": null,
          "Metadata": null
        }
      ],
      "Attributes": null
    }
  ],
  "ServiceConfig": null,
  "Attributes": null
}
[34m2026-10-08 05:26:00.365 UTC 0018 INFO[0m [grpc] [34;1mAddTraceEvent[0m -> [core] [Channel #4 SubChannel #5]Subchannel created
[34m2026-10-08 05:26:00.365 UTC 0019 INFO[0m [grpc] [34;1mAddTraceEvent[0m -> [core] [Channel #4]Channel Connectivity change to CONNECTING
[34m2026-10-08 05:26:00.365 UTC 001a INFO[0m [grpc] [34;1mAddTraceEvent[0m -> [core] [Channel #4]Channel exiting idle mode
[34m2026-10-08 05:26:00.365 UTC 001b INFO[0m [grpc] [34;1mAddTraceEvent[0m -> [core] [Channel #4 SubChannel #5]Subchannel Connectivity change to CONNECTING
[34m2026-10-08 05:26:00.365 UTC 001c INFO[0m [grpc] [34;1mAddTraceEvent[0m -> [core] [Channel #4 SubChannel #5]Subchannel picks a new address "localhost:9051" to connect
[34m2026-10-08 05:26:00.365 UTC 001d INFO[0m [grpc] [34;1mInfof[0m -> [pick-first-lb] [pick-first-lb 0xc0004bf9b0] Received SubConn state update: 0xc0004bfa10, {ConnectivityState:CONNECTING ConnectionError:<nil> connectedAddress:{Addr: ServerName: Attributes:<nil> BalancerAttributes:<nil> Metadata:<nil>}}
[34m2026-10-08 05:26:00.366 UTC 001e INFO[0m [grpc] [34;1mAddTraceEvent[0m -> [core] [Channel #4 SubChannel #5]Subchannel Connectivity change to READY
[34m2026-10-08 05:26:00.366 UTC 001f INFO[0m [grpc] [34;1mInfof[0m -> [pick-first-lb] [pick-first-lb 0xc0004bf9b0] Received SubConn state update: 0xc0004bfa10, {ConnectivityState:READY ConnectionError:<nil> connectedAddress:{Addr:localhost:9051 ServerName:localhost:9051 Attributes:<nil> BalancerAttributes:<nil> Metadata:<nil>}}
[34m2026-10-08 05:26:00.366 UTC 0020 INFO[0m [grpc] [34;1mAddTraceEvent[0m -> [core] [Channel #4]Channel Connectivity change to READY
{
	"approvals": {
		"Org1MSP": true,
		"Org2MSP": false
	}
}
[0;34mChecking the commit readiness of the chaincode definition successful on peer0.org2 on channel 'mychannel'[0m
[0;34mUsing organization 2[0m
+ peer lifecycle chaincode approveformyorg -o localhost:7050 --ordererTLSHostnameOverride orderer.example.com --tls --cafile /home/runner/work/bzt-id-experiments/bzt-id-experiments/fabric-samples/test-network/organizations/ordererOrganizations/example.com/tlsca/tlsca.example.com-cert.pem --channelID mychannel --name bzt --version 1.0 --package-id bzt_1.0:777c383bc4d25d7dc5610f92a201167f7301ed4b2cd3593b83e643df51c39c71 --sequence 1
+ res=0
[34m2026-10-08 05:26:00.420 UTC 0001 INFO[0m [grpc] [34;1mInfof[0m -> [core] original dial target is: "localhost:9051"
[34m2026-10-08 05:26:00.420 UTC 0002 INFO[0m [grpc] [34;1mAddTraceEvent[0m -> [core] [Channel #1]Channel created
[34m2026-10-08 05:26:00.420 UTC 0003 INFO[0m [grpc] [34;1mAddTraceEvent[0m -> [core] [Channel #1]parsed dial target is: resolver.Target{URL:url.URL{Scheme:"passthrough", Opaque:"", User:(*url.Userinfo)(nil), Host:"", Path:"/localhost:9051", RawPath:"", OmitHost:false, ForceQuery:false, RawQuery:"", Fragment:"", RawFragment:""}}
[34m2026-10-08 05:26:00.420 UTC 0004 INFO[0m [grpc] [34;1mAddTraceEvent[0m -> [core] [Channel #1]Channel authority set to "localhost:9051"
[34m2026-10-08 05:26:00.420 UTC 0005 INFO[0m [grpc] [34;1mAddTraceEvent[0m -> [core] [Channel #1]Resolver state updated: {
  "Addresses": [
    {
      "Addr": "localhost:9051",
      "ServerName": "",
      "Attributes": null,
      "BalancerAttributes": null,
      "Metadata": null
    }
  ],
  "Endpoints": [
    {
      "Addresses": [
        {
          "Addr": "localhost:9051",
          "ServerName": "",
          "Attributes": null,
          "BalancerAttributes": null,
          "Metadata": null
        }
      ],
      "Attributes": null
    }
  ],
  "ServiceConfig": null,
  "Attributes": null
} (resolver returned new addresses)
[34m2026-10-08 05:26:00.420 UTC 0006 INFO[0m [grpc] [34;1mAddTraceEvent[0m -> [core] [Channel #1]Channel switches to new LB policy "pick_first"
[34m2026-10-08 05:26:00.420 UTC 0007 INFO[0m [grpc] [34;1mInfof[0m -> [pick-first-lb] [pick-first-lb 0xc00047c960] Received new config {
  "shuffleAddressList": false
}, resolver state {
  "Addresses": [
    {
      "Addr": "localhost:9051",
      "ServerName": "",
      "Attributes": null,
      "BalancerAttributes": null,
      "Metadata": null
    }
  ],
  "Endpoints": [
    {
      "Addresses": [
        {
          "Addr": "localhost:9051",
          "ServerName": "",
          "Attributes": null,
          "BalancerAttributes": null,
          "Metadata": null
        }
      ],
      "Attributes": null
    }
  ],
  "ServiceConfig": null,
  "Attributes": null
}
[34m2026-10-08 05:26:00.420 UTC 0008 INFO[0m [grpc] [34;1mAddTraceEvent[0m -> [core] [Channel #1 SubChannel #2]Subchannel created
[34m2026-10-08 05:26:00.420 UTC 0009 INFO[0m [grpc] [34;1mAddTraceEvent[0m -> [core] [Channel #1]Channel Connectivity change to CONNECTING
[34m2026-10-08 05:26:00.420 UTC 000a INFO[0m [grpc] [34;1mAddTraceEvent[0m -> [core] [Channel #1]Channel exiting idle mode
[34m2026-10-08 05:26:00.420 UTC 000b INFO[0m [grpc] [34;1mAddTraceEvent[0m -> [core] [Channel #1 SubChannel #2]Subchannel Connectivity change to CONNECTING
[34m2026-10-08 05:26:00.420 UTC 000c INFO[0m [grpc] [34;1mAddTraceEvent[0m -> [core] [Channel #1 SubChannel #2]Subchannel picks a new address "localhost:9051" to connect
[34m2026-10-08 05:26:00.420 UTC 000d INFO[0m [grpc] [34;1mInfof[0m -> [pick-first-lb] [pick-first-lb 0xc00047c960] Received SubConn state update: 0xc00047c9f0, {ConnectivityState:CONNECTING ConnectionError:<nil> connectedAddress:{Addr: ServerName: Attributes:<nil> BalancerAttributes:<nil> Metadata:<nil>}}
[34m2026-10-08 05:26:00.422 UTC 000e INFO[0m [grpc] [34;1mAddTraceEvent[0m -> [core] [Channel #1 SubChannel #2]Subchannel Connectivity change to READY
[34m2026-10-08 05:26:00.422 UTC 000f INFO[0m [grpc] [34;1mInfof[0m -> [pick-first-lb] [pick-first-lb 0xc00047c960] Received SubConn state update: 0xc00047c9f0, {ConnectivityState:READY ConnectionError:<nil> connectedAddress:{Addr:localhost:9051 ServerName:localhost:9051 Attributes:<nil> BalancerAttributes:<nil> Metadata:<nil>}}
[34m2026-10-08 05:26:00.422 UTC 0010 INFO[0m [grpc] [34;1mAddTraceEvent[0m -> [core] [Channel #1]Channel Connectivity change to READY
[34m2026-10-08 05:26:00.422 UTC 0011 INFO[0m [grpc] [34;1mInfof[0m -> [core] original dial target is: "localhost:9051"
[34m2026-10-08 05:26:00.422 UTC 0012 INFO[0m [grpc] [34;1mAddTraceEvent[0m -> [core] [Channel #4]Channel created
[34m2026-10-08 05:26:00.422 UTC 0013 INFO[0m [grpc] [34;1mAddTraceEvent[0m -> [core] [Channel #4]parsed dial target is: resolver.Target{URL:url.URL{Scheme:"passthrough", Opaque:"", User:(*url.Userinfo)(nil), Host:"", Path:"/localhost:9051", RawPath:"", OmitHost:false, ForceQuery:false, RawQuery:"", Fragment:"", RawFragment:""}}
[34m2026-10-08 05:26:00.422 UTC 0014 INFO[0m [grpc] [34;1mAddTraceEvent[0m -> [core] [Channel #4]Channel authority set to "localhost:9051"
[34m2026-10-08 05:26:00.423 UTC 0015 INFO[0m [grpc] [34;1mAddTraceEvent[0m -> [core] [Channel #4]Resolver state updated: {
  "Addresses": [
    {
      "Addr": "localhost:9051",
      "ServerName": "",
      "Attributes": null,
      "BalancerAttributes": null,
      "Metadata": null
    }
  ],
  "Endpoints": [
    {
      "Addresses": [
        {
          "Addr": "localhost:9051",
          "ServerName": "",
          "Attributes": null,
          "BalancerAttributes": null,
          "Metadata": null
        }
      ],
      "Attributes": null
    }
  ],
  "ServiceConfig": null,
  "Attributes": null
} (resolver returned new addresses)
[34m2026-10-08 05:26:00.423 UTC 0016 INFO[0m [grpc] [34;1mAddTraceEvent[0m -> [core] [Channel #4]Channel switches to new LB policy "pick_first"
[34m2026-10-08 05:26:00.423 UTC 0017 INFO[0m [grpc] [34;1mInfof[0m -> [pick-first-lb] [pick-first-lb 0xc0004916e0] Received new config {
  "shuffleAddressList": false
}, resolver state {
  "Addresses": [
    {
      "Addr": "localhost:9051",
      "ServerName": "",
      "Attributes": null,
      "BalancerAttributes": null,
      "Metadata": null
    }
  ],
  "Endpoints": [
    {
      "Addresses": [
        {
          "Addr": "localhost:9051",
          "ServerName": "",
          "Attributes": null,
          "BalancerAttributes": null,
          "Metadata": null
        }
      ],
      "Attributes": null
    }
  ],
  "ServiceConfig": null,
  "Attributes": null
}
[34m2026-10-08 05:26:00.423 UTC 0018 INFO[0m [grpc] [34;1mAddTraceEvent[0m -> [core] [Channel #4 SubChannel #5]Subchannel created
[34m2026-10-08 05:26:00.423 UTC 0019 INFO[0m [grpc] [34;1mAddTraceEvent[0m -> [core] [Channel #4]Channel Connectivity change to CONNECTING
[34m2026-10-08 05:26:00.423 UTC 001a INFO[0m [grpc] [34;1mAddTraceEvent[0m -> [core] [Channel #4]Channel exiting idle mode
[34m2026-10-08 05:26:00.423 UTC 001b INFO[0m [grpc] [34;1mAddTraceEvent[0m -> [core] [Channel #4 SubChannel #5]Subchannel Connectivity change to CONNECTING
[34m2026-10-08 05:26:00.423 UTC 001c INFO[0m [grpc] [34;1mAddTraceEvent[0m -> [core] [Channel #4 SubChannel #5]Subchannel picks a new address "localhost:9051" to connect
[34m2026-10-08 05:26:00.423 UTC 001d INFO[0m [grpc] [34;1mInfof[0m -> [pick-first-lb] [pick-first-lb 0xc0004916e0] Received SubConn state update: 0xc000491740, {ConnectivityState:CONNECTING ConnectionError:<nil> connectedAddress:{Addr: ServerName: Attributes:<nil> BalancerAttributes:<nil> Metadata:<nil>}}
[34m2026-10-08 05:26:00.424 UTC 001e INFO[0m [grpc] [34;1mAddTraceEvent[0m -> [core] [Channel #4 SubChannel #5]Subchannel Connectivity change to READY
[34m2026-10-08 05:26:00.424 UTC 001f INFO[0m [grpc] [34;1mInfof[0m -> [pick-first-lb] [pick-first-lb 0xc0004916e0] Received SubConn state update: 0xc000491740, {ConnectivityState:READY ConnectionError:<nil> connectedAddress:{Addr:localhost:9051 ServerName:localhost:9051 Attributes:<nil> BalancerAttributes:<nil> Metadata:<nil>}}
[34m2026-10-08 05:26:00.424 UTC 0020 INFO[0m [grpc] [34;1mAddTraceEvent[0m -> [core] [Channel #4]Channel Connectivity change to READY
[33m2026-10-08 05:26:00.424 UTC 0021 WARN[0m [grpc] [33;1mWarningf[0m -> [core] Adjusting keepalive ping interval to minimum period of 10s
[34m2026-10-08 05:26:00.424 UTC 0022 INFO[0m [grpc] [34;1mInfof[0m -> [core] original dial target is: "localhost:7050"
[34m2026-10-08 05:26:00.424 UTC 0023 INFO[0m [grpc] [34;1mAddTraceEvent[0m -> [core] [Channel #7]Channel created
[34m2026-10-08 05:26:00.424 UTC 0024 INFO[0m [grpc] [34;1mAddTraceEvent[0m -> [core] [Channel #7]parsed dial target is: resolver.Target{URL:url.URL{Scheme:"passthrough", Opaque:"", User:(*url.Userinfo)(nil), Host:"", Path:"/localhost:7050", RawPath:"", OmitHost:false, ForceQuery:false, RawQuery:"", Fragment:"", RawFragment:""}}
[34m2026-10-08 05:26:00.425 UTC 0025 INFO[0m [grpc] [34;1mAddTraceEvent[0m -> [core] [Channel #7]Channel authority set to "orderer.example.com"
[34m2026-10-08 05:26:00.425 UTC 0026 INFO[0m [grpc] [34;1mAddTraceEvent[0m -> [core] [Channel #7]Resolver state updated: {
  "Addresses": [
    {
      "Addr": "localhost:7050",
      "ServerName": "",
      "Attributes": null,
      "BalancerAttributes": null,
      "Metadata": null
    }
  ],
  "Endpoints": [
    {
      "Addresses": [
        {
          "Addr": "localhost:7050",
          "ServerName": "",
          "Attributes": null,
          "BalancerAttributes": null,
          "Metadata": null
        }
      ],
      "Attributes": null
    }
  ],
  "ServiceConfig": null,
  "Attributes": null
} (resolver returned new addresses)
[34m2026-10-08 05:26:00.425 UTC 0027 INFO[0m [grpc] [34;1mAddTraceEvent[0m -> [core] [Channel #7]Channel switches to new LB policy "pick_first"
[34m2026-10-08 05:26:00.425 UTC 0028 INFO[0m [grpc] [34;1mInfof[0m -> [pick-first-lb] [pick-first-lb 0xc000311080] Received new config {
  "shuffleAddressList": false
}, resolver state {
  "Addresses": [
    {
      "Addr": "localhost:7050",
      "ServerName": "",
      "Attributes": null,
      "BalancerAttributes": null,
      "Metadata": null
    }
  ],
  "Endpoints": [
    {
      "Addresses": [
        {
          "Addr": "localhost:7050",
          "ServerName": "",
          "Attributes": null,
          "BalancerAttributes": null,
          "Metadata": null
        }
      ],
      "Attributes": null
    }
  ],
  "ServiceConfig": null,
  "Attributes": null
}
[34m2026-10-08 05:26:00.425 UTC 0029 INFO[0m [grpc] [34;1mAddTraceEvent[0m -> [core] [Channel #7 SubChannel #8]Subchannel created
[34m2026-10-08 05:26:00.425 UTC 002a INFO[0m [grpc] [34;1mAddTraceEvent[0m -> [core] [Channel #7]Channel Connectivity change to CONNECTING
[34m2026-10-08 05:26:00.425 UTC 002b INFO[0m [grpc] [34;1mAddTraceEvent[0m -> [core] [Channel #7]Channel exiting idle mode
[34m2026-10-08 05:26:00.425 UTC 002c INFO[0m [grpc] [34;1mAddTraceEvent[0m -> [core] [Channel #7 SubChannel #8]Subchannel Connectivity change to CONNECTING
[34m2026-10-08 05:26:00.425 UTC 002d INFO[0m [grpc] [34;1mAddTraceEvent[0m -> [core] [Channel #7 SubChannel #8]Subchannel picks a new address "localhost:7050" to connect
[34m2026-10-08 05:26:00.425 UTC 002e INFO[0m [grpc] [34;1mInfof[0m -> [pick-first-lb] [pick-first-lb 0xc000311080] Received SubConn state update: 0xc0003112c0, {ConnectivityState:CONNECTING ConnectionError:<nil> connectedAddress:{Addr: ServerName: Attributes:<nil> BalancerAttributes:<nil> Metadata:<nil>}}
[34m2026-10-08 05:26:00.426 UTC 002f INFO[0m [grpc] [34;1mAddTraceEvent[0m -> [core] [Channel #7 SubChannel #8]Subchannel Connectivity change to READY
[34m2026-10-08 05:26:00.426 UTC 0030 INFO[0m [grpc] [34;1mInfof[0m -> [pick-first-lb] [pick-first-lb 0xc000311080] Received SubConn state update: 0xc0003112c0, {ConnectivityState:READY ConnectionError:<nil> connectedAddress:{Addr:localhost:7050 ServerName:orderer.example.com Attributes:<nil> BalancerAttributes:<nil> Metadata:<nil>}}
[34m2026-10-08 05:26:00.426 UTC 0031 INFO[0m [grpc] [34;1mAddTraceEvent[0m -> [core] [Channel #7]Channel Connectivity change to READY
[34m2026-10-08 05:26:00.485 UTC 0032 INFO[0m [chaincodeCmd] [34;1mClientWait[0m -> txid [2b595051060ffe6bee5b4934ddf42fe14f6036c83c14e44db5f15e94b159e58f] committed with status (VALID) at localhost:9051
[0;32mChaincode definition approved on peer0.org2 on channel 'mychannel'[0m
[0;34mUsing organization 1[0m
[0;34mChecking the commit readiness of the chaincode definition on peer0.org1 on channel 'mychannel'...[0m
[0;34mAttempting to check the commit readiness of the chaincode definition on peer0.org1, Retry after 3 seconds.[0m
+ peer lifecycle chaincode checkcommitreadiness --channelID mychannel --name bzt --version 1.0 --sequence 1 --output json
+ res=0
[34m2026-10-08 05:26:03.531 UTC 0001 INFO[0m [grpc] [34;1mInfof[0m -> [core] original dial target is: "localhost:7051"
[34m2026-10-08 05:26:03.531 UTC 0002 INFO[0m [grpc] [34;1mAddTraceEvent[0m -> [core] [Channel #1]Channel created
[34m2026-10-08 05:26:03.531 UTC 0003 INFO[0m [grpc] [34;1mAddTraceEvent[0m -> [core] [Channel #1]parsed dial target is: resolver.Target{URL:url.URL{Scheme:"passthrough", Opaque:"", User:(*url.Userinfo)(nil), Host:"", Path:"/localhost:7051", RawPath:"", OmitHost:false, ForceQuery:false, RawQuery:"", Fragment:"", RawFragment:""}}
[34m2026-10-08 05:26:03.531 UTC 0004 INFO[0m [grpc] [34;1mAddTraceEvent[0m -> [core] [Channel #1]Channel authority set to "localhost:7051"
[34m2026-10-08 05:26:03.531 UTC 0005 INFO[0m [grpc] [34;1mAddTraceEvent[0m -> [core] [Channel #1]Resolver state updated: {
  "Addresses": [
    {
      "Addr": "localhost:7051",
      "ServerName": "",
      "Attributes": null,
      "BalancerAttributes": null,
      "Metadata": null
    }
  ],
  "Endpoints": [
    {
      "Addresses": [
        {
          "Addr": "localhost:7051",
          "ServerName": "",
          "Attributes": null,
          "BalancerAttributes": null,
          "Metadata": null
        }
      ],
      "Attributes": null
    }
  ],
  "ServiceConfig": null,
  "Attributes": null
} (resolver returned new addresses)
[34m2026-10-08 05:26:03.531 UTC 0006 INFO[0m [grpc] [34;1mAddTraceEvent[0m -> [core] [Channel #1]Channel switches to new LB policy "pick_first"
[34m2026-10-08 05:26:03.531 UTC 0007 INFO[0m [grpc] [34;1mInfof[0m -> [pick-first-lb] [pick-first-lb 0xc00043a4b0] Received new config {
  "shuffleAddressList": false
}, resolver state {
  "Addresses": [
    {
      "Addr": "localhost:7051",
      "ServerName": "",
      "Attributes": null,
      "BalancerAttributes": null,
      "Metadata": null
    }
  ],
  "Endpoints": [
    {
      "Addresses": [
        {
          "Addr": "localhost:7051",
          "ServerName": "",
          "Attributes": null,
          "BalancerAttributes": null,
          "Metadata": null
        }
      ],
      "Attributes": null
    }
  ],
  "ServiceConfig": null,
  "Attributes": null
}
[34m2026-10-08 05:26:03.531 UTC 0008 INFO[0m [grpc] [34;1mAddTraceEvent[0m -> [core] [Channel #1 SubChannel #2]Subchannel created
[34m2026-10-08 05:26:03.531 UTC 0009 INFO[0m [grpc] [34;1mAddTraceEvent[0m -> [core] [Channel #1]Channel Connectivity change to CONNECTING
[34m2026-10-08 05:26:03.531 UTC 000a INFO[0m [grpc] [34;1mAddTraceEvent[0m -> [core] [Channel #1]Channel exiting idle mode
[34m2026-10-08 05:26:03.531 UTC 000b INFO[0m [grpc] [34;1mAddTraceEvent[0m -> [core] [Channel #1 SubChannel #2]Subchannel Connectivity change to CONNECTING
[34m2026-10-08 05:26:03.531 UTC 000c INFO[0m [grpc] [34;1mAddTraceEvent[0m -> [core] [Channel #1 SubChannel #2]Subchannel picks a new address "localhost:7051" to connect
[34m2026-10-08 05:26:03.531 UTC 000d INFO[0m [grpc] [34;1mInfof[0m -> [pick-first-lb] [pick-first-lb 0xc00043a4b0] Received SubConn state update: 0xc00043a540, {ConnectivityState:CONNECTING ConnectionError:<nil> connectedAddress:{Addr: ServerName: Attributes:<nil> BalancerAttributes:<nil> Metadata:<nil>}}
[34m2026-10-08 05:26:03.534 UTC 000e INFO[0m [grpc] [34;1mAddTraceEvent[0m -> [core] [Channel #1 SubChannel #2]Subchannel Connectivity change to READY
[34m2026-10-08 05:26:03.534 UTC 000f INFO[0m [grpc] [34;1mInfof[0m -> [pick-first-lb] [pick-first-lb 0xc00043a4b0] Received SubConn state update: 0xc00043a540, {ConnectivityState:READY ConnectionError:<nil> connectedAddress:{Addr:localhost:7051 ServerName:localhost:7051 Attributes:<nil> BalancerAttributes:<nil> Metadata:<nil>}}
[34m2026-10-08 05:26:03.534 UTC 0010 INFO[0m [grpc] [34;1mAddTraceEvent[0m -> [core] [Channel #1]Channel Connectivity change to READY
[34m2026-10-08 05:26:03.534 UTC 0011 INFO[0m [grpc] [34;1mInfof[0m -> [core] original dial target is: "localhost:7051"
[34m2026-10-08 05:26:03.534 UTC 0012 INFO[0m [grpc] [34;1mAddTraceEvent[0m -> [core] [Channel #4]Channel created
[34m2026-10-08 05:26:03.534 UTC 0013 INFO[0m [grpc] [34;1mAddTraceEvent[0m -> [core] [Channel #4]parsed dial target is: resolver.Target{URL:url.URL{Scheme:"passthrough", Opaque:"", User:(*url.Userinfo)(nil), Host:"", Path:"/localhost:7051", RawPath:"", OmitHost:false, ForceQuery:false, RawQuery:"", Fragment:"", RawFragment:""}}
[34m2026-10-08 05:26:03.534 UTC 0014 INFO[0m [grpc] [34;1mAddTraceEvent[0m -> [core] [Channel #4]Channel authority set to "localhost:7051"
[34m2026-10-08 05:26:03.534 UTC 0015 INFO[0m [grpc] [34;1mAddTraceEvent[0m -> [core] [Channel #4]Resolver state updated: {
  "Addresses": [
    {
      "Addr": "localhost:7051",
      "ServerName": "",
      "Attributes": null,
      "BalancerAttributes": null,
      "Metadata": null
    }
  ],
  "Endpoints": [
    {
      "Addresses": [
        {
          "Addr": "localhost:7051",
          "ServerName": "",
          "Attributes": null,
          "BalancerAttributes": null,
          "Metadata": null
        }
      ],
      "Attributes": null
    }
  ],
  "ServiceConfig": null,
  "Attributes": null
} (resolver returned new addresses)
[34m2026-10-08 05:26:03.534 UTC 0016 INFO[0m [grpc] [34;1mAddTraceEvent[0m -> [core] [Channel #4]Channel switches to new LB policy "pick_first"
[34m2026-10-08 05:26:03.534 UTC 0017 INFO[0m [grpc] [34;1mInfof[0m -> [pick-first-lb] [pick-first-lb 0xc00038cb40] Received new config {
  "shuffleAddressList": false
}, resolver state {
  "Addresses": [
    {
      "Addr": "localhost:7051",
      "ServerName": "",
      "Attributes": null,
      "BalancerAttributes": null,
      "Metadata": null
    }
  ],
  "Endpoints": [
    {
      "Addresses": [
        {
          "Addr": "localhost:7051",
          "ServerName": "",
          "Attributes": null,
          "BalancerAttributes": null,
          "Metadata": null
        }
      ],
      "Attributes": null
    }
  ],
  "ServiceConfig": null,
  "Attributes": null
}
[34m2026-10-08 05:26:03.534 UTC 0018 INFO[0m [grpc] [34;1mAddTraceEvent[0m -> [core] [Channel #4 SubChannel #5]Subchannel created
[34m2026-10-08 05:26:03.534 UTC 0019 INFO[0m [grpc] [34;1mAddTraceEvent[0m -> [core] [Channel #4]Channel Connectivity change to CONNECTING
[34m2026-10-08 05:26:03.534 UTC 001a INFO[0m [grpc] [34;1mAddTraceEvent[0m -> [core] [Channel #4]Channel exiting idle mode
[34m2026-10-08 05:26:03.534 UTC 001b INFO[0m [grpc] [34;1mAddTraceEvent[0m -> [core] [Channel #4 SubChannel #5]Subchannel Connectivity change to CONNECTING
[34m2026-10-08 05:26:03.534 UTC 001c INFO[0m [grpc] [34;1mAddTraceEvent[0m -> [core] [Channel #4 SubChannel #5]Subchannel picks a new address "localhost:7051" to connect
[34m2026-10-08 05:26:03.534 UTC 001d INFO[0m [grpc] [34;1mInfof[0m -> [pick-first-lb] [pick-first-lb 0xc00038cb40] Received SubConn state update: 0xc00038cba0, {ConnectivityState:CONNECTING ConnectionError:<nil> connectedAddress:{Addr: ServerName: Attributes:<nil> BalancerAttributes:<nil> Metadata:<nil>}}
[34m2026-10-08 05:26:03.536 UTC 001e INFO[0m [grpc] [34;1mAddTraceEvent[0m -> [core] [Channel #4 SubChannel #5]Subchannel Connectivity change to READY
[34m2026-10-08 05:26:03.536 UTC 001f INFO[0m [grpc] [34;1mInfof[0m -> [pick-first-lb] [pick-first-lb 0xc00038cb40] Received SubConn state update: 0xc00038cba0, {ConnectivityState:READY ConnectionError:<nil> connectedAddress:{Addr:localhost:7051 ServerName:localhost:7051 Attributes:<nil> BalancerAttributes:<nil> Metadata:<nil>}}
[34m2026-10-08 05:26:03.536 UTC 0020 INFO[0m [grpc] [34;1mAddTraceEvent[0m -> [core] [Channel #4]Channel Connectivity change to READY
{
	"approvals": {
		"Org1MSP": true,
		"Org2MSP": true
	}
}
[0;34mChecking the commit readiness of the chaincode definition successful on peer0.org1 on channel 'mychannel'[0m
[0;34mUsing organization 2[0m
[0;34mChecking the commit readiness of the chaincode definition on peer0.org2 on channel 'mychannel'...[0m
[0;34mAttempting to check the commit readiness of the chaincode definition on peer0.org2, Retry after 3 seconds.[0m
+ peer lifecycle chaincode checkcommitreadiness --channelID mychannel --name bzt --version 1.0 --sequence 1 --output json
+ res=0
[34m2026-10-08 05:26:06.587 UTC 0001 INFO[0m [grpc] [34;1mInfof[0m -> [core] original dial target is: "localhost:9051"
[34m2026-10-08 05:26:06.587 UTC 0002 INFO[0m [grpc] [34;1mAddTraceEvent[0m -> [core] [Channel #1]Channel created
[34m2026-10-08 05:26:06.587 UTC 0003 INFO[0m [grpc] [34;1mAddTraceEvent[0m -> [core] [Channel #1]parsed dial target is: resolver.Target{URL:url.URL{Scheme:"passthrough", Opaque:"", User:(*url.Userinfo)(nil), Host:"", Path:"/localhost:9051", RawPath:"", OmitHost:false, ForceQuery:false, RawQuery:"", Fragment:"", RawFragment:""}}
[34m2026-10-08 05:26:06.587 UTC 0004 INFO[0m [grpc] [34;1mAddTraceEvent[0m -> [core] [Channel #1]Channel authority set to "localhost:9051"
[34m2026-10-08 05:26:06.587 UTC 0005 INFO[0m [grpc] [34;1mAddTraceEvent[0m -> [core] [Channel #1]Resolver state updated: {
  "Addresses": [
    {
      "Addr": "localhost:9051",
      "ServerName": "",
      "Attributes": null,
      "BalancerAttributes": null,
      "Metadata": null
    }
  ],
  "Endpoints": [
    {
      "Addresses": [
        {
          "Addr": "localhost:9051",
          "ServerName": "",
          "Attributes": null,
          "BalancerAttributes": null,
          "Metadata": null
        }
      ],
      "Attributes": null
    }
  ],
  "ServiceConfig": null,
  "Attributes": null
} (resolver returned new addresses)
[34m2026-10-08 05:26:06.588 UTC 0006 INFO[0m [grpc] [34;1mAddTraceEvent[0m -> [core] [Channel #1]Channel switches to new LB policy "pick_first"
[34m2026-10-08 05:26:06.588 UTC 0007 INFO[0m [grpc] [34;1mInfof[0m -> [pick-first-lb] [pick-first-lb 0xc0003d3ce0] Received new config {
  "shuffleAddressList": false
}, resolver state {
  "Addresses": [
    {
      "Addr": "localhost:9051",
      "ServerName": "",
      "Attributes": null,
      "BalancerAttributes": null,
      "Metadata": null
    }
  ],
  "Endpoints": [
    {
      "Addresses": [
        {
          "Addr": "localhost:9051",
          "ServerName": "",
          "Attributes": null,
          "BalancerAttributes": null,
          "Metadata": null
        }
      ],
      "Attributes": null
    }
  ],
  "ServiceConfig": null,
  "Attributes": null
}
[34m2026-10-08 05:26:06.588 UTC 0008 INFO[0m [grpc] [34;1mAddTraceEvent[0m -> [core] [Channel #1 SubChannel #2]Subchannel created
[34m2026-10-08 05:26:06.588 UTC 0009 INFO[0m [grpc] [34;1mAddTraceEvent[0m -> [core] [Channel #1]Channel Connectivity change to CONNECTING
[34m2026-10-08 05:26:06.588 UTC 000a INFO[0m [grpc] [34;1mAddTraceEvent[0m -> [core] [Channel #1]Channel exiting idle mode
[34m2026-10-08 05:26:06.588 UTC 000b INFO[0m [grpc] [34;1mAddTraceEvent[0m -> [core] [Channel #1 SubChannel #2]Subchannel Connectivity change to CONNECTING
[34m2026-10-08 05:26:06.588 UTC 000c INFO[0m [grpc] [34;1mAddTraceEvent[0m -> [core] [Channel #1 SubChannel #2]Subchannel picks a new address "localhost:9051" to connect
[34m2026-10-08 05:26:06.588 UTC 000d INFO[0m [grpc] [34;1mInfof[0m -> [pick-first-lb] [pick-first-lb 0xc0003d3ce0] Received SubConn state update: 0xc0003d3d70, {ConnectivityState:CONNECTING ConnectionError:<nil> connectedAddress:{Addr: ServerName: Attributes:<nil> BalancerAttributes:<nil> Metadata:<nil>}}
[34m2026-10-08 05:26:06.590 UTC 000e INFO[0m [grpc] [34;1mAddTraceEvent[0m -> [core] [Channel #1 SubChannel #2]Subchannel Connectivity change to READY
[34m2026-10-08 05:26:06.590 UTC 000f INFO[0m [grpc] [34;1mInfof[0m -> [pick-first-lb] [pick-first-lb 0xc0003d3ce0] Received SubConn state update: 0xc0003d3d70, {ConnectivityState:READY ConnectionError:<nil> connectedAddress:{Addr:localhost:9051 ServerName:localhost:9051 Attributes:<nil> BalancerAttributes:<nil> Metadata:<nil>}}
[34m2026-10-08 05:26:06.590 UTC 0010 INFO[0m [grpc] [34;1mAddTraceEvent[0m -> [core] [Channel #1]Channel Connectivity change to READY
[34m2026-10-08 05:26:06.590 UTC 0011 INFO[0m [grpc] [34;1mInfof[0m -> [core] original dial target is: "localhost:9051"
[34m2026-10-08 05:26:06.590 UTC 0012 INFO[0m [grpc] [34;1mAddTraceEvent[0m -> [core] [Channel #4]Channel created
[34m2026-10-08 05:26:06.590 UTC 0013 INFO[0m [grpc] [34;1mAddTraceEvent[0m -> [core] [Channel #4]parsed dial target is: resolver.Target{URL:url.URL{Scheme:"passthrough", Opaque:"", User:(*url.Userinfo)(nil), Host:"", Path:"/localhost:9051", RawPath:"", OmitHost:false, ForceQuery:false, RawQuery:"", Fragment:"", RawFragment:""}}
[34m2026-10-08 05:26:06.590 UTC 0014 INFO[0m [grpc] [34;1mAddTraceEvent[0m -> [core] [Channel #4]Channel authority set to "localhost:9051"
[34m2026-10-08 05:26:06.591 UTC 0015 INFO[0m [grpc] [34;1mAddTraceEvent[0m -> [core] [Channel #4]Resolver state updated: {
  "Addresses": [
    {
      "Addr": "localhost:9051",
      "ServerName": "",
      "Attributes": null,
      "BalancerAttributes": null,
      "Metadata": null
    }
  ],
  "Endpoints": [
    {
      "Addresses": [
        {
          "Addr": "localhost:9051",
          "ServerName": "",
          "Attributes": null,
          "BalancerAttributes": null,
          "Metadata": null
        }
      ],
      "Attributes": null
    }
  ],
  "ServiceConfig": null,
  "Attributes": null
} (resolver returned new addresses)
[34m2026-10-08 05:26:06.591 UTC 0016 INFO[0m [grpc] [34;1mAddTraceEvent[0m -> [core] [Channel #4]Channel switches to new LB policy "pick_first"
[34m2026-10-08 05:26:06.591 UTC 0017 INFO[0m [grpc] [34;1mInfof[0m -> [pick-first-lb] [pick-first-lb 0xc0004b4900] Received new config {
  "shuffleAddressList": false
}, resolver state {
  "Addresses": [
    {
      "Addr": "localhost:9051",
      "ServerName": "",
      "Attributes": null,
      "BalancerAttributes": null,
      "Metadata": null
    }
  ],
  "Endpoints": [
    {
      "Addresses": [
        {
          "Addr": "localhost:9051",
          "ServerName": "",
          "Attributes": null,
          "BalancerAttributes": null,
          "Metadata": null
        }
      ],
      "Attributes": null
    }
  ],
  "ServiceConfig": null,
  "Attributes": null
}
[34m2026-10-08 05:26:06.591 UTC 0018 INFO[0m [grpc] [34;1mAddTraceEvent[0m -> [core] [Channel #4 SubChannel #5]Subchannel created
[34m2026-10-08 05:26:06.591 UTC 0019 INFO[0m [grpc] [34;1mAddTraceEvent[0m -> [core] [Channel #4]Channel Connectivity change to CONNECTING
[34m2026-10-08 05:26:06.591 UTC 001a INFO[0m [grpc] [34;1mAddTraceEvent[0m -> [core] [Channel #4]Channel exiting idle mode
[34m2026-10-08 05:26:06.591 UTC 001b INFO[0m [grpc] [34;1mAddTraceEvent[0m -> [core] [Channel #4 SubChannel #5]Subchannel Connectivity change to CONNECTING
[34m2026-10-08 05:26:06.591 UTC 001c INFO[0m [grpc] [34;1mAddTraceEvent[0m -> [core] [Channel #4 SubChannel #5]Subchannel picks a new address "localhost:9051" to connect
[34m2026-10-08 05:26:06.591 UTC 001d INFO[0m [grpc] [34;1mInfof[0m -> [pick-first-lb] [pick-first-lb 0xc0004b4900] Received SubConn state update: 0xc0004b4960, {ConnectivityState:CONNECTING ConnectionError:<nil> connectedAddress:{Addr: ServerName: Attributes:<nil> BalancerAttributes:<nil> Metadata:<nil>}}
[34m2026-10-08 05:26:06.592 UTC 001e INFO[0m [grpc] [34;1mAddTraceEvent[0m -> [core] [Channel #4 SubChannel #5]Subchannel Connectivity change to READY
[34m2026-10-08 05:26:06.592 UTC 001f INFO[0m [grpc] [34;1mInfof[0m -> [pick-first-lb] [pick-first-lb 0xc0004b4900] Received SubConn state update: 0xc0004b4960, {ConnectivityState:READY ConnectionError:<nil> connectedAddress:{Addr:localhost:9051 ServerName:localhost:9051 Attributes:<nil> BalancerAttributes:<nil> Metadata:<nil>}}
[34m2026-10-08 05:26:06.592 UTC 0020 INFO[0m [grpc] [34;1mAddTraceEvent[0m -> [core] [Channel #4]Channel Connectivity change to READY
{
	"approvals": {
		"Org1MSP": true,
		"Org2MSP": true
	}
}
[0;34mChecking the commit readiness of the chaincode definition successful on peer0.org2 on channel 'mychannel'[0m
[0;34mUsing organization 1[0m
[0;34mUsing organization 2[0m
+ peer lifecycle chaincode commit -o localhost:7050 --ordererTLSHostnameOverride orderer.example.com --tls --cafile /home/runner/work/bzt-id-experiments/bzt-id-experiments/fabric-samples/test-network/organizations/ordererOrganizations/example.com/tlsca/tlsca.example.com-cert.pem --channelID mychannel --name bzt --peerAddresses localhost:7051 --tlsRootCertFiles /home/runner/work/bzt-id-experiments/bzt-id-experiments/fabric-samples/test-network/organizations/peerOrganizations/org1.example.com/tlsca/tlsca.org1.example.com-cert.pem --peerAddresses localhost:9051 --tlsRootCertFiles /home/runner/work/bzt-id-experiments/bzt-id-experiments/fabric-samples/test-network/organizations/peerOrganizations/org2.example.com/tlsca/tlsca.org2.example.com-cert.pem --version 1.0 --sequence 1
+ res=0
[34m2026-10-08 05:26:06.643 UTC 0001 INFO[0m [grpc] [34;1mInfof[0m -> [core] original dial target is: "localhost:7051"
[34m2026-10-08 05:26:06.643 UTC 0002 INFO[0m [grpc] [34;1mAddTraceEvent[0m -> [core] [Channel #1]Channel created
[34m2026-10-08 05:26:06.643 UTC 0003 INFO[0m [grpc] [34;1mAddTraceEvent[0m -> [core] [Channel #1]parsed dial target is: resolver.Target{URL:url.URL{Scheme:"passthrough", Opaque:"", User:(*url.Userinfo)(nil), Host:"", Path:"/localhost:7051", RawPath:"", OmitHost:false, ForceQuery:false, RawQuery:"", Fragment:"", RawFragment:""}}
[34m2026-10-08 05:26:06.643 UTC 0004 INFO[0m [grpc] [34;1mAddTraceEvent[0m -> [core] [Channel #1]Channel authority set to "localhost:7051"
[34m2026-10-08 05:26:06.643 UTC 0005 INFO[0m [grpc] [34;1mAddTraceEvent[0m -> [core] [Channel #1]Resolver state updated: {
  "Addresses": [
    {
      "Addr": "localhost:7051",
      "ServerName": "",
      "Attributes": null,
      "BalancerAttributes": null,
      "Metadata": null
    }
  ],
  "Endpoints": [
    {
      "Addresses": [
        {
          "Addr": "localhost:7051",
          "ServerName": "",
          "Attributes": null,
          "BalancerAttributes": null,
          "Metadata": null
        }
      ],
      "Attributes": null
    }
  ],
  "ServiceConfig": null,
  "Attributes": null
} (resolver returned new addresses)
[34m2026-10-08 05:26:06.643 UTC 0006 INFO[0m [grpc] [34;1mAddTraceEvent[0m -> [core] [Channel #1]Channel switches to new LB policy "pick_first"
[34m2026-10-08 05:26:06.643 UTC 0007 INFO[0m [grpc] [34;1mInfof[0m -> [pick-first-lb] [pick-first-lb 0xc0003964b0] Received new config {
  "shuffleAddressList": false
}, resolver state {
  "Addresses": [
    {
      "Addr": "localhost:7051",
      "ServerName": "",
      "Attributes": null,
      "BalancerAttributes": null,
      "Metadata": null
    }
  ],
  "Endpoints": [
    {
      "Addresses": [
        {
          "Addr": "localhost:7051",
          "ServerName": "",
          "Attributes": null,
          "BalancerAttributes": null,
          "Metadata": null
        }
      ],
      "Attributes": null
    }
  ],
  "ServiceConfig": null,
  "Attributes": null
}
[34m2026-10-08 05:26:06.643 UTC 0008 INFO[0m [grpc] [34;1mAddTraceEvent[0m -> [core] [Channel #1 SubChannel #2]Subchannel created
[34m2026-10-08 05:26:06.643 UTC 0009 INFO[0m [grpc] [34;1mAddTraceEvent[0m -> [core] [Channel #1]Channel Connectivity change to CONNECTING
[34m2026-10-08 05:26:06.643 UTC 000a INFO[0m [grpc] [34;1mAddTraceEvent[0m -> [core] [Channel #1]Channel exiting idle mode
[34m2026-10-08 05:26:06.643 UTC 000b INFO[0m [grpc] [34;1mAddTraceEvent[0m -> [core] [Channel #1 SubChannel #2]Subchannel Connectivity change to CONNECTING
[34m2026-10-08 05:26:06.643 UTC 000c INFO[0m [grpc] [34;1mAddTraceEvent[0m -> [core] [Channel #1 SubChannel #2]Subchannel picks a new address "localhost:7051" to connect
[34m2026-10-08 05:26:06.643 UTC 000d INFO[0m [grpc] [34;1mInfof[0m -> [pick-first-lb] [pick-first-lb 0xc0003964b0] Received SubConn state update: 0xc000396540, {ConnectivityState:CONNECTING ConnectionError:<nil> connectedAddress:{Addr: ServerName: Attributes:<nil> BalancerAttributes:<nil> Metadata:<nil>}}
[34m2026-10-08 05:26:06.645 UTC 000e INFO[0m [grpc] [34;1mAddTraceEvent[0m -> [core] [Channel #1 SubChannel #2]Subchannel Connectivity change to READY
[34m2026-10-08 05:26:06.645 UTC 000f INFO[0m [grpc] [34;1mInfof[0m -> [pick-first-lb] [pick-first-lb 0xc0003964b0] Received SubConn state update: 0xc000396540, {ConnectivityState:READY ConnectionError:<nil> connectedAddress:{Addr:localhost:7051 ServerName:localhost:7051 Attributes:<nil> BalancerAttributes:<nil> Metadata:<nil>}}
[34m2026-10-08 05:26:06.645 UTC 0010 INFO[0m [grpc] [34;1mAddTraceEvent[0m -> [core] [Channel #1]Channel Connectivity change to READY
[34m2026-10-08 05:26:06.645 UTC 0011 INFO[0m [grpc] [34;1mInfof[0m -> [core] original dial target is: "localhost:7051"
[34m2026-10-08 05:26:06.645 UTC 0012 INFO[0m [grpc] [34;1mAddTraceEvent[0m -> [core] [Channel #4]Channel created
[34m2026-10-08 05:26:06.645 UTC 0013 INFO[0m [grpc] [34;1mAddTraceEvent[0m -> [core] [Channel #4]parsed dial target is: resolver.Target{URL:url.URL{Scheme:"passthrough", Opaque:"", User:(*url.Userinfo)(nil), Host:"", Path:"/localhost:7051", RawPath:"", OmitHost:false, ForceQuery:false, RawQuery:"", Fragment:"", RawFragment:""}}
[34m2026-10-08 05:26:06.645 UTC 0014 INFO[0m [grpc] [34;1mAddTraceEvent[0m -> [core] [Channel #4]Channel authority set to "localhost:7051"
[34m2026-10-08 05:26:06.646 UTC 0015 INFO[0m [grpc] [34;1mAddTraceEvent[0m -> [core] [Channel #4]Resolver state updated: {
  "Addresses": [
    {
      "Addr": "localhost:7051",
      "ServerName": "",
      "Attributes": null,
      "BalancerAttributes": null,
      "Metadata": null
    }
  ],
  "Endpoints": [
    {
      "Addresses": [
        {
          "Addr": "localhost:7051",
          "ServerName": "",
          "Attributes": null,
          "BalancerAttributes": null,
          "Metadata": null
        }
      ],
      "Attributes": null
    }
  ],
  "ServiceConfig": null,
  "Attributes": null
} (resolver returned new addresses)
[34m2026-10-08 05:26:06.646 UTC 0016 INFO[0m [grpc] [34;1mAddTraceEvent[0m -> [core] [Channel #4]Channel switches to new LB policy "pick_first"
[34m2026-10-08 05:26:06.646 UTC 0017 INFO[0m [grpc] [34;1mInfof[0m -> [pick-first-lb] [pick-first-lb 0xc000243a10] Received new config {
  "shuffleAddressList": false
}, resolver state {
  "Addresses": [
    {
      "Addr": "localhost:7051",
      "ServerName": "",
      "Attributes": null,
      "BalancerAttributes": null,
      "Metadata": null
    }
  ],
  "Endpoints": [
    {
      "Addresses": [
        {
          "Addr": "localhost:7051",
          "ServerName": "",
          "Attributes": null,
          "BalancerAttributes": null,
          "Metadata": null
        }
      ],
      "Attributes": null
    }
  ],
  "ServiceConfig": null,
  "Attributes": null
}
[34m2026-10-08 05:26:06.646 UTC 0018 INFO[0m [grpc] [34;1mAddTraceEvent[0m -> [core] [Channel #4 SubChannel #5]Subchannel created
[34m2026-10-08 05:26:06.646 UTC 0019 INFO[0m [grpc] [34;1mAddTraceEvent[0m -> [core] [Channel #4]Channel Connectivity change to CONNECTING
[34m2026-10-08 05:26:06.646 UTC 001a INFO[0m [grpc] [34;1mAddTraceEvent[0m -> [core] [Channel #4]Channel exiting idle mode
[34m2026-10-08 05:26:06.646 UTC 001b INFO[0m [grpc] [34;1mAddTraceEvent[0m -> [core] [Channel #4 SubChannel #5]Subchannel Connectivity change to CONNECTING
[34m2026-10-08 05:26:06.646 UTC 001c INFO[0m [grpc] [34;1mAddTraceEvent[0m -> [core] [Channel #4 SubChannel #5]Subchannel picks a new address "localhost:7051" to connect
[34m2026-10-08 05:26:06.646 UTC 001d INFO[0m [grpc] [34;1mInfof[0m -> [pick-first-lb] [pick-first-lb 0xc000243a10] Received SubConn state update: 0xc000243a70, {ConnectivityState:CONNECTING ConnectionError:<nil> connectedAddress:{Addr: ServerName: Attributes:<nil> BalancerAttributes:<nil> Metadata:<nil>}}
[34m2026-10-08 05:26:06.647 UTC 001e INFO[0m [grpc] [34;1mAddTraceEvent[0m -> [core] [Channel #4 SubChannel #5]Subchannel Connectivity change to READY
[34m2026-10-08 05:26:06.647 UTC 001f INFO[0m [grpc] [34;1mInfof[0m -> [pick-first-lb] [pick-first-lb 0xc000243a10] Received SubConn state update: 0xc000243a70, {ConnectivityState:READY ConnectionError:<nil> connectedAddress:{Addr:localhost:7051 ServerName:localhost:7051 Attributes:<nil> BalancerAttributes:<nil> Metadata:<nil>}}
[34m2026-10-08 05:26:06.647 UTC 0020 INFO[0m [grpc] [34;1mAddTraceEvent[0m -> [core] [Channel #4]Channel Connectivity change to READY
[34m2026-10-08 05:26:06.647 UTC 0021 INFO[0m [grpc] [34;1mInfof[0m -> [core] original dial target is: "localhost:9051"
[34m2026-10-08 05:26:06.647 UTC 0022 INFO[0m [grpc] [34;1mAddTraceEvent[0m -> [core] [Channel #7]Channel created
[34m2026-10-08 05:26:06.647 UTC 0023 INFO[0m [grpc] [34;1mAddTraceEvent[0m -> [core] [Channel #7]parsed dial target is: resolver.Target{URL:url.URL{Scheme:"passthrough", Opaque:"", User:(*url.Userinfo)(nil), Host:"", Path:"/localhost:9051", RawPath:"", OmitHost:false, ForceQuery:false, RawQuery:"", Fragment:"", RawFragment:""}}
[34m2026-10-08 05:26:06.648 UTC 0024 INFO[0m [grpc] [34;1mAddTraceEvent[0m -> [core] [Channel #7]Channel authority set to "localhost:9051"
[34m2026-10-08 05:26:06.648 UTC 0025 INFO[0m [grpc] [34;1mAddTraceEvent[0m -> [core] [Channel #7]Resolver state updated: {
  "Addresses": [
    {
      "Addr": "localhost:9051",
      "ServerName": "",
      "Attributes": null,
      "BalancerAttributes": null,
      "Metadata": null
    }
  ],
  "Endpoints": [
    {
      "Addresses": [
        {
          "Addr": "localhost:9051",
          "ServerName": "",
          "Attributes": null,
          "BalancerAttributes": null,
          "Metadata": null
        }
      ],
      "Attributes": null
    }
  ],
  "ServiceConfig": null,
  "Attributes": null
} (resolver returned new addresses)
[34m2026-10-08 05:26:06.648 UTC 0026 INFO[0m [grpc] [34;1mAddTraceEvent[0m -> [core] [Channel #7]Channel switches to new LB policy "pick_first"
[34m2026-10-08 05:26:06.648 UTC 0027 INFO[0m [grpc] [34;1mInfof[0m -> [pick-first-lb] [pick-first-lb 0xc0002fe300] Received new config {
  "shuffleAddressList": false
}, resolver state {
  "Addresses": [
    {
      "Addr": "localhost:9051",
      "ServerName": "",
      "Attributes": null,
      "BalancerAttributes": null,
      "Metadata": null
    }
  ],
  "Endpoints": [
    {
      "Addresses": [
        {
          "Addr": "localhost:9051",
          "ServerName": "",
          "Attributes": null,
          "BalancerAttributes": null,
          "Metadata": null
        }
      ],
      "Attributes": null
    }
  ],
  "ServiceConfig": null,
  "Attributes": null
}
[34m2026-10-08 05:26:06.648 UTC 0028 INFO[0m [grpc] [34;1mAddTraceEvent[0m -> [core] [Channel #7 SubChannel #8]Subchannel created
[34m2026-10-08 05:26:06.648 UTC 0029 INFO[0m [grpc] [34;1mAddTraceEvent[0m -> [core] [Channel #7]Channel Connectivity change to CONNECTING
[34m2026-10-08 05:26:06.648 UTC 002a INFO[0m [grpc] [34;1mAddTraceEvent[0m -> [core] [Channel #7]Channel exiting idle mode
[34m2026-10-08 05:26:06.648 UTC 002b INFO[0m [grpc] [34;1mAddTraceEvent[0m -> [core] [Channel #7 SubChannel #8]Subchannel Connectivity change to CONNECTING
[34m2026-10-08 05:26:06.648 UTC 002c INFO[0m [grpc] [34;1mAddTraceEvent[0m -> [core] [Channel #7 SubChannel #8]Subchannel picks a new address "localhost:9051" to connect
[34m2026-10-08 05:26:06.648 UTC 002d INFO[0m [grpc] [34;1mInfof[0m -> [pick-first-lb] [pick-first-lb 0xc0002fe300] Received SubConn state update: 0xc0002fe360, {ConnectivityState:CONNECTING ConnectionError:<nil> connectedAddress:{Addr: ServerName: Attributes:<nil> BalancerAttributes:<nil> Metadata:<nil>}}
[34m2026-10-08 05:26:06.650 UTC 002e INFO[0m [grpc] [34;1mAddTraceEvent[0m -> [core] [Channel #7 SubChannel #8]Subchannel Connectivity change to READY
[34m2026-10-08 05:26:06.650 UTC 002f INFO[0m [grpc] [34;1mInfof[0m -> [pick-first-lb] [pick-first-lb 0xc0002fe300] Received SubConn state update: 0xc0002fe360, {ConnectivityState:READY ConnectionError:<nil> connectedAddress:{Addr:localhost:9051 ServerName:localhost:9051 Attributes:<nil> BalancerAttributes:<nil> Metadata:<nil>}}
[34m2026-10-08 05:26:06.650 UTC 0030 INFO[0m [grpc] [34;1mAddTraceEvent[0m -> [core] [Channel #7]Channel Connectivity change to READY
[34m2026-10-08 05:26:06.650 UTC 0031 INFO[0m [grpc] [34;1mInfof[0m -> [core] original dial target is: "localhost:9051"
[34m2026-10-08 05:26:06.650 UTC 0032 INFO[0m [grpc] [34;1mAddTraceEvent[0m -> [core] [Channel #10]Channel created
[34m2026-10-08 05:26:06.650 UTC 0033 INFO[0m [grpc] [34;1mAddTraceEvent[0m -> [core] [Channel #10]parsed dial target is: resolver.Target{URL:url.URL{Scheme:"passthrough", Opaque:"", User:(*url.Userinfo)(nil), Host:"", Path:"/localhost:9051", RawPath:"", OmitHost:false, ForceQuery:false, RawQuery:"", Fragment:"", RawFragment:""}}
[34m2026-10-08 05:26:06.650 UTC 0034 INFO[0m [grpc] [34;1mAddTraceEvent[0m -> [core] [Channel #10]Channel authority set to "localhost:9051"
[34m2026-10-08 05:26:06.650 UTC 0035 INFO[0m [grpc] [34;1mAddTraceEvent[0m -> [core] [Channel #10]Resolver state updated: {
  "Addresses": [
    {
      "Addr": "localhost:9051",
      "ServerName": "",
      "Attributes": null,
      "BalancerAttributes": null,
      "Metadata": null
    }
  ],
  "Endpoints": [
    {
      "Addresses": [
        {
          "Addr": "localhost:9051",
          "ServerName": "",
          "Attributes": null,
          "BalancerAttributes": null,
          "Metadata": null
        }
      ],
      "Attributes": null
    }
  ],
  "ServiceConfig": null,
  "Attributes": null
} (resolver returned new addresses)
[34m2026-10-08 05:26:06.650 UTC 0036 INFO[0m [grpc] [34;1mAddTraceEvent[0m -> [core] [Channel #10]Channel switches to new LB policy "pick_first"
[34m2026-10-08 05:26:06.650 UTC 0037 INFO[0m [grpc] [34;1mInfof[0m -> [pick-first-lb] [pick-first-lb 0xc0002fe4b0] Received new config {
  "shuffleAddressList": false
}, resolver state {
  "Addresses": [
    {
      "Addr": "localhost:9051",
      "ServerName": "",
      "Attributes": null,
      "BalancerAttributes": null,
      "Metadata": null
    }
  ],
  "Endpoints": [
    {
      "Addresses": [
        {
          "Addr": "localhost:9051",
          "ServerName": "",
          "Attributes": null,
          "BalancerAttributes": null,
          "Metadata": null
        }
      ],
      "Attributes": null
    }
  ],
  "ServiceConfig": null,
  "Attributes": null
}
[34m2026-10-08 05:26:06.650 UTC 0038 INFO[0m [grpc] [34;1mAddTraceEvent[0m -> [core] [Channel #10 SubChannel #11]Subchannel created
[34m2026-10-08 05:26:06.650 UTC 0039 INFO[0m [grpc] [34;1mAddTraceEvent[0m -> [core] [Channel #10]Channel Connectivity change to CONNECTING
[34m2026-10-08 05:26:06.651 UTC 003a INFO[0m [grpc] [34;1mAddTraceEvent[0m -> [core] [Channel #10]Channel exiting idle mode
[34m2026-10-08 05:26:06.651 UTC 003b INFO[0m [grpc] [34;1mAddTraceEvent[0m -> [core] [Channel #10 SubChannel #11]Subchannel Connectivity change to CONNECTING
[34m2026-10-08 05:26:06.651 UTC 003c INFO[0m [grpc] [34;1mAddTraceEvent[0m -> [core] [Channel #10 SubChannel #11]Subchannel picks a new address "localhost:9051" to connect
[34m2026-10-08 05:26:06.651 UTC 003d INFO[0m [grpc] [34;1mInfof[0m -> [pick-first-lb] [pick-first-lb 0xc0002fe4b0] Received SubConn state update: 0xc0002fe510, {ConnectivityState:CONNECTING ConnectionError:<nil> connectedAddress:{Addr: ServerName: Attributes:<nil> BalancerAttributes:<nil> Metadata:<nil>}}
[34m2026-10-08 05:26:06.652 UTC 003e INFO[0m [grpc] [34;1mAddTraceEvent[0m -> [core] [Channel #10 SubChannel #11]Subchannel Connectivity change to READY
[34m2026-10-08 05:26:06.652 UTC 003f INFO[0m [grpc] [34;1mInfof[0m -> [pick-first-lb] [pick-first-lb 0xc0002fe4b0] Received SubConn state update: 0xc0002fe510, {ConnectivityState:READY ConnectionError:<nil> connectedAddress:{Addr:localhost:9051 ServerName:localhost:9051 Attributes:<nil> BalancerAttributes:<nil> Metadata:<nil>}}
[34m2026-10-08 05:26:06.652 UTC 0040 INFO[0m [grpc] [34;1mAddTraceEvent[0m -> [core] [Channel #10]Channel Connectivity change to READY
[33m2026-10-08 05:26:06.652 UTC 0041 WARN[0m [grpc] [33;1mWarningf[0m -> [core] Adjusting keepalive ping interval to minimum period of 10s
[34m2026-10-08 05:26:06.652 UTC 0042 INFO[0m [grpc] [34;1mInfof[0m -> [core] original dial target is: "localhost:7050"
[34m2026-10-08 05:26:06.652 UTC 0043 INFO[0m [grpc] [34;1mAddTraceEvent[0m -> [core] [Channel #13]Channel created
[34m2026-10-08 05:26:06.653 UTC 0044 INFO[0m [grpc] [34;1mAddTraceEvent[0m -> [core] [Channel #13]parsed dial target is: resolver.Target{URL:url.URL{Scheme:"passthrough", Opaque:"", User:(*url.Userinfo)(nil), Host:"", Path:"/localhost:7050", RawPath:"", OmitHost:false, ForceQuery:false, RawQuery:"", Fragment:"", RawFragment:""}}
[34m2026-10-08 05:26:06.653 UTC 0045 INFO[0m [grpc] [34;1mAddTraceEvent[0m -> [core] [Channel #13]Channel authority set to "orderer.example.com"
[34m2026-10-08 05:26:06.653 UTC 0046 INFO[0m [grpc] [34;1mAddTraceEvent[0m -> [core] [Channel #13]Resolver state updated: {
  "Addresses": [
    {
      "Addr": "localhost:7050",
      "ServerName": "",
      "Attributes": null,
      "BalancerAttributes": null,
      "Metadata": null
    }
  ],
  "Endpoints": [
    {
      "Addresses": [
        {
          "Addr": "localhost:7050",
          "ServerName": "",
          "Attributes": null,
          "BalancerAttributes": null,
          "Metadata": null
        }
      ],
      "Attributes": null
    }
  ],
  "ServiceConfig": null,
  "Attributes": null
} (resolver returned new addresses)
[34m2026-10-08 05:26:06.653 UTC 0047 INFO[0m [grpc] [34;1mAddTraceEvent[0m -> [core] [Channel #13]Channel switches to new LB policy "pick_first"
[34m2026-10-08 05:26:06.653 UTC 0048 INFO[0m [grpc] [34;1mInfof[0m -> [pick-first-lb] [pick-first-lb 0xc0002ffb00] Received new config {
  "shuffleAddressList": false
}, resolver state {
  "Addresses": [
    {
      "Addr": "localhost:7050",
      "ServerName": "",
      "Attributes": null,
      "BalancerAttributes": null,
      "Metadata": null
    }
  ],
  "Endpoints": [
    {
      "Addresses": [
        {
          "Addr": "localhost:7050",
          "ServerName": "",
          "Attributes": null,
          "BalancerAttributes": null,
          "Metadata": null
        }
      ],
      "Attributes": null
    }
  ],
  "ServiceConfig": null,
  "Attributes": null
}
[34m2026-10-08 05:26:06.653 UTC 0049 INFO[0m [grpc] [34;1mAddTraceEvent[0m -> [core] [Channel #13 SubChannel #14]Subchannel created
[34m2026-10-08 05:26:06.653 UTC 004a INFO[0m [grpc] [34;1mAddTraceEvent[0m -> [core] [Channel #13]Channel Connectivity change to CONNECTING
[34m2026-10-08 05:26:06.653 UTC 004b INFO[0m [grpc] [34;1mAddTraceEvent[0m -> [core] [Channel #13]Channel exiting idle mode
[34m2026-10-08 05:26:06.653 UTC 004c INFO[0m [grpc] [34;1mAddTraceEvent[0m -> [core] [Channel #13 SubChannel #14]Subchannel Connectivity change to CONNECTING
[34m2026-10-08 05:26:06.653 UTC 004d INFO[0m [grpc] [34;1mAddTraceEvent[0m -> [core] [Channel #13 SubChannel #14]Subchannel picks a new address "localhost:7050" to connect
[34m2026-10-08 05:26:06.653 UTC 004e INFO[0m [grpc] [34;1mInfof[0m -> [pick-first-lb] [pick-first-lb 0xc0002ffb00] Received SubConn state update: 0xc0002ffb60, {ConnectivityState:CONNECTING ConnectionError:<nil> connectedAddress:{Addr: ServerName: Attributes:<nil> BalancerAttributes:<nil> Metadata:<nil>}}
[34m2026-10-08 05:26:06.654 UTC 004f INFO[0m [grpc] [34;1mAddTraceEvent[0m -> [core] [Channel #13 SubChannel #14]Subchannel Connectivity change to READY
[34m2026-10-08 05:26:06.654 UTC 0050 INFO[0m [grpc] [34;1mInfof[0m -> [pick-first-lb] [pick-first-lb 0xc0002ffb00] Received SubConn state update: 0xc0002ffb60, {ConnectivityState:READY ConnectionError:<nil> connectedAddress:{Addr:localhost:7050 ServerName:orderer.example.com Attributes:<nil> BalancerAttributes:<nil> Metadata:<nil>}}
[34m2026-10-08 05:26:06.655 UTC 0051 INFO[0m [grpc] [34;1mAddTraceEvent[0m -> [core] [Channel #13]Channel Connectivity change to READY
[34m2026-10-08 05:26:06.718 UTC 0052 INFO[0m [chaincodeCmd] [34;1mClientWait[0m -> txid [d70f967655ebd631e5ddc6d15931db08521e23730e32a2c2e53d02d4487d1ea5] committed with status (VALID) at localhost:7051
[34m2026-10-08 05:26:06.723 UTC 0053 INFO[0m [chaincodeCmd] [34;1mClientWait[0m -> txid [d70f967655ebd631e5ddc6d15931db08521e23730e32a2c2e53d02d4487d1ea5] committed with status (VALID) at localhost:9051
[0;32mChaincode definition committed on channel 'mychannel'[0m
[0;34mUsing organization 1[0m
[0;34mQuerying chaincode definition on peer0.org1 on channel 'mychannel'...[0m
[0;34mAttempting to Query committed status on peer0.org1, Retry after 3 seconds.[0m
+ peer lifecycle chaincode querycommitted --channelID mychannel --name bzt
+ res=0
[34m2026-10-08 05:26:09.779 UTC 0001 INFO[0m [grpc] [34;1mInfof[0m -> [core] original dial target is: "localhost:7051"
[34m2026-10-08 05:26:09.779 UTC 0002 INFO[0m [grpc] [34;1mAddTraceEvent[0m -> [core] [Channel #1]Channel created
[34m2026-10-08 05:26:09.780 UTC 0003 INFO[0m [grpc] [34;1mAddTraceEvent[0m -> [core] [Channel #1]parsed dial target is: resolver.Target{URL:url.URL{Scheme:"passthrough", Opaque:"", User:(*url.Userinfo)(nil), Host:"", Path:"/localhost:7051", RawPath:"", OmitHost:false, ForceQuery:false, RawQuery:"", Fragment:"", RawFragment:""}}
[34m2026-10-08 05:26:09.780 UTC 0004 INFO[0m [grpc] [34;1mAddTraceEvent[0m -> [core] [Channel #1]Channel authority set to "localhost:7051"
[34m2026-10-08 05:26:09.780 UTC 0005 INFO[0m [grpc] [34;1mAddTraceEvent[0m -> [core] [Channel #1]Resolver state updated: {
  "Addresses": [
    {
      "Addr": "localhost:7051",
      "ServerName": "",
      "Attributes": null,
      "BalancerAttributes": null,
      "Metadata": null
    }
  ],
  "Endpoints": [
    {
      "Addresses": [
        {
          "Addr": "localhost:7051",
          "ServerName": "",
          "Attributes": null,
          "BalancerAttributes": null,
          "Metadata": null
        }
      ],
      "Attributes": null
    }
  ],
  "ServiceConfig": null,
  "Attributes": null
} (resolver returned new addresses)
[34m2026-10-08 05:26:09.780 UTC 0006 INFO[0m [grpc] [34;1mAddTraceEvent[0m -> [core] [Channel #1]Channel switches to new LB policy "pick_first"
[34m2026-10-08 05:26:09.780 UTC 0007 INFO[0m [grpc] [34;1mInfof[0m -> [pick-first-lb] [pick-first-lb 0xc0004078f0] Received new config {
  "shuffleAddressList": false
}, resolver state {
  "Addresses": [
    {
      "Addr": "localhost:7051",
      "ServerName": "",
      "Attributes": null,
      "BalancerAttributes": null,
      "Metadata": null
    }
  ],
  "Endpoints": [
    {
      "Addresses": [
        {
          "Addr": "localhost:7051",
          "ServerName": "",
          "Attributes": null,
          "BalancerAttributes": null,
          "Metadata": null
        }
      ],
      "Attributes": null
    }
  ],
  "ServiceConfig": null,
  "Attributes": null
}
[34m2026-10-08 05:26:09.780 UTC 0008 INFO[0m [grpc] [34;1mAddTraceEvent[0m -> [core] [Channel #1 SubChannel #2]Subchannel created
[34m2026-10-08 05:26:09.780 UTC 0009 INFO[0m [grpc] [34;1mAddTraceEvent[0m -> [core] [Channel #1]Channel Connectivity change to CONNECTING
[34m2026-10-08 05:26:09.780 UTC 000a INFO[0m [grpc] [34;1mAddTraceEvent[0m -> [core] [Channel #1]Channel exiting idle mode
[34m2026-10-08 05:26:09.780 UTC 000b INFO[0m [grpc] [34;1mAddTraceEvent[0m -> [core] [Channel #1 SubChannel #2]Subchannel Connectivity change to CONNECTING
[34m2026-10-08 05:26:09.780 UTC 000c INFO[0m [grpc] [34;1mAddTraceEvent[0m -> [core] [Channel #1 SubChannel #2]Subchannel picks a new address "localhost:7051" to connect
[34m2026-10-08 05:26:09.780 UTC 000d INFO[0m [grpc] [34;1mInfof[0m -> [pick-first-lb] [pick-first-lb 0xc0004078f0] Received SubConn state update: 0xc000407980, {ConnectivityState:CONNECTING ConnectionError:<nil> connectedAddress:{Addr: ServerName: Attributes:<nil> BalancerAttributes:<nil> Metadata:<nil>}}
[34m2026-10-08 05:26:09.783 UTC 000e INFO[0m [grpc] [34;1mAddTraceEvent[0m -> [core] [Channel #1 SubChannel #2]Subchannel Connectivity change to READY
[34m2026-10-08 05:26:09.783 UTC 000f INFO[0m [grpc] [34;1mInfof[0m -> [pick-first-lb] [pick-first-lb 0xc0004078f0] Received SubConn state update: 0xc000407980, {ConnectivityState:READY ConnectionError:<nil> connectedAddress:{Addr:localhost:7051 ServerName:localhost:7051 Attributes:<nil> BalancerAttributes:<nil> Metadata:<nil>}}
[34m2026-10-08 05:26:09.783 UTC 0010 INFO[0m [grpc] [34;1mAddTraceEvent[0m -> [core] [Channel #1]Channel Connectivity change to READY
[34m2026-10-08 05:26:09.783 UTC 0011 INFO[0m [grpc] [34;1mInfof[0m -> [core] original dial target is: "localhost:7051"
[34m2026-10-08 05:26:09.783 UTC 0012 INFO[0m [grpc] [34;1mAddTraceEvent[0m -> [core] [Channel #4]Channel created
[34m2026-10-08 05:26:09.783 UTC 0013 INFO[0m [grpc] [34;1mAddTraceEvent[0m -> [core] [Channel #4]parsed dial target is: resolver.Target{URL:url.URL{Scheme:"passthrough", Opaque:"", User:(*url.Userinfo)(nil), Host:"", Path:"/localhost:7051", RawPath:"", OmitHost:false, ForceQuery:false, RawQuery:"", Fragment:"", RawFragment:""}}
[34m2026-10-08 05:26:09.783 UTC 0014 INFO[0m [grpc] [34;1mAddTraceEvent[0m -> [core] [Channel #4]Channel authority set to "localhost:7051"
[34m2026-10-08 05:26:09.783 UTC 0015 INFO[0m [grpc] [34;1mAddTraceEvent[0m -> [core] [Channel #4]Resolver state updated: {
  "Addresses": [
    {
      "Addr": "localhost:7051",
      "ServerName": "",
      "Attributes": null,
      "BalancerAttributes": null,
      "Metadata": null
    }
  ],
  "Endpoints": [
    {
      "Addresses": [
        {
          "Addr": "localhost:7051",
          "ServerName": "",
          "Attributes": null,
          "BalancerAttributes": null,
          "Metadata": null
        }
      ],
      "Attributes": null
    }
  ],
  "ServiceConfig": null,
  "Attributes": null
} (resolver returned new addresses)
[34m2026-10-08 05:26:09.783 UTC 0016 INFO[0m [grpc] [34;1mAddTraceEvent[0m -> [core] [Channel #4]Channel switches to new LB policy "pick_first"
[34m2026-10-08 05:26:09.783 UTC 0017 INFO[0m [grpc] [34;1mInfof[0m -> [pick-first-lb] [pick-first-lb 0xc0004068a0] Received new config {
  "shuffleAddressList": false
}, resolver state {
  "Addresses": [
    {
      "Addr": "localhost:7051",
      "ServerName": "",
      "Attributes": null,
      "BalancerAttributes": null,
      "Metadata": null
    }
  ],
  "Endpoints": [
    {
      "Addresses": [
        {
          "Addr": "localhost:7051",
          "ServerName": "",
          "Attributes": null,
          "BalancerAttributes": null,
          "Metadata": null
        }
      ],
      "Attributes": null
    }
  ],
  "ServiceConfig": null,
  "Attributes": null
}
[34m2026-10-08 05:26:09.783 UTC 0018 INFO[0m [grpc] [34;1mAddTraceEvent[0m -> [core] [Channel #4 SubChannel #5]Subchannel created
[34m2026-10-08 05:26:09.783 UTC 0019 INFO[0m [grpc] [34;1mAddTraceEvent[0m -> [core] [Channel #4]Channel Connectivity change to CONNECTING
[34m2026-10-08 05:26:09.783 UTC 001a INFO[0m [grpc] [34;1mAddTraceEvent[0m -> [core] [Channel #4]Channel exiting idle mode
[34m2026-10-08 05:26:09.783 UTC 001b INFO[0m [grpc] [34;1mAddTraceEvent[0m -> [core] [Channel #4 SubChannel #5]Subchannel Connectivity change to CONNECTING
[34m2026-10-08 05:26:09.783 UTC 001c INFO[0m [grpc] [34;1mAddTraceEvent[0m -> [core] [Channel #4 SubChannel #5]Subchannel picks a new address "localhost:7051" to connect
[34m2026-10-08 05:26:09.783 UTC 001d INFO[0m [grpc] [34;1mInfof[0m -> [pick-first-lb] [pick-first-lb 0xc0004068a0] Received SubConn state update: 0xc000406900, {ConnectivityState:CONNECTING ConnectionError:<nil> connectedAddress:{Addr: ServerName: Attributes:<nil> BalancerAttributes:<nil> Metadata:<nil>}}
[34m2026-10-08 05:26:09.785 UTC 001e INFO[0m [grpc] [34;1mAddTraceEvent[0m -> [core] [Channel #4 SubChannel #5]Subchannel Connectivity change to READY
[34m2026-10-08 05:26:09.785 UTC 001f INFO[0m [grpc] [34;1mInfof[0m -> [pick-first-lb] [pick-first-lb 0xc0004068a0] Received SubConn state update: 0xc000406900, {ConnectivityState:READY ConnectionError:<nil> connectedAddress:{Addr:localhost:7051 ServerName:localhost:7051 Attributes:<nil> BalancerAttributes:<nil> Metadata:<nil>}}
[34m2026-10-08 05:26:09.785 UTC 0020 INFO[0m [grpc] [34;1mAddTraceEvent[0m -> [core] [Channel #4]Channel Connectivity change to READY
Committed chaincode definition for chaincode 'bzt' on channel 'mychannel':
Version: 1.0, Sequence: 1, Endorsement Plugin: escc, Validation Plugin: vscc, Approvals: [Org1MSP: true, Org2MSP: true]
[0;32mQuery chaincode definition successful on peer0.org1 on channel 'mychannel'[0m
[0;34mUsing organization 2[0m
[0;34mQuerying chaincode definition on peer0.org2 on channel 'mychannel'...[0m
[0;34mAttempting to Query committed status on peer0.org2, Retry after 3 seconds.[0m
+ peer lifecycle chaincode querycommitted --channelID mychannel --name bzt
+ res=0
[34m2026-10-08 05:26:12.835 UTC 0001 INFO[0m [grpc] [34;1mInfof[0m -> [core] original dial target is: "localhost:9051"
[34m2026-10-08 05:26:12.836 UTC 0002 INFO[0m [grpc] [34;1mAddTraceEvent[0m -> [core] [Channel #1]Channel created
[34m2026-10-08 05:26:12.836 UTC 0003 INFO[0m [grpc] [34;1mAddTraceEvent[0m -> [core] [Channel #1]parsed dial target is: resolver.Target{URL:url.URL{Scheme:"passthrough", Opaque:"", User:(*url.Userinfo)(nil), Host:"", Path:"/localhost:9051", RawPath:"", OmitHost:false, ForceQuery:false, RawQuery:"", Fragment:"", RawFragment:""}}
[34m2026-10-08 05:26:12.836 UTC 0004 INFO[0m [grpc] [34;1mAddTraceEvent[0m -> [core] [Channel #1]Channel authority set to "localhost:9051"
[34m2026-10-08 05:26:12.836 UTC 0005 INFO[0m [grpc] [34;1mAddTraceEvent[0m -> [core] [Channel #1]Resolver state updated: {
  "Addresses": [
    {
      "Addr": "localhost:9051",
      "ServerName": "",
      "Attributes": null,
      "BalancerAttributes": null,
      "Metadata": null
    }
  ],
  "Endpoints": [
    {
      "Addresses": [
        {
          "Addr": "localhost:9051",
          "ServerName": "",
          "Attributes": null,
          "BalancerAttributes": null,
          "Metadata": null
        }
      ],
      "Attributes": null
    }
  ],
  "ServiceConfig": null,
  "Attributes": null
} (resolver returned new addresses)
[34m2026-10-08 05:26:12.836 UTC 0006 INFO[0m [grpc] [34;1mAddTraceEvent[0m -> [core] [Channel #1]Channel switches to new LB policy "pick_first"
[34m2026-10-08 05:26:12.836 UTC 0007 INFO[0m [grpc] [34;1mInfof[0m -> [pick-first-lb] [pick-first-lb 0xc00035a4e0] Received new config {
  "shuffleAddressList": false
}, resolver state {
  "Addresses": [
    {
      "Addr": "localhost:9051",
      "ServerName": "",
      "Attributes": null,
      "BalancerAttributes": null,
      "Metadata": null
    }
  ],
  "Endpoints": [
    {
      "Addresses": [
        {
          "Addr": "localhost:9051",
          "ServerName": "",
          "Attributes": null,
          "BalancerAttributes": null,
          "Metadata": null
        }
      ],
      "Attributes": null
    }
  ],
  "ServiceConfig": null,
  "Attributes": null
}
[34m2026-10-08 05:26:12.836 UTC 0008 INFO[0m [grpc] [34;1mAddTraceEvent[0m -> [core] [Channel #1 SubChannel #2]Subchannel created
[34m2026-10-08 05:26:12.836 UTC 0009 INFO[0m [grpc] [34;1mAddTraceEvent[0m -> [core] [Channel #1]Channel Connectivity change to CONNECTING
[34m2026-10-08 05:26:12.836 UTC 000a INFO[0m [grpc] [34;1mAddTraceEvent[0m -> [core] [Channel #1]Channel exiting idle mode
[34m2026-10-08 05:26:12.836 UTC 000b INFO[0m [grpc] [34;1mAddTraceEvent[0m -> [core] [Channel #1 SubChannel #2]Subchannel Connectivity change to CONNECTING
[34m2026-10-08 05:26:12.836 UTC 000c INFO[0m [grpc] [34;1mAddTraceEvent[0m -> [core] [Channel #1 SubChannel #2]Subchannel picks a new address "localhost:9051" to connect
[34m2026-10-08 05:26:12.836 UTC 000d INFO[0m [grpc] [34;1mInfof[0m -> [pick-first-lb] [pick-first-lb 0xc00035a4e0] Received SubConn state update: 0xc00035a570, {ConnectivityState:CONNECTING ConnectionError:<nil> connectedAddress:{Addr: ServerName: Attributes:<nil> BalancerAttributes:<nil> Metadata:<nil>}}
[34m2026-10-08 05:26:12.838 UTC 000e INFO[0m [grpc] [34;1mAddTraceEvent[0m -> [core] [Channel #1 SubChannel #2]Subchannel Connectivity change to READY
[34m2026-10-08 05:26:12.838 UTC 000f INFO[0m [grpc] [34;1mInfof[0m -> [pick-first-lb] [pick-first-lb 0xc00035a4e0] Received SubConn state update: 0xc00035a570, {ConnectivityState:READY ConnectionError:<nil> connectedAddress:{Addr:localhost:9051 ServerName:localhost:9051 Attributes:<nil> BalancerAttributes:<nil> Metadata:<nil>}}
[34m2026-10-08 05:26:12.838 UTC 0010 INFO[0m [grpc] [34;1mAddTraceEvent[0m -> [core] [Channel #1]Channel Connectivity change to READY
[34m2026-10-08 05:26:12.839 UTC 0011 INFO[0m [grpc] [34;1mInfof[0m -> [core] original dial target is: "localhost:9051"
[34m2026-10-08 05:26:12.839 UTC 0012 INFO[0m [grpc] [34;1mAddTraceEvent[0m -> [core] [Channel #4]Channel created
[34m2026-10-08 05:26:12.839 UTC 0013 INFO[0m [grpc] [34;1mAddTraceEvent[0m -> [core] [Channel #4]parsed dial target is: resolver.Target{URL:url.URL{Scheme:"passthrough", Opaque:"", User:(*url.Userinfo)(nil), Host:"", Path:"/localhost:9051", RawPath:"", OmitHost:false, ForceQuery:false, RawQuery:"", Fragment:"", RawFragment:""}}
[34m2026-10-08 05:26:12.839 UTC 0014 INFO[0m [grpc] [34;1mAddTraceEvent[0m -> [core] [Channel #4]Channel authority set to "localhost:9051"
[34m2026-10-08 05:26:12.839 UTC 0015 INFO[0m [grpc] [34;1mAddTraceEvent[0m -> [core] [Channel #4]Resolver state updated: {
  "Addresses": [
    {
      "Addr": "localhost:9051",
      "ServerName": "",
      "Attributes": null,
      "BalancerAttributes": null,
      "Metadata": null
    }
  ],
  "Endpoints": [
    {
      "Addresses": [
        {
          "Addr": "localhost:9051",
          "ServerName": "",
          "Attributes": null,
          "BalancerAttributes": null,
          "Metadata": null
        }
      ],
      "Attributes": null
    }
  ],
  "ServiceConfig": null,
  "Attributes": null
} (resolver returned new addresses)
[34m2026-10-08 05:26:12.839 UTC 0016 INFO[0m [grpc] [34;1mAddTraceEvent[0m -> [core] [Channel #4]Channel switches to new LB policy "pick_first"
[34m2026-10-08 05:26:12.839 UTC 0017 INFO[0m [grpc] [34;1mInfof[0m -> [pick-first-lb] [pick-first-lb 0xc00035ad50] Received new config {
  "shuffleAddressList": false
}, resolver state {
  "Addresses": [
    {
      "Addr": "localhost:9051",
      "ServerName": "",
      "Attributes": null,
      "BalancerAttributes": null,
      "Metadata": null
    }
  ],
  "Endpoints": [
    {
      "Addresses": [
        {
          "Addr": "localhost:9051",
          "ServerName": "",
          "Attributes": null,
          "BalancerAttributes": null,
          "Metadata": null
        }
      ],
      "Attributes": null
    }
  ],
  "ServiceConfig": null,
  "Attributes": null
}
[34m2026-10-08 05:26:12.839 UTC 0018 INFO[0m [grpc] [34;1mAddTraceEvent[0m -> [core] [Channel #4 SubChannel #5]Subchannel created
[34m2026-10-08 05:26:12.839 UTC 0019 INFO[0m [grpc] [34;1mAddTraceEvent[0m -> [core] [Channel #4]Channel Connectivity change to CONNECTING
[34m2026-10-08 05:26:12.839 UTC 001a INFO[0m [grpc] [34;1mAddTraceEvent[0m -> [core] [Channel #4]Channel exiting idle mode
[34m2026-10-08 05:26:12.839 UTC 001b INFO[0m [grpc] [34;1mAddTraceEvent[0m -> [core] [Channel #4 SubChannel #5]Subchannel Connectivity change to CONNECTING
[34m2026-10-08 05:26:12.839 UTC 001c INFO[0m [grpc] [34;1mAddTraceEvent[0m -> [core] [Channel #4 SubChannel #5]Subchannel picks a new address "localhost:9051" to connect
[34m2026-10-08 05:26:12.839 UTC 001d INFO[0m [grpc] [34;1mInfof[0m -> [pick-first-lb] [pick-first-lb 0xc00035ad50] Received SubConn state update: 0xc00035adb0, {ConnectivityState:CONNECTING ConnectionError:<nil> connectedAddress:{Addr: ServerName: Attributes:<nil> BalancerAttributes:<nil> Metadata:<nil>}}
[34m2026-10-08 05:26:12.841 UTC 001e INFO[0m [grpc] [34;1mAddTraceEvent[0m -> [core] [Channel #4 SubChannel #5]Subchannel Connectivity change to READY
[34m2026-10-08 05:26:12.841 UTC 001f INFO[0m [grpc] [34;1mInfof[0m -> [pick-first-lb] [pick-first-lb 0xc00035ad50] Received SubConn state update: 0xc00035adb0, {ConnectivityState:READY ConnectionError:<nil> connectedAddress:{Addr:localhost:9051 ServerName:localhost:9051 Attributes:<nil> BalancerAttributes:<nil> Metadata:<nil>}}
[34m2026-10-08 05:26:12.841 UTC 0020 INFO[0m [grpc] [34;1mAddTraceEvent[0m -> [core] [Channel #4]Channel Connectivity change to READY
Committed chaincode definition for chaincode 'bzt' on channel 'mychannel':
Version: 1.0, Sequence: 1, Endorsement Plugin: escc, Validation Plugin: vscc, Approvals: [Org1MSP: true, Org2MSP: true]
[0;32mQuery chaincode definition successful on peer0.org2 on channel 'mychannel'[0m
[0;34mChaincode initialization is not required[0m
