[0;34mUsing docker and docker compose[0m
[0;34mdeploying chaincode on channel 'mychannel'[0m
executing with the following
- CHANNEL_NAME: [0;32mmychannel[0m
- CC_NAME: [0;32mbzt[0m
- CC_SRC_PATH: [0;32m/home/runner/work/bzt-id-experiments/bzt-id-experiments/fabric-bench/chaincode[0m
- CC_SRC_LANGUAGE: [0;32mjavascript[0m
- CC_VERSION: [0;32m1.0[0m
- CC_SEQUENCE: [0;32mauto[0m
- CC_END_POLICY: [0;32mNA[0m
- CC_COLL_CONFIG: [0;32mNA[0m
- CC_INIT_FCN: [0;32mNA[0m
- DELAY: [0;32m3[0m
- MAX_RETRY: [0;32m5[0m
- VERBOSE: [0;32mfalse[0m
executing with the following
- CC_NAME: [0;32mbzt[0m
- CC_SRC_PATH: [0;32m/home/runner/work/bzt-id-experiments/bzt-id-experiments/fabric-bench/chaincode[0m
- CC_SRC_LANGUAGE: [0;32mjavascript[0m
- CC_VERSION: [0;32m1.0[0m
+ '[' false = true ']'
+ peer lifecycle chaincode package bzt.tar.gz --path /home/runner/work/bzt-id-experiments/bzt-id-experiments/fabric-bench/chaincode --lang node --label bzt_1.0
+ res=0
[0;32mChaincode is packaged[0m
[0;34mInstalling chaincode on peer0.org1...[0m
[0;34mUsing organization 1[0m
+ peer lifecycle chaincode queryinstalled --output json
+ jq -r 'try (.installed_chaincodes[].package_id)'
+ grep '^bzt_1.0:777c383bc4d25d7dc5610f92a201167f7301ed4b2cd3593b83e643df51c39c71$'
[34m2026-10-08 04:24:32.118 UTC 0001 INFO[0m [grpc] [34;1mInfof[0m -> [core] original dial target is: "localhost:7051"
[34m2026-10-08 04:24:32.118 UTC 0002 INFO[0m [grpc] [34;1mAddTraceEvent[0m -> [core] [Channel #1]Channel created
[34m2026-10-08 04:24:32.118 UTC 0003 INFO[0m [grpc] [34;1mAddTraceEvent[0m -> [core] [Channel #1]parsed dial target is: resolver.Target{URL:url.URL{Scheme:"passthrough", Opaque:"", User:(*url.Userinfo)(nil), Host:"", Path:"/localhost:7051", RawPath:"", OmitHost:false, ForceQuery:false, RawQuery:"", Fragment:"", RawFragment:""}}
[34m2026-10-08 04:24:32.118 UTC 0004 INFO[0m [grpc] [34;1mAddTraceEvent[0m -> [core] [Channel #1]Channel authority set to "localhost:7051"
[34m2026-10-08 04:24:32.118 UTC 0005 INFO[0m [grpc] [34;1mAddTraceEvent[0m -> [core] [Channel #1]Resolver state updated: {
  "Addresses": [
    {
      "Addr": "localhost:7051",
      "ServerName": "",
      "Attributes": null,
      "BalancerAttributes": null,
      "Metadata": null
    }
  ],
  "Endpoints": [
    {
      "Addresses": [
        {
          "Addr": "localhost:7051",
          "ServerName": "",
          "Attributes": null,
          "BalancerAttributes": null,
          "Metadata": null
        }
      ],
      "Attributes": null
    }
  ],
  "ServiceConfig": null,
  "Attributes": null
} (resolver returned new addresses)
[34m2026-10-08 04:24:32.118 UTC 0006 INFO[0m [grpc] [34;1mAddTraceEvent[0m -> [core] [Channel #1]Channel switches to new LB policy "pick_first"
[34m2026-10-08 04:24:32.118 UTC 0007 INFO[0m [grpc] [34;1mInfof[0m -> [pick-first-lb] [pick-first-lb 0xc00002c6f0] Received new config {
  "shuffleAddressList": false
}, resolver state {
  "Addresses": [
    {
      "Addr": "localhost:7051",
      "ServerName": "",
      "Attributes": null,
      "BalancerAttributes": null,
      "Metadata": null
    }
  ],
  "Endpoints": [
    {
      "Addresses": [
        {
          "Addr": "localhost:7051",
          "ServerName": "",
          "Attributes": null,
          "BalancerAttributes": null,
          "Metadata": null
        }
      ],
      "Attributes": null
    }
  ],
  "ServiceConfig": null,
  "Attributes": null
}
[34m2026-10-08 04:24:32.118 UTC 0008 INFO[0m [grpc] [34;1mAddTraceEvent[0m -> [core] [Channel #1 SubChannel #2]Subchannel created
[34m2026-10-08 04:24:32.118 UTC 0009 INFO[0m [grpc] [34;1mAddTraceEvent[0m -> [core] [Channel #1]Channel Connectivity change to CONNECTING
[34m2026-10-08 04:24:32.118 UTC 000a INFO[0m [grpc] [34;1mAddTraceEvent[0m -> [core] [Channel #1]Channel exiting idle mode
[34m2026-10-08 04:24:32.119 UTC 000b INFO[0m [grpc] [34;1mAddTraceEvent[0m -> [core] [Channel #1 SubChannel #2]Subchannel Connectivity change to CONNECTING
[34m2026-10-08 04:24:32.119 UTC 000c INFO[0m [grpc] [34;1mAddTraceEvent[0m -> [core] [Channel #1 SubChannel #2]Subchannel picks a new address "localhost:7051" to connect
[34m2026-10-08 04:24:32.119 UTC 000d INFO[0m [grpc] [34;1mInfof[0m -> [pick-first-lb] [pick-first-lb 0xc00002c6f0] Received SubConn state update: 0xc00002c780, {ConnectivityState:CONNECTING ConnectionError:<nil> connectedAddress:{Addr: ServerName: Attributes:<nil> BalancerAttributes:<nil> Metadata:<nil>}}
[34m2026-10-08 04:24:32.122 UTC 000e INFO[0m [grpc] [34;1mAddTraceEvent[0m -> [core] [Channel #1 SubChannel #2]Subchannel Connectivity change to READY
[34m2026-10-08 04:24:32.122 UTC 000f INFO[0m [grpc] [34;1mInfof[0m -> [pick-first-lb] [pick-first-lb 0xc00002c6f0] Received SubConn state update: 0xc00002c780, {ConnectivityState:READY ConnectionError:<nil> connectedAddress:{Addr:localhost:7051 ServerName:localhost:7051 Attributes:<nil> BalancerAttributes:<nil> Metadata:<nil>}}
[34m2026-10-08 04:24:32.122 UTC 0010 INFO[0m [grpc] [34;1mAddTraceEvent[0m -> [core] [Channel #1]Channel Connectivity change to READY
[34m2026-10-08 04:24:32.122 UTC 0011 INFO[0m [grpc] [34;1mInfof[0m -> [core] original dial target is: "localhost:7051"
[34m2026-10-08 04:24:32.122 UTC 0012 INFO[0m [grpc] [34;1mAddTraceEvent[0m -> [core] [Channel #4]Channel created
[34m2026-10-08 04:24:32.122 UTC 0013 INFO[0m [grpc] [34;1mAddTraceEvent[0m -> [core] [Channel #4]parsed dial target is: resolver.Target{URL:url.URL{Scheme:"passthrough", Opaque:"", User:(*url.Userinfo)(nil), Host:"", Path:"/localhost:7051", RawPath:"", OmitHost:false, ForceQuery:false, RawQuery:"", Fragment:"", RawFragment:""}}
[34m2026-10-08 04:24:32.122 UTC 0014 INFO[0m [grpc] [34;1mAddTraceEvent[0m -> [core] [Channel #4]Channel authority set to "localhost:7051"
[34m2026-10-08 04:24:32.122 UTC 0015 INFO[0m [grpc] [34;1mAddTraceEvent[0m -> [core] [Channel #4]Resolver state updated: {
  "Addresses": [
    {
      "Addr": "localhost:7051",
      "ServerName": "",
      "Attributes": null,
      "BalancerAttributes": null,
      "Metadata": null
    }
  ],
  "Endpoints": [
    {
      "Addresses": [
        {
          "Addr": "localhost:7051",
          "ServerName": "",
          "Attributes": null,
          "BalancerAttributes": null,
          "Metadata": null
        }
      ],
      "Attributes": null
    }
  ],
  "ServiceConfig": null,
  "Attributes": null
} (resolver returned new addresses)
[34m2026-10-08 04:24:32.122 UTC 0016 INFO[0m [grpc] [34;1mAddTraceEvent[0m -> [core] [Channel #4]Channel switches to new LB policy "pick_first"
[34m2026-10-08 04:24:32.122 UTC 0017 INFO[0m [grpc] [34;1mInfof[0m -> [pick-first-lb] [pick-first-lb 0xc0003eea20] Received new config {
  "shuffleAddressList": false
}, resolver state {
  "Addresses": [
    {
      "Addr": "localhost:7051",
      "ServerName": "",
      "Attributes": null,
      "BalancerAttributes": null,
      "Metadata": null
    }
  ],
  "Endpoints": [
    {
      "Addresses": [
        {
          "Addr": "localhost:7051",
          "ServerName": "",
          "Attributes": null,
          "BalancerAttributes": null,
          "Metadata": null
        }
      ],
      "Attributes": null
    }
  ],
  "ServiceConfig": null,
  "Attributes": null
}
[34m2026-10-08 04:24:32.122 UTC 0018 INFO[0m [grpc] [34;1mAddTraceEvent[0m -> [core] [Channel #4 SubChannel #5]Subchannel created
[34m2026-10-08 04:24:32.122 UTC 0019 INFO[0m [grpc] [34;1mAddTraceEvent[0m -> [core] [Channel #4]Channel Connectivity change to CONNECTING
[34m2026-10-08 04:24:32.122 UTC 001a INFO[0m [grpc] [34;1mAddTraceEvent[0m -> [core] [Channel #4]Channel exiting idle mode
[34m2026-10-08 04:24:32.122 UTC 001b INFO[0m [grpc] [34;1mAddTraceEvent[0m -> [core] [Channel #4 SubChannel #5]Subchannel Connectivity change to CONNECTING
[34m2026-10-08 04:24:32.123 UTC 001c INFO[0m [grpc] [34;1mAddTraceEvent[0m -> [core] [Channel #4 SubChannel #5]Subchannel picks a new address "localhost:7051" to connect
[34m2026-10-08 04:24:32.123 UTC 001d INFO[0m [grpc] [34;1mInfof[0m -> [pick-first-lb] [pick-first-lb 0xc0003eea20] Received SubConn state update: 0xc0003eea80, {ConnectivityState:CONNECTING ConnectionError:<nil> connectedAddress:{Addr: ServerName: Attributes:<nil> BalancerAttributes:<nil> Metadata:<nil>}}
[34m2026-10-08 04:24:32.125 UTC 001e INFO[0m [grpc] [34;1mAddTraceEvent[0m -> [core] [Channel #4 SubChannel #5]Subchannel Connectivity change to READY
[34m2026-10-08 04:24:32.125 UTC 001f INFO[0m [grpc] [34;1mInfof[0m -> [pick-first-lb] [pick-first-lb 0xc0003eea20] Received SubConn state update: 0xc0003eea80, {ConnectivityState:READY ConnectionError:<nil> connectedAddress:{Addr:localhost:7051 ServerName:localhost:7051 Attributes:<nil> BalancerAttributes:<nil> Metadata:<nil>}}
[34m2026-10-08 04:24:32.125 UTC 0020 INFO[0m [grpc] [34;1mAddTraceEvent[0m -> [core] [Channel #4]Channel Connectivity change to READY
+ test 1 -ne 0
+ peer lifecycle chaincode install bzt.tar.gz
+ res=0
[34m2026-10-08 04:24:32.169 UTC 0001 INFO[0m [grpc] [34;1mInfof[0m -> [core] original dial target is: "localhost:7051"
[34m2026-10-08 04:24:32.169 UTC 0002 INFO[0m [grpc] [34;1mAddTraceEvent[0m -> [core] [Channel #1]Channel created
[34m2026-10-08 04:24:32.169 UTC 0003 INFO[0m [grpc] [34;1mAddTraceEvent[0m -> [core] [Channel #1]parsed dial target is: resolver.Target{URL:url.URL{Scheme:"passthrough", Opaque:"", User:(*url.Userinfo)(nil), Host:"", Path:"/localhost:7051", RawPath:"", OmitHost:false, ForceQuery:false, RawQuery:"", Fragment:"", RawFragment:""}}
[34m2026-10-08 04:24:32.169 UTC 0004 INFO[0m [grpc] [34;1mAddTraceEvent[0m -> [core] [Channel #1]Channel authority set to "localhost:7051"
[34m2026-10-08 04:24:32.169 UTC 0005 INFO[0m [grpc] [34;1mAddTraceEvent[0m -> [core] [Channel #1]Resolver state updated: {
  "Addresses": [
    {
      "Addr": "localhost:7051",
      "ServerName": "",
      "Attributes": null,
      "BalancerAttributes": null,
      "Metadata": null
    }
  ],
  "Endpoints": [
    {
      "Addresses": [
        {
          "Addr": "localhost:7051",
          "ServerName": "",
          "Attributes": null,
          "BalancerAttributes": null,
          "Metadata": null
        }
      ],
      "Attributes": null
    }
  ],
  "ServiceConfig": null,
  "Attributes": null
} (resolver returned new addresses)
[34m2026-10-08 04:24:32.169 UTC 0006 INFO[0m [grpc] [34;1mAddTraceEvent[0m -> [core] [Channel #1]Channel switches to new LB policy "pick_first"
[34m2026-10-08 04:24:32.169 UTC 0007 INFO[0m [grpc] [34;1mInfof[0m -> [pick-first-lb] [pick-first-lb 0xc00046b770] Received new config {
  "shuffleAddressList": false
}, resolver state {
  "Addresses": [
    {
      "Addr": "localhost:7051",
      "ServerName": "",
      "Attributes": null,
      "BalancerAttributes": null,
      "Metadata": null
    }
  ],
  "Endpoints": [
    {
      "Addresses": [
        {
          "Addr": "localhost:7051",
          "ServerName": "",
          "Attributes": null,
          "BalancerAttributes": null,
          "Metadata": null
        }
      ],
      "Attributes": null
    }
  ],
  "ServiceConfig": null,
  "Attributes": null
}
[34m2026-10-08 04:24:32.170 UTC 0008 INFO[0m [grpc] [34;1mAddTraceEvent[0m -> [core] [Channel #1 SubChannel #2]Subchannel created
[34m2026-10-08 04:24:32.170 UTC 0009 INFO[0m [grpc] [34;1mAddTraceEvent[0m -> [core] [Channel #1]Channel Connectivity change to CONNECTING
[34m2026-10-08 04:24:32.170 UTC 000a INFO[0m [grpc] [34;1mAddTraceEvent[0m -> [core] [Channel #1]Channel exiting idle mode
[34m2026-10-08 04:24:32.170 UTC 000b INFO[0m [grpc] [34;1mAddTraceEvent[0m -> [core] [Channel #1 SubChannel #2]Subchannel Connectivity change to CONNECTING
[34m2026-10-08 04:24:32.170 UTC 000c INFO[0m [grpc] [34;1mAddTraceEvent[0m -> [core] [Channel #1 SubChannel #2]Subchannel picks a new address "localhost:7051" to connect
[34m2026-10-08 04:24:32.170 UTC 000d INFO[0m [grpc] [34;1mInfof[0m -> [pick-first-lb] [pick-first-lb 0xc00046b770] Received SubConn state update: 0xc00046b800, {ConnectivityState:CONNECTING ConnectionError:<nil> connectedAddress:{Addr: ServerName: Attributes:<nil> BalancerAttributes:<nil> Metadata:<nil>}}
[34m2026-10-08 04:24:32.172 UTC 000e INFO[0m [grpc] [34;1mAddTraceEvent[0m -> [core] [Channel #1 SubChannel #2]Subchannel Connectivity change to READY
[34m2026-10-08 04:24:32.172 UTC 000f INFO[0m [grpc] [34;1mInfof[0m -> [pick-first-lb] [pick-first-lb 0xc00046b770] Received SubConn state update: 0xc00046b800, {ConnectivityState:READY ConnectionError:<nil> connectedAddress:{Addr:localhost:7051 ServerName:localhost:7051 Attributes:<nil> BalancerAttributes:<nil> Metadata:<nil>}}
[34m2026-10-08 04:24:32.172 UTC 0010 INFO[0m [grpc] [34;1mAddTraceEvent[0m -> [core] [Channel #1]Channel Connectivity change to READY
[34m2026-10-08 04:24:32.172 UTC 0011 INFO[0m [grpc] [34;1mInfof[0m -> [core] original dial target is: "localhost:7051"
[34m2026-10-08 04:24:32.172 UTC 0012 INFO[0m [grpc] [34;1mAddTraceEvent[0m -> [core] [Channel #4]Channel created
[34m2026-10-08 04:24:32.172 UTC 0013 INFO[0m [grpc] [34;1mAddTraceEvent[0m -> [core] [Channel #4]parsed dial target is: resolver.Target{URL:url.URL{Scheme:"passthrough", Opaque:"", User:(*url.Userinfo)(nil), Host:"", Path:"/localhost:7051", RawPath:"", OmitHost:false, ForceQuery:false, RawQuery:"", Fragment:"", RawFragment:""}}
[34m2026-10-08 04:24:32.172 UTC 0014 INFO[0m [grpc] [34;1mAddTraceEvent[0m -> [core] [Channel #4]Channel authority set to "localhost:7051"
[34m2026-10-08 04:24:32.172 UTC 0015 INFO[0m [grpc] [34;1mAddTraceEvent[0m -> [core] [Channel #4]Resolver state updated: {
  "Addresses": [
    {
      "Addr": "localhost:7051",
      "ServerName": "",
      "Attributes": null,
      "BalancerAttributes": null,
      "Metadata": null
    }
  ],
  "Endpoints": [
    {
      "Addresses": [
        {
          "Addr": "localhost:7051",
          "ServerName": "",
          "Attributes": null,
          "BalancerAttributes": null,
          "Metadata": null
        }
      ],
      "Attributes": null
    }
  ],
  "ServiceConfig": null,
  "Attributes": null
} (resolver returned new addresses)
[34m2026-10-08 04:24:32.172 UTC 0016 INFO[0m [grpc] [34;1mAddTraceEvent[0m -> [core] [Channel #4]Channel switches to new LB policy "pick_first"
[34m2026-10-08 04:24:32.172 UTC 0017 INFO[0m [grpc] [34;1mInfof[0m -> [pick-first-lb] [pick-first-lb 0xc0003208d0] Received new config {
  "shuffleAddressList": false
}, resolver state {
  "Addresses": [
    {
      "Addr": "localhost:7051",
      "ServerName": "",
      "Attributes": null,
      "BalancerAttributes": null,
      "Metadata": null
    }
  ],
  "Endpoints": [
    {
      "Addresses": [
        {
          "Addr": "localhost:7051",
          "ServerName": "",
          "Attributes": null,
          "BalancerAttributes": null,
          "Metadata": null
        }
      ],
      "Attributes": null
    }
  ],
  "ServiceConfig": null,
  "Attributes": null
}
[34m2026-10-08 04:24:32.172 UTC 0018 INFO[0m [grpc] [34;1mAddTraceEvent[0m -> [core] [Channel #4 SubChannel #5]Subchannel created
[34m2026-10-08 04:24:32.172 UTC 0019 INFO[0m [grpc] [34;1mAddTraceEvent[0m -> [core] [Channel #4]Channel Connectivity change to CONNECTING
[34m2026-10-08 04:24:32.172 UTC 001a INFO[0m [grpc] [34;1mAddTraceEvent[0m -> [core] [Channel #4]Channel exiting idle mode
[34m2026-10-08 04:24:32.172 UTC 001b INFO[0m [grpc] [34;1mAddTraceEvent[0m -> [core] [Channel #4 SubChannel #5]Subchannel Connectivity change to CONNECTING
[34m2026-10-08 04:24:32.173 UTC 001c INFO[0m [grpc] [34;1mAddTraceEvent[0m -> [core] [Channel #4 SubChannel #5]Subchannel picks a new address "localhost:7051" to connect
[34m2026-10-08 04:24:32.173 UTC 001d INFO[0m [grpc] [34;1mInfof[0m -> [pick-first-lb] [pick-first-lb 0xc0003208d0] Received SubConn state update: 0xc000320930, {ConnectivityState:CONNECTING ConnectionError:<nil> connectedAddress:{Addr: ServerName: Attributes:<nil> BalancerAttributes:<nil> Metadata:<nil>}}
[34m2026-10-08 04:24:32.174 UTC 001e INFO[0m [grpc] [34;1mAddTraceEvent[0m -> [core] [Channel #4 SubChannel #5]Subchannel Connectivity change to READY
[34m2026-10-08 04:24:32.174 UTC 001f INFO[0m [grpc] [34;1mInfof[0m -> [pick-first-lb] [pick-first-lb 0xc0003208d0] Received SubConn state update: 0xc000320930, {ConnectivityState:READY ConnectionError:<nil> connectedAddress:{Addr:localhost:7051 ServerName:localhost:7051 Attributes:<nil> BalancerAttributes:<nil> Metadata:<nil>}}
[34m2026-10-08 04:24:32.174 UTC 0020 INFO[0m [grpc] [34;1mAddTraceEvent[0m -> [core] [Channel #4]Channel Connectivity change to READY
[34m2026-10-08 04:24:45.037 UTC 0021 INFO[0m [cli.lifecycle.chaincode] [34;1msubmitInstallProposal[0m -> Installed remotely: response:{status:200  payload:"\nHbzt_1.0:777c383bc4d25d7dc5610f92a201167f7301ed4b2cd3593b83e643df51c39c71\x12\x07bzt_1.0"}
[34m2026-10-08 04:24:45.037 UTC 0022 INFO[0m [cli.lifecycle.chaincode] [34;1msubmitInstallProposal[0m -> Chaincode code package identifier: bzt_1.0:777c383bc4d25d7dc5610f92a201167f7301ed4b2cd3593b83e643df51c39c71
[0;32mChaincode is installed on peer0.org1[0m
[0;34mInstall chaincode on peer0.org2...[0m
[0;34mUsing organization 2[0m
+ peer lifecycle chaincode queryinstalled --output json
+ grep '^bzt_1.0:777c383bc4d25d7dc5610f92a201167f7301ed4b2cd3593b83e643df51c39c71$'
+ jq -r 'try (.installed_chaincodes[].package_id)'
[34m2026-10-08 04:24:45.080 UTC 0001 INFO[0m [grpc] [34;1mInfof[0m -> [core] original dial target is: "localhost:9051"
[34m2026-10-08 04:24:45.080 UTC 0002 INFO[0m [grpc] [34;1mAddTraceEvent[0m -> [core] [Channel #1]Channel created
[34m2026-10-08 04:24:45.080 UTC 0003 INFO[0m [grpc] [34;1mAddTraceEvent[0m -> [core] [Channel #1]parsed dial target is: resolver.Target{URL:url.URL{Scheme:"passthrough", Opaque:"", User:(*url.Userinfo)(nil), Host:"", Path:"/localhost:9051", RawPath:"", OmitHost:false, ForceQuery:false, RawQuery:"", Fragment:"", RawFragment:""}}
[34m2026-10-08 04:24:45.080 UTC 0004 INFO[0m [grpc] [34;1mAddTraceEvent[0m -> [core] [Channel #1]Channel authority set to "localhost:9051"
[34m2026-10-08 04:24:45.080 UTC 0005 INFO[0m [grpc] [34;1mAddTraceEvent[0m -> [core] [Channel #1]Resolver state updated: {
  "Addresses": [
    {
      "Addr": "localhost:9051",
      "ServerName": "",
      "Attributes": null,
      "BalancerAttributes": null,
      "Metadata": null
    }
  ],
  "Endpoints": [
    {
      "Addresses": [
        {
          "Addr": "localhost:9051",
          "ServerName": "",
          "Attributes": null,
          "BalancerAttributes": null,
          "Metadata": null
        }
      ],
      "Attributes": null
    }
  ],
  "ServiceConfig": null,
  "Attributes": null
} (resolver returned new addresses)
[34m2026-10-08 04:24:45.080 UTC 0006 INFO[0m [grpc] [34;1mAddTraceEvent[0m -> [core] [Channel #1]Channel switches to new LB policy "pick_first"
[34m2026-10-08 04:24:45.080 UTC 0007 INFO[0m [grpc] [34;1mInfof[0m -> [pick-first-lb] [pick-first-lb 0xc0003a23f0] Received new config {
  "shuffleAddressList": false
}, resolver state {
  "Addresses": [
    {
      "Addr": "localhost:9051",
      "ServerName": "",
      "Attributes": null,
      "BalancerAttributes": null,
      "Metadata": null
    }
  ],
  "Endpoints": [
    {
      "Addresses": [
        {
          "Addr": "localhost:9051",
          "ServerName": "",
          "Attributes": null,
          "BalancerAttributes": null,
          "Metadata": null
        }
      ],
      "Attributes": null
    }
  ],
  "ServiceConfig": null,
  "Attributes": null
}
[34m2026-10-08 04:24:45.080 UTC 0008 INFO[0m [grpc] [34;1mAddTraceEvent[0m -> [core] [Channel #1 SubChannel #2]Subchannel created
[34m2026-10-08 04:24:45.080 UTC 0009 INFO[0m [grpc] [34;1mAddTraceEvent[0m -> [core] [Channel #1]Channel Connectivity change to CONNECTING
[34m2026-10-08 04:24:45.080 UTC 000a INFO[0m [grpc] [34;1mAddTraceEvent[0m -> [core] [Channel #1]Channel exiting idle mode
[34m2026-10-08 04:24:45.081 UTC 000b INFO[0m [grpc] [34;1mAddTraceEvent[0m -> [core] [Channel #1 SubChannel #2]Subchannel Connectivity change to CONNECTING
[34m2026-10-08 04:24:45.081 UTC 000c INFO[0m [grpc] [34;1mAddTraceEvent[0m -> [core] [Channel #1 SubChannel #2]Subchannel picks a new address "localhost:9051" to connect
[34m2026-10-08 04:24:45.081 UTC 000d INFO[0m [grpc] [34;1mInfof[0m -> [pick-first-lb] [pick-first-lb 0xc0003a23f0] Received SubConn state update: 0xc0003a2480, {ConnectivityState:CONNECTING ConnectionError:<nil> connectedAddress:{Addr: ServerName: Attributes:<nil> BalancerAttributes:<nil> Metadata:<nil>}}
[34m2026-10-08 04:24:45.083 UTC 000e INFO[0m [grpc] [34;1mAddTraceEvent[0m -> [core] [Channel #1 SubChannel #2]Subchannel Connectivity change to READY
[34m2026-10-08 04:24:45.083 UTC 000f INFO[0m [grpc] [34;1mInfof[0m -> [pick-first-lb] [pick-first-lb 0xc0003a23f0] Received SubConn state update: 0xc0003a2480, {ConnectivityState:READY ConnectionError:<nil> connectedAddress:{Addr:localhost:9051 ServerName:localhost:9051 Attributes:<nil> BalancerAttributes:<nil> Metadata:<nil>}}
[34m2026-10-08 04:24:45.083 UTC 0010 INFO[0m [grpc] [34;1mAddTraceEvent[0m -> [core] [Channel #1]Channel Connectivity change to READY
[34m2026-10-08 04:24:45.084 UTC 0011 INFO[0m [grpc] [34;1mInfof[0m -> [core] original dial target is: "localhost:9051"
[34m2026-10-08 04:24:45.084 UTC 0012 INFO[0m [grpc] [34;1mAddTraceEvent[0m -> [core] [Channel #4]Channel created
[34m2026-10-08 04:24:45.084 UTC 0013 INFO[0m [grpc] [34;1mAddTraceEvent[0m -> [core] [Channel #4]parsed dial target is: resolver.Target{URL:url.URL{Scheme:"passthrough", Opaque:"", User:(*url.Userinfo)(nil), Host:"", Path:"/localhost:9051", RawPath:"", OmitHost:false, ForceQuery:false, RawQuery:"", Fragment:"", RawFragment:""}}
[34m2026-10-08 04:24:45.084 UTC 0014 INFO[0m [grpc] [34;1mAddTraceEvent[0m -> [core] [Channel #4]Channel authority set to "localhost:9051"
[34m2026-10-08 04:24:45.084 UTC 0015 INFO[0m [grpc] [34;1mAddTraceEvent[0m -> [core] [Channel #4]Resolver state updated: {
  "Addresses": [
    {
      "Addr": "localhost:9051",
      "ServerName": "",
      "Attributes": null,
      "BalancerAttributes": null,
      "Metadata": null
    }
  ],
  "Endpoints": [
    {
      "Addresses": [
        {
          "Addr": "localhost:9051",
          "ServerName": "",
          "Attributes": null,
          "BalancerAttributes": null,
          "Metadata": null
        }
      ],
      "Attributes": null
    }
  ],
  "ServiceConfig": null,
  "Attributes": null
} (resolver returned new addresses)
[34m2026-10-08 04:24:45.084 UTC 0016 INFO[0m [grpc] [34;1mAddTraceEvent[0m -> [core] [Channel #4]Channel switches to new LB policy "pick_first"
[34m2026-10-08 04:24:45.084 UTC 0017 INFO[0m [grpc] [34;1mInfof[0m -> [pick-first-lb] [pick-first-lb 0xc0003a2cf0] Received new config {
  "shuffleAddressList": false
}, resolver state {
  "Addresses": [
    {
      "Addr": "localhost:9051",
      "ServerName": "",
      "Attributes": null,
      "BalancerAttributes": null,
      "Metadata": null
    }
  ],
  "Endpoints": [
    {
      "Addresses": [
        {
          "Addr": "localhost:9051",
          "ServerName": "",
          "Attributes": null,
          "BalancerAttributes": null,
          "Metadata": null
        }
      ],
      "Attributes": null
    }
  ],
  "ServiceConfig": null,
  "Attributes": null
}
[34m2026-10-08 04:24:45.084 UTC 0018 INFO[0m [grpc] [34;1mAddTraceEvent[0m -> [core] [Channel #4 SubChannel #5]Subchannel created
[34m2026-10-08 04:24:45.084 UTC 0019 INFO[0m [grpc] [34;1mAddTraceEvent[0m -> [core] [Channel #4]Channel Connectivity change to CONNECTING
[34m2026-10-08 04:24:45.084 UTC 001a INFO[0m [grpc] [34;1mAddTraceEvent[0m -> [core] [Channel #4]Channel exiting idle mode
[34m2026-10-08 04:24:45.084 UTC 001b INFO[0m [grpc] [34;1mAddTraceEvent[0m -> [core] [Channel #4 SubChannel #5]Subchannel Connectivity change to CONNECTING
[34m2026-10-08 04:24:45.084 UTC 001c INFO[0m [grpc] [34;1mAddTraceEvent[0m -> [core] [Channel #4 SubChannel #5]Subchannel picks a new address "localhost:9051" to connect
[34m2026-10-08 04:24:45.084 UTC 001d INFO[0m [grpc] [34;1mInfof[0m -> [pick-first-lb] [pick-first-lb 0xc0003a2cf0] Received SubConn state update: 0xc0003a2d50, {ConnectivityState:CONNECTING ConnectionError:<nil> connectedAddress:{Addr: ServerName: Attributes:<nil> BalancerAttributes:<nil> Metadata:<nil>}}
[34m2026-10-08 04:24:45.086 UTC 001e INFO[0m [grpc] [34;1mAddTraceEvent[0m -> [core] [Channel #4 SubChannel #5]Subchannel Connectivity change to READY
[34m2026-10-08 04:24:45.086 UTC 001f INFO[0m [grpc] [34;1mInfof[0m -> [pick-first-lb] [pick-first-lb 0xc0003a2cf0] Received SubConn state update: 0xc0003a2d50, {ConnectivityState:READY ConnectionError:<nil> connectedAddress:{Addr:localhost:9051 ServerName:localhost:9051 Attributes:<nil> BalancerAttributes:<nil> Metadata:<nil>}}
[34m2026-10-08 04:24:45.086 UTC 0020 INFO[0m [grpc] [34;1mAddTraceEvent[0m -> [core] [Channel #4]Channel Connectivity change to READY
+ test 1 -ne 0
+ peer lifecycle chaincode install bzt.tar.gz
+ res=0
[34m2026-10-08 04:24:45.130 UTC 0001 INFO[0m [grpc] [34;1mInfof[0m -> [core] original dial target is: "localhost:9051"
[34m2026-10-08 04:24:45.130 UTC 0002 INFO[0m [grpc] [34;1mAddTraceEvent[0m -> [core] [Channel #1]Channel created
[34m2026-10-08 04:24:45.130 UTC 0003 INFO[0m [grpc] [34;1mAddTraceEvent[0m -> [core] [Channel #1]parsed dial target is: resolver.Target{URL:url.URL{Scheme:"passthrough", Opaque:"", User:(*url.Userinfo)(nil), Host:"", Path:"/localhost:9051", RawPath:"", OmitHost:false, ForceQuery:false, RawQuery:"", Fragment:"", RawFragment:""}}
[34m2026-10-08 04:24:45.130 UTC 0004 INFO[0m [grpc] [34;1mAddTraceEvent[0m -> [core] [Channel #1]Channel authority set to "localhost:9051"
[34m2026-10-08 04:24:45.130 UTC 0005 INFO[0m [grpc] [34;1mAddTraceEvent[0m -> [core] [Channel #1]Resolver state updated: {
  "Addresses": [
    {
      "Addr": "localhost:9051",
      "ServerName": "",
      "Attributes": null,
      "BalancerAttributes": null,
      "Metadata": null
    }
  ],
  "Endpoints": [
    {
      "Addresses": [
        {
          "Addr": "localhost:9051",
          "ServerName": "",
          "Attributes": null,
          "BalancerAttributes": null,
          "Metadata": null
        }
      ],
      "Attributes": null
    }
  ],
  "ServiceConfig": null,
  "Attributes": null
} (resolver returned new addresses)
[34m2026-10-08 04:24:45.130 UTC 0006 INFO[0m [grpc] [34;1mAddTraceEvent[0m -> [core] [Channel #1]Channel switches to new LB policy "pick_first"
[34m2026-10-08 04:24:45.131 UTC 0007 INFO[0m [grpc] [34;1mInfof[0m -> [pick-first-lb] [pick-first-lb 0xc000330450] Received new config {
  "shuffleAddressList": false
}, resolver state {
  "Addresses": [
    {
      "Addr": "localhost:9051",
      "ServerName": "",
      "Attributes": null,
      "BalancerAttributes": null,
      "Metadata": null
    }
  ],
  "Endpoints": [
    {
      "Addresses": [
        {
          "Addr": "localhost:9051",
          "ServerName": "",
          "Attributes": null,
          "BalancerAttributes": null,
          "Metadata": null
        }
      ],
      "Attributes": null
    }
  ],
  "ServiceConfig": null,
  "Attributes": null
}
[34m2026-10-08 04:24:45.131 UTC 0008 INFO[0m [grpc] [34;1mAddTraceEvent[0m -> [core] [Channel #1 SubChannel #2]Subchannel created
[34m2026-10-08 04:24:45.131 UTC 0009 INFO[0m [grpc] [34;1mAddTraceEvent[0m -> [core] [Channel #1]Channel Connectivity change to CONNECTING
[34m2026-10-08 04:24:45.131 UTC 000a INFO[0m [grpc] [34;1mAddTraceEvent[0m -> [core] [Channel #1]Channel exiting idle mode
[34m2026-10-08 04:24:45.131 UTC 000b INFO[0m [grpc] [34;1mAddTraceEvent[0m -> [core] [Channel #1 SubChannel #2]Subchannel Connectivity change to CONNECTING
[34m2026-10-08 04:24:45.131 UTC 000c INFO[0m [grpc] [34;1mAddTraceEvent[0m -> [core] [Channel #1 SubChannel #2]Subchannel picks a new address "localhost:9051" to connect
[34m2026-10-08 04:24:45.131 UTC 000d INFO[0m [grpc] [34;1mInfof[0m -> [pick-first-lb] [pick-first-lb 0xc000330450] Received SubConn state update: 0xc0003304e0, {ConnectivityState:CONNECTING ConnectionError:<nil> connectedAddress:{Addr: ServerName: Attributes:<nil> BalancerAttributes:<nil> Metadata:<nil>}}
[34m2026-10-08 04:24:45.133 UTC 000e INFO[0m [grpc] [34;1mAddTraceEvent[0m -> [core] [Channel #1 SubChannel #2]Subchannel Connectivity change to READY
[34m2026-10-08 04:24:45.133 UTC 000f INFO[0m [grpc] [34;1mInfof[0m -> [pick-first-lb] [pick-first-lb 0xc000330450] Received SubConn state update: 0xc0003304e0, {ConnectivityState:READY ConnectionError:<nil> connectedAddress:{Addr:localhost:9051 ServerName:localhost:9051 Attributes:<nil> BalancerAttributes:<nil> Metadata:<nil>}}
[34m2026-10-08 04:24:45.133 UTC 0010 INFO[0m [grpc] [34;1mAddTraceEvent[0m -> [core] [Channel #1]Channel Connectivity change to READY
[34m2026-10-08 04:24:45.133 UTC 0011 INFO[0m [grpc] [34;1mInfof[0m -> [core] original dial target is: "localhost:9051"
[34m2026-10-08 04:24:45.133 UTC 0012 INFO[0m [grpc] [34;1mAddTraceEvent[0m -> [core] [Channel #4]Channel created
[34m2026-10-08 04:24:45.133 UTC 0013 INFO[0m [grpc] [34;1mAddTraceEvent[0m -> [core] [Channel #4]parsed dial target is: resolver.Target{URL:url.URL{Scheme:"passthrough", Opaque:"", User:(*url.Userinfo)(nil), Host:"", Path:"/localhost:9051", RawPath:"", OmitHost:false, ForceQuery:false, RawQuery:"", Fragment:"", RawFragment:""}}
[34m2026-10-08 04:24:45.133 UTC 0014 INFO[0m [grpc] [34;1mAddTraceEvent[0m -> [core] [Channel #4]Channel authority set to "localhost:9051"
[34m2026-10-08 04:24:45.133 UTC 0015 INFO[0m [grpc] [34;1mAddTraceEvent[0m -> [core] [Channel #4]Resolver state updated: {
  "Addresses": [
    {
      "Addr": "localhost:9051",
      "ServerName": "",
      "Attributes": null,
      "BalancerAttributes": null,
      "Metadata": null
    }
  ],
  "Endpoints": [
    {
      "Addresses": [
        {
          "Addr": "localhost:9051",
          "ServerName": "",
          "Attributes": null,
          "BalancerAttributes": null,
          "Metadata": null
        }
      ],
      "Attributes": null
    }
  ],
  "ServiceConfig": null,
  "Attributes": null
} (resolver returned new addresses)
[34m2026-10-08 04:24:45.133 UTC 0016 INFO[0m [grpc] [34;1mAddTraceEvent[0m -> [core] [Channel #4]Channel switches to new LB policy "pick_first"
[34m2026-10-08 04:24:45.133 UTC 0017 INFO[0m [grpc] [34;1mInfof[0m -> [pick-first-lb] [pick-first-lb 0xc0005028a0] Received new config {
  "shuffleAddressList": false
}, resolver state {
  "Addresses": [
    {
      "Addr": "localhost:9051",
      "ServerName": "",
      "Attributes": null,
      "BalancerAttributes": null,
      "Metadata": null
    }
  ],
  "Endpoints": [
    {
      "Addresses": [
        {
          "Addr": "localhost:9051",
          "ServerName": "",
          "Attributes": null,
          "BalancerAttributes": null,
          "Metadata": null
        }
      ],
      "Attributes": null
    }
  ],
  "ServiceConfig": null,
  "Attributes": null
}
[34m2026-10-08 04:24:45.133 UTC 0018 INFO[0m [grpc] [34;1mAddTraceEvent[0m -> [core] [Channel #4 SubChannel #5]Subchannel created
[34m2026-10-08 04:24:45.133 UTC 0019 INFO[0m [grpc] [34;1mAddTraceEvent[0m -> [core] [Channel #4]Channel Connectivity change to CONNECTING
[34m2026-10-08 04:24:45.133 UTC 001a INFO[0m [grpc] [34;1mAddTraceEvent[0m -> [core] [Channel #4]Channel exiting idle mode
[34m2026-10-08 04:24:45.133 UTC 001b INFO[0m [grpc] [34;1mAddTraceEvent[0m -> [core] [Channel #4 SubChannel #5]Subchannel Connectivity change to CONNECTING
[34m2026-10-08 04:24:45.133 UTC 001c INFO[0m [grpc] [34;1mAddTraceEvent[0m -> [core] [Channel #4 SubChannel #5]Subchannel picks a new address "localhost:9051" to connect
[34m2026-10-08 04:24:45.133 UTC 001d INFO[0m [grpc] [34;1mInfof[0m -> [pick-first-lb] [pick-first-lb 0xc0005028a0] Received SubConn state update: 0xc000502900, {ConnectivityState:CONNECTING ConnectionError:<nil> connectedAddress:{Addr: ServerName: Attributes:<nil> BalancerAttributes:<nil> Metadata:<nil>}}
[34m2026-10-08 04:24:45.135 UTC 001e INFO[0m [grpc] [34;1mAddTraceEvent[0m -> [core] [Channel #4 SubChannel #5]Subchannel Connectivity change to READY
[34m2026-10-08 04:24:45.135 UTC 001f INFO[0m [grpc] [34;1mInfof[0m -> [pick-first-lb] [pick-first-lb 0xc0005028a0] Received SubConn state update: 0xc000502900, {ConnectivityState:READY ConnectionError:<nil> connectedAddress:{Addr:localhost:9051 ServerName:localhost:9051 Attributes:<nil> BalancerAttributes:<nil> Metadata:<nil>}}
[34m2026-10-08 04:24:45.135 UTC 0020 INFO[0m [grpc] [34;1mAddTraceEvent[0m -> [core] [Channel #4]Channel Connectivity change to READY
[34m2026-10-08 04:24:53.036 UTC 0021 INFO[0m [cli.lifecycle.chaincode] [34;1msubmitInstallProposal[0m -> Installed remotely: response:{status:200  payload:"\nHbzt_1.0:777c383bc4d25d7dc5610f92a201167f7301ed4b2cd3593b83e643df51c39c71\x12\x07bzt_1.0"}
[34m2026-10-08 04:24:53.036 UTC 0022 INFO[0m [cli.lifecycle.chaincode] [34;1msubmitInstallProposal[0m -> Chaincode code package identifier: bzt_1.0:777c383bc4d25d7dc5610f92a201167f7301ed4b2cd3593b83e643df51c39c71
[0;32mChaincode is installed on peer0.org2[0m
++ peer lifecycle chaincode querycommitted --channelID mychannel --name bzt
++ sed -n '/Version:/{s/.*Sequence: //; s/, Endorsement Plugin:.*$//; p;}'
[34m2026-10-08 04:24:53.080 UTC 0001 INFO[0m [grpc] [34;1mInfof[0m -> [core] original dial target is: "localhost:9051"
[34m2026-10-08 04:24:53.080 UTC 0002 INFO[0m [grpc] [34;1mAddTraceEvent[0m -> [core] [Channel #1]Channel created
[34m2026-10-08 04:24:53.080 UTC 0003 INFO[0m [grpc] [34;1mAddTraceEvent[0m -> [core] [Channel #1]parsed dial target is: resolver.Target{URL:url.URL{Scheme:"passthrough", Opaque:"", User:(*url.Userinfo)(nil), Host:"", Path:"/localhost:9051", RawPath:"", OmitHost:false, ForceQuery:false, RawQuery:"", Fragment:"", RawFragment:""}}
[34m2026-10-08 04:24:53.080 UTC 0004 INFO[0m [grpc] [34;1mAddTraceEvent[0m -> [core] [Channel #1]Channel authority set to "localhost:9051"
[34m2026-10-08 04:24:53.080 UTC 0005 INFO[0m [grpc] [34;1mAddTraceEvent[0m -> [core] [Channel #1]Resolver state updated: {
  "Addresses": [
    {
      "Addr": "localhost:9051",
      "ServerName": "",
      "Attributes": null,
      "BalancerAttributes": null,
      "Metadata": null
    }
  ],
  "Endpoints": [
    {
      "Addresses": [
        {
          "Addr": "localhost:9051",
          "ServerName": "",
          "Attributes": null,
          "BalancerAttributes": null,
          "Metadata": null
        }
      ],
      "Attributes": null
    }
  ],
  "ServiceConfig": null,
  "Attributes": null
} (resolver returned new addresses)
[34m2026-10-08 04:24:53.080 UTC 0006 INFO[0m [grpc] [34;1mAddTraceEvent[0m -> [core] [Channel #1]Channel switches to new LB policy "pick_first"
[34m2026-10-08 04:24:53.081 UTC 0007 INFO[0m [grpc] [34;1mInfof[0m -> [pick-first-lb] [pick-first-lb 0xc0002ddf20] Received new config {
  "shuffleAddressList": false
}, resolver state {
  "Addresses": [
    {
      "Addr": "localhost:9051",
      "ServerName": "",
      "Attributes": null,
      "BalancerAttributes": null,
      "Metadata": null
    }
  ],
  "Endpoints": [
    {
      "Addresses": [
        {
          "Addr": "localhost:9051",
          "ServerName": "",
          "Attributes": null,
          "BalancerAttributes": null,
          "Metadata": null
        }
      ],
      "Attributes": null
    }
  ],
  "ServiceConfig": null,
  "Attributes": null
}
[34m2026-10-08 04:24:53.081 UTC 0008 INFO[0m [grpc] [34;1mAddTraceEvent[0m -> [core] [Channel #1 SubChannel #2]Subchannel created
[34m2026-10-08 04:24:53.081 UTC 0009 INFO[0m [grpc] [34;1mAddTraceEvent[0m -> [core] [Channel #1]Channel Connectivity change to CONNECTING
[34m2026-10-08 04:24:53.081 UTC 000a INFO[0m [grpc] [34;1mAddTraceEvent[0m -> [core] [Channel #1]Channel exiting idle mode
[34m2026-10-08 04:24:53.081 UTC 000b INFO[0m [grpc] [34;1mAddTraceEvent[0m -> [core] [Channel #1 SubChannel #2]Subchannel Connectivity change to CONNECTING
[34m2026-10-08 04:24:53.081 UTC 000c INFO[0m [grpc] [34;1mAddTraceEvent[0m -> [core] [Channel #1 SubChannel #2]Subchannel picks a new address "localhost:9051" to connect
[34m2026-10-08 04:24:53.081 UTC 000d INFO[0m [grpc] [34;1mInfof[0m -> [pick-first-lb] [pick-first-lb 0xc0002ddf20] Received SubConn state update: 0xc0002721b0, {ConnectivityState:CONNECTING ConnectionError:<nil> connectedAddress:{Addr: ServerName: Attributes:<nil> BalancerAttributes:<nil> Metadata:<nil>}}
[34m2026-10-08 04:24:53.084 UTC 000e INFO[0m [grpc] [34;1mAddTraceEvent[0m -> [core] [Channel #1 SubChannel #2]Subchannel Connectivity change to READY
[34m2026-10-08 04:24:53.084 UTC 000f INFO[0m [grpc] [34;1mInfof[0m -> [pick-first-lb] [pick-first-lb 0xc0002ddf20] Received SubConn state update: 0xc0002721b0, {ConnectivityState:READY ConnectionError:<nil> connectedAddress:{Addr:localhost:9051 ServerName:localhost:9051 Attributes:<nil> BalancerAttributes:<nil> Metadata:<nil>}}
[34m2026-10-08 04:24:53.084 UTC 0010 INFO[0m [grpc] [34;1mAddTraceEvent[0m -> [core] [Channel #1]Channel Connectivity change to READY
[34m2026-10-08 04:24:53.084 UTC 0011 INFO[0m [grpc] [34;1mInfof[0m -> [core] original dial target is: "localhost:9051"
[34m2026-10-08 04:24:53.084 UTC 0012 INFO[0m [grpc] [34;1mAddTraceEvent[0m -> [core] [Channel #4]Channel created
[34m2026-10-08 04:24:53.084 UTC 0013 INFO[0m [grpc] [34;1mAddTraceEvent[0m -> [core] [Channel #4]parsed dial target is: resolver.Target{URL:url.URL{Scheme:"passthrough", Opaque:"", User:(*url.Userinfo)(nil), Host:"", Path:"/localhost:9051", RawPath:"", OmitHost:false, ForceQuery:false, RawQuery:"", Fragment:"", RawFragment:""}}
[34m2026-10-08 04:24:53.084 UTC 0014 INFO[0m [grpc] [34;1mAddTraceEvent[0m -> [core] [Channel #4]Channel authority set to "localhost:9051"
[34m2026-10-08 04:24:53.084 UTC 0015 INFO[0m [grpc] [34;1mAddTraceEvent[0m -> [core] [Channel #4]Resolver state updated: {
  "Addresses": [
    {
      "Addr": "localhost:9051",
      "ServerName": "",
      "Attributes": null,
      "BalancerAttributes": null,
      "Metadata": null
    }
  ],
  "Endpoints": [
    {
      "Addresses": [
        {
          "Addr": "localhost:9051",
          "ServerName": "",
          "Attributes": null,
          "BalancerAttributes": null,
          "Metadata": null
        }
      ],
      "Attributes": null
    }
  ],
  "ServiceConfig": null,
  "Attributes": null
} (resolver returned new addresses)
[34m2026-10-08 04:24:53.084 UTC 0016 INFO[0m [grpc] [34;1mAddTraceEvent[0m -> [core] [Channel #4]Channel switches to new LB policy "pick_first"
[34m2026-10-08 04:24:53.084 UTC 0017 INFO[0m [grpc] [34;1mInfof[0m -> [pick-first-lb] [pick-first-lb 0xc000352ba0] Received new config {
  "shuffleAddressList": false
}, resolver state {
  "Addresses": [
    {
      "Addr": "localhost:9051",
      "ServerName": "",
      "Attributes": null,
      "BalancerAttributes": null,
      "Metadata": null
    }
  ],
  "Endpoints": [
    {
      "Addresses": [
        {
          "Addr": "localhost:9051",
          "ServerName": "",
          "Attributes": null,
          "BalancerAttributes": null,
          "Metadata": null
        }
      ],
      "Attributes": null
    }
  ],
  "ServiceConfig": null,
  "Attributes": null
}
[34m2026-10-08 04:24:53.084 UTC 0018 INFO[0m [grpc] [34;1mAddTraceEvent[0m -> [core] [Channel #4 SubChannel #5]Subchannel created
[34m2026-10-08 04:24:53.084 UTC 0019 INFO[0m [grpc] [34;1mAddTraceEvent[0m -> [core] [Channel #4]Channel Connectivity change to CONNECTING
[34m2026-10-08 04:24:53.084 UTC 001a INFO[0m [grpc] [34;1mAddTraceEvent[0m -> [core] [Channel #4]Channel exiting idle mode
[34m2026-10-08 04:24:53.084 UTC 001b INFO[0m [grpc] [34;1mAddTraceEvent[0m -> [core] [Channel #4 SubChannel #5]Subchannel Connectivity change to CONNECTING
[34m2026-10-08 04:24:53.084 UTC 001c INFO[0m [grpc] [34;1mAddTraceEvent[0m -> [core] [Channel #4 SubChannel #5]Subchannel picks a new address "localhost:9051" to connect
[34m2026-10-08 04:24:53.084 UTC 001d INFO[0m [grpc] [34;1mInfof[0m -> [pick-first-lb] [pick-first-lb 0xc000352ba0] Received SubConn state update: 0xc000352c00, {ConnectivityState:CONNECTING ConnectionError:<nil> connectedAddress:{Addr: ServerName: Attributes:<nil> BalancerAttributes:<nil> Metadata:<nil>}}
[34m2026-10-08 04:24:53.086 UTC 001e INFO[0m [grpc] [34;1mAddTraceEvent[0m -> [core] [Channel #4 SubChannel #5]Subchannel Connectivity change to READY
[34m2026-10-08 04:24:53.086 UTC 001f INFO[0m [grpc] [34;1mInfof[0m -> [pick-first-lb] [pick-first-lb 0xc000352ba0] Received SubConn state update: 0xc000352c00, {ConnectivityState:READY ConnectionError:<nil> connectedAddress:{Addr:localhost:9051 ServerName:localhost:9051 Attributes:<nil> BalancerAttributes:<nil> Metadata:<nil>}}
[34m2026-10-08 04:24:53.086 UTC 0020 INFO[0m [grpc] [34;1mAddTraceEvent[0m -> [core] [Channel #4]Channel Connectivity change to READY
Error: query failed with status: 404 - namespace bzt is not defined
+ COMMITTED_CC_SEQUENCE=
+ res=0
[0;34mUsing organization 1[0m
+ peer lifecycle chaincode queryinstalled --output json
+ grep '^bzt_1.0:777c383bc4d25d7dc5610f92a201167f7301ed4b2cd3593b83e643df51c39c71$'
+ jq -r 'try (.installed_chaincodes[].package_id)'
[34m2026-10-08 04:24:53.135 UTC 0001 INFO[0m [grpc] [34;1mInfof[0m -> [core] original dial target is: "localhost:7051"
[34m2026-10-08 04:24:53.135 UTC 0002 INFO[0m [grpc] [34;1mAddTraceEvent[0m -> [core] [Channel #1]Channel created
[34m2026-10-08 04:24:53.135 UTC 0003 INFO[0m [grpc] [34;1mAddTraceEvent[0m -> [core] [Channel #1]parsed dial target is: resolver.Target{URL:url.URL{Scheme:"passthrough", Opaque:"", User:(*url.Userinfo)(nil), Host:"", Path:"/localhost:7051", RawPath:"", OmitHost:false, ForceQuery:false, RawQuery:"", Fragment:"", RawFragment:""}}
[34m2026-10-08 04:24:53.135 UTC 0004 INFO[0m [grpc] [34;1mAddTraceEvent[0m -> [core] [Channel #1]Channel authority set to "localhost:7051"
[34m2026-10-08 04:24:53.135 UTC 0005 INFO[0m [grpc] [34;1mAddTraceEvent[0m -> [core] [Channel #1]Resolver state updated: {
  "Addresses": [
    {
      "Addr": "localhost:7051",
      "ServerName": "",
      "Attributes": null,
      "BalancerAttributes": null,
      "Metadata": null
    }
  ],
  "Endpoints": [
    {
      "Addresses": [
        {
          "Addr": "localhost:7051",
          "ServerName": "",
          "Attributes": null,
          "BalancerAttributes": null,
          "Metadata": null
        }
      ],
      "Attributes": null
    }
  ],
  "ServiceConfig": null,
  "Attributes": null
} (resolver returned new addresses)
[34m2026-10-08 04:24:53.135 UTC 0006 INFO[0m [grpc] [34;1mAddTraceEvent[0m -> [core] [Channel #1]Channel switches to new LB policy "pick_first"
[34m2026-10-08 04:24:53.135 UTC 0007 INFO[0m [grpc] [34;1mInfof[0m -> [pick-first-lb] [pick-first-lb 0xc00043f440] Received new config {
  "shuffleAddressList": false
}, resolver state {
  "Addresses": [
    {
      "Addr": "localhost:7051",
      "ServerName": "",
      "Attributes": null,
      "BalancerAttributes": null,
      "Metadata": null
    }
  ],
  "Endpoints": [
    {
      "Addresses": [
        {
          "Addr": "localhost:7051",
          "ServerName": "",
          "Attributes": null,
          "BalancerAttributes": null,
          "Metadata": null
        }
      ],
      "Attributes": null
    }
  ],
  "ServiceConfig": null,
  "Attributes": null
}
[34m2026-10-08 04:24:53.135 UTC 0008 INFO[0m [grpc] [34;1mAddTraceEvent[0m -> [core] [Channel #1 SubChannel #2]Subchannel created
[34m2026-10-08 04:24:53.135 UTC 0009 INFO[0m [grpc] [34;1mAddTraceEvent[0m -> [core] [Channel #1]Channel Connectivity change to CONNECTING
[34m2026-10-08 04:24:53.135 UTC 000a INFO[0m [grpc] [34;1mAddTraceEvent[0m -> [core] [Channel #1]Channel exiting idle mode
[34m2026-10-08 04:24:53.135 UTC 000b INFO[0m [grpc] [34;1mAddTraceEvent[0m -> [core] [Channel #1 SubChannel #2]Subchannel Connectivity change to CONNECTING
[34m2026-10-08 04:24:53.136 UTC 000c INFO[0m [grpc] [34;1mAddTraceEvent[0m -> [core] [Channel #1 SubChannel #2]Subchannel picks a new address "localhost:7051" to connect
[34m2026-10-08 04:24:53.136 UTC 000d INFO[0m [grpc] [34;1mInfof[0m -> [pick-first-lb] [pick-first-lb 0xc00043f440] Received SubConn state update: 0xc00043f4d0, {ConnectivityState:CONNECTING ConnectionError:<nil> connectedAddress:{Addr: ServerName: Attributes:<nil> BalancerAttributes:<nil> Metadata:<nil>}}
[34m2026-10-08 04:24:53.138 UTC 000e INFO[0m [grpc] [34;1mAddTraceEvent[0m -> [core] [Channel #1 SubChannel #2]Subchannel Connectivity change to READY
[34m2026-10-08 04:24:53.138 UTC 000f INFO[0m [grpc] [34;1mInfof[0m -> [pick-first-lb] [pick-first-lb 0xc00043f440] Received SubConn state update: 0xc00043f4d0, {ConnectivityState:READY ConnectionError:<nil> connectedAddress:{Addr:localhost:7051 ServerName:localhost:7051 Attributes:<nil> BalancerAttributes:<nil> Metadata:<nil>}}
[34m2026-10-08 04:24:53.138 UTC 0010 INFO[0m [grpc] [34;1mAddTraceEvent[0m -> [core] [Channel #1]Channel Connectivity change to READY
[34m2026-10-08 04:24:53.138 UTC 0011 INFO[0m [grpc] [34;1mInfof[0m -> [core] original dial target is: "localhost:7051"
[34m2026-10-08 04:24:53.138 UTC 0012 INFO[0m [grpc] [34;1mAddTraceEvent[0m -> [core] [Channel #4]Channel created
[34m2026-10-08 04:24:53.138 UTC 0013 INFO[0m [grpc] [34;1mAddTraceEvent[0m -> [core] [Channel #4]parsed dial target is: resolver.Target{URL:url.URL{Scheme:"passthrough", Opaque:"", User:(*url.Userinfo)(nil), Host:"", Path:"/localhost:7051", RawPath:"", OmitHost:false, ForceQuery:false, RawQuery:"", Fragment:"", RawFragment:""}}
[34m2026-10-08 04:24:53.138 UTC 0014 INFO[0m [grpc] [34;1mAddTraceEvent[0m -> [core] [Channel #4]Channel authority set to "localhost:7051"
[34m2026-10-08 04:24:53.138 UTC 0015 INFO[0m [grpc] [34;1mAddTraceEvent[0m -> [core] [Channel #4]Resolver state updated: {
  "Addresses": [
    {
      "Addr": "localhost:7051",
      "ServerName": "",
      "Attributes": null,
      "BalancerAttributes": null,
      "Metadata": null
    }
  ],
  "Endpoints": [
    {
      "Addresses": [
        {
          "Addr": "localhost:7051",
          "ServerName": "",
          "Attributes": null,
          "BalancerAttributes": null,
          "Metadata": null
        }
      ],
      "Attributes": null
    }
  ],
  "ServiceConfig": null,
  "Attributes": null
} (resolver returned new addresses)
[34m2026-10-08 04:24:53.138 UTC 0016 INFO[0m [grpc] [34;1mAddTraceEvent[0m -> [core] [Channel #4]Channel switches to new LB policy "pick_first"
[34m2026-10-08 04:24:53.138 UTC 0017 INFO[0m [grpc] [34;1mInfof[0m -> [pick-first-lb] [pick-first-lb 0xc00001ab40] Received new config {
  "shuffleAddressList": false
}, resolver state {
  "Addresses": [
    {
      "Addr": "localhost:7051",
      "ServerName": "",
      "Attributes": null,
      "BalancerAttributes": null,
      "Metadata": null
    }
  ],
  "Endpoints": [
    {
      "Addresses": [
        {
          "Addr": "localhost:7051",
          "ServerName": "",
          "Attributes": null,
          "BalancerAttributes": null,
          "Metadata": null
        }
      ],
      "Attributes": null
    }
  ],
  "ServiceConfig": null,
  "Attributes": null
}
[34m2026-10-08 04:24:53.138 UTC 0018 INFO[0m [grpc] [34;1mAddTraceEvent[0m -> [core] [Channel #4 SubChannel #5]Subchannel created
[34m2026-10-08 04:24:53.138 UTC 0019 INFO[0m [grpc] [34;1mAddTraceEvent[0m -> [core] [Channel #4]Channel Connectivity change to CONNECTING
[34m2026-10-08 04:24:53.138 UTC 001a INFO[0m [grpc] [34;1mAddTraceEvent[0m -> [core] [Channel #4]Channel exiting idle mode
[34m2026-10-08 04:24:53.139 UTC 001b INFO[0m [grpc] [34;1mAddTraceEvent[0m -> [core] [Channel #4 SubChannel #5]Subchannel Connectivity change to CONNECTING
[34m2026-10-08 04:24:53.139 UTC 001c INFO[0m [grpc] [34;1mAddTraceEvent[0m -> [core] [Channel #4 SubChannel #5]Subchannel picks a new address "localhost:7051" to connect
[34m2026-10-08 04:24:53.139 UTC 001d INFO[0m [grpc] [34;1mInfof[0m -> [pick-first-lb] [pick-first-lb 0xc00001ab40] Received SubConn state update: 0xc00001aba0, {ConnectivityState:CONNECTING ConnectionError:<nil> connectedAddress:{Addr: ServerName: Attributes:<nil> BalancerAttributes:<nil> Metadata:<nil>}}
[34m2026-10-08 04:24:53.141 UTC 001e INFO[0m [grpc] [34;1mAddTraceEvent[0m -> [core] [Channel #4 SubChannel #5]Subchannel Connectivity change to READY
[34m2026-10-08 04:24:53.141 UTC 001f INFO[0m [grpc] [34;1mInfof[0m -> [pick-first-lb] [pick-first-lb 0xc00001ab40] Received SubConn state update: 0xc00001aba0, {ConnectivityState:READY ConnectionError:<nil> connectedAddress:{Addr:localhost:7051 ServerName:localhost:7051 Attributes:<nil> BalancerAttributes:<nil> Metadata:<nil>}}
[34m2026-10-08 04:24:53.141 UTC 0020 INFO[0m [grpc] [34;1mAddTraceEvent[0m -> [core] [Channel #4]Channel Connectivity change to READY
+ res=0
bzt_1.0:777c383bc4d25d7dc5610f92a201167f7301ed4b2cd3593b83e643df51c39c71
[0;32mQuery installed successful on peer0.org1 on channel[0m
[0;34mUsing organization 1[0m
+ peer lifecycle chaincode approveformyorg -o localhost:7050 --ordererTLSHostnameOverride orderer.example.com --tls --cafile /home/runner/work/bzt-id-experiments/bzt-id-experiments/fabric-samples/test-network/organizations/ordererOrganizations/example.com/tlsca/tlsca.example.com-cert.pem --channelID mychannel --name bzt --version 1.0 --package-id bzt_1.0:777c383bc4d25d7dc5610f92a201167f7301ed4b2cd3593b83e643df51c39c71 --sequence 1
+ res=0
[34m2026-10-08 04:24:53.188 UTC 0001 INFO[0m [grpc] [34;1mInfof[0m -> [core] original dial target is: "localhost:7051"
[34m2026-10-08 04:24:53.188 UTC 0002 INFO[0m [grpc] [34;1mAddTraceEvent[0m -> [core] [Channel #1]Channel created
[34m2026-10-08 04:24:53.188 UTC 0003 INFO[0m [grpc] [34;1mAddTraceEvent[0m -> [core] [Channel #1]parsed dial target is: resolver.Target{URL:url.URL{Scheme:"passthrough", Opaque:"", User:(*url.Userinfo)(nil), Host:"", Path:"/localhost:7051", RawPath:"", OmitHost:false, ForceQuery:false, RawQuery:"", Fragment:"", RawFragment:""}}
[34m2026-10-08 04:24:53.188 UTC 0004 INFO[0m [grpc] [34;1mAddTraceEvent[0m -> [core] [Channel #1]Channel authority set to "localhost:7051"
[34m2026-10-08 04:24:53.188 UTC 0005 INFO[0m [grpc] [34;1mAddTraceEvent[0m -> [core] [Channel #1]Resolver state updated: {
  "Addresses": [
    {
      "Addr": "localhost:7051",
      "ServerName": "",
      "Attributes": null,
      "BalancerAttributes": null,
      "Metadata": null
    }
  ],
  "Endpoints": [
    {
      "Addresses": [
        {
          "Addr": "localhost:7051",
          "ServerName": "",
          "Attributes": null,
          "BalancerAttributes": null,
          "Metadata": null
        }
      ],
      "Attributes": null
    }
  ],
  "ServiceConfig": null,
  "Attributes": null
} (resolver returned new addresses)
[34m2026-10-08 04:24:53.188 UTC 0006 INFO[0m [grpc] [34;1mAddTraceEvent[0m -> [core] [Channel #1]Channel switches to new LB policy "pick_first"
[34m2026-10-08 04:24:53.188 UTC 0007 INFO[0m [grpc] [34;1mInfof[0m -> [pick-first-lb] [pick-first-lb 0xc0000caf60] Received new config {
  "shuffleAddressList": false
}, resolver state {
  "Addresses": [
    {
      "Addr": "localhost:7051",
      "ServerName": "",
      "Attributes": null,
      "BalancerAttributes": null,
      "Metadata": null
    }
  ],
  "Endpoints": [
    {
      "Addresses": [
        {
          "Addr": "localhost:7051",
          "ServerName": "",
          "Attributes": null,
          "BalancerAttributes": null,
          "Metadata": null
        }
      ],
      "Attributes": null
    }
  ],
  "ServiceConfig": null,
  "Attributes": null
}
[34m2026-10-08 04:24:53.188 UTC 0008 INFO[0m [grpc] [34;1mAddTraceEvent[0m -> [core] [Channel #1 SubChannel #2]Subchannel created
[34m2026-10-08 04:24:53.188 UTC 0009 INFO[0m [grpc] [34;1mAddTraceEvent[0m -> [core] [Channel #1]Channel Connectivity change to CONNECTING
[34m2026-10-08 04:24:53.188 UTC 000a INFO[0m [grpc] [34;1mAddTraceEvent[0m -> [core] [Channel #1]Channel exiting idle mode
[34m2026-10-08 04:24:53.188 UTC 000b INFO[0m [grpc] [34;1mAddTraceEvent[0m -> [core] [Channel #1 SubChannel #2]Subchannel Connectivity change to CONNECTING
[34m2026-10-08 04:24:53.188 UTC 000c INFO[0m [grpc] [34;1mAddTraceEvent[0m -> [core] [Channel #1 SubChannel #2]Subchannel picks a new address "localhost:7051" to connect
[34m2026-10-08 04:24:53.188 UTC 000d INFO[0m [grpc] [34;1mInfof[0m -> [pick-first-lb] [pick-first-lb 0xc0000caf60] Received SubConn state update: 0xc0000caff0, {ConnectivityState:CONNECTING ConnectionError:<nil> connectedAddress:{Addr: ServerName: Attributes:<nil> BalancerAttributes:<nil> Metadata:<nil>}}
[34m2026-10-08 04:24:53.190 UTC 000e INFO[0m [grpc] [34;1mAddTraceEvent[0m -> [core] [Channel #1 SubChannel #2]Subchannel Connectivity change to READY
[34m2026-10-08 04:24:53.190 UTC 000f INFO[0m [grpc] [34;1mInfof[0m -> [pick-first-lb] [pick-first-lb 0xc0000caf60] Received SubConn state update: 0xc0000caff0, {ConnectivityState:READY ConnectionError:<nil> connectedAddress:{Addr:localhost:7051 ServerName:localhost:7051 Attributes:<nil> BalancerAttributes:<nil> Metadata:<nil>}}
[34m2026-10-08 04:24:53.190 UTC 0010 INFO[0m [grpc] [34;1mAddTraceEvent[0m -> [core] [Channel #1]Channel Connectivity change to READY
[34m2026-10-08 04:24:53.190 UTC 0011 INFO[0m [grpc] [34;1mInfof[0m -> [core] original dial target is: "localhost:7051"
[34m2026-10-08 04:24:53.190 UTC 0012 INFO[0m [grpc] [34;1mAddTraceEvent[0m -> [core] [Channel #4]Channel created
[34m2026-10-08 04:24:53.190 UTC 0013 INFO[0m [grpc] [34;1mAddTraceEvent[0m -> [core] [Channel #4]parsed dial target is: resolver.Target{URL:url.URL{Scheme:"passthrough", Opaque:"", User:(*url.Userinfo)(nil), Host:"", Path:"/localhost:7051", RawPath:"", OmitHost:false, ForceQuery:false, RawQuery:"", Fragment:"", RawFragment:""}}
[34m2026-10-08 04:24:53.190 UTC 0014 INFO[0m [grpc] [34;1mAddTraceEvent[0m -> [core] [Channel #4]Channel authority set to "localhost:7051"
[34m2026-10-08 04:24:53.190 UTC 0015 INFO[0m [grpc] [34;1mAddTraceEvent[0m -> [core] [Channel #4]Resolver state updated: {
  "Addresses": [
    {
      "Addr": "localhost:7051",
      "ServerName": "",
      "Attributes": null,
      "BalancerAttributes": null,
      "Metadata": null
    }
  ],
  "Endpoints": [
    {
      "Addresses": [
        {
          "Addr": "localhost:7051",
          "ServerName": "",
          "Attributes": null,
          "BalancerAttributes": null,
          "Metadata": null
        }
      ],
      "Attributes": null
    }
  ],
  "ServiceConfig": null,
  "Attributes": null
} (resolver returned new addresses)
[34m2026-10-08 04:24:53.190 UTC 0016 INFO[0m [grpc] [34;1mAddTraceEvent[0m -> [core] [Channel #4]Channel switches to new LB policy "pick_first"
[34m2026-10-08 04:24:53.190 UTC 0017 INFO[0m [grpc] [34;1mInfof[0m -> [pick-first-lb] [pick-first-lb 0xc00039c540] Received new config {
  "shuffleAddressList": false
}, resolver state {
  "Addresses": [
    {
      "Addr": "localhost:7051",
      "ServerName": "",
      "Attributes": null,
      "BalancerAttributes": null,
      "Metadata": null
    }
  ],
  "Endpoints": [
    {
      "Addresses": [
        {
          "Addr": "localhost:7051",
          "ServerName": "",
          "Attributes": null,
          "BalancerAttributes": null,
          "Metadata": null
        }
      ],
      "Attributes": null
    }
  ],
  "ServiceConfig": null,
  "Attributes": null
}
[34m2026-10-08 04:24:53.190 UTC 0018 INFO[0m [grpc] [34;1mAddTraceEvent[0m -> [core] [Channel #4 SubChannel #5]Subchannel created
[34m2026-10-08 04:24:53.190 UTC 0019 INFO[0m [grpc] [34;1mAddTraceEvent[0m -> [core] [Channel #4]Channel Connectivity change to CONNECTING
[34m2026-10-08 04:24:53.190 UTC 001a INFO[0m [grpc] [34;1mAddTraceEvent[0m -> [core] [Channel #4]Channel exiting idle mode
[34m2026-10-08 04:24:53.190 UTC 001b INFO[0m [grpc] [34;1mAddTraceEvent[0m -> [core] [Channel #4 SubChannel #5]Subchannel Connectivity change to CONNECTING
[34m2026-10-08 04:24:53.191 UTC 001c INFO[0m [grpc] [34;1mAddTraceEvent[0m -> [core] [Channel #4 SubChannel #5]Subchannel picks a new address "localhost:7051" to connect
[34m2026-10-08 04:24:53.191 UTC 001d INFO[0m [grpc] [34;1mInfof[0m -> [pick-first-lb] [pick-first-lb 0xc00039c540] Received SubConn state update: 0xc00039c5a0, {ConnectivityState:CONNECTING ConnectionError:<nil> connectedAddress:{Addr: ServerName: Attributes:<nil> BalancerAttributes:<nil> Metadata:<nil>}}
[34m2026-10-08 04:24:53.192 UTC 001e INFO[0m [grpc] [34;1mAddTraceEvent[0m -> [core] [Channel #4 SubChannel #5]Subchannel Connectivity change to READY
[34m2026-10-08 04:24:53.192 UTC 001f INFO[0m [grpc] [34;1mInfof[0m -> [pick-first-lb] [pick-first-lb 0xc00039c540] Received SubConn state update: 0xc00039c5a0, {ConnectivityState:READY ConnectionError:<nil> connectedAddress:{Addr:localhost:7051 ServerName:localhost:7051 Attributes:<nil> BalancerAttributes:<nil> Metadata:<nil>}}
[34m2026-10-08 04:24:53.192 UTC 0020 INFO[0m [grpc] [34;1mAddTraceEvent[0m -> [core] [Channel #4]Channel Connectivity change to READY
[33m2026-10-08 04:24:53.192 UTC 0021 WARN[0m [grpc] [33;1mWarningf[0m -> [core] Adjusting keepalive ping interval to minimum period of 10s
[34m2026-10-08 04:24:53.192 UTC 0022 INFO[0m [grpc] [34;1mInfof[0m -> [core] original dial target is: "localhost:7050"
[34m2026-10-08 04:24:53.192 UTC 0023 INFO[0m [grpc] [34;1mAddTraceEvent[0m -> [core] [Channel #7]Channel created
[34m2026-10-08 04:24:53.192 UTC 0024 INFO[0m [grpc] [34;1mAddTraceEvent[0m -> [core] [Channel #7]parsed dial target is: resolver.Target{URL:url.URL{Scheme:"passthrough", Opaque:"", User:(*url.Userinfo)(nil), Host:"", Path:"/localhost:7050", RawPath:"", OmitHost:false, ForceQuery:false, RawQuery:"", Fragment:"", RawFragment:""}}
[34m2026-10-08 04:24:53.192 UTC 0025 INFO[0m [grpc] [34;1mAddTraceEvent[0m -> [core] [Channel #7]Channel authority set to "orderer.example.com"
[34m2026-10-08 04:24:53.192 UTC 0026 INFO[0m [grpc] [34;1mAddTraceEvent[0m -> [core] [Channel #7]Resolver state updated: {
  "Addresses": [
    {
      "Addr": "localhost:7050",
      "ServerName": "",
      "Attributes": null,
      "BalancerAttributes": null,
      "Metadata": null
    }
  ],
  "Endpoints": [
    {
      "Addresses": [
        {
          "Addr": "localhost:7050",
          "ServerName": "",
          "Attributes": null,
          "BalancerAttributes": null,
          "Metadata": null
        }
      ],
      "Attributes": null
    }
  ],
  "ServiceConfig": null,
  "Attributes": null
} (resolver returned new addresses)
[34m2026-10-08 04:24:53.193 UTC 0027 INFO[0m [grpc] [34;1mAddTraceEvent[0m -> [core] [Channel #7]Channel switches to new LB policy "pick_first"
[34m2026-10-08 04:24:53.193 UTC 0028 INFO[0m [grpc] [34;1mInfof[0m -> [pick-first-lb] [pick-first-lb 0xc000359770] Received new config {
  "shuffleAddressList": false
}, resolver state {
  "Addresses": [
    {
      "Addr": "localhost:7050",
      "ServerName": "",
      "Attributes": null,
      "BalancerAttributes": null,
      "Metadata": null
    }
  ],
  "Endpoints": [
    {
      "Addresses": [
        {
          "Addr": "localhost:7050",
          "ServerName": "",
          "Attributes": null,
          "BalancerAttributes": null,
          "Metadata": null
        }
      ],
      "Attributes": null
    }
  ],
  "ServiceConfig": null,
  "Attributes": null
}
[34m2026-10-08 04:24:53.193 UTC 0029 INFO[0m [grpc] [34;1mAddTraceEvent[0m -> [core] [Channel #7 SubChannel #8]Subchannel created
[34m2026-10-08 04:24:53.193 UTC 002a INFO[0m [grpc] [34;1mAddTraceEvent[0m -> [core] [Channel #7]Channel Connectivity change to CONNECTING
[34m2026-10-08 04:24:53.193 UTC 002b INFO[0m [grpc] [34;1mAddTraceEvent[0m -> [core] [Channel #7]Channel exiting idle mode
[34m2026-10-08 04:24:53.193 UTC 002c INFO[0m [grpc] [34;1mAddTraceEvent[0m -> [core] [Channel #7 SubChannel #8]Subchannel Connectivity change to CONNECTING
[34m2026-10-08 04:24:53.193 UTC 002d INFO[0m [grpc] [34;1mAddTraceEvent[0m -> [core] [Channel #7 SubChannel #8]Subchannel picks a new address "localhost:7050" to connect
[34m2026-10-08 04:24:53.193 UTC 002e INFO[0m [grpc] [34;1mInfof[0m -> [pick-first-lb] [pick-first-lb 0xc000359770] Received SubConn state update: 0xc000359800, {ConnectivityState:CONNECTING ConnectionError:<nil> connectedAddress:{Addr: ServerName: Attributes:<nil> BalancerAttributes:<nil> Metadata:<nil>}}
[34m2026-10-08 04:24:53.194 UTC 002f INFO[0m [grpc] [34;1mAddTraceEvent[0m -> [core] [Channel #7 SubChannel #8]Subchannel Connectivity change to READY
[34m2026-10-08 04:24:53.194 UTC 0030 INFO[0m [grpc] [34;1mInfof[0m -> [pick-first-lb] [pick-first-lb 0xc000359770] Received SubConn state update: 0xc000359800, {ConnectivityState:READY ConnectionError:<nil> connectedAddress:{Addr:localhost:7050 ServerName:orderer.example.com Attributes:<nil> BalancerAttributes:<nil> Metadata:<nil>}}
[34m2026-10-08 04:24:53.194 UTC 0031 INFO[0m [grpc] [34;1mAddTraceEvent[0m -> [core] [Channel #7]Channel Connectivity change to READY
[34m2026-10-08 04:24:53.246 UTC 0032 INFO[0m [chaincodeCmd] [34;1mClientWait[0m -> txid [5a161028e3944141d00869963b1c4d1c689ea8c1da3da046d0a793e2426efe7c] committed with status (VALID) at localhost:7051
[0;32mChaincode definition approved on peer0.org1 on channel 'mychannel'[0m
[0;34mUsing organization 1[0m
[0;34mChecking the commit readiness of the chaincode definition on peer0.org1 on channel 'mychannel'...[0m
[0;34mAttempting to check the commit readiness of the chaincode definition on peer0.org1, Retry after 3 seconds.[0m
+ peer lifecycle chaincode checkcommitreadiness --channelID mychannel --name bzt --version 1.0 --sequence 1 --output json
+ res=0
[34m2026-10-08 04:24:56.292 UTC 0001 INFO[0m [grpc] [34;1mInfof[0m -> [core] original dial target is: "localhost:7051"
[34m2026-10-08 04:24:56.292 UTC 0002 INFO[0m [grpc] [34;1mAddTraceEvent[0m -> [core] [Channel #1]Channel created
[34m2026-10-08 04:24:56.292 UTC 0003 INFO[0m [grpc] [34;1mAddTraceEvent[0m -> [core] [Channel #1]parsed dial target is: resolver.Target{URL:url.URL{Scheme:"passthrough", Opaque:"", User:(*url.Userinfo)(nil), Host:"", Path:"/localhost:7051", RawPath:"", OmitHost:false, ForceQuery:false, RawQuery:"", Fragment:"", RawFragment:""}}
[34m2026-10-08 04:24:56.292 UTC 0004 INFO[0m [grpc] [34;1mAddTraceEvent[0m -> [core] [Channel #1]Channel authority set to "localhost:7051"
[34m2026-10-08 04:24:56.292 UTC 0005 INFO[0m [grpc] [34;1mAddTraceEvent[0m -> [core] [Channel #1]Resolver state updated: {
  "Addresses": [
    {
      "Addr": "localhost:7051",
      "ServerName": "",
      "Attributes": null,
      "BalancerAttributes": null,
      "Metadata": null
    }
  ],
  "Endpoints": [
    {
      "Addresses": [
        {
          "Addr": "localhost:7051",
          "ServerName": "",
          "Attributes": null,
          "BalancerAttributes": null,
          "Metadata": null
        }
      ],
      "Attributes": null
    }
  ],
  "ServiceConfig": null,
  "Attributes": null
} (resolver returned new addresses)
[34m2026-10-08 04:24:56.292 UTC 0006 INFO[0m [grpc] [34;1mAddTraceEvent[0m -> [core] [Channel #1]Channel switches to new LB policy "pick_first"
[34m2026-10-08 04:24:56.292 UTC 0007 INFO[0m [grpc] [34;1mInfof[0m -> [pick-first-lb] [pick-first-lb 0xc0003ae600] Received new config {
  "shuffleAddressList": false
}, resolver state {
  "Addresses": [
    {
      "Addr": "localhost:7051",
      "ServerName": "",
      "Attributes": null,
      "BalancerAttributes": null,
      "Metadata": null
    }
  ],
  "Endpoints": [
    {
      "Addresses": [
        {
          "Addr": "localhost:7051",
          "ServerName": "",
          "Attributes": null,
          "BalancerAttributes": null,
          "Metadata": null
        }
      ],
      "Attributes": null
    }
  ],
  "ServiceConfig": null,
  "Attributes": null
}
[34m2026-10-08 04:24:56.292 UTC 0008 INFO[0m [grpc] [34;1mAddTraceEvent[0m -> [core] [Channel #1 SubChannel #2]Subchannel created
[34m2026-10-08 04:24:56.292 UTC 0009 INFO[0m [grpc] [34;1mAddTraceEvent[0m -> [core] [Channel #1]Channel Connectivity change to CONNECTING
[34m2026-10-08 04:24:56.292 UTC 000a INFO[0m [grpc] [34;1mAddTraceEvent[0m -> [core] [Channel #1]Channel exiting idle mode
[34m2026-10-08 04:24:56.292 UTC 000b INFO[0m [grpc] [34;1mAddTraceEvent[0m -> [core] [Channel #1 SubChannel #2]Subchannel Connectivity change to CONNECTING
[34m2026-10-08 04:24:56.292 UTC 000c INFO[0m [grpc] [34;1mAddTraceEvent[0m -> [core] [Channel #1 SubChannel #2]Subchannel picks a new address "localhost:7051" to connect
[34m2026-10-08 04:24:56.292 UTC 000d INFO[0m [grpc] [34;1mInfof[0m -> [pick-first-lb] [pick-first-lb 0xc0003ae600] Received SubConn state update: 0xc0003ae690, {ConnectivityState:CONNECTING ConnectionError:<nil> connectedAddress:{Addr: ServerName: Attributes:<nil> BalancerAttributes:<nil> Metadata:<nil>}}
[34m2026-10-08 04:24:56.294 UTC 000e INFO[0m [grpc] [34;1mAddTraceEvent[0m -> [core] [Channel #1 SubChannel #2]Subchannel Connectivity change to READY
[34m2026-10-08 04:24:56.294 UTC 000f INFO[0m [grpc] [34;1mInfof[0m -> [pick-first-lb] [pick-first-lb 0xc0003ae600] Received SubConn state update: 0xc0003ae690, {ConnectivityState:READY ConnectionError:<nil> connectedAddress:{Addr:localhost:7051 ServerName:localhost:7051 Attributes:<nil> BalancerAttributes:<nil> Metadata:<nil>}}
[34m2026-10-08 04:24:56.294 UTC 0010 INFO[0m [grpc] [34;1mAddTraceEvent[0m -> [core] [Channel #1]Channel Connectivity change to READY
[34m2026-10-08 04:24:56.294 UTC 0011 INFO[0m [grpc] [34;1mInfof[0m -> [core] original dial target is: "localhost:7051"
[34m2026-10-08 04:24:56.294 UTC 0012 INFO[0m [grpc] [34;1mAddTraceEvent[0m -> [core] [Channel #4]Channel created
[34m2026-10-08 04:24:56.295 UTC 0013 INFO[0m [grpc] [34;1mAddTraceEvent[0m -> [core] [Channel #4]parsed dial target is: resolver.Target{URL:url.URL{Scheme:"passthrough", Opaque:"", User:(*url.Userinfo)(nil), Host:"", Path:"/localhost:7051", RawPath:"", OmitHost:false, ForceQuery:false, RawQuery:"", Fragment:"", RawFragment:""}}
[34m2026-10-08 04:24:56.295 UTC 0014 INFO[0m [grpc] [34;1mAddTraceEvent[0m -> [core] [Channel #4]Channel authority set to "localhost:7051"
[34m2026-10-08 04:24:56.295 UTC 0015 INFO[0m [grpc] [34;1mAddTraceEvent[0m -> [core] [Channel #4]Resolver state updated: {
  "Addresses": [
    {
      "Addr": "localhost:7051",
      "ServerName": "",
      "Attributes": null,
      "BalancerAttributes": null,
      "Metadata": null
    }
  ],
  "Endpoints": [
    {
      "Addresses": [
        {
          "Addr": "localhost:7051",
          "ServerName": "",
          "Attributes": null,
          "BalancerAttributes": null,
          "Metadata": null
        }
      ],
      "Attributes": null
    }
  ],
  "ServiceConfig": null,
  "Attributes": null
} (resolver returned new addresses)
[34m2026-10-08 04:24:56.295 UTC 0016 INFO[0m [grpc] [34;1mAddTraceEvent[0m -> [core] [Channel #4]Channel switches to new LB policy "pick_first"
[34m2026-10-08 04:24:56.295 UTC 0017 INFO[0m [grpc] [34;1mInfof[0m -> [pick-first-lb] [pick-first-lb 0xc00042f9e0] Received new config {
  "shuffleAddressList": false
}, resolver state {
  "Addresses": [
    {
      "Addr": "localhost:7051",
      "ServerName": "",
      "Attributes": null,
      "BalancerAttributes": null,
      "Metadata": null
    }
  ],
  "Endpoints": [
    {
      "Addresses": [
        {
          "Addr": "localhost:7051",
          "ServerName": "",
          "Attributes": null,
          "BalancerAttributes": null,
          "Metadata": null
        }
      ],
      "Attributes": null
    }
  ],
  "ServiceConfig": null,
  "Attributes": null
}
[34m2026-10-08 04:24:56.295 UTC 0018 INFO[0m [grpc] [34;1mAddTraceEvent[0m -> [core] [Channel #4 SubChannel #5]Subchannel created
[34m2026-10-08 04:24:56.295 UTC 0019 INFO[0m [grpc] [34;1mAddTraceEvent[0m -> [core] [Channel #4]Channel Connectivity change to CONNECTING
[34m2026-10-08 04:24:56.295 UTC 001a INFO[0m [grpc] [34;1mAddTraceEvent[0m -> [core] [Channel #4]Channel exiting idle mode
[34m2026-10-08 04:24:56.295 UTC 001b INFO[0m [grpc] [34;1mAddTraceEvent[0m -> [core] [Channel #4 SubChannel #5]Subchannel Connectivity change to CONNECTING
[34m2026-10-08 04:24:56.295 UTC 001c INFO[0m [grpc] [34;1mAddTraceEvent[0m -> [core] [Channel #4 SubChannel #5]Subchannel picks a new address "localhost:7051" to connect
[34m2026-10-08 04:24:56.295 UTC 001d INFO[0m [grpc] [34;1mInfof[0m -> [pick-first-lb] [pick-first-lb 0xc00042f9e0] Received SubConn state update: 0xc00042fa40, {ConnectivityState:CONNECTING ConnectionError:<nil> connectedAddress:{Addr: ServerName: Attributes:<nil> BalancerAttributes:<nil> Metadata:<nil>}}
[34m2026-10-08 04:24:56.297 UTC 001e INFO[0m [grpc] [34;1mAddTraceEvent[0m -> [core] [Channel #4 SubChannel #5]Subchannel Connectivity change to READY
[34m2026-10-08 04:24:56.297 UTC 001f INFO[0m [grpc] [34;1mInfof[0m -> [pick-first-lb] [pick-first-lb 0xc00042f9e0] Received SubConn state update: 0xc00042fa40, {ConnectivityState:READY ConnectionError:<nil> connectedAddress:{Addr:localhost:7051 ServerName:localhost:7051 Attributes:<nil> BalancerAttributes:<nil> Metadata:<nil>}}
[34m2026-10-08 04:24:56.297 UTC 0020 INFO[0m [grpc] [34;1mAddTraceEvent[0m -> [core] [Channel #4]Channel Connectivity change to READY
{
	"approvals": {
		"Org1MSP": true,
		"Org2MSP": false
	}
}
[0;34mChecking the commit readiness of the chaincode definition successful on peer0.org1 on channel 'mychannel'[0m
[0;34mUsing organization 2[0m
[0;34mChecking the commit readiness of the chaincode definition on peer0.org2 on channel 'mychannel'...[0m
[0;34mAttempting to check the commit readiness of the chaincode definition on peer0.org2, Retry after 3 seconds.[0m
+ peer lifecycle chaincode checkcommitreadiness --channelID mychannel --name bzt --version 1.0 --sequence 1 --output json
+ res=0
[34m2026-10-08 04:24:59.348 UTC 0001 INFO[0m [grpc] [34;1mInfof[0m -> [core] original dial target is: "localhost:9051"
[34m2026-10-08 04:24:59.348 UTC 0002 INFO[0m [grpc] [34;1mAddTraceEvent[0m -> [core] [Channel #1]Channel created
[34m2026-10-08 04:24:59.348 UTC 0003 INFO[0m [grpc] [34;1mAddTraceEvent[0m -> [core] [Channel #1]parsed dial target is: resolver.Target{URL:url.URL{Scheme:"passthrough", Opaque:"", User:(*url.Userinfo)(nil), Host:"", Path:"/localhost:9051", RawPath:"", OmitHost:false, ForceQuery:false, RawQuery:"", Fragment:"", RawFragment:""}}
[34m2026-10-08 04:24:59.348 UTC 0004 INFO[0m [grpc] [34;1mAddTraceEvent[0m -> [core] [Channel #1]Channel authority set to "localhost:9051"
[34m2026-10-08 04:24:59.348 UTC 0005 INFO[0m [grpc] [34;1mAddTraceEvent[0m -> [core] [Channel #1]Resolver state updated: {
  "Addresses": [
    {
      "Addr": "localhost:9051",
      "ServerName": "",
      "Attributes": null,
      "BalancerAttributes": null,
      "Metadata": null
    }
  ],
  "Endpoints": [
    {
      "Addresses": [
        {
          "Addr": "localhost:9051",
          "ServerName": "",
          "Attributes": null,
          "BalancerAttributes": null,
          "Metadata": null
        }
      ],
      "Attributes": null
    }
  ],
  "ServiceConfig": null,
  "Attributes": null
} (resolver returned new addresses)
[34m2026-10-08 04:24:59.348 UTC 0006 INFO[0m [grpc] [34;1mAddTraceEvent[0m -> [core] [Channel #1]Channel switches to new LB policy "pick_first"
[34m2026-10-08 04:24:59.348 UTC 0007 INFO[0m [grpc] [34;1mInfof[0m -> [pick-first-lb] [pick-first-lb 0xc000406600] Received new config {
  "shuffleAddressList": false
}, resolver state {
  "Addresses": [
    {
      "Addr": "localhost:9051",
      "ServerName": "",
      "Attributes": null,
      "BalancerAttributes": null,
      "Metadata": null
    }
  ],
  "Endpoints": [
    {
      "Addresses": [
        {
          "Addr": "localhost:9051",
          "ServerName": "",
          "Attributes": null,
          "BalancerAttributes": null,
          "Metadata": null
        }
      ],
      "Attributes": null
    }
  ],
  "ServiceConfig": null,
  "Attributes": null
}
[34m2026-10-08 04:24:59.348 UTC 0008 INFO[0m [grpc] [34;1mAddTraceEvent[0m -> [core] [Channel #1 SubChannel #2]Subchannel created
[34m2026-10-08 04:24:59.348 UTC 0009 INFO[0m [grpc] [34;1mAddTraceEvent[0m -> [core] [Channel #1]Channel Connectivity change to CONNECTING
[34m2026-10-08 04:24:59.348 UTC 000a INFO[0m [grpc] [34;1mAddTraceEvent[0m -> [core] [Channel #1]Channel exiting idle mode
[34m2026-10-08 04:24:59.348 UTC 000b INFO[0m [grpc] [34;1mAddTraceEvent[0m -> [core] [Channel #1 SubChannel #2]Subchannel Connectivity change to CONNECTING
[34m2026-10-08 04:24:59.348 UTC 000c INFO[0m [grpc] [34;1mAddTraceEvent[0m -> [core] [Channel #1 SubChannel #2]Subchannel picks a new address "localhost:9051" to connect
[34m2026-10-08 04:24:59.348 UTC 000d INFO[0m [grpc] [34;1mInfof[0m -> [pick-first-lb] [pick-first-lb 0xc000406600] Received SubConn state update: 0xc000406690, {ConnectivityState:CONNECTING ConnectionError:<nil> connectedAddress:{Addr: ServerName: Attributes:<nil> BalancerAttributes:<nil> Metadata:<nil>}}
[34m2026-10-08 04:24:59.350 UTC 000e INFO[0m [grpc] [34;1mAddTraceEvent[0m -> [core] [Channel #1 SubChannel #2]Subchannel Connectivity change to READY
[34m2026-10-08 04:24:59.350 UTC 000f INFO[0m [grpc] [34;1mInfof[0m -> [pick-first-lb] [pick-first-lb 0xc000406600] Received SubConn state update: 0xc000406690, {ConnectivityState:READY ConnectionError:<nil> connectedAddress:{Addr:localhost:9051 ServerName:localhost:9051 Attributes:<nil> BalancerAttributes:<nil> Metadata:<nil>}}
[34m2026-10-08 04:24:59.350 UTC 0010 INFO[0m [grpc] [34;1mAddTraceEvent[0m -> [core] [Channel #1]Channel Connectivity change to READY
[34m2026-10-08 04:24:59.351 UTC 0011 INFO[0m [grpc] [34;1mInfof[0m -> [core] original dial target is: "localhost:9051"
[34m2026-10-08 04:24:59.351 UTC 0012 INFO[0m [grpc] [34;1mAddTraceEvent[0m -> [core] [Channel #4]Channel created
[34m2026-10-08 04:24:59.351 UTC 0013 INFO[0m [grpc] [34;1mAddTraceEvent[0m -> [core] [Channel #4]parsed dial target is: resolver.Target{URL:url.URL{Scheme:"passthrough", Opaque:"", User:(*url.Userinfo)(nil), Host:"", Path:"/localhost:9051", RawPath:"", OmitHost:false, ForceQuery:false, RawQuery:"", Fragment:"", RawFragment:""}}
[34m2026-10-08 04:24:59.351 UTC 0014 INFO[0m [grpc] [34;1mAddTraceEvent[0m -> [core] [Channel #4]Channel authority set to "localhost:9051"
[34m2026-10-08 04:24:59.351 UTC 0015 INFO[0m [grpc] [34;1mAddTraceEvent[0m -> [core] [Channel #4]Resolver state updated: {
  "Addresses": [
    {
      "Addr": "localhost:9051",
      "ServerName": "",
      "Attributes": null,
      "BalancerAttributes": null,
      "Metadata": null
    }
  ],
  "Endpoints": [
    {
      "Addresses": [
        {
          "Addr": "localhost:9051",
          "ServerName": "",
          "Attributes": null,
          "BalancerAttributes": null,
          "Metadata": null
        }
      ],
      "Attributes": null
    }
  ],
  "ServiceConfig": null,
  "Attributes": null
} (resolver returned new addresses)
[34m2026-10-08 04:24:59.351 UTC 0016 INFO[0m [grpc] [34;1mAddTraceEvent[0m -> [core] [Channel #4]Channel switches to new LB policy "pick_first"
[34m2026-10-08 04:24:59.351 UTC 0017 INFO[0m [grpc] [34;1mInfof[0m -> [pick-first-lb] [pick-first-lb 0xc000516330] Received new config {
  "shuffleAddressList": false
}, resolver state {
  "Addresses": [
    {
      "Addr": "localhost:9051",
      "ServerName": "",
      "Attributes": null,
      "BalancerAttributes": null,
      "Metadata": null
    }
  ],
  "Endpoints": [
    {
      "Addresses": [
        {
          "Addr": "localhost:9051",
          "ServerName": "",
          "Attributes": null,
          "BalancerAttributes": null,
          "Metadata": null
        }
      ],
      "Attributes": null
    }
  ],
  "ServiceConfig": null,
  "Attributes": null
}
[34m2026-10-08 04:24:59.351 UTC 0018 INFO[0m [grpc] [34;1mAddTraceEvent[0m -> [core] [Channel #4 SubChannel #5]Subchannel created
[34m2026-10-08 04:24:59.351 UTC 0019 INFO[0m [grpc] [34;1mAddTraceEvent[0m -> [core] [Channel #4]Channel Connectivity change to CONNECTING
[34m2026-10-08 04:24:59.351 UTC 001a INFO[0m [grpc] [34;1mAddTraceEvent[0m -> [core] [Channel #4]Channel exiting idle mode
[34m2026-10-08 04:24:59.351 UTC 001b INFO[0m [grpc] [34;1mAddTraceEvent[0m -> [core] [Channel #4 SubChannel #5]Subchannel Connectivity change to CONNECTING
[34m2026-10-08 04:24:59.351 UTC 001c INFO[0m [grpc] [34;1mAddTraceEvent[0m -> [core] [Channel #4 SubChannel #5]Subchannel picks a new address "localhost:9051" to connect
[34m2026-10-08 04:24:59.351 UTC 001d INFO[0m [grpc] [34;1mInfof[0m -> [pick-first-lb] [pick-first-lb 0xc000516330] Received SubConn state update: 0xc000516390, {ConnectivityState:CONNECTING ConnectionError:<nil> connectedAddress:{Addr: ServerName: Attributes:<nil> BalancerAttributes:<nil> Metadata:<nil>}}
[34m2026-10-08 04:24:59.353 UTC 001e INFO[0m [grpc] [34;1mAddTraceEvent[0m -> [core] [Channel #4 SubChannel #5]Subchannel Connectivity change to READY
[34m2026-10-08 04:24:59.353 UTC 001f INFO[0m [grpc] [34;1mInfof[0m -> [pick-first-lb] [pick-first-lb 0xc000516330] Received SubConn state update: 0xc000516390, {ConnectivityState:READY ConnectionError:<nil> connectedAddress:{Addr:localhost:9051 ServerName:localhost:9051 Attributes:<nil> BalancerAttributes:<nil> Metadata:<nil>}}
[34m2026-10-08 04:24:59.353 UTC 0020 INFO[0m [grpc] [34;1mAddTraceEvent[0m -> [core] [Channel #4]Channel Connectivity change to READY
{
	"approvals": {
		"Org1MSP": true,
		"Org2MSP": false
	}
}
[0;34mChecking the commit readiness of the chaincode definition successful on peer0.org2 on channel 'mychannel'[0m
[0;34mUsing organization 2[0m
+ peer lifecycle chaincode approveformyorg -o localhost:7050 --ordererTLSHostnameOverride orderer.example.com --tls --cafile /home/runner/work/bzt-id-experiments/bzt-id-experiments/fabric-samples/test-network/organizations/ordererOrganizations/example.com/tlsca/tlsca.example.com-cert.pem --channelID mychannel --name bzt --version 1.0 --package-id bzt_1.0:777c383bc4d25d7dc5610f92a201167f7301ed4b2cd3593b83e643df51c39c71 --sequence 1
+ res=0
[34m2026-10-08 04:24:59.402 UTC 0001 INFO[0m [grpc] [34;1mInfof[0m -> [core] original dial target is: "localhost:9051"
[34m2026-10-08 04:24:59.402 UTC 0002 INFO[0m [grpc] [34;1mAddTraceEvent[0m -> [core] [Channel #1]Channel created
[34m2026-10-08 04:24:59.402 UTC 0003 INFO[0m [grpc] [34;1mAddTraceEvent[0m -> [core] [Channel #1]parsed dial target is: resolver.Target{URL:url.URL{Scheme:"passthrough", Opaque:"", User:(*url.Userinfo)(nil), Host:"", Path:"/localhost:9051", RawPath:"", OmitHost:false, ForceQuery:false, RawQuery:"", Fragment:"", RawFragment:""}}
[34m2026-10-08 04:24:59.402 UTC 0004 INFO[0m [grpc] [34;1mAddTraceEvent[0m -> [core] [Channel #1]Channel authority set to "localhost:9051"
[34m2026-10-08 04:24:59.403 UTC 0005 INFO[0m [grpc] [34;1mAddTraceEvent[0m -> [core] [Channel #1]Resolver state updated: {
  "Addresses": [
    {
      "Addr": "localhost:9051",
      "ServerName": "",
      "Attributes": null,
      "BalancerAttributes": null,
      "Metadata": null
    }
  ],
  "Endpoints": [
    {
      "Addresses": [
        {
          "Addr": "localhost:9051",
          "ServerName": "",
          "Attributes": null,
          "BalancerAttributes": null,
          "Metadata": null
        }
      ],
      "Attributes": null
    }
  ],
  "ServiceConfig": null,
  "Attributes": null
} (resolver returned new addresses)
[34m2026-10-08 04:24:59.403 UTC 0006 INFO[0m [grpc] [34;1mAddTraceEvent[0m -> [core] [Channel #1]Channel switches to new LB policy "pick_first"
[34m2026-10-08 04:24:59.403 UTC 0007 INFO[0m [grpc] [34;1mInfof[0m -> [pick-first-lb] [pick-first-lb 0xc00037c690] Received new config {
  "shuffleAddressList": false
}, resolver state {
  "Addresses": [
    {
      "Addr": "localhost:9051",
      "ServerName": "",
      "Attributes": null,
      "BalancerAttributes": null,
      "Metadata": null
    }
  ],
  "Endpoints": [
    {
      "Addresses": [
        {
          "Addr": "localhost:9051",
          "ServerName": "",
          "Attributes": null,
          "BalancerAttributes": null,
          "Metadata": null
        }
      ],
      "Attributes": null
    }
  ],
  "ServiceConfig": null,
  "Attributes": null
}
[34m2026-10-08 04:24:59.403 UTC 0008 INFO[0m [grpc] [34;1mAddTraceEvent[0m -> [core] [Channel #1 SubChannel #2]Subchannel created
[34m2026-10-08 04:24:59.403 UTC 0009 INFO[0m [grpc] [34;1mAddTraceEvent[0m -> [core] [Channel #1]Channel Connectivity change to CONNECTING
[34m2026-10-08 04:24:59.403 UTC 000a INFO[0m [grpc] [34;1mAddTraceEvent[0m -> [core] [Channel #1]Channel exiting idle mode
[34m2026-10-08 04:24:59.403 UTC 000b INFO[0m [grpc] [34;1mAddTraceEvent[0m -> [core] [Channel #1 SubChannel #2]Subchannel Connectivity change to CONNECTING
[34m2026-10-08 04:24:59.403 UTC 000c INFO[0m [grpc] [34;1mAddTraceEvent[0m -> [core] [Channel #1 SubChannel #2]Subchannel picks a new address "localhost:9051" to connect
[34m2026-10-08 04:24:59.403 UTC 000d INFO[0m [grpc] [34;1mInfof[0m -> [pick-first-lb] [pick-first-lb 0xc00037c690] Received SubConn state update: 0xc00037c720, {ConnectivityState:CONNECTING ConnectionError:<nil> connectedAddress:{Addr: ServerName: Attributes:<nil> BalancerAttributes:<nil> Metadata:<nil>}}
[34m2026-10-08 04:24:59.405 UTC 000e INFO[0m [grpc] [34;1mAddTraceEvent[0m -> [core] [Channel #1 SubChannel #2]Subchannel Connectivity change to READY
[34m2026-10-08 04:24:59.405 UTC 000f INFO[0m [grpc] [34;1mInfof[0m -> [pick-first-lb] [pick-first-lb 0xc00037c690] Received SubConn state update: 0xc00037c720, {ConnectivityState:READY ConnectionError:<nil> connectedAddress:{Addr:localhost:9051 ServerName:localhost:9051 Attributes:<nil> BalancerAttributes:<nil> Metadata:<nil>}}
[34m2026-10-08 04:24:59.405 UTC 0010 INFO[0m [grpc] [34;1mAddTraceEvent[0m -> [core] [Channel #1]Channel Connectivity change to READY
[34m2026-10-08 04:24:59.405 UTC 0011 INFO[0m [grpc] [34;1mInfof[0m -> [core] original dial target is: "localhost:9051"
[34m2026-10-08 04:24:59.405 UTC 0012 INFO[0m [grpc] [34;1mAddTraceEvent[0m -> [core] [Channel #4]Channel created
[34m2026-10-08 04:24:59.405 UTC 0013 INFO[0m [grpc] [34;1mAddTraceEvent[0m -> [core] [Channel #4]parsed dial target is: resolver.Target{URL:url.URL{Scheme:"passthrough", Opaque:"", User:(*url.Userinfo)(nil), Host:"", Path:"/localhost:9051", RawPath:"", OmitHost:false, ForceQuery:false, RawQuery:"", Fragment:"", RawFragment:""}}
[34m2026-10-08 04:24:59.405 UTC 0014 INFO[0m [grpc] [34;1mAddTraceEvent[0m -> [core] [Channel #4]Channel authority set to "localhost:9051"
[34m2026-10-08 04:24:59.406 UTC 0015 INFO[0m [grpc] [34;1mAddTraceEvent[0m -> [core] [Channel #4]Resolver state updated: {
  "Addresses": [
    {
      "Addr": "localhost:9051",
      "ServerName": "",
      "Attributes": null,
      "BalancerAttributes": null,
      "Metadata": null
    }
  ],
  "Endpoints": [
    {
      "Addresses": [
        {
          "Addr": "localhost:9051",
          "ServerName": "",
          "Attributes": null,
          "BalancerAttributes": null,
          "Metadata": null
        }
      ],
      "Attributes": null
    }
  ],
  "ServiceConfig": null,
  "Attributes": null
} (resolver returned new addresses)
[34m2026-10-08 04:24:59.406 UTC 0016 INFO[0m [grpc] [34;1mAddTraceEvent[0m -> [core] [Channel #4]Channel switches to new LB policy "pick_first"
[34m2026-10-08 04:24:59.406 UTC 0017 INFO[0m [grpc] [34;1mInfof[0m -> [pick-first-lb] [pick-first-lb 0xc00037c390] Received new config {
  "shuffleAddressList": false
}, resolver state {
  "Addresses": [
    {
      "Addr": "localhost:9051",
      "ServerName": "",
      "Attributes": null,
      "BalancerAttributes": null,
      "Metadata": null
    }
  ],
  "Endpoints": [
    {
      "Addresses": [
        {
          "Addr": "localhost:9051",
          "ServerName": "",
          "Attributes": null,
          "BalancerAttributes": null,
          "Metadata": null
        }
      ],
      "Attributes": null
    }
  ],
  "ServiceConfig": null,
  "Attributes": null
}
[34m2026-10-08 04:24:59.406 UTC 0018 INFO[0m [grpc] [34;1mAddTraceEvent[0m -> [core] [Channel #4 SubChannel #5]Subchannel created
[34m2026-10-08 04:24:59.406 UTC 0019 INFO[0m [grpc] [34;1mAddTraceEvent[0m -> [core] [Channel #4]Channel Connectivity change to CONNECTING
[34m2026-10-08 04:24:59.406 UTC 001a INFO[0m [grpc] [34;1mAddTraceEvent[0m -> [core] [Channel #4]Channel exiting idle mode
[34m2026-10-08 04:24:59.406 UTC 001b INFO[0m [grpc] [34;1mAddTraceEvent[0m -> [core] [Channel #4 SubChannel #5]Subchannel Connectivity change to CONNECTING
[34m2026-10-08 04:24:59.406 UTC 001c INFO[0m [grpc] [34;1mAddTraceEvent[0m -> [core] [Channel #4 SubChannel #5]Subchannel picks a new address "localhost:9051" to connect
[34m2026-10-08 04:24:59.406 UTC 001d INFO[0m [grpc] [34;1mInfof[0m -> [pick-first-lb] [pick-first-lb 0xc00037c390] Received SubConn state update: 0xc00037c750, {ConnectivityState:CONNECTING ConnectionError:<nil> connectedAddress:{Addr: ServerName: Attributes:<nil> BalancerAttributes:<nil> Metadata:<nil>}}
[34m2026-10-08 04:24:59.408 UTC 001e INFO[0m [grpc] [34;1mAddTraceEvent[0m -> [core] [Channel #4 SubChannel #5]Subchannel Connectivity change to READY
[34m2026-10-08 04:24:59.408 UTC 001f INFO[0m [grpc] [34;1mInfof[0m -> [pick-first-lb] [pick-first-lb 0xc00037c390] Received SubConn state update: 0xc00037c750, {ConnectivityState:READY ConnectionError:<nil> connectedAddress:{Addr:localhost:9051 ServerName:localhost:9051 Attributes:<nil> BalancerAttributes:<nil> Metadata:<nil>}}
[34m2026-10-08 04:24:59.408 UTC 0020 INFO[0m [grpc] [34;1mAddTraceEvent[0m -> [core] [Channel #4]Channel Connectivity change to READY
[33m2026-10-08 04:24:59.408 UTC 0021 WARN[0m [grpc] [33;1mWarningf[0m -> [core] Adjusting keepalive ping interval to minimum period of 10s
[34m2026-10-08 04:24:59.408 UTC 0022 INFO[0m [grpc] [34;1mInfof[0m -> [core] original dial target is: "localhost:7050"
[34m2026-10-08 04:24:59.408 UTC 0023 INFO[0m [grpc] [34;1mAddTraceEvent[0m -> [core] [Channel #7]Channel created
[34m2026-10-08 04:24:59.408 UTC 0024 INFO[0m [grpc] [34;1mAddTraceEvent[0m -> [core] [Channel #7]parsed dial target is: resolver.Target{URL:url.URL{Scheme:"passthrough", Opaque:"", User:(*url.Userinfo)(nil), Host:"", Path:"/localhost:7050", RawPath:"", OmitHost:false, ForceQuery:false, RawQuery:"", Fragment:"", RawFragment:""}}
[34m2026-10-08 04:24:59.408 UTC 0025 INFO[0m [grpc] [34;1mAddTraceEvent[0m -> [core] [Channel #7]Channel authority set to "orderer.example.com"
[34m2026-10-08 04:24:59.408 UTC 0026 INFO[0m [grpc] [34;1mAddTraceEvent[0m -> [core] [Channel #7]Resolver state updated: {
  "Addresses": [
    {
      "Addr": "localhost:7050",
      "ServerName": "",
      "Attributes": null,
      "BalancerAttributes": null,
      "Metadata": null
    }
  ],
  "Endpoints": [
    {
      "Addresses": [
        {
          "Addr": "localhost:7050",
          "ServerName": "",
          "Attributes": null,
          "BalancerAttributes": null,
          "Metadata": null
        }
      ],
      "Attributes": null
    }
  ],
  "ServiceConfig": null,
  "Attributes": null
} (resolver returned new addresses)
[34m2026-10-08 04:24:59.408 UTC 0027 INFO[0m [grpc] [34;1mAddTraceEvent[0m -> [core] [Channel #7]Channel switches to new LB policy "pick_first"
[34m2026-10-08 04:24:59.408 UTC 0028 INFO[0m [grpc] [34;1mInfof[0m -> [pick-first-lb] [pick-first-lb 0xc00048afc0] Received new config {
  "shuffleAddressList": false
}, resolver state {
  "Addresses": [
    {
      "Addr": "localhost:7050",
      "ServerName": "",
      "Attributes": null,
      "BalancerAttributes": null,
      "Metadata": null
    }
  ],
  "Endpoints": [
    {
      "Addresses": [
        {
          "Addr": "localhost:7050",
          "ServerName": "",
          "Attributes": null,
          "BalancerAttributes": null,
          "Metadata": null
        }
      ],
      "Attributes": null
    }
  ],
  "ServiceConfig": null,
  "Attributes": null
}
[34m2026-10-08 04:24:59.408 UTC 0029 INFO[0m [grpc] [34;1mAddTraceEvent[0m -> [core] [Channel #7 SubChannel #8]Subchannel created
[34m2026-10-08 04:24:59.408 UTC 002a INFO[0m [grpc] [34;1mAddTraceEvent[0m -> [core] [Channel #7]Channel Connectivity change to CONNECTING
[34m2026-10-08 04:24:59.408 UTC 002b INFO[0m [grpc] [34;1mAddTraceEvent[0m -> [core] [Channel #7]Channel exiting idle mode
[34m2026-10-08 04:24:59.408 UTC 002c INFO[0m [grpc] [34;1mAddTraceEvent[0m -> [core] [Channel #7 SubChannel #8]Subchannel Connectivity change to CONNECTING
[34m2026-10-08 04:24:59.408 UTC 002d INFO[0m [grpc] [34;1mAddTraceEvent[0m -> [core] [Channel #7 SubChannel #8]Subchannel picks a new address "localhost:7050" to connect
[34m2026-10-08 04:24:59.408 UTC 002e INFO[0m [grpc] [34;1mInfof[0m -> [pick-first-lb] [pick-first-lb 0xc00048afc0] Received SubConn state update: 0xc00048b020, {ConnectivityState:CONNECTING ConnectionError:<nil> connectedAddress:{Addr: ServerName: Attributes:<nil> BalancerAttributes:<nil> Metadata:<nil>}}
[34m2026-10-08 04:24:59.410 UTC 002f INFO[0m [grpc] [34;1mAddTraceEvent[0m -> [core] [Channel #7 SubChannel #8]Subchannel Connectivity change to READY
[34m2026-10-08 04:24:59.410 UTC 0030 INFO[0m [grpc] [34;1mInfof[0m -> [pick-first-lb] [pick-first-lb 0xc00048afc0] Received SubConn state update: 0xc00048b020, {ConnectivityState:READY ConnectionError:<nil> connectedAddress:{Addr:localhost:7050 ServerName:orderer.example.com Attributes:<nil> BalancerAttributes:<nil> Metadata:<nil>}}
[34m2026-10-08 04:24:59.410 UTC 0031 INFO[0m [grpc] [34;1mAddTraceEvent[0m -> [core] [Channel #7]Channel Connectivity change to READY
[34m2026-10-08 04:24:59.475 UTC 0032 INFO[0m [chaincodeCmd] [34;1mClientWait[0m -> txid [ee0c9f4fba3845cdc7e2b3643dd8574249e352b2edb4d2237ad03cd8623e09f7] committed with status (VALID) at localhost:9051
[0;32mChaincode definition approved on peer0.org2 on channel 'mychannel'[0m
[0;34mUsing organization 1[0m
[0;34mChecking the commit readiness of the chaincode definition on peer0.org1 on channel 'mychannel'...[0m
[0;34mAttempting to check the commit readiness of the chaincode definition on peer0.org1, Retry after 3 seconds.[0m
+ peer lifecycle chaincode checkcommitreadiness --channelID mychannel --name bzt --version 1.0 --sequence 1 --output json
+ res=0
[34m2026-10-08 04:25:02.520 UTC 0001 INFO[0m [grpc] [34;1mInfof[0m -> [core] original dial target is: "localhost:7051"
[34m2026-10-08 04:25:02.520 UTC 0002 INFO[0m [grpc] [34;1mAddTraceEvent[0m -> [core] [Channel #1]Channel created
[34m2026-10-08 04:25:02.520 UTC 0003 INFO[0m [grpc] [34;1mAddTraceEvent[0m -> [core] [Channel #1]parsed dial target is: resolver.Target{URL:url.URL{Scheme:"passthrough", Opaque:"", User:(*url.Userinfo)(nil), Host:"", Path:"/localhost:7051", RawPath:"", OmitHost:false, ForceQuery:false, RawQuery:"", Fragment:"", RawFragment:""}}
[34m2026-10-08 04:25:02.520 UTC 0004 INFO[0m [grpc] [34;1mAddTraceEvent[0m -> [core] [Channel #1]Channel authority set to "localhost:7051"
[34m2026-10-08 04:25:02.521 UTC 0005 INFO[0m [grpc] [34;1mAddTraceEvent[0m -> [core] [Channel #1]Resolver state updated: {
  "Addresses": [
    {
      "Addr": "localhost:7051",
      "ServerName": "",
      "Attributes": null,
      "BalancerAttributes": null,
      "Metadata": null
    }
  ],
  "Endpoints": [
    {
      "Addresses": [
        {
          "Addr": "localhost:7051",
          "ServerName": "",
          "Attributes": null,
          "BalancerAttributes": null,
          "Metadata": null
        }
      ],
      "Attributes": null
    }
  ],
  "ServiceConfig": null,
  "Attributes": null
} (resolver returned new addresses)
[34m2026-10-08 04:25:02.521 UTC 0006 INFO[0m [grpc] [34;1mAddTraceEvent[0m -> [core] [Channel #1]Channel switches to new LB policy "pick_first"
[34m2026-10-08 04:25:02.521 UTC 0007 INFO[0m [grpc] [34;1mInfof[0m -> [pick-first-lb] [pick-first-lb 0xc000409ad0] Received new config {
  "shuffleAddressList": false
}, resolver state {
  "Addresses": [
    {
      "Addr": "localhost:7051",
      "ServerName": "",
      "Attributes": null,
      "BalancerAttributes": null,
      "Metadata": null
    }
  ],
  "Endpoints": [
    {
      "Addresses": [
        {
          "Addr": "localhost:7051",
          "ServerName": "",
          "Attributes": null,
          "BalancerAttributes": null,
          "Metadata": null
        }
      ],
      "Attributes": null
    }
  ],
  "ServiceConfig": null,
  "Attributes": null
}
[34m2026-10-08 04:25:02.521 UTC 0008 INFO[0m [grpc] [34;1mAddTraceEvent[0m -> [core] [Channel #1 SubChannel #2]Subchannel created
[34m2026-10-08 04:25:02.521 UTC 0009 INFO[0m [grpc] [34;1mAddTraceEvent[0m -> [core] [Channel #1]Channel Connectivity change to CONNECTING
[34m2026-10-08 04:25:02.521 UTC 000a INFO[0m [grpc] [34;1mAddTraceEvent[0m -> [core] [Channel #1]Channel exiting idle mode
[34m2026-10-08 04:25:02.521 UTC 000b INFO[0m [grpc] [34;1mAddTraceEvent[0m -> [core] [Channel #1 SubChannel #2]Subchannel Connectivity change to CONNECTING
[34m2026-10-08 04:25:02.521 UTC 000c INFO[0m [grpc] [34;1mAddTraceEvent[0m -> [core] [Channel #1 SubChannel #2]Subchannel picks a new address "localhost:7051" to connect
[34m2026-10-08 04:25:02.521 UTC 000d INFO[0m [grpc] [34;1mInfof[0m -> [pick-first-lb] [pick-first-lb 0xc000409ad0] Received SubConn state update: 0xc000409b60, {ConnectivityState:CONNECTING ConnectionError:<nil> connectedAddress:{Addr: ServerName: Attributes:<nil> BalancerAttributes:<nil> Metadata:<nil>}}
[34m2026-10-08 04:25:02.523 UTC 000e INFO[0m [grpc] [34;1mAddTraceEvent[0m -> [core] [Channel #1 SubChannel #2]Subchannel Connectivity change to READY
[34m2026-10-08 04:25:02.523 UTC 000f INFO[0m [grpc] [34;1mInfof[0m -> [pick-first-lb] [pick-first-lb 0xc000409ad0] Received SubConn state update: 0xc000409b60, {ConnectivityState:READY ConnectionError:<nil> connectedAddress:{Addr:localhost:7051 ServerName:localhost:7051 Attributes:<nil> BalancerAttributes:<nil> Metadata:<nil>}}
[34m2026-10-08 04:25:02.524 UTC 0010 INFO[0m [grpc] [34;1mAddTraceEvent[0m -> [core] [Channel #1]Channel Connectivity change to READY
[34m2026-10-08 04:25:02.524 UTC 0011 INFO[0m [grpc] [34;1mInfof[0m -> [core] original dial target is: "localhost:7051"
[34m2026-10-08 04:25:02.524 UTC 0012 INFO[0m [grpc] [34;1mAddTraceEvent[0m -> [core] [Channel #4]Channel created
[34m2026-10-08 04:25:02.524 UTC 0013 INFO[0m [grpc] [34;1mAddTraceEvent[0m -> [core] [Channel #4]parsed dial target is: resolver.Target{URL:url.URL{Scheme:"passthrough", Opaque:"", User:(*url.Userinfo)(nil), Host:"", Path:"/localhost:7051", RawPath:"", OmitHost:false, ForceQuery:false, RawQuery:"", Fragment:"", RawFragment:""}}
[34m2026-10-08 04:25:02.524 UTC 0014 INFO[0m [grpc] [34;1mAddTraceEvent[0m -> [core] [Channel #4]Channel authority set to "localhost:7051"
[34m2026-10-08 04:25:02.524 UTC 0015 INFO[0m [grpc] [34;1mAddTraceEvent[0m -> [core] [Channel #4]Resolver state updated: {
  "Addresses": [
    {
      "Addr": "localhost:7051",
      "ServerName": "",
      "Attributes": null,
      "BalancerAttributes": null,
      "Metadata": null
    }
  ],
  "Endpoints": [
    {
      "Addresses": [
        {
          "Addr": "localhost:7051",
          "ServerName": "",
          "Attributes": null,
          "BalancerAttributes": null,
          "Metadata": null
        }
      ],
      "Attributes": null
    }
  ],
  "ServiceConfig": null,
  "Attributes": null
} (resolver returned new addresses)
[34m2026-10-08 04:25:02.524 UTC 0016 INFO[0m [grpc] [34;1mAddTraceEvent[0m -> [core] [Channel #4]Channel switches to new LB policy "pick_first"
[34m2026-10-08 04:25:02.524 UTC 0017 INFO[0m [grpc] [34;1mInfof[0m -> [pick-first-lb] [pick-first-lb 0xc000409d40] Received new config {
  "shuffleAddressList": false
}, resolver state {
  "Addresses": [
    {
      "Addr": "localhost:7051",
      "ServerName": "",
      "Attributes": null,
      "BalancerAttributes": null,
      "Metadata": null
    }
  ],
  "Endpoints": [
    {
      "Addresses": [
        {
          "Addr": "localhost:7051",
          "ServerName": "",
          "Attributes": null,
          "BalancerAttributes": null,
          "Metadata": null
        }
      ],
      "Attributes": null
    }
  ],
  "ServiceConfig": null,
  "Attributes": null
}
[34m2026-10-08 04:25:02.524 UTC 0018 INFO[0m [grpc] [34;1mAddTraceEvent[0m -> [core] [Channel #4 SubChannel #5]Subchannel created
[34m2026-10-08 04:25:02.524 UTC 0019 INFO[0m [grpc] [34;1mAddTraceEvent[0m -> [core] [Channel #4]Channel Connectivity change to CONNECTING
[34m2026-10-08 04:25:02.524 UTC 001a INFO[0m [grpc] [34;1mAddTraceEvent[0m -> [core] [Channel #4]Channel exiting idle mode
[34m2026-10-08 04:25:02.524 UTC 001b INFO[0m [grpc] [34;1mAddTraceEvent[0m -> [core] [Channel #4 SubChannel #5]Subchannel Connectivity change to CONNECTING
[34m2026-10-08 04:25:02.524 UTC 001c INFO[0m [grpc] [34;1mAddTraceEvent[0m -> [core] [Channel #4 SubChannel #5]Subchannel picks a new address "localhost:7051" to connect
[34m2026-10-08 04:25:02.524 UTC 001d INFO[0m [grpc] [34;1mInfof[0m -> [pick-first-lb] [pick-first-lb 0xc000409d40] Received SubConn state update: 0xc000409da0, {ConnectivityState:CONNECTING ConnectionError:<nil> connectedAddress:{Addr: ServerName: Attributes:<nil> BalancerAttributes:<nil> Metadata:<nil>}}
[34m2026-10-08 04:25:02.525 UTC 001e INFO[0m [grpc] [34;1mAddTraceEvent[0m -> [core] [Channel #4 SubChannel #5]Subchannel Connectivity change to READY
[34m2026-10-08 04:25:02.526 UTC 001f INFO[0m [grpc] [34;1mInfof[0m -> [pick-first-lb] [pick-first-lb 0xc000409d40] Received SubConn state update: 0xc000409da0, {ConnectivityState:READY ConnectionError:<nil> connectedAddress:{Addr:localhost:7051 ServerName:localhost:7051 Attributes:<nil> BalancerAttributes:<nil> Metadata:<nil>}}
[34m2026-10-08 04:25:02.526 UTC 0020 INFO[0m [grpc] [34;1mAddTraceEvent[0m -> [core] [Channel #4]Channel Connectivity change to READY
{
	"approvals": {
		"Org1MSP": true,
		"Org2MSP": true
	}
}
[0;34mChecking the commit readiness of the chaincode definition successful on peer0.org1 on channel 'mychannel'[0m
[0;34mUsing organization 2[0m
[0;34mChecking the commit readiness of the chaincode definition on peer0.org2 on channel 'mychannel'...[0m
[0;34mAttempting to check the commit readiness of the chaincode definition on peer0.org2, Retry after 3 seconds.[0m
+ peer lifecycle chaincode checkcommitreadiness --channelID mychannel --name bzt --version 1.0 --sequence 1 --output json
+ res=0
[34m2026-10-08 04:25:05.576 UTC 0001 INFO[0m [grpc] [34;1mInfof[0m -> [core] original dial target is: "localhost:9051"
[34m2026-10-08 04:25:05.576 UTC 0002 INFO[0m [grpc] [34;1mAddTraceEvent[0m -> [core] [Channel #1]Channel created
[34m2026-10-08 04:25:05.576 UTC 0003 INFO[0m [grpc] [34;1mAddTraceEvent[0m -> [core] [Channel #1]parsed dial target is: resolver.Target{URL:url.URL{Scheme:"passthrough", Opaque:"", User:(*url.Userinfo)(nil), Host:"", Path:"/localhost:9051", RawPath:"", OmitHost:false, ForceQuery:false, RawQuery:"", Fragment:"", RawFragment:""}}
[34m2026-10-08 04:25:05.576 UTC 0004 INFO[0m [grpc] [34;1mAddTraceEvent[0m -> [core] [Channel #1]Channel authority set to "localhost:9051"
[34m2026-10-08 04:25:05.576 UTC 0005 INFO[0m [grpc] [34;1mAddTraceEvent[0m -> [core] [Channel #1]Resolver state updated: {
  "Addresses": [
    {
      "Addr": "localhost:9051",
      "ServerName": "",
      "Attributes": null,
      "BalancerAttributes": null,
      "Metadata": null
    }
  ],
  "Endpoints": [
    {
      "Addresses": [
        {
          "Addr": "localhost:9051",
          "ServerName": "",
          "Attributes": null,
          "BalancerAttributes": null,
          "Metadata": null
        }
      ],
      "Attributes": null
    }
  ],
  "ServiceConfig": null,
  "Attributes": null
} (resolver returned new addresses)
[34m2026-10-08 04:25:05.577 UTC 0006 INFO[0m [grpc] [34;1mAddTraceEvent[0m -> [core] [Channel #1]Channel switches to new LB policy "pick_first"
[34m2026-10-08 04:25:05.577 UTC 0007 INFO[0m [grpc] [34;1mInfof[0m -> [pick-first-lb] [pick-first-lb 0xc0004159e0] Received new config {
  "shuffleAddressList": false
}, resolver state {
  "Addresses": [
    {
      "Addr": "localhost:9051",
      "ServerName": "",
      "Attributes": null,
      "BalancerAttributes": null,
      "Metadata": null
    }
  ],
  "Endpoints": [
    {
      "Addresses": [
        {
          "Addr": "localhost:9051",
          "ServerName": "",
          "Attributes": null,
          "BalancerAttributes": null,
          "Metadata": null
        }
      ],
      "Attributes": null
    }
  ],
  "ServiceConfig": null,
  "Attributes": null
}
[34m2026-10-08 04:25:05.577 UTC 0008 INFO[0m [grpc] [34;1mAddTraceEvent[0m -> [core] [Channel #1 SubChannel #2]Subchannel created
[34m2026-10-08 04:25:05.577 UTC 0009 INFO[0m [grpc] [34;1mAddTraceEvent[0m -> [core] [Channel #1]Channel Connectivity change to CONNECTING
[34m2026-10-08 04:25:05.577 UTC 000a INFO[0m [grpc] [34;1mAddTraceEvent[0m -> [core] [Channel #1]Channel exiting idle mode
[34m2026-10-08 04:25:05.577 UTC 000b INFO[0m [grpc] [34;1mAddTraceEvent[0m -> [core] [Channel #1 SubChannel #2]Subchannel Connectivity change to CONNECTING
[34m2026-10-08 04:25:05.577 UTC 000c INFO[0m [grpc] [34;1mAddTraceEvent[0m -> [core] [Channel #1 SubChannel #2]Subchannel picks a new address "localhost:9051" to connect
[34m2026-10-08 04:25:05.577 UTC 000d INFO[0m [grpc] [34;1mInfof[0m -> [pick-first-lb] [pick-first-lb 0xc0004159e0] Received SubConn state update: 0xc000415a70, {ConnectivityState:CONNECTING ConnectionError:<nil> connectedAddress:{Addr: ServerName: Attributes:<nil> BalancerAttributes:<nil> Metadata:<nil>}}
[34m2026-10-08 04:25:05.579 UTC 000e INFO[0m [grpc] [34;1mAddTraceEvent[0m -> [core] [Channel #1 SubChannel #2]Subchannel Connectivity change to READY
[34m2026-10-08 04:25:05.580 UTC 000f INFO[0m [grpc] [34;1mInfof[0m -> [pick-first-lb] [pick-first-lb 0xc0004159e0] Received SubConn state update: 0xc000415a70, {ConnectivityState:READY ConnectionError:<nil> connectedAddress:{Addr:localhost:9051 ServerName:localhost:9051 Attributes:<nil> BalancerAttributes:<nil> Metadata:<nil>}}
[34m2026-10-08 04:25:05.580 UTC 0010 INFO[0m [grpc] [34;1mAddTraceEvent[0m -> [core] [Channel #1]Channel Connectivity change to READY
[34m2026-10-08 04:25:05.580 UTC 0011 INFO[0m [grpc] [34;1mInfof[0m -> [core] original dial target is: "localhost:9051"
[34m2026-10-08 04:25:05.580 UTC 0012 INFO[0m [grpc] [34;1mAddTraceEvent[0m -> [core] [Channel #4]Channel created
[34m2026-10-08 04:25:05.580 UTC 0013 INFO[0m [grpc] [34;1mAddTraceEvent[0m -> [core] [Channel #4]parsed dial target is: resolver.Target{URL:url.URL{Scheme:"passthrough", Opaque:"", User:(*url.Userinfo)(nil), Host:"", Path:"/localhost:9051", RawPath:"", OmitHost:false, ForceQuery:false, RawQuery:"", Fragment:"", RawFragment:""}}
[34m2026-10-08 04:25:05.580 UTC 0014 INFO[0m [grpc] [34;1mAddTraceEvent[0m -> [core] [Channel #4]Channel authority set to "localhost:9051"
[34m2026-10-08 04:25:05.580 UTC 0015 INFO[0m [grpc] [34;1mAddTraceEvent[0m -> [core] [Channel #4]Resolver state updated: {
  "Addresses": [
    {
      "Addr": "localhost:9051",
      "ServerName": "",
      "Attributes": null,
      "BalancerAttributes": null,
      "Metadata": null
    }
  ],
  "Endpoints": [
    {
      "Addresses": [
        {
          "Addr": "localhost:9051",
          "ServerName": "",
          "Attributes": null,
          "BalancerAttributes": null,
          "Metadata": null
        }
      ],
      "Attributes": null
    }
  ],
  "ServiceConfig": null,
  "Attributes": null
} (resolver returned new addresses)
[34m2026-10-08 04:25:05.580 UTC 0016 INFO[0m [grpc] [34;1mAddTraceEvent[0m -> [core] [Channel #4]Channel switches to new LB policy "pick_first"
[34m2026-10-08 04:25:05.580 UTC 0017 INFO[0m [grpc] [34;1mInfof[0m -> [pick-first-lb] [pick-first-lb 0xc000414900] Received new config {
  "shuffleAddressList": false
}, resolver state {
  "Addresses": [
    {
      "Addr": "localhost:9051",
      "ServerName": "",
      "Attributes": null,
      "BalancerAttributes": null,
      "Metadata": null
    }
  ],
  "Endpoints": [
    {
      "Addresses": [
        {
          "Addr": "localhost:9051",
          "ServerName": "",
          "Attributes": null,
          "BalancerAttributes": null,
          "Metadata": null
        }
      ],
      "Attributes": null
    }
  ],
  "ServiceConfig": null,
  "Attributes": null
}
[34m2026-10-08 04:25:05.580 UTC 0018 INFO[0m [grpc] [34;1mAddTraceEvent[0m -> [core] [Channel #4 SubChannel #5]Subchannel created
[34m2026-10-08 04:25:05.580 UTC 0019 INFO[0m [grpc] [34;1mAddTraceEvent[0m -> [core] [Channel #4]Channel Connectivity change to CONNECTING
[34m2026-10-08 04:25:05.580 UTC 001a INFO[0m [grpc] [34;1mAddTraceEvent[0m -> [core] [Channel #4]Channel exiting idle mode
[34m2026-10-08 04:25:05.580 UTC 001b INFO[0m [grpc] [34;1mAddTraceEvent[0m -> [core] [Channel #4 SubChannel #5]Subchannel Connectivity change to CONNECTING
[34m2026-10-08 04:25:05.580 UTC 001c INFO[0m [grpc] [34;1mAddTraceEvent[0m -> [core] [Channel #4 SubChannel #5]Subchannel picks a new address "localhost:9051" to connect
[34m2026-10-08 04:25:05.580 UTC 001d INFO[0m [grpc] [34;1mInfof[0m -> [pick-first-lb] [pick-first-lb 0xc000414900] Received SubConn state update: 0xc000414960, {ConnectivityState:CONNECTING ConnectionError:<nil> connectedAddress:{Addr: ServerName: Attributes:<nil> BalancerAttributes:<nil> Metadata:<nil>}}
[34m2026-10-08 04:25:05.582 UTC 001e INFO[0m [grpc] [34;1mAddTraceEvent[0m -> [core] [Channel #4 SubChannel #5]Subchannel Connectivity change to READY
[34m2026-10-08 04:25:05.582 UTC 001f INFO[0m [grpc] [34;1mInfof[0m -> [pick-first-lb] [pick-first-lb 0xc000414900] Received SubConn state update: 0xc000414960, {ConnectivityState:READY ConnectionError:<nil> connectedAddress:{Addr:localhost:9051 ServerName:localhost:9051 Attributes:<nil> BalancerAttributes:<nil> Metadata:<nil>}}
[34m2026-10-08 04:25:05.582 UTC 0020 INFO[0m [grpc] [34;1mAddTraceEvent[0m -> [core] [Channel #4]Channel Connectivity change to READY
{
	"approvals": {
		"Org1MSP": true,
		"Org2MSP": true
	}
}
[0;34mChecking the commit readiness of the chaincode definition successful on peer0.org2 on channel 'mychannel'[0m
[0;34mUsing organization 1[0m
[0;34mUsing organization 2[0m
+ peer lifecycle chaincode commit -o localhost:7050 --ordererTLSHostnameOverride orderer.example.com --tls --cafile /home/runner/work/bzt-id-experiments/bzt-id-experiments/fabric-samples/test-network/organizations/ordererOrganizations/example.com/tlsca/tlsca.example.com-cert.pem --channelID mychannel --name bzt --peerAddresses localhost:7051 --tlsRootCertFiles /home/runner/work/bzt-id-experiments/bzt-id-experiments/fabric-samples/test-network/organizations/peerOrganizations/org1.example.com/tlsca/tlsca.org1.example.com-cert.pem --peerAddresses localhost:9051 --tlsRootCertFiles /home/runner/work/bzt-id-experiments/bzt-id-experiments/fabric-samples/test-network/organizations/peerOrganizations/org2.example.com/tlsca/tlsca.org2.example.com-cert.pem --version 1.0 --sequence 1
+ res=0
[34m2026-10-08 04:25:05.631 UTC 0001 INFO[0m [grpc] [34;1mInfof[0m -> [core] original dial target is: "localhost:7051"
[34m2026-10-08 04:25:05.631 UTC 0002 INFO[0m [grpc] [34;1mAddTraceEvent[0m -> [core] [Channel #1]Channel created
[34m2026-10-08 04:25:05.631 UTC 0003 INFO[0m [grpc] [34;1mAddTraceEvent[0m -> [core] [Channel #1]parsed dial target is: resolver.Target{URL:url.URL{Scheme:"passthrough", Opaque:"", User:(*url.Userinfo)(nil), Host:"", Path:"/localhost:7051", RawPath:"", OmitHost:false, ForceQuery:false, RawQuery:"", Fragment:"", RawFragment:""}}
[34m2026-10-08 04:25:05.631 UTC 0004 INFO[0m [grpc] [34;1mAddTraceEvent[0m -> [core] [Channel #1]Channel authority set to "localhost:7051"
[34m2026-10-08 04:25:05.632 UTC 0005 INFO[0m [grpc] [34;1mAddTraceEvent[0m -> [core] [Channel #1]Resolver state updated: {
  "Addresses": [
    {
      "Addr": "localhost:7051",
      "ServerName": "",
      "Attributes": null,
      "BalancerAttributes": null,
      "Metadata": null
    }
  ],
  "Endpoints": [
    {
      "Addresses": [
        {
          "Addr": "localhost:7051",
          "ServerName": "",
          "Attributes": null,
          "BalancerAttributes": null,
          "Metadata": null
        }
      ],
      "Attributes": null
    }
  ],
  "ServiceConfig": null,
  "Attributes": null
} (resolver returned new addresses)
[34m2026-10-08 04:25:05.632 UTC 0006 INFO[0m [grpc] [34;1mAddTraceEvent[0m -> [core] [Channel #1]Channel switches to new LB policy "pick_first"
[34m2026-10-08 04:25:05.632 UTC 0007 INFO[0m [grpc] [34;1mInfof[0m -> [pick-first-lb] [pick-first-lb 0xc00029cf90] Received new config {
  "shuffleAddressList": false
}, resolver state {
  "Addresses": [
    {
      "Addr": "localhost:7051",
      "ServerName": "",
      "Attributes": null,
      "BalancerAttributes": null,
      "Metadata": null
    }
  ],
  "Endpoints": [
    {
      "Addresses": [
        {
          "Addr": "localhost:7051",
          "ServerName": "",
          "Attributes": null,
          "BalancerAttributes": null,
          "Metadata": null
        }
      ],
      "Attributes": null
    }
  ],
  "ServiceConfig": null,
  "Attributes": null
}
[34m2026-10-08 04:25:05.632 UTC 0008 INFO[0m [grpc] [34;1mAddTraceEvent[0m -> [core] [Channel #1 SubChannel #2]Subchannel created
[34m2026-10-08 04:25:05.632 UTC 0009 INFO[0m [grpc] [34;1mAddTraceEvent[0m -> [core] [Channel #1]Channel Connectivity change to CONNECTING
[34m2026-10-08 04:25:05.632 UTC 000a INFO[0m [grpc] [34;1mAddTraceEvent[0m -> [core] [Channel #1]Channel exiting idle mode
[34m2026-10-08 04:25:05.632 UTC 000b INFO[0m [grpc] [34;1mAddTraceEvent[0m -> [core] [Channel #1 SubChannel #2]Subchannel Connectivity change to CONNECTING
[34m2026-10-08 04:25:05.632 UTC 000c INFO[0m [grpc] [34;1mAddTraceEvent[0m -> [core] [Channel #1 SubChannel #2]Subchannel picks a new address "localhost:7051" to connect
[34m2026-10-08 04:25:05.632 UTC 000d INFO[0m [grpc] [34;1mInfof[0m -> [pick-first-lb] [pick-first-lb 0xc00029cf90] Received SubConn state update: 0xc00029d530, {ConnectivityState:CONNECTING ConnectionError:<nil> connectedAddress:{Addr: ServerName: Attributes:<nil> BalancerAttributes:<nil> Metadata:<nil>}}
[34m2026-10-08 04:25:05.634 UTC 000e INFO[0m [grpc] [34;1mAddTraceEvent[0m -> [core] [Channel #1 SubChannel #2]Subchannel Connectivity change to READY
[34m2026-10-08 04:25:05.634 UTC 000f INFO[0m [grpc] [34;1mInfof[0m -> [pick-first-lb] [pick-first-lb 0xc00029cf90] Received SubConn state update: 0xc00029d530, {ConnectivityState:READY ConnectionError:<nil> connectedAddress:{Addr:localhost:7051 ServerName:localhost:7051 Attributes:<nil> BalancerAttributes:<nil> Metadata:<nil>}}
[34m2026-10-08 04:25:05.634 UTC 0010 INFO[0m [grpc] [34;1mAddTraceEvent[0m -> [core] [Channel #1]Channel Connectivity change to READY
[34m2026-10-08 04:25:05.634 UTC 0011 INFO[0m [grpc] [34;1mInfof[0m -> [core] original dial target is: "localhost:7051"
[34m2026-10-08 04:25:05.634 UTC 0012 INFO[0m [grpc] [34;1mAddTraceEvent[0m -> [core] [Channel #4]Channel created
[34m2026-10-08 04:25:05.634 UTC 0013 INFO[0m [grpc] [34;1mAddTraceEvent[0m -> [core] [Channel #4]parsed dial target is: resolver.Target{URL:url.URL{Scheme:"passthrough", Opaque:"", User:(*url.Userinfo)(nil), Host:"", Path:"/localhost:7051", RawPath:"", OmitHost:false, ForceQuery:false, RawQuery:"", Fragment:"", RawFragment:""}}
[34m2026-10-08 04:25:05.634 UTC 0014 INFO[0m [grpc] [34;1mAddTraceEvent[0m -> [core] [Channel #4]Channel authority set to "localhost:7051"
[34m2026-10-08 04:25:05.634 UTC 0015 INFO[0m [grpc] [34;1mAddTraceEvent[0m -> [core] [Channel #4]Resolver state updated: {
  "Addresses": [
    {
      "Addr": "localhost:7051",
      "ServerName": "",
      "Attributes": null,
      "BalancerAttributes": null,
      "Metadata": null
    }
  ],
  "Endpoints": [
    {
      "Addresses": [
        {
          "Addr": "localhost:7051",
          "ServerName": "",
          "Attributes": null,
          "BalancerAttributes": null,
          "Metadata": null
        }
      ],
      "Attributes": null
    }
  ],
  "ServiceConfig": null,
  "Attributes": null
} (resolver returned new addresses)
[34m2026-10-08 04:25:05.634 UTC 0016 INFO[0m [grpc] [34;1mAddTraceEvent[0m -> [core] [Channel #4]Channel switches to new LB policy "pick_first"
[34m2026-10-08 04:25:05.634 UTC 0017 INFO[0m [grpc] [34;1mInfof[0m -> [pick-first-lb] [pick-first-lb 0xc00042c870] Received new config {
  "shuffleAddressList": false
}, resolver state {
  "Addresses": [
    {
      "Addr": "localhost:7051",
      "ServerName": "",
      "Attributes": null,
      "BalancerAttributes": null,
      "Metadata": null
    }
  ],
  "Endpoints": [
    {
      "Addresses": [
        {
          "Addr": "localhost:7051",
          "ServerName": "",
          "Attributes": null,
          "BalancerAttributes": null,
          "Metadata": null
        }
      ],
      "Attributes": null
    }
  ],
  "ServiceConfig": null,
  "Attributes": null
}
[34m2026-10-08 04:25:05.634 UTC 0018 INFO[0m [grpc] [34;1mAddTraceEvent[0m -> [core] [Channel #4 SubChannel #5]Subchannel created
[34m2026-10-08 04:25:05.634 UTC 0019 INFO[0m [grpc] [34;1mAddTraceEvent[0m -> [core] [Channel #4]Channel Connectivity change to CONNECTING
[34m2026-10-08 04:25:05.634 UTC 001a INFO[0m [grpc] [34;1mAddTraceEvent[0m -> [core] [Channel #4]Channel exiting idle mode
[34m2026-10-08 04:25:05.634 UTC 001b INFO[0m [grpc] [34;1mAddTraceEvent[0m -> [core] [Channel #4 SubChannel #5]Subchannel Connectivity change to CONNECTING
[34m2026-10-08 04:25:05.634 UTC 001c INFO[0m [grpc] [34;1mAddTraceEvent[0m -> [core] [Channel #4 SubChannel #5]Subchannel picks a new address "localhost:7051" to connect
[34m2026-10-08 04:25:05.634 UTC 001d INFO[0m [grpc] [34;1mInfof[0m -> [pick-first-lb] [pick-first-lb 0xc00042c870] Received SubConn state update: 0xc00042c8d0, {ConnectivityState:CONNECTING ConnectionError:<nil> connectedAddress:{Addr: ServerName: Attributes:<nil> BalancerAttributes:<nil> Metadata:<nil>}}
[34m2026-10-08 04:25:05.636 UTC 001e INFO[0m [grpc] [34;1mAddTraceEvent[0m -> [core] [Channel #4 SubChannel #5]Subchannel Connectivity change to READY
[34m2026-10-08 04:25:05.636 UTC 001f INFO[0m [grpc] [34;1mInfof[0m -> [pick-first-lb] [pick-first-lb 0xc00042c870] Received SubConn state update: 0xc00042c8d0, {ConnectivityState:READY ConnectionError:<nil> connectedAddress:{Addr:localhost:7051 ServerName:localhost:7051 Attributes:<nil> BalancerAttributes:<nil> Metadata:<nil>}}
[34m2026-10-08 04:25:05.636 UTC 0020 INFO[0m [grpc] [34;1mAddTraceEvent[0m -> [core] [Channel #4]Channel Connectivity change to READY
[34m2026-10-08 04:25:05.636 UTC 0021 INFO[0m [grpc] [34;1mInfof[0m -> [core] original dial target is: "localhost:9051"
[34m2026-10-08 04:25:05.636 UTC 0022 INFO[0m [grpc] [34;1mAddTraceEvent[0m -> [core] [Channel #7]Channel created
[34m2026-10-08 04:25:05.636 UTC 0023 INFO[0m [grpc] [34;1mAddTraceEvent[0m -> [core] [Channel #7]parsed dial target is: resolver.Target{URL:url.URL{Scheme:"passthrough", Opaque:"", User:(*url.Userinfo)(nil), Host:"", Path:"/localhost:9051", RawPath:"", OmitHost:false, ForceQuery:false, RawQuery:"", Fragment:"", RawFragment:""}}
[34m2026-10-08 04:25:05.636 UTC 0024 INFO[0m [grpc] [34;1mAddTraceEvent[0m -> [core] [Channel #7]Channel authority set to "localhost:9051"
[34m2026-10-08 04:25:05.636 UTC 0025 INFO[0m [grpc] [34;1mAddTraceEvent[0m -> [core] [Channel #7]Resolver state updated: {
  "Addresses": [
    {
      "Addr": "localhost:9051",
      "ServerName": "",
      "Attributes": null,
      "BalancerAttributes": null,
      "Metadata": null
    }
  ],
  "Endpoints": [
    {
      "Addresses": [
        {
          "Addr": "localhost:9051",
          "ServerName": "",
          "Attributes": null,
          "BalancerAttributes": null,
          "Metadata": null
        }
      ],
      "Attributes": null
    }
  ],
  "ServiceConfig": null,
  "Attributes": null
} (resolver returned new addresses)
[34m2026-10-08 04:25:05.637 UTC 0026 INFO[0m [grpc] [34;1mAddTraceEvent[0m -> [core] [Channel #7]Channel switches to new LB policy "pick_first"
[34m2026-10-08 04:25:05.637 UTC 0027 INFO[0m [grpc] [34;1mInfof[0m -> [pick-first-lb] [pick-first-lb 0xc00042cc00] Received new config {
  "shuffleAddressList": false
}, resolver state {
  "Addresses": [
    {
      "Addr": "localhost:9051",
      "ServerName": "",
      "Attributes": null,
      "BalancerAttributes": null,
      "Metadata": null
    }
  ],
  "Endpoints": [
    {
      "Addresses": [
        {
          "Addr": "localhost:9051",
          "ServerName": "",
          "Attributes": null,
          "BalancerAttributes": null,
          "Metadata": null
        }
      ],
      "Attributes": null
    }
  ],
  "ServiceConfig": null,
  "Attributes": null
}
[34m2026-10-08 04:25:05.637 UTC 0028 INFO[0m [grpc] [34;1mAddTraceEvent[0m -> [core] [Channel #7 SubChannel #8]Subchannel created
[34m2026-10-08 04:25:05.637 UTC 0029 INFO[0m [grpc] [34;1mAddTraceEvent[0m -> [core] [Channel #7]Channel Connectivity change to CONNECTING
[34m2026-10-08 04:25:05.637 UTC 002a INFO[0m [grpc] [34;1mAddTraceEvent[0m -> [core] [Channel #7]Channel exiting idle mode
[34m2026-10-08 04:25:05.637 UTC 002b INFO[0m [grpc] [34;1mAddTraceEvent[0m -> [core] [Channel #7 SubChannel #8]Subchannel Connectivity change to CONNECTING
[34m2026-10-08 04:25:05.637 UTC 002c INFO[0m [grpc] [34;1mAddTraceEvent[0m -> [core] [Channel #7 SubChannel #8]Subchannel picks a new address "localhost:9051" to connect
[34m2026-10-08 04:25:05.637 UTC 002d INFO[0m [grpc] [34;1mInfof[0m -> [pick-first-lb] [pick-first-lb 0xc00042cc00] Received SubConn state update: 0xc00042cc60, {ConnectivityState:CONNECTING ConnectionError:<nil> connectedAddress:{Addr: ServerName: Attributes:<nil> BalancerAttributes:<nil> Metadata:<nil>}}
[34m2026-10-08 04:25:05.638 UTC 002e INFO[0m [grpc] [34;1mAddTraceEvent[0m -> [core] [Channel #7 SubChannel #8]Subchannel Connectivity change to READY
[34m2026-10-08 04:25:05.638 UTC 002f INFO[0m [grpc] [34;1mInfof[0m -> [pick-first-lb] [pick-first-lb 0xc00042cc00] Received SubConn state update: 0xc00042cc60, {ConnectivityState:READY ConnectionError:<nil> connectedAddress:{Addr:localhost:9051 ServerName:localhost:9051 Attributes:<nil> BalancerAttributes:<nil> Metadata:<nil>}}
[34m2026-10-08 04:25:05.638 UTC 0030 INFO[0m [grpc] [34;1mAddTraceEvent[0m -> [core] [Channel #7]Channel Connectivity change to READY
[34m2026-10-08 04:25:05.638 UTC 0031 INFO[0m [grpc] [34;1mInfof[0m -> [core] original dial target is: "localhost:9051"
[34m2026-10-08 04:25:05.638 UTC 0032 INFO[0m [grpc] [34;1mAddTraceEvent[0m -> [core] [Channel #10]Channel created
[34m2026-10-08 04:25:05.638 UTC 0033 INFO[0m [grpc] [34;1mAddTraceEvent[0m -> [core] [Channel #10]parsed dial target is: resolver.Target{URL:url.URL{Scheme:"passthrough", Opaque:"", User:(*url.Userinfo)(nil), Host:"", Path:"/localhost:9051", RawPath:"", OmitHost:false, ForceQuery:false, RawQuery:"", Fragment:"", RawFragment:""}}
[34m2026-10-08 04:25:05.638 UTC 0034 INFO[0m [grpc] [34;1mAddTraceEvent[0m -> [core] [Channel #10]Channel authority set to "localhost:9051"
[34m2026-10-08 04:25:05.638 UTC 0035 INFO[0m [grpc] [34;1mAddTraceEvent[0m -> [core] [Channel #10]Resolver state updated: {
  "Addresses": [
    {
      "Addr": "localhost:9051",
      "ServerName": "",
      "Attributes": null,
      "BalancerAttributes": null,
      "Metadata": null
    }
  ],
  "Endpoints": [
    {
      "Addresses": [
        {
          "Addr": "localhost:9051",
          "ServerName": "",
          "Attributes": null,
          "BalancerAttributes": null,
          "Metadata": null
        }
      ],
      "Attributes": null
    }
  ],
  "ServiceConfig": null,
  "Attributes": null
} (resolver returned new addresses)
[34m2026-10-08 04:25:05.639 UTC 0036 INFO[0m [grpc] [34;1mAddTraceEvent[0m -> [core] [Channel #10]Channel switches to new LB policy "pick_first"
[34m2026-10-08 04:25:05.639 UTC 0037 INFO[0m [grpc] [34;1mInfof[0m -> [pick-first-lb] [pick-first-lb 0xc0003caae0] Received new config {
  "shuffleAddressList": false
}, resolver state {
  "Addresses": [
    {
      "Addr": "localhost:9051",
      "ServerName": "",
      "Attributes": null,
      "BalancerAttributes": null,
      "Metadata": null
    }
  ],
  "Endpoints": [
    {
      "Addresses": [
        {
          "Addr": "localhost:9051",
          "ServerName": "",
          "Attributes": null,
          "BalancerAttributes": null,
          "Metadata": null
        }
      ],
      "Attributes": null
    }
  ],
  "ServiceConfig": null,
  "Attributes": null
}
[34m2026-10-08 04:25:05.639 UTC 0038 INFO[0m [grpc] [34;1mAddTraceEvent[0m -> [core] [Channel #10 SubChannel #11]Subchannel created
[34m2026-10-08 04:25:05.639 UTC 0039 INFO[0m [grpc] [34;1mAddTraceEvent[0m -> [core] [Channel #10]Channel Connectivity change to CONNECTING
[34m2026-10-08 04:25:05.639 UTC 003a INFO[0m [grpc] [34;1mAddTraceEvent[0m -> [core] [Channel #10]Channel exiting idle mode
[34m2026-10-08 04:25:05.639 UTC 003b INFO[0m [grpc] [34;1mAddTraceEvent[0m -> [core] [Channel #10 SubChannel #11]Subchannel Connectivity change to CONNECTING
[34m2026-10-08 04:25:05.639 UTC 003c INFO[0m [grpc] [34;1mAddTraceEvent[0m -> [core] [Channel #10 SubChannel #11]Subchannel picks a new address "localhost:9051" to connect
[34m2026-10-08 04:25:05.639 UTC 003d INFO[0m [grpc] [34;1mInfof[0m -> [pick-first-lb] [pick-first-lb 0xc0003caae0] Received SubConn state update: 0xc0003cab40, {ConnectivityState:CONNECTING ConnectionError:<nil> connectedAddress:{Addr: ServerName: Attributes:<nil> BalancerAttributes:<nil> Metadata:<nil>}}
[34m2026-10-08 04:25:05.640 UTC 003e INFO[0m [grpc] [34;1mAddTraceEvent[0m -> [core] [Channel #10 SubChannel #11]Subchannel Connectivity change to READY
[34m2026-10-08 04:25:05.640 UTC 003f INFO[0m [grpc] [34;1mInfof[0m -> [pick-first-lb] [pick-first-lb 0xc0003caae0] Received SubConn state update: 0xc0003cab40, {ConnectivityState:READY ConnectionError:<nil> connectedAddress:{Addr:localhost:9051 ServerName:localhost:9051 Attributes:<nil> BalancerAttributes:<nil> Metadata:<nil>}}
[34m2026-10-08 04:25:05.640 UTC 0040 INFO[0m [grpc] [34;1mAddTraceEvent[0m -> [core] [Channel #10]Channel Connectivity change to READY
[33m2026-10-08 04:25:05.640 UTC 0041 WARN[0m [grpc] [33;1mWarningf[0m -> [core] Adjusting keepalive ping interval to minimum period of 10s
[34m2026-10-08 04:25:05.640 UTC 0042 INFO[0m [grpc] [34;1mInfof[0m -> [core] original dial target is: "localhost:7050"
[34m2026-10-08 04:25:05.640 UTC 0043 INFO[0m [grpc] [34;1mAddTraceEvent[0m -> [core] [Channel #13]Channel created
[34m2026-10-08 04:25:05.640 UTC 0044 INFO[0m [grpc] [34;1mAddTraceEvent[0m -> [core] [Channel #13]parsed dial target is: resolver.Target{URL:url.URL{Scheme:"passthrough", Opaque:"", User:(*url.Userinfo)(nil), Host:"", Path:"/localhost:7050", RawPath:"", OmitHost:false, ForceQuery:false, RawQuery:"", Fragment:"", RawFragment:""}}
[34m2026-10-08 04:25:05.640 UTC 0045 INFO[0m [grpc] [34;1mAddTraceEvent[0m -> [core] [Channel #13]Channel authority set to "orderer.example.com"
[34m2026-10-08 04:25:05.641 UTC 0046 INFO[0m [grpc] [34;1mAddTraceEvent[0m -> [core] [Channel #13]Resolver state updated: {
  "Addresses": [
    {
      "Addr": "localhost:7050",
      "ServerName": "",
      "Attributes": null,
      "BalancerAttributes": null,
      "Metadata": null
    }
  ],
  "Endpoints": [
    {
      "Addresses": [
        {
          "Addr": "localhost:7050",
          "ServerName": "",
          "Attributes": null,
          "BalancerAttributes": null,
          "Metadata": null
        }
      ],
      "Attributes": null
    }
  ],
  "ServiceConfig": null,
  "Attributes": null
} (resolver returned new addresses)
[34m2026-10-08 04:25:05.641 UTC 0047 INFO[0m [grpc] [34;1mAddTraceEvent[0m -> [core] [Channel #13]Channel switches to new LB policy "pick_first"
[34m2026-10-08 04:25:05.641 UTC 0048 INFO[0m [grpc] [34;1mInfof[0m -> [pick-first-lb] [pick-first-lb 0xc00042d620] Received new config {
  "shuffleAddressList": false
}, resolver state {
  "Addresses": [
    {
      "Addr": "localhost:7050",
      "ServerName": "",
      "Attributes": null,
      "BalancerAttributes": null,
      "Metadata": null
    }
  ],
  "Endpoints": [
    {
      "Addresses": [
        {
          "Addr": "localhost:7050",
          "ServerName": "",
          "Attributes": null,
          "BalancerAttributes": null,
          "Metadata": null
        }
      ],
      "Attributes": null
    }
  ],
  "ServiceConfig": null,
  "Attributes": null
}
[34m2026-10-08 04:25:05.641 UTC 0049 INFO[0m [grpc] [34;1mAddTraceEvent[0m -> [core] [Channel #13 SubChannel #14]Subchannel created
[34m2026-10-08 04:25:05.641 UTC 004a INFO[0m [grpc] [34;1mAddTraceEvent[0m -> [core] [Channel #13]Channel Connectivity change to CONNECTING
[34m2026-10-08 04:25:05.641 UTC 004b INFO[0m [grpc] [34;1mAddTraceEvent[0m -> [core] [Channel #13]Channel exiting idle mode
[34m2026-10-08 04:25:05.641 UTC 004c INFO[0m [grpc] [34;1mAddTraceEvent[0m -> [core] [Channel #13 SubChannel #14]Subchannel Connectivity change to CONNECTING
[34m2026-10-08 04:25:05.641 UTC 004d INFO[0m [grpc] [34;1mAddTraceEvent[0m -> [core] [Channel #13 SubChannel #14]Subchannel picks a new address "localhost:7050" to connect
[34m2026-10-08 04:25:05.641 UTC 004e INFO[0m [grpc] [34;1mInfof[0m -> [pick-first-lb] [pick-first-lb 0xc00042d620] Received SubConn state update: 0xc00042d680, {ConnectivityState:CONNECTING ConnectionError:<nil> connectedAddress:{Addr: ServerName: Attributes:<nil> BalancerAttributes:<nil> Metadata:<nil>}}
[34m2026-10-08 04:25:05.643 UTC 004f INFO[0m [grpc] [34;1mAddTraceEvent[0m -> [core] [Channel #13 SubChannel #14]Subchannel Connectivity change to READY
[34m2026-10-08 04:25:05.643 UTC 0050 INFO[0m [grpc] [34;1mInfof[0m -> [pick-first-lb] [pick-first-lb 0xc00042d620] Received SubConn state update: 0xc00042d680, {ConnectivityState:READY ConnectionError:<nil> connectedAddress:{Addr:localhost:7050 ServerName:orderer.example.com Attributes:<nil> BalancerAttributes:<nil> Metadata:<nil>}}
[34m2026-10-08 04:25:05.643 UTC 0051 INFO[0m [grpc] [34;1mAddTraceEvent[0m -> [core] [Channel #13]Channel Connectivity change to READY
[34m2026-10-08 04:25:05.712 UTC 0052 INFO[0m [chaincodeCmd] [34;1mClientWait[0m -> txid [743dacd60467451f3df0e5015921eb3a82e1faf5ca5f79ed3e9bfd50e47ebc01] committed with status (VALID) at localhost:7051
[34m2026-10-08 04:25:05.712 UTC 0053 INFO[0m [chaincodeCmd] [34;1mClientWait[0m -> txid [743dacd60467451f3df0e5015921eb3a82e1faf5ca5f79ed3e9bfd50e47ebc01] committed with status (VALID) at localhost:9051
[0;32mChaincode definition committed on channel 'mychannel'[0m
[0;34mUsing organization 1[0m
[0;34mQuerying chaincode definition on peer0.org1 on channel 'mychannel'...[0m
[0;34mAttempting to Query committed status on peer0.org1, Retry after 3 seconds.[0m
+ peer lifecycle chaincode querycommitted --channelID mychannel --name bzt
+ res=0
[34m2026-10-08 04:25:08.761 UTC 0001 INFO[0m [grpc] [34;1mInfof[0m -> [core] original dial target is: "localhost:7051"
[34m2026-10-08 04:25:08.761 UTC 0002 INFO[0m [grpc] [34;1mAddTraceEvent[0m -> [core] [Channel #1]Channel created
[34m2026-10-08 04:25:08.761 UTC 0003 INFO[0m [grpc] [34;1mAddTraceEvent[0m -> [core] [Channel #1]parsed dial target is: resolver.Target{URL:url.URL{Scheme:"passthrough", Opaque:"", User:(*url.Userinfo)(nil), Host:"", Path:"/localhost:7051", RawPath:"", OmitHost:false, ForceQuery:false, RawQuery:"", Fragment:"", RawFragment:""}}
[34m2026-10-08 04:25:08.761 UTC 0004 INFO[0m [grpc] [34;1mAddTraceEvent[0m -> [core] [Channel #1]Channel authority set to "localhost:7051"
[34m2026-10-08 04:25:08.761 UTC 0005 INFO[0m [grpc] [34;1mAddTraceEvent[0m -> [core] [Channel #1]Resolver state updated: {
  "Addresses": [
    {
      "Addr": "localhost:7051",
      "ServerName": "",
      "Attributes": null,
      "BalancerAttributes": null,
      "Metadata": null
    }
  ],
  "Endpoints": [
    {
      "Addresses": [
        {
          "Addr": "localhost:7051",
          "ServerName": "",
          "Attributes": null,
          "BalancerAttributes": null,
          "Metadata": null
        }
      ],
      "Attributes": null
    }
  ],
  "ServiceConfig": null,
  "Attributes": null
} (resolver returned new addresses)
[34m2026-10-08 04:25:08.761 UTC 0006 INFO[0m [grpc] [34;1mAddTraceEvent[0m -> [core] [Channel #1]Channel switches to new LB policy "pick_first"
[34m2026-10-08 04:25:08.761 UTC 0007 INFO[0m [grpc] [34;1mInfof[0m -> [pick-first-lb] [pick-first-lb 0xc0003f2630] Received new config {
  "shuffleAddressList": false
}, resolver state {
  "Addresses": [
    {
      "Addr": "localhost:7051",
      "ServerName": "",
      "Attributes": null,
      "BalancerAttributes": null,
      "Metadata": null
    }
  ],
  "Endpoints": [
    {
      "Addresses": [
        {
          "Addr": "localhost:7051",
          "ServerName": "",
          "Attributes": null,
          "BalancerAttributes": null,
          "Metadata": null
        }
      ],
      "Attributes": null
    }
  ],
  "ServiceConfig": null,
  "Attributes": null
}
[34m2026-10-08 04:25:08.761 UTC 0008 INFO[0m [grpc] [34;1mAddTraceEvent[0m -> [core] [Channel #1 SubChannel #2]Subchannel created
[34m2026-10-08 04:25:08.761 UTC 0009 INFO[0m [grpc] [34;1mAddTraceEvent[0m -> [core] [Channel #1]Channel Connectivity change to CONNECTING
[34m2026-10-08 04:25:08.761 UTC 000a INFO[0m [grpc] [34;1mAddTraceEvent[0m -> [core] [Channel #1]Channel exiting idle mode
[34m2026-10-08 04:25:08.761 UTC 000b INFO[0m [grpc] [34;1mAddTraceEvent[0m -> [core] [Channel #1 SubChannel #2]Subchannel Connectivity change to CONNECTING
[34m2026-10-08 04:25:08.761 UTC 000c INFO[0m [grpc] [34;1mAddTraceEvent[0m -> [core] [Channel #1 SubChannel #2]Subchannel picks a new address "localhost:7051" to connect
[34m2026-10-08 04:25:08.761 UTC 000d INFO[0m [grpc] [34;1mInfof[0m -> [pick-first-lb] [pick-first-lb 0xc0003f2630] Received SubConn state update: 0xc0003f26c0, {ConnectivityState:CONNECTING ConnectionError:<nil> connectedAddress:{Addr: ServerName: Attributes:<nil> BalancerAttributes:<nil> Metadata:<nil>}}
[34m2026-10-08 04:25:08.763 UTC 000e INFO[0m [grpc] [34;1mAddTraceEvent[0m -> [core] [Channel #1 SubChannel #2]Subchannel Connectivity change to READY
[34m2026-10-08 04:25:08.763 UTC 000f INFO[0m [grpc] [34;1mInfof[0m -> [pick-first-lb] [pick-first-lb 0xc0003f2630] Received SubConn state update: 0xc0003f26c0, {ConnectivityState:READY ConnectionError:<nil> connectedAddress:{Addr:localhost:7051 ServerName:localhost:7051 Attributes:<nil> BalancerAttributes:<nil> Metadata:<nil>}}
[34m2026-10-08 04:25:08.763 UTC 0010 INFO[0m [grpc] [34;1mAddTraceEvent[0m -> [core] [Channel #1]Channel Connectivity change to READY
[34m2026-10-08 04:25:08.764 UTC 0011 INFO[0m [grpc] [34;1mInfof[0m -> [core] original dial target is: "localhost:7051"
[34m2026-10-08 04:25:08.764 UTC 0012 INFO[0m [grpc] [34;1mAddTraceEvent[0m -> [core] [Channel #4]Channel created
[34m2026-10-08 04:25:08.764 UTC 0013 INFO[0m [grpc] [34;1mAddTraceEvent[0m -> [core] [Channel #4]parsed dial target is: resolver.Target{URL:url.URL{Scheme:"passthrough", Opaque:"", User:(*url.Userinfo)(nil), Host:"", Path:"/localhost:7051", RawPath:"", OmitHost:false, ForceQuery:false, RawQuery:"", Fragment:"", RawFragment:""}}
[34m2026-10-08 04:25:08.764 UTC 0014 INFO[0m [grpc] [34;1mAddTraceEvent[0m -> [core] [Channel #4]Channel authority set to "localhost:7051"
[34m2026-10-08 04:25:08.764 UTC 0015 INFO[0m [grpc] [34;1mAddTraceEvent[0m -> [core] [Channel #4]Resolver state updated: {
  "Addresses": [
    {
      "Addr": "localhost:7051",
      "ServerName": "",
      "Attributes": null,
      "BalancerAttributes": null,
      "Metadata": null
    }
  ],
  "Endpoints": [
    {
      "Addresses": [
        {
          "Addr": "localhost:7051",
          "ServerName": "",
          "Attributes": null,
          "BalancerAttributes": null,
          "Metadata": null
        }
      ],
      "Attributes": null
    }
  ],
  "ServiceConfig": null,
  "Attributes": null
} (resolver returned new addresses)
[34m2026-10-08 04:25:08.764 UTC 0016 INFO[0m [grpc] [34;1mAddTraceEvent[0m -> [core] [Channel #4]Channel switches to new LB policy "pick_first"
[34m2026-10-08 04:25:08.764 UTC 0017 INFO[0m [grpc] [34;1mInfof[0m -> [pick-first-lb] [pick-first-lb 0xc00058e750] Received new config {
  "shuffleAddressList": false
}, resolver state {
  "Addresses": [
    {
      "Addr": "localhost:7051",
      "ServerName": "",
      "Attributes": null,
      "BalancerAttributes": null,
      "Metadata": null
    }
  ],
  "Endpoints": [
    {
      "Addresses": [
        {
          "Addr": "localhost:7051",
          "ServerName": "",
          "Attributes": null,
          "BalancerAttributes": null,
          "Metadata": null
        }
      ],
      "Attributes": null
    }
  ],
  "ServiceConfig": null,
  "Attributes": null
}
[34m2026-10-08 04:25:08.764 UTC 0018 INFO[0m [grpc] [34;1mAddTraceEvent[0m -> [core] [Channel #4 SubChannel #5]Subchannel created
[34m2026-10-08 04:25:08.764 UTC 0019 INFO[0m [grpc] [34;1mAddTraceEvent[0m -> [core] [Channel #4]Channel Connectivity change to CONNECTING
[34m2026-10-08 04:25:08.764 UTC 001a INFO[0m [grpc] [34;1mAddTraceEvent[0m -> [core] [Channel #4]Channel exiting idle mode
[34m2026-10-08 04:25:08.764 UTC 001b INFO[0m [grpc] [34;1mAddTraceEvent[0m -> [core] [Channel #4 SubChannel #5]Subchannel Connectivity change to CONNECTING
[34m2026-10-08 04:25:08.764 UTC 001c INFO[0m [grpc] [34;1mAddTraceEvent[0m -> [core] [Channel #4 SubChannel #5]Subchannel picks a new address "localhost:7051" to connect
[34m2026-10-08 04:25:08.764 UTC 001d INFO[0m [grpc] [34;1mInfof[0m -> [pick-first-lb] [pick-first-lb 0xc00058e750] Received SubConn state update: 0xc000490120, {ConnectivityState:CONNECTING ConnectionError:<nil> connectedAddress:{Addr: ServerName: Attributes:<nil> BalancerAttributes:<nil> Metadata:<nil>}}
[34m2026-10-08 04:25:08.766 UTC 001e INFO[0m [grpc] [34;1mAddTraceEvent[0m -> [core] [Channel #4 SubChannel #5]Subchannel Connectivity change to READY
[34m2026-10-08 04:25:08.766 UTC 001f INFO[0m [grpc] [34;1mInfof[0m -> [pick-first-lb] [pick-first-lb 0xc00058e750] Received SubConn state update: 0xc000490120, {ConnectivityState:READY ConnectionError:<nil> connectedAddress:{Addr:localhost:7051 ServerName:localhost:7051 Attributes:<nil> BalancerAttributes:<nil> Metadata:<nil>}}
[34m2026-10-08 04:25:08.766 UTC 0020 INFO[0m [grpc] [34;1mAddTraceEvent[0m -> [core] [Channel #4]Channel Connectivity change to READY
Committed chaincode definition for chaincode 'bzt' on channel 'mychannel':
Version: 1.0, Sequence: 1, Endorsement Plugin: escc, Validation Plugin: vscc, Approvals: [Org1MSP: true, Org2MSP: true]
[0;32mQuery chaincode definition successful on peer0.org1 on channel 'mychannel'[0m
[0;34mUsing organization 2[0m
[0;34mQuerying chaincode definition on peer0.org2 on channel 'mychannel'...[0m
[0;34mAttempting to Query committed status on peer0.org2, Retry after 3 seconds.[0m
+ peer lifecycle chaincode querycommitted --channelID mychannel --name bzt
+ res=0
[34m2026-10-08 04:25:11.816 UTC 0001 INFO[0m [grpc] [34;1mInfof[0m -> [core] original dial target is: "localhost:9051"
[34m2026-10-08 04:25:11.816 UTC 0002 INFO[0m [grpc] [34;1mAddTraceEvent[0m -> [core] [Channel #1]Channel created
[34m2026-10-08 04:25:11.816 UTC 0003 INFO[0m [grpc] [34;1mAddTraceEvent[0m -> [core] [Channel #1]parsed dial target is: resolver.Target{URL:url.URL{Scheme:"passthrough", Opaque:"", User:(*url.Userinfo)(nil), Host:"", Path:"/localhost:9051", RawPath:"", OmitHost:false, ForceQuery:false, RawQuery:"", Fragment:"", RawFragment:""}}
[34m2026-10-08 04:25:11.816 UTC 0004 INFO[0m [grpc] [34;1mAddTraceEvent[0m -> [core] [Channel #1]Channel authority set to "localhost:9051"
[34m2026-10-08 04:25:11.816 UTC 0005 INFO[0m [grpc] [34;1mAddTraceEvent[0m -> [core] [Channel #1]Resolver state updated: {
  "Addresses": [
    {
      "Addr": "localhost:9051",
      "ServerName": "",
      "Attributes": null,
      "BalancerAttributes": null,
      "Metadata": null
    }
  ],
  "Endpoints": [
    {
      "Addresses": [
        {
          "Addr": "localhost:9051",
          "ServerName": "",
          "Attributes": null,
          "BalancerAttributes": null,
          "Metadata": null
        }
      ],
      "Attributes": null
    }
  ],
  "ServiceConfig": null,
  "Attributes": null
} (resolver returned new addresses)
[34m2026-10-08 04:25:11.816 UTC 0006 INFO[0m [grpc] [34;1mAddTraceEvent[0m -> [core] [Channel #1]Channel switches to new LB policy "pick_first"
[34m2026-10-08 04:25:11.816 UTC 0007 INFO[0m [grpc] [34;1mInfof[0m -> [pick-first-lb] [pick-first-lb 0xc00040da70] Received new config {
  "shuffleAddressList": false
}, resolver state {
  "Addresses": [
    {
      "Addr": "localhost:9051",
      "ServerName": "",
      "Attributes": null,
      "BalancerAttributes": null,
      "Metadata": null
    }
  ],
  "Endpoints": [
    {
      "Addresses": [
        {
          "Addr": "localhost:9051",
          "ServerName": "",
          "Attributes": null,
          "BalancerAttributes": null,
          "Metadata": null
        }
      ],
      "Attributes": null
    }
  ],
  "ServiceConfig": null,
  "Attributes": null
}
[34m2026-10-08 04:25:11.816 UTC 0008 INFO[0m [grpc] [34;1mAddTraceEvent[0m -> [core] [Channel #1 SubChannel #2]Subchannel created
[34m2026-10-08 04:25:11.816 UTC 0009 INFO[0m [grpc] [34;1mAddTraceEvent[0m -> [core] [Channel #1]Channel Connectivity change to CONNECTING
[34m2026-10-08 04:25:11.816 UTC 000a INFO[0m [grpc] [34;1mAddTraceEvent[0m -> [core] [Channel #1]Channel exiting idle mode
[34m2026-10-08 04:25:11.816 UTC 000b INFO[0m [grpc] [34;1mAddTraceEvent[0m -> [core] [Channel #1 SubChannel #2]Subchannel Connectivity change to CONNECTING
[34m2026-10-08 04:25:11.816 UTC 000c INFO[0m [grpc] [34;1mAddTraceEvent[0m -> [core] [Channel #1 SubChannel #2]Subchannel picks a new address "localhost:9051" to connect
[34m2026-10-08 04:25:11.816 UTC 000d INFO[0m [grpc] [34;1mInfof[0m -> [pick-first-lb] [pick-first-lb 0xc00040da70] Received SubConn state update: 0xc00040db00, {ConnectivityState:CONNECTING ConnectionError:<nil> connectedAddress:{Addr: ServerName: Attributes:<nil> BalancerAttributes:<nil> Metadata:<nil>}}
[34m2026-10-08 04:25:11.818 UTC 000e INFO[0m [grpc] [34;1mAddTraceEvent[0m -> [core] [Channel #1 SubChannel #2]Subchannel Connectivity change to READY
[34m2026-10-08 04:25:11.818 UTC 000f INFO[0m [grpc] [34;1mInfof[0m -> [pick-first-lb] [pick-first-lb 0xc00040da70] Received SubConn state update: 0xc00040db00, {ConnectivityState:READY ConnectionError:<nil> connectedAddress:{Addr:localhost:9051 ServerName:localhost:9051 Attributes:<nil> BalancerAttributes:<nil> Metadata:<nil>}}
[34m2026-10-08 04:25:11.818 UTC 0010 INFO[0m [grpc] [34;1mAddTraceEvent[0m -> [core] [Channel #1]Channel Connectivity change to READY
[34m2026-10-08 04:25:11.819 UTC 0011 INFO[0m [grpc] [34;1mInfof[0m -> [core] original dial target is: "localhost:9051"
[34m2026-10-08 04:25:11.819 UTC 0012 INFO[0m [grpc] [34;1mAddTraceEvent[0m -> [core] [Channel #4]Channel created
[34m2026-10-08 04:25:11.819 UTC 0013 INFO[0m [grpc] [34;1mAddTraceEvent[0m -> [core] [Channel #4]parsed dial target is: resolver.Target{URL:url.URL{Scheme:"passthrough", Opaque:"", User:(*url.Userinfo)(nil), Host:"", Path:"/localhost:9051", RawPath:"", OmitHost:false, ForceQuery:false, RawQuery:"", Fragment:"", RawFragment:""}}
[34m2026-10-08 04:25:11.819 UTC 0014 INFO[0m [grpc] [34;1mAddTraceEvent[0m -> [core] [Channel #4]Channel authority set to "localhost:9051"
[34m2026-10-08 04:25:11.819 UTC 0015 INFO[0m [grpc] [34;1mAddTraceEvent[0m -> [core] [Channel #4]Resolver state updated: {
  "Addresses": [
    {
      "Addr": "localhost:9051",
      "ServerName": "",
      "Attributes": null,
      "BalancerAttributes": null,
      "Metadata": null
    }
  ],
  "Endpoints": [
    {
      "Addresses": [
        {
          "Addr": "localhost:9051",
          "ServerName": "",
          "Attributes": null,
          "BalancerAttributes": null,
          "Metadata": null
        }
      ],
      "Attributes": null
    }
  ],
  "ServiceConfig": null,
  "Attributes": null
} (resolver returned new addresses)
[34m2026-10-08 04:25:11.819 UTC 0016 INFO[0m [grpc] [34;1mAddTraceEvent[0m -> [core] [Channel #4]Channel switches to new LB policy "pick_first"
[34m2026-10-08 04:25:11.819 UTC 0017 INFO[0m [grpc] [34;1mInfof[0m -> [pick-first-lb] [pick-first-lb 0xc00030e3f0] Received new config {
  "shuffleAddressList": false
}, resolver state {
  "Addresses": [
    {
      "Addr": "localhost:9051",
      "ServerName": "",
      "Attributes": null,
      "BalancerAttributes": null,
      "Metadata": null
    }
  ],
  "Endpoints": [
    {
      "Addresses": [
        {
          "Addr": "localhost:9051",
          "ServerName": "",
          "Attributes": null,
          "BalancerAttributes": null,
          "Metadata": null
        }
      ],
      "Attributes": null
    }
  ],
  "ServiceConfig": null,
  "Attributes": null
}
[34m2026-10-08 04:25:11.819 UTC 0018 INFO[0m [grpc] [34;1mAddTraceEvent[0m -> [core] [Channel #4 SubChannel #5]Subchannel created
[34m2026-10-08 04:25:11.819 UTC 0019 INFO[0m [grpc] [34;1mAddTraceEvent[0m -> [core] [Channel #4]Channel Connectivity change to CONNECTING
[34m2026-10-08 04:25:11.819 UTC 001a INFO[0m [grpc] [34;1mAddTraceEvent[0m -> [core] [Channel #4]Channel exiting idle mode
[34m2026-10-08 04:25:11.819 UTC 001b INFO[0m [grpc] [34;1mAddTraceEvent[0m -> [core] [Channel #4 SubChannel #5]Subchannel Connectivity change to CONNECTING
[34m2026-10-08 04:25:11.819 UTC 001c INFO[0m [grpc] [34;1mAddTraceEvent[0m -> [core] [Channel #4 SubChannel #5]Subchannel picks a new address "localhost:9051" to connect
[34m2026-10-08 04:25:11.819 UTC 001d INFO[0m [grpc] [34;1mInfof[0m -> [pick-first-lb] [pick-first-lb 0xc00030e3f0] Received SubConn state update: 0xc00030e480, {ConnectivityState:CONNECTING ConnectionError:<nil> connectedAddress:{Addr: ServerName: Attributes:<nil> BalancerAttributes:<nil> Metadata:<nil>}}
[34m2026-10-08 04:25:11.820 UTC 001e INFO[0m [grpc] [34;1mAddTraceEvent[0m -> [core] [Channel #4 SubChannel #5]Subchannel Connectivity change to READY
[34m2026-10-08 04:25:11.820 UTC 001f INFO[0m [grpc] [34;1mInfof[0m -> [pick-first-lb] [pick-first-lb 0xc00030e3f0] Received SubConn state update: 0xc00030e480, {ConnectivityState:READY ConnectionError:<nil> connectedAddress:{Addr:localhost:9051 ServerName:localhost:9051 Attributes:<nil> BalancerAttributes:<nil> Metadata:<nil>}}
[34m2026-10-08 04:25:11.821 UTC 0020 INFO[0m [grpc] [34;1mAddTraceEvent[0m -> [core] [Channel #4]Channel Connectivity change to READY
Committed chaincode definition for chaincode 'bzt' on channel 'mychannel':
Version: 1.0, Sequence: 1, Endorsement Plugin: escc, Validation Plugin: vscc, Approvals: [Org1MSP: true, Org2MSP: true]
[0;32mQuery chaincode definition successful on peer0.org2 on channel 'mychannel'[0m
[0;34mChaincode initialization is not required[0m
