[0;34mUsing docker and docker compose[0m
[0;34mdeploying chaincode on channel 'mychannel'[0m
executing with the following
- CHANNEL_NAME: [0;32mmychannel[0m
- CC_NAME: [0;32mbzt[0m
- CC_SRC_PATH: [0;32m/home/runner/work/bzt-id-experiments/bzt-id-experiments/fabric-bench/chaincode[0m
- CC_SRC_LANGUAGE: [0;32mjavascript[0m
- CC_VERSION: [0;32m1.0[0m
- CC_SEQUENCE: [0;32mauto[0m
- CC_END_POLICY: [0;32mNA[0m
- CC_COLL_CONFIG: [0;32mNA[0m
- CC_INIT_FCN: [0;32mNA[0m
- DELAY: [0;32m3[0m
- MAX_RETRY: [0;32m5[0m
- VERBOSE: [0;32mfalse[0m
executing with the following
- CC_NAME: [0;32mbzt[0m
- CC_SRC_PATH: [0;32m/home/runner/work/bzt-id-experiments/bzt-id-experiments/fabric-bench/chaincode[0m
- CC_SRC_LANGUAGE: [0;32mjavascript[0m
- CC_VERSION: [0;32m1.0[0m
+ '[' false = true ']'
+ peer lifecycle chaincode package bzt.tar.gz --path /home/runner/work/bzt-id-experiments/bzt-id-experiments/fabric-bench/chaincode --lang node --label bzt_1.0
+ res=0
[0;32mChaincode is packaged[0m
[0;34mInstalling chaincode on peer0.org1...[0m
[0;34mUsing organization 1[0m
+ jq -r 'try (.installed_chaincodes[].package_id)'
+ grep '^bzt_1.0:777c383bc4d25d7dc5610f92a201167f7301ed4b2cd3593b83e643df51c39c71$'
+ peer lifecycle chaincode queryinstalled --output json
[34m2026-10-08 04:24:42.952 UTC 0001 INFO[0m [grpc] [34;1mInfof[0m -> [core] original dial target is: "localhost:7051"
[34m2026-10-08 04:24:42.952 UTC 0002 INFO[0m [grpc] [34;1mAddTraceEvent[0m -> [core] [Channel #1]Channel created
[34m2026-10-08 04:24:42.952 UTC 0003 INFO[0m [grpc] [34;1mAddTraceEvent[0m -> [core] [Channel #1]parsed dial target is: resolver.Target{URL:url.URL{Scheme:"passthrough", Opaque:"", User:(*url.Userinfo)(nil), Host:"", Path:"/localhost:7051", RawPath:"", OmitHost:false, ForceQuery:false, RawQuery:"", Fragment:"", RawFragment:""}}
[34m2026-10-08 04:24:42.952 UTC 0004 INFO[0m [grpc] [34;1mAddTraceEvent[0m -> [core] [Channel #1]Channel authority set to "localhost:7051"
[34m2026-10-08 04:24:42.952 UTC 0005 INFO[0m [grpc] [34;1mAddTraceEvent[0m -> [core] [Channel #1]Resolver state updated: {
  "Addresses": [
    {
      "Addr": "localhost:7051",
      "ServerName": "",
      "Attributes": null,
      "BalancerAttributes": null,
      "Metadata": null
    }
  ],
  "Endpoints": [
    {
      "Addresses": [
        {
          "Addr": "localhost:7051",
          "ServerName": "",
          "Attributes": null,
          "BalancerAttributes": null,
          "Metadata": null
        }
      ],
      "Attributes": null
    }
  ],
  "ServiceConfig": null,
  "Attributes": null
} (resolver returned new addresses)
[34m2026-10-08 04:24:42.952 UTC 0006 INFO[0m [grpc] [34;1mAddTraceEvent[0m -> [core] [Channel #1]Channel switches to new LB policy "pick_first"
[34m2026-10-08 04:24:42.952 UTC 0007 INFO[0m [grpc] [34;1mInfof[0m -> [pick-first-lb] [pick-first-lb 0xc000472d50] Received new config {
  "shuffleAddressList": false
}, resolver state {
  "Addresses": [
    {
      "Addr": "localhost:7051",
      "ServerName": "",
      "Attributes": null,
      "BalancerAttributes": null,
      "Metadata": null
    }
  ],
  "Endpoints": [
    {
      "Addresses": [
        {
          "Addr": "localhost:7051",
          "ServerName": "",
          "Attributes": null,
          "BalancerAttributes": null,
          "Metadata": null
        }
      ],
      "Attributes": null
    }
  ],
  "ServiceConfig": null,
  "Attributes": null
}
[34m2026-10-08 04:24:42.953 UTC 0008 INFO[0m [grpc] [34;1mAddTraceEvent[0m -> [core] [Channel #1 SubChannel #2]Subchannel created
[34m2026-10-08 04:24:42.953 UTC 0009 INFO[0m [grpc] [34;1mAddTraceEvent[0m -> [core] [Channel #1]Channel Connectivity change to CONNECTING
[34m2026-10-08 04:24:42.953 UTC 000a INFO[0m [grpc] [34;1mAddTraceEvent[0m -> [core] [Channel #1]Channel exiting idle mode
[34m2026-10-08 04:24:42.953 UTC 000b INFO[0m [grpc] [34;1mAddTraceEvent[0m -> [core] [Channel #1 SubChannel #2]Subchannel Connectivity change to CONNECTING
[34m2026-10-08 04:24:42.953 UTC 000c INFO[0m [grpc] [34;1mInfof[0m -> [pick-first-lb] [pick-first-lb 0xc000472d50] Received SubConn state update: 0xc000472de0, {ConnectivityState:CONNECTING ConnectionError:<nil> connectedAddress:{Addr: ServerName: Attributes:<nil> BalancerAttributes:<nil> Metadata:<nil>}}
[34m2026-10-08 04:24:42.953 UTC 000d INFO[0m [grpc] [34;1mAddTraceEvent[0m -> [core] [Channel #1 SubChannel #2]Subchannel picks a new address "localhost:7051" to connect
[34m2026-10-08 04:24:42.955 UTC 000e INFO[0m [grpc] [34;1mAddTraceEvent[0m -> [core] [Channel #1 SubChannel #2]Subchannel Connectivity change to READY
[34m2026-10-08 04:24:42.955 UTC 000f INFO[0m [grpc] [34;1mInfof[0m -> [pick-first-lb] [pick-first-lb 0xc000472d50] Received SubConn state update: 0xc000472de0, {ConnectivityState:READY ConnectionError:<nil> connectedAddress:{Addr:localhost:7051 ServerName:localhost:7051 Attributes:<nil> BalancerAttributes:<nil> Metadata:<nil>}}
[34m2026-10-08 04:24:42.955 UTC 0010 INFO[0m [grpc] [34;1mAddTraceEvent[0m -> [core] [Channel #1]Channel Connectivity change to READY
[34m2026-10-08 04:24:42.955 UTC 0011 INFO[0m [grpc] [34;1mInfof[0m -> [core] original dial target is: "localhost:7051"
[34m2026-10-08 04:24:42.955 UTC 0012 INFO[0m [grpc] [34;1mAddTraceEvent[0m -> [core] [Channel #4]Channel created
[34m2026-10-08 04:24:42.955 UTC 0013 INFO[0m [grpc] [34;1mAddTraceEvent[0m -> [core] [Channel #4]parsed dial target is: resolver.Target{URL:url.URL{Scheme:"passthrough", Opaque:"", User:(*url.Userinfo)(nil), Host:"", Path:"/localhost:7051", RawPath:"", OmitHost:false, ForceQuery:false, RawQuery:"", Fragment:"", RawFragment:""}}
[34m2026-10-08 04:24:42.956 UTC 0014 INFO[0m [grpc] [34;1mAddTraceEvent[0m -> [core] [Channel #4]Channel authority set to "localhost:7051"
[34m2026-10-08 04:24:42.956 UTC 0015 INFO[0m [grpc] [34;1mAddTraceEvent[0m -> [core] [Channel #4]Resolver state updated: {
  "Addresses": [
    {
      "Addr": "localhost:7051",
      "ServerName": "",
      "Attributes": null,
      "BalancerAttributes": null,
      "Metadata": null
    }
  ],
  "Endpoints": [
    {
      "Addresses": [
        {
          "Addr": "localhost:7051",
          "ServerName": "",
          "Attributes": null,
          "BalancerAttributes": null,
          "Metadata": null
        }
      ],
      "Attributes": null
    }
  ],
  "ServiceConfig": null,
  "Attributes": null
} (resolver returned new addresses)
[34m2026-10-08 04:24:42.956 UTC 0016 INFO[0m [grpc] [34;1mAddTraceEvent[0m -> [core] [Channel #4]Channel switches to new LB policy "pick_first"
[34m2026-10-08 04:24:42.956 UTC 0017 INFO[0m [grpc] [34;1mInfof[0m -> [pick-first-lb] [pick-first-lb 0xc0001be090] Received new config {
  "shuffleAddressList": false
}, resolver state {
  "Addresses": [
    {
      "Addr": "localhost:7051",
      "ServerName": "",
      "Attributes": null,
      "BalancerAttributes": null,
      "Metadata": null
    }
  ],
  "Endpoints": [
    {
      "Addresses": [
        {
          "Addr": "localhost:7051",
          "ServerName": "",
          "Attributes": null,
          "BalancerAttributes": null,
          "Metadata": null
        }
      ],
      "Attributes": null
    }
  ],
  "ServiceConfig": null,
  "Attributes": null
}
[34m2026-10-08 04:24:42.956 UTC 0018 INFO[0m [grpc] [34;1mAddTraceEvent[0m -> [core] [Channel #4 SubChannel #5]Subchannel created
[34m2026-10-08 04:24:42.956 UTC 0019 INFO[0m [grpc] [34;1mAddTraceEvent[0m -> [core] [Channel #4]Channel Connectivity change to CONNECTING
[34m2026-10-08 04:24:42.956 UTC 001a INFO[0m [grpc] [34;1mAddTraceEvent[0m -> [core] [Channel #4]Channel exiting idle mode
[34m2026-10-08 04:24:42.956 UTC 001b INFO[0m [grpc] [34;1mAddTraceEvent[0m -> [core] [Channel #4 SubChannel #5]Subchannel Connectivity change to CONNECTING
[34m2026-10-08 04:24:42.956 UTC 001c INFO[0m [grpc] [34;1mAddTraceEvent[0m -> [core] [Channel #4 SubChannel #5]Subchannel picks a new address "localhost:7051" to connect
[34m2026-10-08 04:24:42.956 UTC 001d INFO[0m [grpc] [34;1mInfof[0m -> [pick-first-lb] [pick-first-lb 0xc0001be090] Received SubConn state update: 0xc0001be0f0, {ConnectivityState:CONNECTING ConnectionError:<nil> connectedAddress:{Addr: ServerName: Attributes:<nil> BalancerAttributes:<nil> Metadata:<nil>}}
[34m2026-10-08 04:24:42.958 UTC 001e INFO[0m [grpc] [34;1mAddTraceEvent[0m -> [core] [Channel #4 SubChannel #5]Subchannel Connectivity change to READY
[34m2026-10-08 04:24:42.958 UTC 001f INFO[0m [grpc] [34;1mInfof[0m -> [pick-first-lb] [pick-first-lb 0xc0001be090] Received SubConn state update: 0xc0001be0f0, {ConnectivityState:READY ConnectionError:<nil> connectedAddress:{Addr:localhost:7051 ServerName:localhost:7051 Attributes:<nil> BalancerAttributes:<nil> Metadata:<nil>}}
[34m2026-10-08 04:24:42.958 UTC 0020 INFO[0m [grpc] [34;1mAddTraceEvent[0m -> [core] [Channel #4]Channel Connectivity change to READY
+ test 1 -ne 0
+ peer lifecycle chaincode install bzt.tar.gz
+ res=0
[34m2026-10-08 04:24:42.993 UTC 0001 INFO[0m [grpc] [34;1mInfof[0m -> [core] original dial target is: "localhost:7051"
[34m2026-10-08 04:24:42.993 UTC 0002 INFO[0m [grpc] [34;1mAddTraceEvent[0m -> [core] [Channel #1]Channel created
[34m2026-10-08 04:24:42.993 UTC 0003 INFO[0m [grpc] [34;1mAddTraceEvent[0m -> [core] [Channel #1]parsed dial target is: resolver.Target{URL:url.URL{Scheme:"passthrough", Opaque:"", User:(*url.Userinfo)(nil), Host:"", Path:"/localhost:7051", RawPath:"", OmitHost:false, ForceQuery:false, RawQuery:"", Fragment:"", RawFragment:""}}
[34m2026-10-08 04:24:42.993 UTC 0004 INFO[0m [grpc] [34;1mAddTraceEvent[0m -> [core] [Channel #1]Channel authority set to "localhost:7051"
[34m2026-10-08 04:24:42.993 UTC 0005 INFO[0m [grpc] [34;1mAddTraceEvent[0m -> [core] [Channel #1]Resolver state updated: {
  "Addresses": [
    {
      "Addr": "localhost:7051",
      "ServerName": "",
      "Attributes": null,
      "BalancerAttributes": null,
      "Metadata": null
    }
  ],
  "Endpoints": [
    {
      "Addresses": [
        {
          "Addr": "localhost:7051",
          "ServerName": "",
          "Attributes": null,
          "BalancerAttributes": null,
          "Metadata": null
        }
      ],
      "Attributes": null
    }
  ],
  "ServiceConfig": null,
  "Attributes": null
} (resolver returned new addresses)
[34m2026-10-08 04:24:42.993 UTC 0006 INFO[0m [grpc] [34;1mAddTraceEvent[0m -> [core] [Channel #1]Channel switches to new LB policy "pick_first"
[34m2026-10-08 04:24:42.993 UTC 0007 INFO[0m [grpc] [34;1mInfof[0m -> [pick-first-lb] [pick-first-lb 0xc000481a10] Received new config {
  "shuffleAddressList": false
}, resolver state {
  "Addresses": [
    {
      "Addr": "localhost:7051",
      "ServerName": "",
      "Attributes": null,
      "BalancerAttributes": null,
      "Metadata": null
    }
  ],
  "Endpoints": [
    {
      "Addresses": [
        {
          "Addr": "localhost:7051",
          "ServerName": "",
          "Attributes": null,
          "BalancerAttributes": null,
          "Metadata": null
        }
      ],
      "Attributes": null
    }
  ],
  "ServiceConfig": null,
  "Attributes": null
}
[34m2026-10-08 04:24:42.993 UTC 0008 INFO[0m [grpc] [34;1mAddTraceEvent[0m -> [core] [Channel #1 SubChannel #2]Subchannel created
[34m2026-10-08 04:24:42.993 UTC 0009 INFO[0m [grpc] [34;1mAddTraceEvent[0m -> [core] [Channel #1]Channel Connectivity change to CONNECTING
[34m2026-10-08 04:24:42.993 UTC 000a INFO[0m [grpc] [34;1mAddTraceEvent[0m -> [core] [Channel #1]Channel exiting idle mode
[34m2026-10-08 04:24:42.993 UTC 000b INFO[0m [grpc] [34;1mAddTraceEvent[0m -> [core] [Channel #1 SubChannel #2]Subchannel Connectivity change to CONNECTING
[34m2026-10-08 04:24:42.993 UTC 000c INFO[0m [grpc] [34;1mAddTraceEvent[0m -> [core] [Channel #1 SubChannel #2]Subchannel picks a new address "localhost:7051" to connect
[34m2026-10-08 04:24:42.993 UTC 000d INFO[0m [grpc] [34;1mInfof[0m -> [pick-first-lb] [pick-first-lb 0xc000481a10] Received SubConn state update: 0xc000481aa0, {ConnectivityState:CONNECTING ConnectionError:<nil> connectedAddress:{Addr: ServerName: Attributes:<nil> BalancerAttributes:<nil> Metadata:<nil>}}
[34m2026-10-08 04:24:42.995 UTC 000e INFO[0m [grpc] [34;1mAddTraceEvent[0m -> [core] [Channel #1 SubChannel #2]Subchannel Connectivity change to READY
[34m2026-10-08 04:24:42.995 UTC 000f INFO[0m [grpc] [34;1mInfof[0m -> [pick-first-lb] [pick-first-lb 0xc000481a10] Received SubConn state update: 0xc000481aa0, {ConnectivityState:READY ConnectionError:<nil> connectedAddress:{Addr:localhost:7051 ServerName:localhost:7051 Attributes:<nil> BalancerAttributes:<nil> Metadata:<nil>}}
[34m2026-10-08 04:24:42.995 UTC 0010 INFO[0m [grpc] [34;1mAddTraceEvent[0m -> [core] [Channel #1]Channel Connectivity change to READY
[34m2026-10-08 04:24:42.995 UTC 0011 INFO[0m [grpc] [34;1mInfof[0m -> [core] original dial target is: "localhost:7051"
[34m2026-10-08 04:24:42.995 UTC 0012 INFO[0m [grpc] [34;1mAddTraceEvent[0m -> [core] [Channel #4]Channel created
[34m2026-10-08 04:24:42.995 UTC 0013 INFO[0m [grpc] [34;1mAddTraceEvent[0m -> [core] [Channel #4]parsed dial target is: resolver.Target{URL:url.URL{Scheme:"passthrough", Opaque:"", User:(*url.Userinfo)(nil), Host:"", Path:"/localhost:7051", RawPath:"", OmitHost:false, ForceQuery:false, RawQuery:"", Fragment:"", RawFragment:""}}
[34m2026-10-08 04:24:42.995 UTC 0014 INFO[0m [grpc] [34;1mAddTraceEvent[0m -> [core] [Channel #4]Channel authority set to "localhost:7051"
[34m2026-10-08 04:24:42.995 UTC 0015 INFO[0m [grpc] [34;1mAddTraceEvent[0m -> [core] [Channel #4]Resolver state updated: {
  "Addresses": [
    {
      "Addr": "localhost:7051",
      "ServerName": "",
      "Attributes": null,
      "BalancerAttributes": null,
      "Metadata": null
    }
  ],
  "Endpoints": [
    {
      "Addresses": [
        {
          "Addr": "localhost:7051",
          "ServerName": "",
          "Attributes": null,
          "BalancerAttributes": null,
          "Metadata": null
        }
      ],
      "Attributes": null
    }
  ],
  "ServiceConfig": null,
  "Attributes": null
} (resolver returned new addresses)
[34m2026-10-08 04:24:42.995 UTC 0016 INFO[0m [grpc] [34;1mAddTraceEvent[0m -> [core] [Channel #4]Channel switches to new LB policy "pick_first"
[34m2026-10-08 04:24:42.995 UTC 0017 INFO[0m [grpc] [34;1mInfof[0m -> [pick-first-lb] [pick-first-lb 0xc000242570] Received new config {
  "shuffleAddressList": false
}, resolver state {
  "Addresses": [
    {
      "Addr": "localhost:7051",
      "ServerName": "",
      "Attributes": null,
      "BalancerAttributes": null,
      "Metadata": null
    }
  ],
  "Endpoints": [
    {
      "Addresses": [
        {
          "Addr": "localhost:7051",
          "ServerName": "",
          "Attributes": null,
          "BalancerAttributes": null,
          "Metadata": null
        }
      ],
      "Attributes": null
    }
  ],
  "ServiceConfig": null,
  "Attributes": null
}
[34m2026-10-08 04:24:42.995 UTC 0018 INFO[0m [grpc] [34;1mAddTraceEvent[0m -> [core] [Channel #4 SubChannel #5]Subchannel created
[34m2026-10-08 04:24:42.995 UTC 0019 INFO[0m [grpc] [34;1mAddTraceEvent[0m -> [core] [Channel #4]Channel Connectivity change to CONNECTING
[34m2026-10-08 04:24:42.995 UTC 001a INFO[0m [grpc] [34;1mAddTraceEvent[0m -> [core] [Channel #4]Channel exiting idle mode
[34m2026-10-08 04:24:42.995 UTC 001b INFO[0m [grpc] [34;1mAddTraceEvent[0m -> [core] [Channel #4 SubChannel #5]Subchannel Connectivity change to CONNECTING
[34m2026-10-08 04:24:42.995 UTC 001c INFO[0m [grpc] [34;1mAddTraceEvent[0m -> [core] [Channel #4 SubChannel #5]Subchannel picks a new address "localhost:7051" to connect
[34m2026-10-08 04:24:42.995 UTC 001d INFO[0m [grpc] [34;1mInfof[0m -> [pick-first-lb] [pick-first-lb 0xc000242570] Received SubConn state update: 0xc0002425d0, {ConnectivityState:CONNECTING ConnectionError:<nil> connectedAddress:{Addr: ServerName: Attributes:<nil> BalancerAttributes:<nil> Metadata:<nil>}}
[34m2026-10-08 04:24:42.997 UTC 001e INFO[0m [grpc] [34;1mAddTraceEvent[0m -> [core] [Channel #4 SubChannel #5]Subchannel Connectivity change to READY
[34m2026-10-08 04:24:42.997 UTC 001f INFO[0m [grpc] [34;1mInfof[0m -> [pick-first-lb] [pick-first-lb 0xc000242570] Received SubConn state update: 0xc0002425d0, {ConnectivityState:READY ConnectionError:<nil> connectedAddress:{Addr:localhost:7051 ServerName:localhost:7051 Attributes:<nil> BalancerAttributes:<nil> Metadata:<nil>}}
[34m2026-10-08 04:24:42.997 UTC 0020 INFO[0m [grpc] [34;1mAddTraceEvent[0m -> [core] [Channel #4]Channel Connectivity change to READY
[34m2026-10-08 04:24:58.036 UTC 0021 INFO[0m [cli.lifecycle.chaincode] [34;1msubmitInstallProposal[0m -> Installed remotely: response:{status:200  payload:"\nHbzt_1.0:777c383bc4d25d7dc5610f92a201167f7301ed4b2cd3593b83e643df51c39c71\x12\x07bzt_1.0"}
[34m2026-10-08 04:24:58.036 UTC 0022 INFO[0m [cli.lifecycle.chaincode] [34;1msubmitInstallProposal[0m -> Chaincode code package identifier: bzt_1.0:777c383bc4d25d7dc5610f92a201167f7301ed4b2cd3593b83e643df51c39c71
[0;32mChaincode is installed on peer0.org1[0m
[0;34mInstall chaincode on peer0.org2...[0m
[0;34mUsing organization 2[0m
+ peer lifecycle chaincode queryinstalled --output json
+ jq -r 'try (.installed_chaincodes[].package_id)'
+ grep '^bzt_1.0:777c383bc4d25d7dc5610f92a201167f7301ed4b2cd3593b83e643df51c39c71$'
[34m2026-10-08 04:24:58.072 UTC 0001 INFO[0m [grpc] [34;1mInfof[0m -> [core] original dial target is: "localhost:9051"
[34m2026-10-08 04:24:58.072 UTC 0002 INFO[0m [grpc] [34;1mAddTraceEvent[0m -> [core] [Channel #1]Channel created
[34m2026-10-08 04:24:58.072 UTC 0003 INFO[0m [grpc] [34;1mAddTraceEvent[0m -> [core] [Channel #1]parsed dial target is: resolver.Target{URL:url.URL{Scheme:"passthrough", Opaque:"", User:(*url.Userinfo)(nil), Host:"", Path:"/localhost:9051", RawPath:"", OmitHost:false, ForceQuery:false, RawQuery:"", Fragment:"", RawFragment:""}}
[34m2026-10-08 04:24:58.072 UTC 0004 INFO[0m [grpc] [34;1mAddTraceEvent[0m -> [core] [Channel #1]Channel authority set to "localhost:9051"
[34m2026-10-08 04:24:58.072 UTC 0005 INFO[0m [grpc] [34;1mAddTraceEvent[0m -> [core] [Channel #1]Resolver state updated: {
  "Addresses": [
    {
      "Addr": "localhost:9051",
      "ServerName": "",
      "Attributes": null,
      "BalancerAttributes": null,
      "Metadata": null
    }
  ],
  "Endpoints": [
    {
      "Addresses": [
        {
          "Addr": "localhost:9051",
          "ServerName": "",
          "Attributes": null,
          "BalancerAttributes": null,
          "Metadata": null
        }
      ],
      "Attributes": null
    }
  ],
  "ServiceConfig": null,
  "Attributes": null
} (resolver returned new addresses)
[34m2026-10-08 04:24:58.072 UTC 0006 INFO[0m [grpc] [34;1mAddTraceEvent[0m -> [core] [Channel #1]Channel switches to new LB policy "pick_first"
[34m2026-10-08 04:24:58.072 UTC 0007 INFO[0m [grpc] [34;1mInfof[0m -> [pick-first-lb] [pick-first-lb 0xc0004206c0] Received new config {
  "shuffleAddressList": false
}, resolver state {
  "Addresses": [
    {
      "Addr": "localhost:9051",
      "ServerName": "",
      "Attributes": null,
      "BalancerAttributes": null,
      "Metadata": null
    }
  ],
  "Endpoints": [
    {
      "Addresses": [
        {
          "Addr": "localhost:9051",
          "ServerName": "",
          "Attributes": null,
          "BalancerAttributes": null,
          "Metadata": null
        }
      ],
      "Attributes": null
    }
  ],
  "ServiceConfig": null,
  "Attributes": null
}
[34m2026-10-08 04:24:58.072 UTC 0008 INFO[0m [grpc] [34;1mAddTraceEvent[0m -> [core] [Channel #1 SubChannel #2]Subchannel created
[34m2026-10-08 04:24:58.072 UTC 0009 INFO[0m [grpc] [34;1mAddTraceEvent[0m -> [core] [Channel #1]Channel Connectivity change to CONNECTING
[34m2026-10-08 04:24:58.072 UTC 000a INFO[0m [grpc] [34;1mAddTraceEvent[0m -> [core] [Channel #1]Channel exiting idle mode
[34m2026-10-08 04:24:58.072 UTC 000b INFO[0m [grpc] [34;1mAddTraceEvent[0m -> [core] [Channel #1 SubChannel #2]Subchannel Connectivity change to CONNECTING
[34m2026-10-08 04:24:58.072 UTC 000c INFO[0m [grpc] [34;1mAddTraceEvent[0m -> [core] [Channel #1 SubChannel #2]Subchannel picks a new address "localhost:9051" to connect
[34m2026-10-08 04:24:58.072 UTC 000d INFO[0m [grpc] [34;1mInfof[0m -> [pick-first-lb] [pick-first-lb 0xc0004206c0] Received SubConn state update: 0xc000420750, {ConnectivityState:CONNECTING ConnectionError:<nil> connectedAddress:{Addr: ServerName: Attributes:<nil> BalancerAttributes:<nil> Metadata:<nil>}}
[34m2026-10-08 04:24:58.075 UTC 000e INFO[0m [grpc] [34;1mAddTraceEvent[0m -> [core] [Channel #1 SubChannel #2]Subchannel Connectivity change to READY
[34m2026-10-08 04:24:58.075 UTC 000f INFO[0m [grpc] [34;1mInfof[0m -> [pick-first-lb] [pick-first-lb 0xc0004206c0] Received SubConn state update: 0xc000420750, {ConnectivityState:READY ConnectionError:<nil> connectedAddress:{Addr:localhost:9051 ServerName:localhost:9051 Attributes:<nil> BalancerAttributes:<nil> Metadata:<nil>}}
[34m2026-10-08 04:24:58.075 UTC 0010 INFO[0m [grpc] [34;1mAddTraceEvent[0m -> [core] [Channel #1]Channel Connectivity change to READY
[34m2026-10-08 04:24:58.075 UTC 0011 INFO[0m [grpc] [34;1mInfof[0m -> [core] original dial target is: "localhost:9051"
[34m2026-10-08 04:24:58.075 UTC 0012 INFO[0m [grpc] [34;1mAddTraceEvent[0m -> [core] [Channel #4]Channel created
[34m2026-10-08 04:24:58.075 UTC 0013 INFO[0m [grpc] [34;1mAddTraceEvent[0m -> [core] [Channel #4]parsed dial target is: resolver.Target{URL:url.URL{Scheme:"passthrough", Opaque:"", User:(*url.Userinfo)(nil), Host:"", Path:"/localhost:9051", RawPath:"", OmitHost:false, ForceQuery:false, RawQuery:"", Fragment:"", RawFragment:""}}
[34m2026-10-08 04:24:58.075 UTC 0014 INFO[0m [grpc] [34;1mAddTraceEvent[0m -> [core] [Channel #4]Channel authority set to "localhost:9051"
[34m2026-10-08 04:24:58.075 UTC 0015 INFO[0m [grpc] [34;1mAddTraceEvent[0m -> [core] [Channel #4]Resolver state updated: {
  "Addresses": [
    {
      "Addr": "localhost:9051",
      "ServerName": "",
      "Attributes": null,
      "BalancerAttributes": null,
      "Metadata": null
    }
  ],
  "Endpoints": [
    {
      "Addresses": [
        {
          "Addr": "localhost:9051",
          "ServerName": "",
          "Attributes": null,
          "BalancerAttributes": null,
          "Metadata": null
        }
      ],
      "Attributes": null
    }
  ],
  "ServiceConfig": null,
  "Attributes": null
} (resolver returned new addresses)
[34m2026-10-08 04:24:58.075 UTC 0016 INFO[0m [grpc] [34;1mAddTraceEvent[0m -> [core] [Channel #4]Channel switches to new LB policy "pick_first"
[34m2026-10-08 04:24:58.075 UTC 0017 INFO[0m [grpc] [34;1mInfof[0m -> [pick-first-lb] [pick-first-lb 0xc0004a99b0] Received new config {
  "shuffleAddressList": false
}, resolver state {
  "Addresses": [
    {
      "Addr": "localhost:9051",
      "ServerName": "",
      "Attributes": null,
      "BalancerAttributes": null,
      "Metadata": null
    }
  ],
  "Endpoints": [
    {
      "Addresses": [
        {
          "Addr": "localhost:9051",
          "ServerName": "",
          "Attributes": null,
          "BalancerAttributes": null,
          "Metadata": null
        }
      ],
      "Attributes": null
    }
  ],
  "ServiceConfig": null,
  "Attributes": null
}
[34m2026-10-08 04:24:58.075 UTC 0018 INFO[0m [grpc] [34;1mAddTraceEvent[0m -> [core] [Channel #4 SubChannel #5]Subchannel created
[34m2026-10-08 04:24:58.075 UTC 0019 INFO[0m [grpc] [34;1mAddTraceEvent[0m -> [core] [Channel #4]Channel Connectivity change to CONNECTING
[34m2026-10-08 04:24:58.075 UTC 001a INFO[0m [grpc] [34;1mAddTraceEvent[0m -> [core] [Channel #4]Channel exiting idle mode
[34m2026-10-08 04:24:58.075 UTC 001b INFO[0m [grpc] [34;1mAddTraceEvent[0m -> [core] [Channel #4 SubChannel #5]Subchannel Connectivity change to CONNECTING
[34m2026-10-08 04:24:58.076 UTC 001c INFO[0m [grpc] [34;1mAddTraceEvent[0m -> [core] [Channel #4 SubChannel #5]Subchannel picks a new address "localhost:9051" to connect
[34m2026-10-08 04:24:58.076 UTC 001d INFO[0m [grpc] [34;1mInfof[0m -> [pick-first-lb] [pick-first-lb 0xc0004a99b0] Received SubConn state update: 0xc0004a9a10, {ConnectivityState:CONNECTING ConnectionError:<nil> connectedAddress:{Addr: ServerName: Attributes:<nil> BalancerAttributes:<nil> Metadata:<nil>}}
[34m2026-10-08 04:24:58.078 UTC 001e INFO[0m [grpc] [34;1mAddTraceEvent[0m -> [core] [Channel #4 SubChannel #5]Subchannel Connectivity change to READY
[34m2026-10-08 04:24:58.078 UTC 001f INFO[0m [grpc] [34;1mInfof[0m -> [pick-first-lb] [pick-first-lb 0xc0004a99b0] Received SubConn state update: 0xc0004a9a10, {ConnectivityState:READY ConnectionError:<nil> connectedAddress:{Addr:localhost:9051 ServerName:localhost:9051 Attributes:<nil> BalancerAttributes:<nil> Metadata:<nil>}}
[34m2026-10-08 04:24:58.078 UTC 0020 INFO[0m [grpc] [34;1mAddTraceEvent[0m -> [core] [Channel #4]Channel Connectivity change to READY
+ test 1 -ne 0
+ peer lifecycle chaincode install bzt.tar.gz
+ res=0
[34m2026-10-08 04:24:58.114 UTC 0001 INFO[0m [grpc] [34;1mInfof[0m -> [core] original dial target is: "localhost:9051"
[34m2026-10-08 04:24:58.114 UTC 0002 INFO[0m [grpc] [34;1mAddTraceEvent[0m -> [core] [Channel #1]Channel created
[34m2026-10-08 04:24:58.114 UTC 0003 INFO[0m [grpc] [34;1mAddTraceEvent[0m -> [core] [Channel #1]parsed dial target is: resolver.Target{URL:url.URL{Scheme:"passthrough", Opaque:"", User:(*url.Userinfo)(nil), Host:"", Path:"/localhost:9051", RawPath:"", OmitHost:false, ForceQuery:false, RawQuery:"", Fragment:"", RawFragment:""}}
[34m2026-10-08 04:24:58.114 UTC 0004 INFO[0m [grpc] [34;1mAddTraceEvent[0m -> [core] [Channel #1]Channel authority set to "localhost:9051"
[34m2026-10-08 04:24:58.114 UTC 0005 INFO[0m [grpc] [34;1mAddTraceEvent[0m -> [core] [Channel #1]Resolver state updated: {
  "Addresses": [
    {
      "Addr": "localhost:9051",
      "ServerName": "",
      "Attributes": null,
      "BalancerAttributes": null,
      "Metadata": null
    }
  ],
  "Endpoints": [
    {
      "Addresses": [
        {
          "Addr": "localhost:9051",
          "ServerName": "",
          "Attributes": null,
          "BalancerAttributes": null,
          "Metadata": null
        }
      ],
      "Attributes": null
    }
  ],
  "ServiceConfig": null,
  "Attributes": null
} (resolver returned new addresses)
[34m2026-10-08 04:24:58.114 UTC 0006 INFO[0m [grpc] [34;1mAddTraceEvent[0m -> [core] [Channel #1]Channel switches to new LB policy "pick_first"
[34m2026-10-08 04:24:58.114 UTC 0007 INFO[0m [grpc] [34;1mInfof[0m -> [pick-first-lb] [pick-first-lb 0xc000391a40] Received new config {
  "shuffleAddressList": false
}, resolver state {
  "Addresses": [
    {
      "Addr": "localhost:9051",
      "ServerName": "",
      "Attributes": null,
      "BalancerAttributes": null,
      "Metadata": null
    }
  ],
  "Endpoints": [
    {
      "Addresses": [
        {
          "Addr": "localhost:9051",
          "ServerName": "",
          "Attributes": null,
          "BalancerAttributes": null,
          "Metadata": null
        }
      ],
      "Attributes": null
    }
  ],
  "ServiceConfig": null,
  "Attributes": null
}
[34m2026-10-08 04:24:58.114 UTC 0008 INFO[0m [grpc] [34;1mAddTraceEvent[0m -> [core] [Channel #1 SubChannel #2]Subchannel created
[34m2026-10-08 04:24:58.114 UTC 0009 INFO[0m [grpc] [34;1mAddTraceEvent[0m -> [core] [Channel #1]Channel Connectivity change to CONNECTING
[34m2026-10-08 04:24:58.114 UTC 000a INFO[0m [grpc] [34;1mAddTraceEvent[0m -> [core] [Channel #1]Channel exiting idle mode
[34m2026-10-08 04:24:58.114 UTC 000b INFO[0m [grpc] [34;1mAddTraceEvent[0m -> [core] [Channel #1 SubChannel #2]Subchannel Connectivity change to CONNECTING
[34m2026-10-08 04:24:58.114 UTC 000c INFO[0m [grpc] [34;1mAddTraceEvent[0m -> [core] [Channel #1 SubChannel #2]Subchannel picks a new address "localhost:9051" to connect
[34m2026-10-08 04:24:58.115 UTC 000d INFO[0m [grpc] [34;1mInfof[0m -> [pick-first-lb] [pick-first-lb 0xc000391a40] Received SubConn state update: 0xc000391ad0, {ConnectivityState:CONNECTING ConnectionError:<nil> connectedAddress:{Addr: ServerName: Attributes:<nil> BalancerAttributes:<nil> Metadata:<nil>}}
[34m2026-10-08 04:24:58.117 UTC 000e INFO[0m [grpc] [34;1mAddTraceEvent[0m -> [core] [Channel #1 SubChannel #2]Subchannel Connectivity change to READY
[34m2026-10-08 04:24:58.117 UTC 000f INFO[0m [grpc] [34;1mInfof[0m -> [pick-first-lb] [pick-first-lb 0xc000391a40] Received SubConn state update: 0xc000391ad0, {ConnectivityState:READY ConnectionError:<nil> connectedAddress:{Addr:localhost:9051 ServerName:localhost:9051 Attributes:<nil> BalancerAttributes:<nil> Metadata:<nil>}}
[34m2026-10-08 04:24:58.117 UTC 0010 INFO[0m [grpc] [34;1mAddTraceEvent[0m -> [core] [Channel #1]Channel Connectivity change to READY
[34m2026-10-08 04:24:58.117 UTC 0011 INFO[0m [grpc] [34;1mInfof[0m -> [core] original dial target is: "localhost:9051"
[34m2026-10-08 04:24:58.117 UTC 0012 INFO[0m [grpc] [34;1mAddTraceEvent[0m -> [core] [Channel #4]Channel created
[34m2026-10-08 04:24:58.117 UTC 0013 INFO[0m [grpc] [34;1mAddTraceEvent[0m -> [core] [Channel #4]parsed dial target is: resolver.Target{URL:url.URL{Scheme:"passthrough", Opaque:"", User:(*url.Userinfo)(nil), Host:"", Path:"/localhost:9051", RawPath:"", OmitHost:false, ForceQuery:false, RawQuery:"", Fragment:"", RawFragment:""}}
[34m2026-10-08 04:24:58.117 UTC 0014 INFO[0m [grpc] [34;1mAddTraceEvent[0m -> [core] [Channel #4]Channel authority set to "localhost:9051"
[34m2026-10-08 04:24:58.117 UTC 0015 INFO[0m [grpc] [34;1mAddTraceEvent[0m -> [core] [Channel #4]Resolver state updated: {
  "Addresses": [
    {
      "Addr": "localhost:9051",
      "ServerName": "",
      "Attributes": null,
      "BalancerAttributes": null,
      "Metadata": null
    }
  ],
  "Endpoints": [
    {
      "Addresses": [
        {
          "Addr": "localhost:9051",
          "ServerName": "",
          "Attributes": null,
          "BalancerAttributes": null,
          "Metadata": null
        }
      ],
      "Attributes": null
    }
  ],
  "ServiceConfig": null,
  "Attributes": null
} (resolver returned new addresses)
[34m2026-10-08 04:24:58.117 UTC 0016 INFO[0m [grpc] [34;1mAddTraceEvent[0m -> [core] [Channel #4]Channel switches to new LB policy "pick_first"
[34m2026-10-08 04:24:58.117 UTC 0017 INFO[0m [grpc] [34;1mInfof[0m -> [pick-first-lb] [pick-first-lb 0xc00050cab0] Received new config {
  "shuffleAddressList": false
}, resolver state {
  "Addresses": [
    {
      "Addr": "localhost:9051",
      "ServerName": "",
      "Attributes": null,
      "BalancerAttributes": null,
      "Metadata": null
    }
  ],
  "Endpoints": [
    {
      "Addresses": [
        {
          "Addr": "localhost:9051",
          "ServerName": "",
          "Attributes": null,
          "BalancerAttributes": null,
          "Metadata": null
        }
      ],
      "Attributes": null
    }
  ],
  "ServiceConfig": null,
  "Attributes": null
}
[34m2026-10-08 04:24:58.117 UTC 0018 INFO[0m [grpc] [34;1mAddTraceEvent[0m -> [core] [Channel #4 SubChannel #5]Subchannel created
[34m2026-10-08 04:24:58.117 UTC 0019 INFO[0m [grpc] [34;1mAddTraceEvent[0m -> [core] [Channel #4]Channel Connectivity change to CONNECTING
[34m2026-10-08 04:24:58.117 UTC 001a INFO[0m [grpc] [34;1mAddTraceEvent[0m -> [core] [Channel #4]Channel exiting idle mode
[34m2026-10-08 04:24:58.117 UTC 001b INFO[0m [grpc] [34;1mAddTraceEvent[0m -> [core] [Channel #4 SubChannel #5]Subchannel Connectivity change to CONNECTING
[34m2026-10-08 04:24:58.117 UTC 001c INFO[0m [grpc] [34;1mAddTraceEvent[0m -> [core] [Channel #4 SubChannel #5]Subchannel picks a new address "localhost:9051" to connect
[34m2026-10-08 04:24:58.117 UTC 001d INFO[0m [grpc] [34;1mInfof[0m -> [pick-first-lb] [pick-first-lb 0xc00050cab0] Received SubConn state update: 0xc00050cb10, {ConnectivityState:CONNECTING ConnectionError:<nil> connectedAddress:{Addr: ServerName: Attributes:<nil> BalancerAttributes:<nil> Metadata:<nil>}}
[34m2026-10-08 04:24:58.118 UTC 001e INFO[0m [grpc] [34;1mAddTraceEvent[0m -> [core] [Channel #4 SubChannel #5]Subchannel Connectivity change to READY
[34m2026-10-08 04:24:58.118 UTC 001f INFO[0m [grpc] [34;1mInfof[0m -> [pick-first-lb] [pick-first-lb 0xc00050cab0] Received SubConn state update: 0xc00050cb10, {ConnectivityState:READY ConnectionError:<nil> connectedAddress:{Addr:localhost:9051 ServerName:localhost:9051 Attributes:<nil> BalancerAttributes:<nil> Metadata:<nil>}}
[34m2026-10-08 04:24:58.118 UTC 0020 INFO[0m [grpc] [34;1mAddTraceEvent[0m -> [core] [Channel #4]Channel Connectivity change to READY
[34m2026-10-08 04:25:06.028 UTC 0021 INFO[0m [cli.lifecycle.chaincode] [34;1msubmitInstallProposal[0m -> Installed remotely: response:{status:200  payload:"\nHbzt_1.0:777c383bc4d25d7dc5610f92a201167f7301ed4b2cd3593b83e643df51c39c71\x12\x07bzt_1.0"}
[34m2026-10-08 04:25:06.028 UTC 0022 INFO[0m [cli.lifecycle.chaincode] [34;1msubmitInstallProposal[0m -> Chaincode code package identifier: bzt_1.0:777c383bc4d25d7dc5610f92a201167f7301ed4b2cd3593b83e643df51c39c71
[0;32mChaincode is installed on peer0.org2[0m
++ peer lifecycle chaincode querycommitted --channelID mychannel --name bzt
++ sed -n '/Version:/{s/.*Sequence: //; s/, Endorsement Plugin:.*$//; p;}'
[34m2026-10-08 04:25:06.066 UTC 0001 INFO[0m [grpc] [34;1mInfof[0m -> [core] original dial target is: "localhost:9051"
[34m2026-10-08 04:25:06.066 UTC 0002 INFO[0m [grpc] [34;1mAddTraceEvent[0m -> [core] [Channel #1]Channel created
[34m2026-10-08 04:25:06.066 UTC 0003 INFO[0m [grpc] [34;1mAddTraceEvent[0m -> [core] [Channel #1]parsed dial target is: resolver.Target{URL:url.URL{Scheme:"passthrough", Opaque:"", User:(*url.Userinfo)(nil), Host:"", Path:"/localhost:9051", RawPath:"", OmitHost:false, ForceQuery:false, RawQuery:"", Fragment:"", RawFragment:""}}
[34m2026-10-08 04:25:06.066 UTC 0004 INFO[0m [grpc] [34;1mAddTraceEvent[0m -> [core] [Channel #1]Channel authority set to "localhost:9051"
[34m2026-10-08 04:25:06.067 UTC 0005 INFO[0m [grpc] [34;1mAddTraceEvent[0m -> [core] [Channel #1]Resolver state updated: {
  "Addresses": [
    {
      "Addr": "localhost:9051",
      "ServerName": "",
      "Attributes": null,
      "BalancerAttributes": null,
      "Metadata": null
    }
  ],
  "Endpoints": [
    {
      "Addresses": [
        {
          "Addr": "localhost:9051",
          "ServerName": "",
          "Attributes": null,
          "BalancerAttributes": null,
          "Metadata": null
        }
      ],
      "Attributes": null
    }
  ],
  "ServiceConfig": null,
  "Attributes": null
} (resolver returned new addresses)
[34m2026-10-08 04:25:06.067 UTC 0006 INFO[0m [grpc] [34;1mAddTraceEvent[0m -> [core] [Channel #1]Channel switches to new LB policy "pick_first"
[34m2026-10-08 04:25:06.067 UTC 0007 INFO[0m [grpc] [34;1mInfof[0m -> [pick-first-lb] [pick-first-lb 0xc0003be600] Received new config {
  "shuffleAddressList": false
}, resolver state {
  "Addresses": [
    {
      "Addr": "localhost:9051",
      "ServerName": "",
      "Attributes": null,
      "BalancerAttributes": null,
      "Metadata": null
    }
  ],
  "Endpoints": [
    {
      "Addresses": [
        {
          "Addr": "localhost:9051",
          "ServerName": "",
          "Attributes": null,
          "BalancerAttributes": null,
          "Metadata": null
        }
      ],
      "Attributes": null
    }
  ],
  "ServiceConfig": null,
  "Attributes": null
}
[34m2026-10-08 04:25:06.067 UTC 0008 INFO[0m [grpc] [34;1mAddTraceEvent[0m -> [core] [Channel #1 SubChannel #2]Subchannel created
[34m2026-10-08 04:25:06.067 UTC 0009 INFO[0m [grpc] [34;1mAddTraceEvent[0m -> [core] [Channel #1]Channel Connectivity change to CONNECTING
[34m2026-10-08 04:25:06.067 UTC 000a INFO[0m [grpc] [34;1mAddTraceEvent[0m -> [core] [Channel #1]Channel exiting idle mode
[34m2026-10-08 04:25:06.067 UTC 000b INFO[0m [grpc] [34;1mAddTraceEvent[0m -> [core] [Channel #1 SubChannel #2]Subchannel Connectivity change to CONNECTING
[34m2026-10-08 04:25:06.067 UTC 000c INFO[0m [grpc] [34;1mAddTraceEvent[0m -> [core] [Channel #1 SubChannel #2]Subchannel picks a new address "localhost:9051" to connect
[34m2026-10-08 04:25:06.067 UTC 000d INFO[0m [grpc] [34;1mInfof[0m -> [pick-first-lb] [pick-first-lb 0xc0003be600] Received SubConn state update: 0xc0003be690, {ConnectivityState:CONNECTING ConnectionError:<nil> connectedAddress:{Addr: ServerName: Attributes:<nil> BalancerAttributes:<nil> Metadata:<nil>}}
[34m2026-10-08 04:25:06.069 UTC 000e INFO[0m [grpc] [34;1mAddTraceEvent[0m -> [core] [Channel #1 SubChannel #2]Subchannel Connectivity change to READY
[34m2026-10-08 04:25:06.069 UTC 000f INFO[0m [grpc] [34;1mInfof[0m -> [pick-first-lb] [pick-first-lb 0xc0003be600] Received SubConn state update: 0xc0003be690, {ConnectivityState:READY ConnectionError:<nil> connectedAddress:{Addr:localhost:9051 ServerName:localhost:9051 Attributes:<nil> BalancerAttributes:<nil> Metadata:<nil>}}
[34m2026-10-08 04:25:06.069 UTC 0010 INFO[0m [grpc] [34;1mAddTraceEvent[0m -> [core] [Channel #1]Channel Connectivity change to READY
[34m2026-10-08 04:25:06.069 UTC 0011 INFO[0m [grpc] [34;1mInfof[0m -> [core] original dial target is: "localhost:9051"
[34m2026-10-08 04:25:06.069 UTC 0012 INFO[0m [grpc] [34;1mAddTraceEvent[0m -> [core] [Channel #4]Channel created
[34m2026-10-08 04:25:06.069 UTC 0013 INFO[0m [grpc] [34;1mAddTraceEvent[0m -> [core] [Channel #4]parsed dial target is: resolver.Target{URL:url.URL{Scheme:"passthrough", Opaque:"", User:(*url.Userinfo)(nil), Host:"", Path:"/localhost:9051", RawPath:"", OmitHost:false, ForceQuery:false, RawQuery:"", Fragment:"", RawFragment:""}}
[34m2026-10-08 04:25:06.069 UTC 0014 INFO[0m [grpc] [34;1mAddTraceEvent[0m -> [core] [Channel #4]Channel authority set to "localhost:9051"
[34m2026-10-08 04:25:06.069 UTC 0015 INFO[0m [grpc] [34;1mAddTraceEvent[0m -> [core] [Channel #4]Resolver state updated: {
  "Addresses": [
    {
      "Addr": "localhost:9051",
      "ServerName": "",
      "Attributes": null,
      "BalancerAttributes": null,
      "Metadata": null
    }
  ],
  "Endpoints": [
    {
      "Addresses": [
        {
          "Addr": "localhost:9051",
          "ServerName": "",
          "Attributes": null,
          "BalancerAttributes": null,
          "Metadata": null
        }
      ],
      "Attributes": null
    }
  ],
  "ServiceConfig": null,
  "Attributes": null
} (resolver returned new addresses)
[34m2026-10-08 04:25:06.069 UTC 0016 INFO[0m [grpc] [34;1mAddTraceEvent[0m -> [core] [Channel #4]Channel switches to new LB policy "pick_first"
[34m2026-10-08 04:25:06.070 UTC 0017 INFO[0m [grpc] [34;1mInfof[0m -> [pick-first-lb] [pick-first-lb 0xc0003bf830] Received new config {
  "shuffleAddressList": false
}, resolver state {
  "Addresses": [
    {
      "Addr": "localhost:9051",
      "ServerName": "",
      "Attributes": null,
      "BalancerAttributes": null,
      "Metadata": null
    }
  ],
  "Endpoints": [
    {
      "Addresses": [
        {
          "Addr": "localhost:9051",
          "ServerName": "",
          "Attributes": null,
          "BalancerAttributes": null,
          "Metadata": null
        }
      ],
      "Attributes": null
    }
  ],
  "ServiceConfig": null,
  "Attributes": null
}
[34m2026-10-08 04:25:06.070 UTC 0018 INFO[0m [grpc] [34;1mAddTraceEvent[0m -> [core] [Channel #4 SubChannel #5]Subchannel created
[34m2026-10-08 04:25:06.070 UTC 0019 INFO[0m [grpc] [34;1mAddTraceEvent[0m -> [core] [Channel #4]Channel Connectivity change to CONNECTING
[34m2026-10-08 04:25:06.070 UTC 001a INFO[0m [grpc] [34;1mAddTraceEvent[0m -> [core] [Channel #4]Channel exiting idle mode
[34m2026-10-08 04:25:06.070 UTC 001b INFO[0m [grpc] [34;1mAddTraceEvent[0m -> [core] [Channel #4 SubChannel #5]Subchannel Connectivity change to CONNECTING
[34m2026-10-08 04:25:06.070 UTC 001c INFO[0m [grpc] [34;1mAddTraceEvent[0m -> [core] [Channel #4 SubChannel #5]Subchannel picks a new address "localhost:9051" to connect
[34m2026-10-08 04:25:06.070 UTC 001d INFO[0m [grpc] [34;1mInfof[0m -> [pick-first-lb] [pick-first-lb 0xc0003bf830] Received SubConn state update: 0xc0003bf8c0, {ConnectivityState:CONNECTING ConnectionError:<nil> connectedAddress:{Addr: ServerName: Attributes:<nil> BalancerAttributes:<nil> Metadata:<nil>}}
[34m2026-10-08 04:25:06.072 UTC 001e INFO[0m [grpc] [34;1mAddTraceEvent[0m -> [core] [Channel #4 SubChannel #5]Subchannel Connectivity change to READY
[34m2026-10-08 04:25:06.072 UTC 001f INFO[0m [grpc] [34;1mInfof[0m -> [pick-first-lb] [pick-first-lb 0xc0003bf830] Received SubConn state update: 0xc0003bf8c0, {ConnectivityState:READY ConnectionError:<nil> connectedAddress:{Addr:localhost:9051 ServerName:localhost:9051 Attributes:<nil> BalancerAttributes:<nil> Metadata:<nil>}}
[34m2026-10-08 04:25:06.072 UTC 0020 INFO[0m [grpc] [34;1mAddTraceEvent[0m -> [core] [Channel #4]Channel Connectivity change to READY
Error: query failed with status: 404 - namespace bzt is not defined
+ COMMITTED_CC_SEQUENCE=
+ res=0
[0;34mUsing organization 1[0m
+ peer lifecycle chaincode queryinstalled --output json
+ jq -r 'try (.installed_chaincodes[].package_id)'
+ grep '^bzt_1.0:777c383bc4d25d7dc5610f92a201167f7301ed4b2cd3593b83e643df51c39c71$'
[34m2026-10-08 04:25:06.110 UTC 0001 INFO[0m [grpc] [34;1mInfof[0m -> [core] original dial target is: "localhost:7051"
[34m2026-10-08 04:25:06.110 UTC 0002 INFO[0m [grpc] [34;1mAddTraceEvent[0m -> [core] [Channel #1]Channel created
[34m2026-10-08 04:25:06.110 UTC 0003 INFO[0m [grpc] [34;1mAddTraceEvent[0m -> [core] [Channel #1]parsed dial target is: resolver.Target{URL:url.URL{Scheme:"passthrough", Opaque:"", User:(*url.Userinfo)(nil), Host:"", Path:"/localhost:7051", RawPath:"", OmitHost:false, ForceQuery:false, RawQuery:"", Fragment:"", RawFragment:""}}
[34m2026-10-08 04:25:06.110 UTC 0004 INFO[0m [grpc] [34;1mAddTraceEvent[0m -> [core] [Channel #1]Channel authority set to "localhost:7051"
[34m2026-10-08 04:25:06.110 UTC 0005 INFO[0m [grpc] [34;1mAddTraceEvent[0m -> [core] [Channel #1]Resolver state updated: {
  "Addresses": [
    {
      "Addr": "localhost:7051",
      "ServerName": "",
      "Attributes": null,
      "BalancerAttributes": null,
      "Metadata": null
    }
  ],
  "Endpoints": [
    {
      "Addresses": [
        {
          "Addr": "localhost:7051",
          "ServerName": "",
          "Attributes": null,
          "BalancerAttributes": null,
          "Metadata": null
        }
      ],
      "Attributes": null
    }
  ],
  "ServiceConfig": null,
  "Attributes": null
} (resolver returned new addresses)
[34m2026-10-08 04:25:06.110 UTC 0006 INFO[0m [grpc] [34;1mAddTraceEvent[0m -> [core] [Channel #1]Channel switches to new LB policy "pick_first"
[34m2026-10-08 04:25:06.110 UTC 0007 INFO[0m [grpc] [34;1mInfof[0m -> [pick-first-lb] [pick-first-lb 0xc0003cd8c0] Received new config {
  "shuffleAddressList": false
}, resolver state {
  "Addresses": [
    {
      "Addr": "localhost:7051",
      "ServerName": "",
      "Attributes": null,
      "BalancerAttributes": null,
      "Metadata": null
    }
  ],
  "Endpoints": [
    {
      "Addresses": [
        {
          "Addr": "localhost:7051",
          "ServerName": "",
          "Attributes": null,
          "BalancerAttributes": null,
          "Metadata": null
        }
      ],
      "Attributes": null
    }
  ],
  "ServiceConfig": null,
  "Attributes": null
}
[34m2026-10-08 04:25:06.110 UTC 0008 INFO[0m [grpc] [34;1mAddTraceEvent[0m -> [core] [Channel #1 SubChannel #2]Subchannel created
[34m2026-10-08 04:25:06.111 UTC 0009 INFO[0m [grpc] [34;1mAddTraceEvent[0m -> [core] [Channel #1]Channel Connectivity change to CONNECTING
[34m2026-10-08 04:25:06.111 UTC 000a INFO[0m [grpc] [34;1mAddTraceEvent[0m -> [core] [Channel #1]Channel exiting idle mode
[34m2026-10-08 04:25:06.111 UTC 000b INFO[0m [grpc] [34;1mAddTraceEvent[0m -> [core] [Channel #1 SubChannel #2]Subchannel Connectivity change to CONNECTING
[34m2026-10-08 04:25:06.111 UTC 000c INFO[0m [grpc] [34;1mAddTraceEvent[0m -> [core] [Channel #1 SubChannel #2]Subchannel picks a new address "localhost:7051" to connect
[34m2026-10-08 04:25:06.111 UTC 000d INFO[0m [grpc] [34;1mInfof[0m -> [pick-first-lb] [pick-first-lb 0xc0003cd8c0] Received SubConn state update: 0xc0003cd950, {ConnectivityState:CONNECTING ConnectionError:<nil> connectedAddress:{Addr: ServerName: Attributes:<nil> BalancerAttributes:<nil> Metadata:<nil>}}
[34m2026-10-08 04:25:06.114 UTC 000e INFO[0m [grpc] [34;1mAddTraceEvent[0m -> [core] [Channel #1 SubChannel #2]Subchannel Connectivity change to READY
[34m2026-10-08 04:25:06.114 UTC 000f INFO[0m [grpc] [34;1mInfof[0m -> [pick-first-lb] [pick-first-lb 0xc0003cd8c0] Received SubConn state update: 0xc0003cd950, {ConnectivityState:READY ConnectionError:<nil> connectedAddress:{Addr:localhost:7051 ServerName:localhost:7051 Attributes:<nil> BalancerAttributes:<nil> Metadata:<nil>}}
[34m2026-10-08 04:25:06.114 UTC 0010 INFO[0m [grpc] [34;1mAddTraceEvent[0m -> [core] [Channel #1]Channel Connectivity change to READY
[34m2026-10-08 04:25:06.114 UTC 0011 INFO[0m [grpc] [34;1mInfof[0m -> [core] original dial target is: "localhost:7051"
[34m2026-10-08 04:25:06.114 UTC 0012 INFO[0m [grpc] [34;1mAddTraceEvent[0m -> [core] [Channel #4]Channel created
[34m2026-10-08 04:25:06.114 UTC 0013 INFO[0m [grpc] [34;1mAddTraceEvent[0m -> [core] [Channel #4]parsed dial target is: resolver.Target{URL:url.URL{Scheme:"passthrough", Opaque:"", User:(*url.Userinfo)(nil), Host:"", Path:"/localhost:7051", RawPath:"", OmitHost:false, ForceQuery:false, RawQuery:"", Fragment:"", RawFragment:""}}
[34m2026-10-08 04:25:06.114 UTC 0014 INFO[0m [grpc] [34;1mAddTraceEvent[0m -> [core] [Channel #4]Channel authority set to "localhost:7051"
[34m2026-10-08 04:25:06.114 UTC 0015 INFO[0m [grpc] [34;1mAddTraceEvent[0m -> [core] [Channel #4]Resolver state updated: {
  "Addresses": [
    {
      "Addr": "localhost:7051",
      "ServerName": "",
      "Attributes": null,
      "BalancerAttributes": null,
      "Metadata": null
    }
  ],
  "Endpoints": [
    {
      "Addresses": [
        {
          "Addr": "localhost:7051",
          "ServerName": "",
          "Attributes": null,
          "BalancerAttributes": null,
          "Metadata": null
        }
      ],
      "Attributes": null
    }
  ],
  "ServiceConfig": null,
  "Attributes": null
} (resolver returned new addresses)
[34m2026-10-08 04:25:06.114 UTC 0016 INFO[0m [grpc] [34;1mAddTraceEvent[0m -> [core] [Channel #4]Channel switches to new LB policy "pick_first"
[34m2026-10-08 04:25:06.114 UTC 0017 INFO[0m [grpc] [34;1mInfof[0m -> [pick-first-lb] [pick-first-lb 0xc000402d20] Received new config {
  "shuffleAddressList": false
}, resolver state {
  "Addresses": [
    {
      "Addr": "localhost:7051",
      "ServerName": "",
      "Attributes": null,
      "BalancerAttributes": null,
      "Metadata": null
    }
  ],
  "Endpoints": [
    {
      "Addresses": [
        {
          "Addr": "localhost:7051",
          "ServerName": "",
          "Attributes": null,
          "BalancerAttributes": null,
          "Metadata": null
        }
      ],
      "Attributes": null
    }
  ],
  "ServiceConfig": null,
  "Attributes": null
}
[34m2026-10-08 04:25:06.114 UTC 0018 INFO[0m [grpc] [34;1mAddTraceEvent[0m -> [core] [Channel #4 SubChannel #5]Subchannel created
[34m2026-10-08 04:25:06.114 UTC 0019 INFO[0m [grpc] [34;1mAddTraceEvent[0m -> [core] [Channel #4]Channel Connectivity change to CONNECTING
[34m2026-10-08 04:25:06.114 UTC 001a INFO[0m [grpc] [34;1mAddTraceEvent[0m -> [core] [Channel #4]Channel exiting idle mode
[34m2026-10-08 04:25:06.114 UTC 001b INFO[0m [grpc] [34;1mAddTraceEvent[0m -> [core] [Channel #4 SubChannel #5]Subchannel Connectivity change to CONNECTING
[34m2026-10-08 04:25:06.114 UTC 001c INFO[0m [grpc] [34;1mAddTraceEvent[0m -> [core] [Channel #4 SubChannel #5]Subchannel picks a new address "localhost:7051" to connect
[34m2026-10-08 04:25:06.114 UTC 001d INFO[0m [grpc] [34;1mInfof[0m -> [pick-first-lb] [pick-first-lb 0xc000402d20] Received SubConn state update: 0xc000402d80, {ConnectivityState:CONNECTING ConnectionError:<nil> connectedAddress:{Addr: ServerName: Attributes:<nil> BalancerAttributes:<nil> Metadata:<nil>}}
[34m2026-10-08 04:25:06.116 UTC 001e INFO[0m [grpc] [34;1mAddTraceEvent[0m -> [core] [Channel #4 SubChannel #5]Subchannel Connectivity change to READY
[34m2026-10-08 04:25:06.116 UTC 001f INFO[0m [grpc] [34;1mInfof[0m -> [pick-first-lb] [pick-first-lb 0xc000402d20] Received SubConn state update: 0xc000402d80, {ConnectivityState:READY ConnectionError:<nil> connectedAddress:{Addr:localhost:7051 ServerName:localhost:7051 Attributes:<nil> BalancerAttributes:<nil> Metadata:<nil>}}
[34m2026-10-08 04:25:06.116 UTC 0020 INFO[0m [grpc] [34;1mAddTraceEvent[0m -> [core] [Channel #4]Channel Connectivity change to READY
+ res=0
bzt_1.0:777c383bc4d25d7dc5610f92a201167f7301ed4b2cd3593b83e643df51c39c71
[0;32mQuery installed successful on peer0.org1 on channel[0m
[0;34mUsing organization 1[0m
+ peer lifecycle chaincode approveformyorg -o localhost:7050 --ordererTLSHostnameOverride orderer.example.com --tls --cafile /home/runner/work/bzt-id-experiments/bzt-id-experiments/fabric-samples/test-network/organizations/ordererOrganizations/example.com/tlsca/tlsca.example.com-cert.pem --channelID mychannel --name bzt --version 1.0 --package-id bzt_1.0:777c383bc4d25d7dc5610f92a201167f7301ed4b2cd3593b83e643df51c39c71 --sequence 1
+ res=0
[34m2026-10-08 04:25:06.155 UTC 0001 INFO[0m [grpc] [34;1mInfof[0m -> [core] original dial target is: "localhost:7051"
[34m2026-10-08 04:25:06.155 UTC 0002 INFO[0m [grpc] [34;1mAddTraceEvent[0m -> [core] [Channel #1]Channel created
[34m2026-10-08 04:25:06.155 UTC 0003 INFO[0m [grpc] [34;1mAddTraceEvent[0m -> [core] [Channel #1]parsed dial target is: resolver.Target{URL:url.URL{Scheme:"passthrough", Opaque:"", User:(*url.Userinfo)(nil), Host:"", Path:"/localhost:7051", RawPath:"", OmitHost:false, ForceQuery:false, RawQuery:"", Fragment:"", RawFragment:""}}
[34m2026-10-08 04:25:06.155 UTC 0004 INFO[0m [grpc] [34;1mAddTraceEvent[0m -> [core] [Channel #1]Channel authority set to "localhost:7051"
[34m2026-10-08 04:25:06.156 UTC 0005 INFO[0m [grpc] [34;1mAddTraceEvent[0m -> [core] [Channel #1]Resolver state updated: {
  "Addresses": [
    {
      "Addr": "localhost:7051",
      "ServerName": "",
      "Attributes": null,
      "BalancerAttributes": null,
      "Metadata": null
    }
  ],
  "Endpoints": [
    {
      "Addresses": [
        {
          "Addr": "localhost:7051",
          "ServerName": "",
          "Attributes": null,
          "BalancerAttributes": null,
          "Metadata": null
        }
      ],
      "Attributes": null
    }
  ],
  "ServiceConfig": null,
  "Attributes": null
} (resolver returned new addresses)
[34m2026-10-08 04:25:06.156 UTC 0006 INFO[0m [grpc] [34;1mAddTraceEvent[0m -> [core] [Channel #1]Channel switches to new LB policy "pick_first"
[34m2026-10-08 04:25:06.156 UTC 0007 INFO[0m [grpc] [34;1mInfof[0m -> [pick-first-lb] [pick-first-lb 0xc0003dc4e0] Received new config {
  "shuffleAddressList": false
}, resolver state {
  "Addresses": [
    {
      "Addr": "localhost:7051",
      "ServerName": "",
      "Attributes": null,
      "BalancerAttributes": null,
      "Metadata": null
    }
  ],
  "Endpoints": [
    {
      "Addresses": [
        {
          "Addr": "localhost:7051",
          "ServerName": "",
          "Attributes": null,
          "BalancerAttributes": null,
          "Metadata": null
        }
      ],
      "Attributes": null
    }
  ],
  "ServiceConfig": null,
  "Attributes": null
}
[34m2026-10-08 04:25:06.156 UTC 0008 INFO[0m [grpc] [34;1mAddTraceEvent[0m -> [core] [Channel #1 SubChannel #2]Subchannel created
[34m2026-10-08 04:25:06.156 UTC 0009 INFO[0m [grpc] [34;1mAddTraceEvent[0m -> [core] [Channel #1]Channel Connectivity change to CONNECTING
[34m2026-10-08 04:25:06.156 UTC 000a INFO[0m [grpc] [34;1mAddTraceEvent[0m -> [core] [Channel #1]Channel exiting idle mode
[34m2026-10-08 04:25:06.156 UTC 000b INFO[0m [grpc] [34;1mAddTraceEvent[0m -> [core] [Channel #1 SubChannel #2]Subchannel Connectivity change to CONNECTING
[34m2026-10-08 04:25:06.156 UTC 000c INFO[0m [grpc] [34;1mAddTraceEvent[0m -> [core] [Channel #1 SubChannel #2]Subchannel picks a new address "localhost:7051" to connect
[34m2026-10-08 04:25:06.156 UTC 000d INFO[0m [grpc] [34;1mInfof[0m -> [pick-first-lb] [pick-first-lb 0xc0003dc4e0] Received SubConn state update: 0xc0003dc570, {ConnectivityState:CONNECTING ConnectionError:<nil> connectedAddress:{Addr: ServerName: Attributes:<nil> BalancerAttributes:<nil> Metadata:<nil>}}
[34m2026-10-08 04:25:06.157 UTC 000e INFO[0m [grpc] [34;1mAddTraceEvent[0m -> [core] [Channel #1 SubChannel #2]Subchannel Connectivity change to READY
[34m2026-10-08 04:25:06.158 UTC 000f INFO[0m [grpc] [34;1mInfof[0m -> [pick-first-lb] [pick-first-lb 0xc0003dc4e0] Received SubConn state update: 0xc0003dc570, {ConnectivityState:READY ConnectionError:<nil> connectedAddress:{Addr:localhost:7051 ServerName:localhost:7051 Attributes:<nil> BalancerAttributes:<nil> Metadata:<nil>}}
[34m2026-10-08 04:25:06.158 UTC 0010 INFO[0m [grpc] [34;1mAddTraceEvent[0m -> [core] [Channel #1]Channel Connectivity change to READY
[34m2026-10-08 04:25:06.158 UTC 0011 INFO[0m [grpc] [34;1mInfof[0m -> [core] original dial target is: "localhost:7051"
[34m2026-10-08 04:25:06.158 UTC 0012 INFO[0m [grpc] [34;1mAddTraceEvent[0m -> [core] [Channel #4]Channel created
[34m2026-10-08 04:25:06.158 UTC 0013 INFO[0m [grpc] [34;1mAddTraceEvent[0m -> [core] [Channel #4]parsed dial target is: resolver.Target{URL:url.URL{Scheme:"passthrough", Opaque:"", User:(*url.Userinfo)(nil), Host:"", Path:"/localhost:7051", RawPath:"", OmitHost:false, ForceQuery:false, RawQuery:"", Fragment:"", RawFragment:""}}
[34m2026-10-08 04:25:06.158 UTC 0014 INFO[0m [grpc] [34;1mAddTraceEvent[0m -> [core] [Channel #4]Channel authority set to "localhost:7051"
[34m2026-10-08 04:25:06.158 UTC 0015 INFO[0m [grpc] [34;1mAddTraceEvent[0m -> [core] [Channel #4]Resolver state updated: {
  "Addresses": [
    {
      "Addr": "localhost:7051",
      "ServerName": "",
      "Attributes": null,
      "BalancerAttributes": null,
      "Metadata": null
    }
  ],
  "Endpoints": [
    {
      "Addresses": [
        {
          "Addr": "localhost:7051",
          "ServerName": "",
          "Attributes": null,
          "BalancerAttributes": null,
          "Metadata": null
        }
      ],
      "Attributes": null
    }
  ],
  "ServiceConfig": null,
  "Attributes": null
} (resolver returned new addresses)
[34m2026-10-08 04:25:06.158 UTC 0016 INFO[0m [grpc] [34;1mAddTraceEvent[0m -> [core] [Channel #4]Channel switches to new LB policy "pick_first"
[34m2026-10-08 04:25:06.158 UTC 0017 INFO[0m [grpc] [34;1mInfof[0m -> [pick-first-lb] [pick-first-lb 0xc0004f0e70] Received new config {
  "shuffleAddressList": false
}, resolver state {
  "Addresses": [
    {
      "Addr": "localhost:7051",
      "ServerName": "",
      "Attributes": null,
      "BalancerAttributes": null,
      "Metadata": null
    }
  ],
  "Endpoints": [
    {
      "Addresses": [
        {
          "Addr": "localhost:7051",
          "ServerName": "",
          "Attributes": null,
          "BalancerAttributes": null,
          "Metadata": null
        }
      ],
      "Attributes": null
    }
  ],
  "ServiceConfig": null,
  "Attributes": null
}
[34m2026-10-08 04:25:06.158 UTC 0018 INFO[0m [grpc] [34;1mAddTraceEvent[0m -> [core] [Channel #4 SubChannel #5]Subchannel created
[34m2026-10-08 04:25:06.158 UTC 0019 INFO[0m [grpc] [34;1mAddTraceEvent[0m -> [core] [Channel #4]Channel Connectivity change to CONNECTING
[34m2026-10-08 04:25:06.158 UTC 001a INFO[0m [grpc] [34;1mAddTraceEvent[0m -> [core] [Channel #4]Channel exiting idle mode
[34m2026-10-08 04:25:06.159 UTC 001b INFO[0m [grpc] [34;1mAddTraceEvent[0m -> [core] [Channel #4 SubChannel #5]Subchannel Connectivity change to CONNECTING
[34m2026-10-08 04:25:06.159 UTC 001c INFO[0m [grpc] [34;1mAddTraceEvent[0m -> [core] [Channel #4 SubChannel #5]Subchannel picks a new address "localhost:7051" to connect
[34m2026-10-08 04:25:06.159 UTC 001d INFO[0m [grpc] [34;1mInfof[0m -> [pick-first-lb] [pick-first-lb 0xc0004f0e70] Received SubConn state update: 0xc0005101b0, {ConnectivityState:CONNECTING ConnectionError:<nil> connectedAddress:{Addr: ServerName: Attributes:<nil> BalancerAttributes:<nil> Metadata:<nil>}}
[34m2026-10-08 04:25:06.160 UTC 001e INFO[0m [grpc] [34;1mAddTraceEvent[0m -> [core] [Channel #4 SubChannel #5]Subchannel Connectivity change to READY
[34m2026-10-08 04:25:06.160 UTC 001f INFO[0m [grpc] [34;1mInfof[0m -> [pick-first-lb] [pick-first-lb 0xc0004f0e70] Received SubConn state update: 0xc0005101b0, {ConnectivityState:READY ConnectionError:<nil> connectedAddress:{Addr:localhost:7051 ServerName:localhost:7051 Attributes:<nil> BalancerAttributes:<nil> Metadata:<nil>}}
[34m2026-10-08 04:25:06.160 UTC 0020 INFO[0m [grpc] [34;1mAddTraceEvent[0m -> [core] [Channel #4]Channel Connectivity change to READY
[33m2026-10-08 04:25:06.160 UTC 0021 WARN[0m [grpc] [33;1mWarningf[0m -> [core] Adjusting keepalive ping interval to minimum period of 10s
[34m2026-10-08 04:25:06.161 UTC 0022 INFO[0m [grpc] [34;1mInfof[0m -> [core] original dial target is: "localhost:7050"
[34m2026-10-08 04:25:06.161 UTC 0023 INFO[0m [grpc] [34;1mAddTraceEvent[0m -> [core] [Channel #7]Channel created
[34m2026-10-08 04:25:06.161 UTC 0024 INFO[0m [grpc] [34;1mAddTraceEvent[0m -> [core] [Channel #7]parsed dial target is: resolver.Target{URL:url.URL{Scheme:"passthrough", Opaque:"", User:(*url.Userinfo)(nil), Host:"", Path:"/localhost:7050", RawPath:"", OmitHost:false, ForceQuery:false, RawQuery:"", Fragment:"", RawFragment:""}}
[34m2026-10-08 04:25:06.161 UTC 0025 INFO[0m [grpc] [34;1mAddTraceEvent[0m -> [core] [Channel #7]Channel authority set to "orderer.example.com"
[34m2026-10-08 04:25:06.161 UTC 0026 INFO[0m [grpc] [34;1mAddTraceEvent[0m -> [core] [Channel #7]Resolver state updated: {
  "Addresses": [
    {
      "Addr": "localhost:7050",
      "ServerName": "",
      "Attributes": null,
      "BalancerAttributes": null,
      "Metadata": null
    }
  ],
  "Endpoints": [
    {
      "Addresses": [
        {
          "Addr": "localhost:7050",
          "ServerName": "",
          "Attributes": null,
          "BalancerAttributes": null,
          "Metadata": null
        }
      ],
      "Attributes": null
    }
  ],
  "ServiceConfig": null,
  "Attributes": null
} (resolver returned new addresses)
[34m2026-10-08 04:25:06.161 UTC 0027 INFO[0m [grpc] [34;1mAddTraceEvent[0m -> [core] [Channel #7]Channel switches to new LB policy "pick_first"
[34m2026-10-08 04:25:06.161 UTC 0028 INFO[0m [grpc] [34;1mInfof[0m -> [pick-first-lb] [pick-first-lb 0xc000510ab0] Received new config {
  "shuffleAddressList": false
}, resolver state {
  "Addresses": [
    {
      "Addr": "localhost:7050",
      "ServerName": "",
      "Attributes": null,
      "BalancerAttributes": null,
      "Metadata": null
    }
  ],
  "Endpoints": [
    {
      "Addresses": [
        {
          "Addr": "localhost:7050",
          "ServerName": "",
          "Attributes": null,
          "BalancerAttributes": null,
          "Metadata": null
        }
      ],
      "Attributes": null
    }
  ],
  "ServiceConfig": null,
  "Attributes": null
}
[34m2026-10-08 04:25:06.161 UTC 0029 INFO[0m [grpc] [34;1mAddTraceEvent[0m -> [core] [Channel #7 SubChannel #8]Subchannel created
[34m2026-10-08 04:25:06.161 UTC 002a INFO[0m [grpc] [34;1mAddTraceEvent[0m -> [core] [Channel #7]Channel Connectivity change to CONNECTING
[34m2026-10-08 04:25:06.161 UTC 002b INFO[0m [grpc] [34;1mAddTraceEvent[0m -> [core] [Channel #7]Channel exiting idle mode
[34m2026-10-08 04:25:06.161 UTC 002c INFO[0m [grpc] [34;1mAddTraceEvent[0m -> [core] [Channel #7 SubChannel #8]Subchannel Connectivity change to CONNECTING
[34m2026-10-08 04:25:06.161 UTC 002d INFO[0m [grpc] [34;1mAddTraceEvent[0m -> [core] [Channel #7 SubChannel #8]Subchannel picks a new address "localhost:7050" to connect
[34m2026-10-08 04:25:06.161 UTC 002e INFO[0m [grpc] [34;1mInfof[0m -> [pick-first-lb] [pick-first-lb 0xc000510ab0] Received SubConn state update: 0xc000510b10, {ConnectivityState:CONNECTING ConnectionError:<nil> connectedAddress:{Addr: ServerName: Attributes:<nil> BalancerAttributes:<nil> Metadata:<nil>}}
[34m2026-10-08 04:25:06.162 UTC 002f INFO[0m [grpc] [34;1mAddTraceEvent[0m -> [core] [Channel #7 SubChannel #8]Subchannel Connectivity change to READY
[34m2026-10-08 04:25:06.162 UTC 0030 INFO[0m [grpc] [34;1mInfof[0m -> [pick-first-lb] [pick-first-lb 0xc000510ab0] Received SubConn state update: 0xc000510b10, {ConnectivityState:READY ConnectionError:<nil> connectedAddress:{Addr:localhost:7050 ServerName:orderer.example.com Attributes:<nil> BalancerAttributes:<nil> Metadata:<nil>}}
[34m2026-10-08 04:25:06.162 UTC 0031 INFO[0m [grpc] [34;1mAddTraceEvent[0m -> [core] [Channel #7]Channel Connectivity change to READY
[34m2026-10-08 04:25:06.375 UTC 0032 INFO[0m [chaincodeCmd] [34;1mClientWait[0m -> txid [2dd6bb15d25b8a61e6617b78d302bb04ffc9fe870b51b92d41f279ed3212631b] committed with status (VALID) at localhost:7051
[0;32mChaincode definition approved on peer0.org1 on channel 'mychannel'[0m
[0;34mUsing organization 1[0m
[0;34mChecking the commit readiness of the chaincode definition on peer0.org1 on channel 'mychannel'...[0m
[0;34mAttempting to check the commit readiness of the chaincode definition on peer0.org1, Retry after 3 seconds.[0m
+ peer lifecycle chaincode checkcommitreadiness --channelID mychannel --name bzt --version 1.0 --sequence 1 --output json
+ res=0
[34m2026-10-08 04:25:09.413 UTC 0001 INFO[0m [grpc] [34;1mInfof[0m -> [core] original dial target is: "localhost:7051"
[34m2026-10-08 04:25:09.413 UTC 0002 INFO[0m [grpc] [34;1mAddTraceEvent[0m -> [core] [Channel #1]Channel created
[34m2026-10-08 04:25:09.413 UTC 0003 INFO[0m [grpc] [34;1mAddTraceEvent[0m -> [core] [Channel #1]parsed dial target is: resolver.Target{URL:url.URL{Scheme:"passthrough", Opaque:"", User:(*url.Userinfo)(nil), Host:"", Path:"/localhost:7051", RawPath:"", OmitHost:false, ForceQuery:false, RawQuery:"", Fragment:"", RawFragment:""}}
[34m2026-10-08 04:25:09.413 UTC 0004 INFO[0m [grpc] [34;1mAddTraceEvent[0m -> [core] [Channel #1]Channel authority set to "localhost:7051"
[34m2026-10-08 04:25:09.414 UTC 0005 INFO[0m [grpc] [34;1mAddTraceEvent[0m -> [core] [Channel #1]Resolver state updated: {
  "Addresses": [
    {
      "Addr": "localhost:7051",
      "ServerName": "",
      "Attributes": null,
      "BalancerAttributes": null,
      "Metadata": null
    }
  ],
  "Endpoints": [
    {
      "Addresses": [
        {
          "Addr": "localhost:7051",
          "ServerName": "",
          "Attributes": null,
          "BalancerAttributes": null,
          "Metadata": null
        }
      ],
      "Attributes": null
    }
  ],
  "ServiceConfig": null,
  "Attributes": null
} (resolver returned new addresses)
[34m2026-10-08 04:25:09.414 UTC 0006 INFO[0m [grpc] [34;1mAddTraceEvent[0m -> [core] [Channel #1]Channel switches to new LB policy "pick_first"
[34m2026-10-08 04:25:09.414 UTC 0007 INFO[0m [grpc] [34;1mInfof[0m -> [pick-first-lb] [pick-first-lb 0xc000473d70] Received new config {
  "shuffleAddressList": false
}, resolver state {
  "Addresses": [
    {
      "Addr": "localhost:7051",
      "ServerName": "",
      "Attributes": null,
      "BalancerAttributes": null,
      "Metadata": null
    }
  ],
  "Endpoints": [
    {
      "Addresses": [
        {
          "Addr": "localhost:7051",
          "ServerName": "",
          "Attributes": null,
          "BalancerAttributes": null,
          "Metadata": null
        }
      ],
      "Attributes": null
    }
  ],
  "ServiceConfig": null,
  "Attributes": null
}
[34m2026-10-08 04:25:09.414 UTC 0008 INFO[0m [grpc] [34;1mAddTraceEvent[0m -> [core] [Channel #1 SubChannel #2]Subchannel created
[34m2026-10-08 04:25:09.414 UTC 0009 INFO[0m [grpc] [34;1mAddTraceEvent[0m -> [core] [Channel #1]Channel Connectivity change to CONNECTING
[34m2026-10-08 04:25:09.414 UTC 000a INFO[0m [grpc] [34;1mAddTraceEvent[0m -> [core] [Channel #1]Channel exiting idle mode
[34m2026-10-08 04:25:09.414 UTC 000b INFO[0m [grpc] [34;1mAddTraceEvent[0m -> [core] [Channel #1 SubChannel #2]Subchannel Connectivity change to CONNECTING
[34m2026-10-08 04:25:09.414 UTC 000c INFO[0m [grpc] [34;1mAddTraceEvent[0m -> [core] [Channel #1 SubChannel #2]Subchannel picks a new address "localhost:7051" to connect
[34m2026-10-08 04:25:09.414 UTC 000d INFO[0m [grpc] [34;1mInfof[0m -> [pick-first-lb] [pick-first-lb 0xc000473d70] Received SubConn state update: 0xc000473e00, {ConnectivityState:CONNECTING ConnectionError:<nil> connectedAddress:{Addr: ServerName: Attributes:<nil> BalancerAttributes:<nil> Metadata:<nil>}}
[34m2026-10-08 04:25:09.416 UTC 000e INFO[0m [grpc] [34;1mAddTraceEvent[0m -> [core] [Channel #1 SubChannel #2]Subchannel Connectivity change to READY
[34m2026-10-08 04:25:09.416 UTC 000f INFO[0m [grpc] [34;1mInfof[0m -> [pick-first-lb] [pick-first-lb 0xc000473d70] Received SubConn state update: 0xc000473e00, {ConnectivityState:READY ConnectionError:<nil> connectedAddress:{Addr:localhost:7051 ServerName:localhost:7051 Attributes:<nil> BalancerAttributes:<nil> Metadata:<nil>}}
[34m2026-10-08 04:25:09.416 UTC 0010 INFO[0m [grpc] [34;1mAddTraceEvent[0m -> [core] [Channel #1]Channel Connectivity change to READY
[34m2026-10-08 04:25:09.416 UTC 0011 INFO[0m [grpc] [34;1mInfof[0m -> [core] original dial target is: "localhost:7051"
[34m2026-10-08 04:25:09.416 UTC 0012 INFO[0m [grpc] [34;1mAddTraceEvent[0m -> [core] [Channel #4]Channel created
[34m2026-10-08 04:25:09.416 UTC 0013 INFO[0m [grpc] [34;1mAddTraceEvent[0m -> [core] [Channel #4]parsed dial target is: resolver.Target{URL:url.URL{Scheme:"passthrough", Opaque:"", User:(*url.Userinfo)(nil), Host:"", Path:"/localhost:7051", RawPath:"", OmitHost:false, ForceQuery:false, RawQuery:"", Fragment:"", RawFragment:""}}
[34m2026-10-08 04:25:09.416 UTC 0014 INFO[0m [grpc] [34;1mAddTraceEvent[0m -> [core] [Channel #4]Channel authority set to "localhost:7051"
[34m2026-10-08 04:25:09.416 UTC 0015 INFO[0m [grpc] [34;1mAddTraceEvent[0m -> [core] [Channel #4]Resolver state updated: {
  "Addresses": [
    {
      "Addr": "localhost:7051",
      "ServerName": "",
      "Attributes": null,
      "BalancerAttributes": null,
      "Metadata": null
    }
  ],
  "Endpoints": [
    {
      "Addresses": [
        {
          "Addr": "localhost:7051",
          "ServerName": "",
          "Attributes": null,
          "BalancerAttributes": null,
          "Metadata": null
        }
      ],
      "Attributes": null
    }
  ],
  "ServiceConfig": null,
  "Attributes": null
} (resolver returned new addresses)
[34m2026-10-08 04:25:09.416 UTC 0016 INFO[0m [grpc] [34;1mAddTraceEvent[0m -> [core] [Channel #4]Channel switches to new LB policy "pick_first"
[34m2026-10-08 04:25:09.416 UTC 0017 INFO[0m [grpc] [34;1mInfof[0m -> [pick-first-lb] [pick-first-lb 0xc00050e900] Received new config {
  "shuffleAddressList": false
}, resolver state {
  "Addresses": [
    {
      "Addr": "localhost:7051",
      "ServerName": "",
      "Attributes": null,
      "BalancerAttributes": null,
      "Metadata": null
    }
  ],
  "Endpoints": [
    {
      "Addresses": [
        {
          "Addr": "localhost:7051",
          "ServerName": "",
          "Attributes": null,
          "BalancerAttributes": null,
          "Metadata": null
        }
      ],
      "Attributes": null
    }
  ],
  "ServiceConfig": null,
  "Attributes": null
}
[34m2026-10-08 04:25:09.416 UTC 0018 INFO[0m [grpc] [34;1mAddTraceEvent[0m -> [core] [Channel #4 SubChannel #5]Subchannel created
[34m2026-10-08 04:25:09.416 UTC 0019 INFO[0m [grpc] [34;1mAddTraceEvent[0m -> [core] [Channel #4]Channel Connectivity change to CONNECTING
[34m2026-10-08 04:25:09.416 UTC 001a INFO[0m [grpc] [34;1mAddTraceEvent[0m -> [core] [Channel #4]Channel exiting idle mode
[34m2026-10-08 04:25:09.416 UTC 001b INFO[0m [grpc] [34;1mAddTraceEvent[0m -> [core] [Channel #4 SubChannel #5]Subchannel Connectivity change to CONNECTING
[34m2026-10-08 04:25:09.416 UTC 001c INFO[0m [grpc] [34;1mAddTraceEvent[0m -> [core] [Channel #4 SubChannel #5]Subchannel picks a new address "localhost:7051" to connect
[34m2026-10-08 04:25:09.416 UTC 001d INFO[0m [grpc] [34;1mInfof[0m -> [pick-first-lb] [pick-first-lb 0xc00050e900] Received SubConn state update: 0xc00050e960, {ConnectivityState:CONNECTING ConnectionError:<nil> connectedAddress:{Addr: ServerName: Attributes:<nil> BalancerAttributes:<nil> Metadata:<nil>}}
[34m2026-10-08 04:25:09.418 UTC 001e INFO[0m [grpc] [34;1mAddTraceEvent[0m -> [core] [Channel #4 SubChannel #5]Subchannel Connectivity change to READY
[34m2026-10-08 04:25:09.418 UTC 001f INFO[0m [grpc] [34;1mInfof[0m -> [pick-first-lb] [pick-first-lb 0xc00050e900] Received SubConn state update: 0xc00050e960, {ConnectivityState:READY ConnectionError:<nil> connectedAddress:{Addr:localhost:7051 ServerName:localhost:7051 Attributes:<nil> BalancerAttributes:<nil> Metadata:<nil>}}
[34m2026-10-08 04:25:09.418 UTC 0020 INFO[0m [grpc] [34;1mAddTraceEvent[0m -> [core] [Channel #4]Channel Connectivity change to READY
{
	"approvals": {
		"Org1MSP": true,
		"Org2MSP": false
	}
}
[0;34mChecking the commit readiness of the chaincode definition successful on peer0.org1 on channel 'mychannel'[0m
[0;34mUsing organization 2[0m
[0;34mChecking the commit readiness of the chaincode definition on peer0.org2 on channel 'mychannel'...[0m
[0;34mAttempting to check the commit readiness of the chaincode definition on peer0.org2, Retry after 3 seconds.[0m
+ peer lifecycle chaincode checkcommitreadiness --channelID mychannel --name bzt --version 1.0 --sequence 1 --output json
+ res=0
[34m2026-10-08 04:25:12.460 UTC 0001 INFO[0m [grpc] [34;1mInfof[0m -> [core] original dial target is: "localhost:9051"
[34m2026-10-08 04:25:12.460 UTC 0002 INFO[0m [grpc] [34;1mAddTraceEvent[0m -> [core] [Channel #1]Channel created
[34m2026-10-08 04:25:12.460 UTC 0003 INFO[0m [grpc] [34;1mAddTraceEvent[0m -> [core] [Channel #1]parsed dial target is: resolver.Target{URL:url.URL{Scheme:"passthrough", Opaque:"", User:(*url.Userinfo)(nil), Host:"", Path:"/localhost:9051", RawPath:"", OmitHost:false, ForceQuery:false, RawQuery:"", Fragment:"", RawFragment:""}}
[34m2026-10-08 04:25:12.460 UTC 0004 INFO[0m [grpc] [34;1mAddTraceEvent[0m -> [core] [Channel #1]Channel authority set to "localhost:9051"
[34m2026-10-08 04:25:12.460 UTC 0005 INFO[0m [grpc] [34;1mAddTraceEvent[0m -> [core] [Channel #1]Resolver state updated: {
  "Addresses": [
    {
      "Addr": "localhost:9051",
      "ServerName": "",
      "Attributes": null,
      "BalancerAttributes": null,
      "Metadata": null
    }
  ],
  "Endpoints": [
    {
      "Addresses": [
        {
          "Addr": "localhost:9051",
          "ServerName": "",
          "Attributes": null,
          "BalancerAttributes": null,
          "Metadata": null
        }
      ],
      "Attributes": null
    }
  ],
  "ServiceConfig": null,
  "Attributes": null
} (resolver returned new addresses)
[34m2026-10-08 04:25:12.460 UTC 0006 INFO[0m [grpc] [34;1mAddTraceEvent[0m -> [core] [Channel #1]Channel switches to new LB policy "pick_first"
[34m2026-10-08 04:25:12.460 UTC 0007 INFO[0m [grpc] [34;1mInfof[0m -> [pick-first-lb] [pick-first-lb 0xc00036c5a0] Received new config {
  "shuffleAddressList": false
}, resolver state {
  "Addresses": [
    {
      "Addr": "localhost:9051",
      "ServerName": "",
      "Attributes": null,
      "BalancerAttributes": null,
      "Metadata": null
    }
  ],
  "Endpoints": [
    {
      "Addresses": [
        {
          "Addr": "localhost:9051",
          "ServerName": "",
          "Attributes": null,
          "BalancerAttributes": null,
          "Metadata": null
        }
      ],
      "Attributes": null
    }
  ],
  "ServiceConfig": null,
  "Attributes": null
}
[34m2026-10-08 04:25:12.460 UTC 0008 INFO[0m [grpc] [34;1mAddTraceEvent[0m -> [core] [Channel #1 SubChannel #2]Subchannel created
[34m2026-10-08 04:25:12.460 UTC 0009 INFO[0m [grpc] [34;1mAddTraceEvent[0m -> [core] [Channel #1]Channel Connectivity change to CONNECTING
[34m2026-10-08 04:25:12.460 UTC 000a INFO[0m [grpc] [34;1mAddTraceEvent[0m -> [core] [Channel #1]Channel exiting idle mode
[34m2026-10-08 04:25:12.460 UTC 000b INFO[0m [grpc] [34;1mAddTraceEvent[0m -> [core] [Channel #1 SubChannel #2]Subchannel Connectivity change to CONNECTING
[34m2026-10-08 04:25:12.460 UTC 000c INFO[0m [grpc] [34;1mAddTraceEvent[0m -> [core] [Channel #1 SubChannel #2]Subchannel picks a new address "localhost:9051" to connect
[34m2026-10-08 04:25:12.460 UTC 000d INFO[0m [grpc] [34;1mInfof[0m -> [pick-first-lb] [pick-first-lb 0xc00036c5a0] Received SubConn state update: 0xc00036c630, {ConnectivityState:CONNECTING ConnectionError:<nil> connectedAddress:{Addr: ServerName: Attributes:<nil> BalancerAttributes:<nil> Metadata:<nil>}}
[34m2026-10-08 04:25:12.462 UTC 000e INFO[0m [grpc] [34;1mAddTraceEvent[0m -> [core] [Channel #1 SubChannel #2]Subchannel Connectivity change to READY
[34m2026-10-08 04:25:12.462 UTC 000f INFO[0m [grpc] [34;1mInfof[0m -> [pick-first-lb] [pick-first-lb 0xc00036c5a0] Received SubConn state update: 0xc00036c630, {ConnectivityState:READY ConnectionError:<nil> connectedAddress:{Addr:localhost:9051 ServerName:localhost:9051 Attributes:<nil> BalancerAttributes:<nil> Metadata:<nil>}}
[34m2026-10-08 04:25:12.462 UTC 0010 INFO[0m [grpc] [34;1mAddTraceEvent[0m -> [core] [Channel #1]Channel Connectivity change to READY
[34m2026-10-08 04:25:12.463 UTC 0011 INFO[0m [grpc] [34;1mInfof[0m -> [core] original dial target is: "localhost:9051"
[34m2026-10-08 04:25:12.463 UTC 0012 INFO[0m [grpc] [34;1mAddTraceEvent[0m -> [core] [Channel #4]Channel created
[34m2026-10-08 04:25:12.463 UTC 0013 INFO[0m [grpc] [34;1mAddTraceEvent[0m -> [core] [Channel #4]parsed dial target is: resolver.Target{URL:url.URL{Scheme:"passthrough", Opaque:"", User:(*url.Userinfo)(nil), Host:"", Path:"/localhost:9051", RawPath:"", OmitHost:false, ForceQuery:false, RawQuery:"", Fragment:"", RawFragment:""}}
[34m2026-10-08 04:25:12.463 UTC 0014 INFO[0m [grpc] [34;1mAddTraceEvent[0m -> [core] [Channel #4]Channel authority set to "localhost:9051"
[34m2026-10-08 04:25:12.463 UTC 0015 INFO[0m [grpc] [34;1mAddTraceEvent[0m -> [core] [Channel #4]Resolver state updated: {
  "Addresses": [
    {
      "Addr": "localhost:9051",
      "ServerName": "",
      "Attributes": null,
      "BalancerAttributes": null,
      "Metadata": null
    }
  ],
  "Endpoints": [
    {
      "Addresses": [
        {
          "Addr": "localhost:9051",
          "ServerName": "",
          "Attributes": null,
          "BalancerAttributes": null,
          "Metadata": null
        }
      ],
      "Attributes": null
    }
  ],
  "ServiceConfig": null,
  "Attributes": null
} (resolver returned new addresses)
[34m2026-10-08 04:25:12.463 UTC 0016 INFO[0m [grpc] [34;1mAddTraceEvent[0m -> [core] [Channel #4]Channel switches to new LB policy "pick_first"
[34m2026-10-08 04:25:12.463 UTC 0017 INFO[0m [grpc] [34;1mInfof[0m -> [pick-first-lb] [pick-first-lb 0xc00036ced0] Received new config {
  "shuffleAddressList": false
}, resolver state {
  "Addresses": [
    {
      "Addr": "localhost:9051",
      "ServerName": "",
      "Attributes": null,
      "BalancerAttributes": null,
      "Metadata": null
    }
  ],
  "Endpoints": [
    {
      "Addresses": [
        {
          "Addr": "localhost:9051",
          "ServerName": "",
          "Attributes": null,
          "BalancerAttributes": null,
          "Metadata": null
        }
      ],
      "Attributes": null
    }
  ],
  "ServiceConfig": null,
  "Attributes": null
}
[34m2026-10-08 04:25:12.463 UTC 0018 INFO[0m [grpc] [34;1mAddTraceEvent[0m -> [core] [Channel #4 SubChannel #5]Subchannel created
[34m2026-10-08 04:25:12.463 UTC 0019 INFO[0m [grpc] [34;1mAddTraceEvent[0m -> [core] [Channel #4]Channel Connectivity change to CONNECTING
[34m2026-10-08 04:25:12.463 UTC 001a INFO[0m [grpc] [34;1mAddTraceEvent[0m -> [core] [Channel #4]Channel exiting idle mode
[34m2026-10-08 04:25:12.463 UTC 001b INFO[0m [grpc] [34;1mAddTraceEvent[0m -> [core] [Channel #4 SubChannel #5]Subchannel Connectivity change to CONNECTING
[34m2026-10-08 04:25:12.463 UTC 001c INFO[0m [grpc] [34;1mAddTraceEvent[0m -> [core] [Channel #4 SubChannel #5]Subchannel picks a new address "localhost:9051" to connect
[34m2026-10-08 04:25:12.463 UTC 001d INFO[0m [grpc] [34;1mInfof[0m -> [pick-first-lb] [pick-first-lb 0xc00036ced0] Received SubConn state update: 0xc00036cf30, {ConnectivityState:CONNECTING ConnectionError:<nil> connectedAddress:{Addr: ServerName: Attributes:<nil> BalancerAttributes:<nil> Metadata:<nil>}}
[34m2026-10-08 04:25:12.465 UTC 001e INFO[0m [grpc] [34;1mAddTraceEvent[0m -> [core] [Channel #4 SubChannel #5]Subchannel Connectivity change to READY
[34m2026-10-08 04:25:12.465 UTC 001f INFO[0m [grpc] [34;1mInfof[0m -> [pick-first-lb] [pick-first-lb 0xc00036ced0] Received SubConn state update: 0xc00036cf30, {ConnectivityState:READY ConnectionError:<nil> connectedAddress:{Addr:localhost:9051 ServerName:localhost:9051 Attributes:<nil> BalancerAttributes:<nil> Metadata:<nil>}}
[34m2026-10-08 04:25:12.465 UTC 0020 INFO[0m [grpc] [34;1mAddTraceEvent[0m -> [core] [Channel #4]Channel Connectivity change to READY
{
	"approvals": {
		"Org1MSP": true,
		"Org2MSP": false
	}
}
[0;34mChecking the commit readiness of the chaincode definition successful on peer0.org2 on channel 'mychannel'[0m
[0;34mUsing organization 2[0m
+ peer lifecycle chaincode approveformyorg -o localhost:7050 --ordererTLSHostnameOverride orderer.example.com --tls --cafile /home/runner/work/bzt-id-experiments/bzt-id-experiments/fabric-samples/test-network/organizations/ordererOrganizations/example.com/tlsca/tlsca.example.com-cert.pem --channelID mychannel --name bzt --version 1.0 --package-id bzt_1.0:777c383bc4d25d7dc5610f92a201167f7301ed4b2cd3593b83e643df51c39c71 --sequence 1
+ res=0
[34m2026-10-08 04:25:12.505 UTC 0001 INFO[0m [grpc] [34;1mInfof[0m -> [core] original dial target is: "localhost:9051"
[34m2026-10-08 04:25:12.505 UTC 0002 INFO[0m [grpc] [34;1mAddTraceEvent[0m -> [core] [Channel #1]Channel created
[34m2026-10-08 04:25:12.505 UTC 0003 INFO[0m [grpc] [34;1mAddTraceEvent[0m -> [core] [Channel #1]parsed dial target is: resolver.Target{URL:url.URL{Scheme:"passthrough", Opaque:"", User:(*url.Userinfo)(nil), Host:"", Path:"/localhost:9051", RawPath:"", OmitHost:false, ForceQuery:false, RawQuery:"", Fragment:"", RawFragment:""}}
[34m2026-10-08 04:25:12.505 UTC 0004 INFO[0m [grpc] [34;1mAddTraceEvent[0m -> [core] [Channel #1]Channel authority set to "localhost:9051"
[34m2026-10-08 04:25:12.506 UTC 0005 INFO[0m [grpc] [34;1mAddTraceEvent[0m -> [core] [Channel #1]Resolver state updated: {
  "Addresses": [
    {
      "Addr": "localhost:9051",
      "ServerName": "",
      "Attributes": null,
      "BalancerAttributes": null,
      "Metadata": null
    }
  ],
  "Endpoints": [
    {
      "Addresses": [
        {
          "Addr": "localhost:9051",
          "ServerName": "",
          "Attributes": null,
          "BalancerAttributes": null,
          "Metadata": null
        }
      ],
      "Attributes": null
    }
  ],
  "ServiceConfig": null,
  "Attributes": null
} (resolver returned new addresses)
[34m2026-10-08 04:25:12.506 UTC 0006 INFO[0m [grpc] [34;1mAddTraceEvent[0m -> [core] [Channel #1]Channel switches to new LB policy "pick_first"
[34m2026-10-08 04:25:12.506 UTC 0007 INFO[0m [grpc] [34;1mInfof[0m -> [pick-first-lb] [pick-first-lb 0xc000272270] Received new config {
  "shuffleAddressList": false
}, resolver state {
  "Addresses": [
    {
      "Addr": "localhost:9051",
      "ServerName": "",
      "Attributes": null,
      "BalancerAttributes": null,
      "Metadata": null
    }
  ],
  "Endpoints": [
    {
      "Addresses": [
        {
          "Addr": "localhost:9051",
          "ServerName": "",
          "Attributes": null,
          "BalancerAttributes": null,
          "Metadata": null
        }
      ],
      "Attributes": null
    }
  ],
  "ServiceConfig": null,
  "Attributes": null
}
[34m2026-10-08 04:25:12.506 UTC 0008 INFO[0m [grpc] [34;1mAddTraceEvent[0m -> [core] [Channel #1 SubChannel #2]Subchannel created
[34m2026-10-08 04:25:12.506 UTC 0009 INFO[0m [grpc] [34;1mAddTraceEvent[0m -> [core] [Channel #1]Channel Connectivity change to CONNECTING
[34m2026-10-08 04:25:12.506 UTC 000a INFO[0m [grpc] [34;1mAddTraceEvent[0m -> [core] [Channel #1]Channel exiting idle mode
[34m2026-10-08 04:25:12.506 UTC 000b INFO[0m [grpc] [34;1mAddTraceEvent[0m -> [core] [Channel #1 SubChannel #2]Subchannel Connectivity change to CONNECTING
[34m2026-10-08 04:25:12.506 UTC 000c INFO[0m [grpc] [34;1mAddTraceEvent[0m -> [core] [Channel #1 SubChannel #2]Subchannel picks a new address "localhost:9051" to connect
[34m2026-10-08 04:25:12.506 UTC 000d INFO[0m [grpc] [34;1mInfof[0m -> [pick-first-lb] [pick-first-lb 0xc000272270] Received SubConn state update: 0xc000272390, {ConnectivityState:CONNECTING ConnectionError:<nil> connectedAddress:{Addr: ServerName: Attributes:<nil> BalancerAttributes:<nil> Metadata:<nil>}}
[34m2026-10-08 04:25:12.507 UTC 000e INFO[0m [grpc] [34;1mAddTraceEvent[0m -> [core] [Channel #1 SubChannel #2]Subchannel Connectivity change to READY
[34m2026-10-08 04:25:12.507 UTC 000f INFO[0m [grpc] [34;1mInfof[0m -> [pick-first-lb] [pick-first-lb 0xc000272270] Received SubConn state update: 0xc000272390, {ConnectivityState:READY ConnectionError:<nil> connectedAddress:{Addr:localhost:9051 ServerName:localhost:9051 Attributes:<nil> BalancerAttributes:<nil> Metadata:<nil>}}
[34m2026-10-08 04:25:12.507 UTC 0010 INFO[0m [grpc] [34;1mAddTraceEvent[0m -> [core] [Channel #1]Channel Connectivity change to READY
[34m2026-10-08 04:25:12.508 UTC 0011 INFO[0m [grpc] [34;1mInfof[0m -> [core] original dial target is: "localhost:9051"
[34m2026-10-08 04:25:12.508 UTC 0012 INFO[0m [grpc] [34;1mAddTraceEvent[0m -> [core] [Channel #4]Channel created
[34m2026-10-08 04:25:12.508 UTC 0013 INFO[0m [grpc] [34;1mAddTraceEvent[0m -> [core] [Channel #4]parsed dial target is: resolver.Target{URL:url.URL{Scheme:"passthrough", Opaque:"", User:(*url.Userinfo)(nil), Host:"", Path:"/localhost:9051", RawPath:"", OmitHost:false, ForceQuery:false, RawQuery:"", Fragment:"", RawFragment:""}}
[34m2026-10-08 04:25:12.508 UTC 0014 INFO[0m [grpc] [34;1mAddTraceEvent[0m -> [core] [Channel #4]Channel authority set to "localhost:9051"
[34m2026-10-08 04:25:12.508 UTC 0015 INFO[0m [grpc] [34;1mAddTraceEvent[0m -> [core] [Channel #4]Resolver state updated: {
  "Addresses": [
    {
      "Addr": "localhost:9051",
      "ServerName": "",
      "Attributes": null,
      "BalancerAttributes": null,
      "Metadata": null
    }
  ],
  "Endpoints": [
    {
      "Addresses": [
        {
          "Addr": "localhost:9051",
          "ServerName": "",
          "Attributes": null,
          "BalancerAttributes": null,
          "Metadata": null
        }
      ],
      "Attributes": null
    }
  ],
  "ServiceConfig": null,
  "Attributes": null
} (resolver returned new addresses)
[34m2026-10-08 04:25:12.508 UTC 0016 INFO[0m [grpc] [34;1mAddTraceEvent[0m -> [core] [Channel #4]Channel switches to new LB policy "pick_first"
[34m2026-10-08 04:25:12.508 UTC 0017 INFO[0m [grpc] [34;1mInfof[0m -> [pick-first-lb] [pick-first-lb 0xc000394db0] Received new config {
  "shuffleAddressList": false
}, resolver state {
  "Addresses": [
    {
      "Addr": "localhost:9051",
      "ServerName": "",
      "Attributes": null,
      "BalancerAttributes": null,
      "Metadata": null
    }
  ],
  "Endpoints": [
    {
      "Addresses": [
        {
          "Addr": "localhost:9051",
          "ServerName": "",
          "Attributes": null,
          "BalancerAttributes": null,
          "Metadata": null
        }
      ],
      "Attributes": null
    }
  ],
  "ServiceConfig": null,
  "Attributes": null
}
[34m2026-10-08 04:25:12.508 UTC 0018 INFO[0m [grpc] [34;1mAddTraceEvent[0m -> [core] [Channel #4 SubChannel #5]Subchannel created
[34m2026-10-08 04:25:12.508 UTC 0019 INFO[0m [grpc] [34;1mAddTraceEvent[0m -> [core] [Channel #4]Channel Connectivity change to CONNECTING
[34m2026-10-08 04:25:12.508 UTC 001a INFO[0m [grpc] [34;1mAddTraceEvent[0m -> [core] [Channel #4]Channel exiting idle mode
[34m2026-10-08 04:25:12.508 UTC 001b INFO[0m [grpc] [34;1mAddTraceEvent[0m -> [core] [Channel #4 SubChannel #5]Subchannel Connectivity change to CONNECTING
[34m2026-10-08 04:25:12.508 UTC 001c INFO[0m [grpc] [34;1mAddTraceEvent[0m -> [core] [Channel #4 SubChannel #5]Subchannel picks a new address "localhost:9051" to connect
[34m2026-10-08 04:25:12.508 UTC 001d INFO[0m [grpc] [34;1mInfof[0m -> [pick-first-lb] [pick-first-lb 0xc000394db0] Received SubConn state update: 0xc000394e10, {ConnectivityState:CONNECTING ConnectionError:<nil> connectedAddress:{Addr: ServerName: Attributes:<nil> BalancerAttributes:<nil> Metadata:<nil>}}
[34m2026-10-08 04:25:12.509 UTC 001e INFO[0m [grpc] [34;1mAddTraceEvent[0m -> [core] [Channel #4 SubChannel #5]Subchannel Connectivity change to READY
[34m2026-10-08 04:25:12.509 UTC 001f INFO[0m [grpc] [34;1mInfof[0m -> [pick-first-lb] [pick-first-lb 0xc000394db0] Received SubConn state update: 0xc000394e10, {ConnectivityState:READY ConnectionError:<nil> connectedAddress:{Addr:localhost:9051 ServerName:localhost:9051 Attributes:<nil> BalancerAttributes:<nil> Metadata:<nil>}}
[34m2026-10-08 04:25:12.509 UTC 0020 INFO[0m [grpc] [34;1mAddTraceEvent[0m -> [core] [Channel #4]Channel Connectivity change to READY
[33m2026-10-08 04:25:12.509 UTC 0021 WARN[0m [grpc] [33;1mWarningf[0m -> [core] Adjusting keepalive ping interval to minimum period of 10s
[34m2026-10-08 04:25:12.510 UTC 0022 INFO[0m [grpc] [34;1mInfof[0m -> [core] original dial target is: "localhost:7050"
[34m2026-10-08 04:25:12.510 UTC 0023 INFO[0m [grpc] [34;1mAddTraceEvent[0m -> [core] [Channel #7]Channel created
[34m2026-10-08 04:25:12.510 UTC 0024 INFO[0m [grpc] [34;1mAddTraceEvent[0m -> [core] [Channel #7]parsed dial target is: resolver.Target{URL:url.URL{Scheme:"passthrough", Opaque:"", User:(*url.Userinfo)(nil), Host:"", Path:"/localhost:7050", RawPath:"", OmitHost:false, ForceQuery:false, RawQuery:"", Fragment:"", RawFragment:""}}
[34m2026-10-08 04:25:12.510 UTC 0025 INFO[0m [grpc] [34;1mAddTraceEvent[0m -> [core] [Channel #7]Channel authority set to "orderer.example.com"
[34m2026-10-08 04:25:12.510 UTC 0026 INFO[0m [grpc] [34;1mAddTraceEvent[0m -> [core] [Channel #7]Resolver state updated: {
  "Addresses": [
    {
      "Addr": "localhost:7050",
      "ServerName": "",
      "Attributes": null,
      "BalancerAttributes": null,
      "Metadata": null
    }
  ],
  "Endpoints": [
    {
      "Addresses": [
        {
          "Addr": "localhost:7050",
          "ServerName": "",
          "Attributes": null,
          "BalancerAttributes": null,
          "Metadata": null
        }
      ],
      "Attributes": null
    }
  ],
  "ServiceConfig": null,
  "Attributes": null
} (resolver returned new addresses)
[34m2026-10-08 04:25:12.510 UTC 0027 INFO[0m [grpc] [34;1mAddTraceEvent[0m -> [core] [Channel #7]Channel switches to new LB policy "pick_first"
[34m2026-10-08 04:25:12.510 UTC 0028 INFO[0m [grpc] [34;1mInfof[0m -> [pick-first-lb] [pick-first-lb 0xc0004d45d0] Received new config {
  "shuffleAddressList": false
}, resolver state {
  "Addresses": [
    {
      "Addr": "localhost:7050",
      "ServerName": "",
      "Attributes": null,
      "BalancerAttributes": null,
      "Metadata": null
    }
  ],
  "Endpoints": [
    {
      "Addresses": [
        {
          "Addr": "localhost:7050",
          "ServerName": "",
          "Attributes": null,
          "BalancerAttributes": null,
          "Metadata": null
        }
      ],
      "Attributes": null
    }
  ],
  "ServiceConfig": null,
  "Attributes": null
}
[34m2026-10-08 04:25:12.510 UTC 0029 INFO[0m [grpc] [34;1mAddTraceEvent[0m -> [core] [Channel #7 SubChannel #8]Subchannel created
[34m2026-10-08 04:25:12.510 UTC 002a INFO[0m [grpc] [34;1mAddTraceEvent[0m -> [core] [Channel #7]Channel Connectivity change to CONNECTING
[34m2026-10-08 04:25:12.510 UTC 002b INFO[0m [grpc] [34;1mAddTraceEvent[0m -> [core] [Channel #7]Channel exiting idle mode
[34m2026-10-08 04:25:12.510 UTC 002c INFO[0m [grpc] [34;1mAddTraceEvent[0m -> [core] [Channel #7 SubChannel #8]Subchannel Connectivity change to CONNECTING
[34m2026-10-08 04:25:12.510 UTC 002d INFO[0m [grpc] [34;1mAddTraceEvent[0m -> [core] [Channel #7 SubChannel #8]Subchannel picks a new address "localhost:7050" to connect
[34m2026-10-08 04:25:12.510 UTC 002e INFO[0m [grpc] [34;1mInfof[0m -> [pick-first-lb] [pick-first-lb 0xc0004d45d0] Received SubConn state update: 0xc0004d4630, {ConnectivityState:CONNECTING ConnectionError:<nil> connectedAddress:{Addr: ServerName: Attributes:<nil> BalancerAttributes:<nil> Metadata:<nil>}}
[34m2026-10-08 04:25:12.512 UTC 002f INFO[0m [grpc] [34;1mAddTraceEvent[0m -> [core] [Channel #7 SubChannel #8]Subchannel Connectivity change to READY
[34m2026-10-08 04:25:12.512 UTC 0030 INFO[0m [grpc] [34;1mInfof[0m -> [pick-first-lb] [pick-first-lb 0xc0004d45d0] Received SubConn state update: 0xc0004d4630, {ConnectivityState:READY ConnectionError:<nil> connectedAddress:{Addr:localhost:7050 ServerName:orderer.example.com Attributes:<nil> BalancerAttributes:<nil> Metadata:<nil>}}
[34m2026-10-08 04:25:12.512 UTC 0031 INFO[0m [grpc] [34;1mAddTraceEvent[0m -> [core] [Channel #7]Channel Connectivity change to READY
[34m2026-10-08 04:25:12.722 UTC 0032 INFO[0m [chaincodeCmd] [34;1mClientWait[0m -> txid [d05fb2d99c08939b0507c520adabc2b160832da4cedd6f0ff3bd5d499529c213] committed with status (VALID) at localhost:9051
[0;32mChaincode definition approved on peer0.org2 on channel 'mychannel'[0m
[0;34mUsing organization 1[0m
[0;34mChecking the commit readiness of the chaincode definition on peer0.org1 on channel 'mychannel'...[0m
[0;34mAttempting to check the commit readiness of the chaincode definition on peer0.org1, Retry after 3 seconds.[0m
+ peer lifecycle chaincode checkcommitreadiness --channelID mychannel --name bzt --version 1.0 --sequence 1 --output json
+ res=0
[34m2026-10-08 04:25:15.760 UTC 0001 INFO[0m [grpc] [34;1mInfof[0m -> [core] original dial target is: "localhost:7051"
[34m2026-10-08 04:25:15.760 UTC 0002 INFO[0m [grpc] [34;1mAddTraceEvent[0m -> [core] [Channel #1]Channel created
[34m2026-10-08 04:25:15.760 UTC 0003 INFO[0m [grpc] [34;1mAddTraceEvent[0m -> [core] [Channel #1]parsed dial target is: resolver.Target{URL:url.URL{Scheme:"passthrough", Opaque:"", User:(*url.Userinfo)(nil), Host:"", Path:"/localhost:7051", RawPath:"", OmitHost:false, ForceQuery:false, RawQuery:"", Fragment:"", RawFragment:""}}
[34m2026-10-08 04:25:15.760 UTC 0004 INFO[0m [grpc] [34;1mAddTraceEvent[0m -> [core] [Channel #1]Channel authority set to "localhost:7051"
[34m2026-10-08 04:25:15.760 UTC 0005 INFO[0m [grpc] [34;1mAddTraceEvent[0m -> [core] [Channel #1]Resolver state updated: {
  "Addresses": [
    {
      "Addr": "localhost:7051",
      "ServerName": "",
      "Attributes": null,
      "BalancerAttributes": null,
      "Metadata": null
    }
  ],
  "Endpoints": [
    {
      "Addresses": [
        {
          "Addr": "localhost:7051",
          "ServerName": "",
          "Attributes": null,
          "BalancerAttributes": null,
          "Metadata": null
        }
      ],
      "Attributes": null
    }
  ],
  "ServiceConfig": null,
  "Attributes": null
} (resolver returned new addresses)
[34m2026-10-08 04:25:15.760 UTC 0006 INFO[0m [grpc] [34;1mAddTraceEvent[0m -> [core] [Channel #1]Channel switches to new LB policy "pick_first"
[34m2026-10-08 04:25:15.760 UTC 0007 INFO[0m [grpc] [34;1mInfof[0m -> [pick-first-lb] [pick-first-lb 0xc0004138c0] Received new config {
  "shuffleAddressList": false
}, resolver state {
  "Addresses": [
    {
      "Addr": "localhost:7051",
      "ServerName": "",
      "Attributes": null,
      "BalancerAttributes": null,
      "Metadata": null
    }
  ],
  "Endpoints": [
    {
      "Addresses": [
        {
          "Addr": "localhost:7051",
          "ServerName": "",
          "Attributes": null,
          "BalancerAttributes": null,
          "Metadata": null
        }
      ],
      "Attributes": null
    }
  ],
  "ServiceConfig": null,
  "Attributes": null
}
[34m2026-10-08 04:25:15.760 UTC 0008 INFO[0m [grpc] [34;1mAddTraceEvent[0m -> [core] [Channel #1 SubChannel #2]Subchannel created
[34m2026-10-08 04:25:15.760 UTC 0009 INFO[0m [grpc] [34;1mAddTraceEvent[0m -> [core] [Channel #1]Channel Connectivity change to CONNECTING
[34m2026-10-08 04:25:15.760 UTC 000a INFO[0m [grpc] [34;1mAddTraceEvent[0m -> [core] [Channel #1]Channel exiting idle mode
[34m2026-10-08 04:25:15.760 UTC 000b INFO[0m [grpc] [34;1mAddTraceEvent[0m -> [core] [Channel #1 SubChannel #2]Subchannel Connectivity change to CONNECTING
[34m2026-10-08 04:25:15.760 UTC 000c INFO[0m [grpc] [34;1mAddTraceEvent[0m -> [core] [Channel #1 SubChannel #2]Subchannel picks a new address "localhost:7051" to connect
[34m2026-10-08 04:25:15.761 UTC 000d INFO[0m [grpc] [34;1mInfof[0m -> [pick-first-lb] [pick-first-lb 0xc0004138c0] Received SubConn state update: 0xc000413950, {ConnectivityState:CONNECTING ConnectionError:<nil> connectedAddress:{Addr: ServerName: Attributes:<nil> BalancerAttributes:<nil> Metadata:<nil>}}
[34m2026-10-08 04:25:15.762 UTC 000e INFO[0m [grpc] [34;1mAddTraceEvent[0m -> [core] [Channel #1 SubChannel #2]Subchannel Connectivity change to READY
[34m2026-10-08 04:25:15.762 UTC 000f INFO[0m [grpc] [34;1mInfof[0m -> [pick-first-lb] [pick-first-lb 0xc0004138c0] Received SubConn state update: 0xc000413950, {ConnectivityState:READY ConnectionError:<nil> connectedAddress:{Addr:localhost:7051 ServerName:localhost:7051 Attributes:<nil> BalancerAttributes:<nil> Metadata:<nil>}}
[34m2026-10-08 04:25:15.762 UTC 0010 INFO[0m [grpc] [34;1mAddTraceEvent[0m -> [core] [Channel #1]Channel Connectivity change to READY
[34m2026-10-08 04:25:15.763 UTC 0011 INFO[0m [grpc] [34;1mInfof[0m -> [core] original dial target is: "localhost:7051"
[34m2026-10-08 04:25:15.763 UTC 0012 INFO[0m [grpc] [34;1mAddTraceEvent[0m -> [core] [Channel #4]Channel created
[34m2026-10-08 04:25:15.763 UTC 0013 INFO[0m [grpc] [34;1mAddTraceEvent[0m -> [core] [Channel #4]parsed dial target is: resolver.Target{URL:url.URL{Scheme:"passthrough", Opaque:"", User:(*url.Userinfo)(nil), Host:"", Path:"/localhost:7051", RawPath:"", OmitHost:false, ForceQuery:false, RawQuery:"", Fragment:"", RawFragment:""}}
[34m2026-10-08 04:25:15.763 UTC 0014 INFO[0m [grpc] [34;1mAddTraceEvent[0m -> [core] [Channel #4]Channel authority set to "localhost:7051"
[34m2026-10-08 04:25:15.763 UTC 0015 INFO[0m [grpc] [34;1mAddTraceEvent[0m -> [core] [Channel #4]Resolver state updated: {
  "Addresses": [
    {
      "Addr": "localhost:7051",
      "ServerName": "",
      "Attributes": null,
      "BalancerAttributes": null,
      "Metadata": null
    }
  ],
  "Endpoints": [
    {
      "Addresses": [
        {
          "Addr": "localhost:7051",
          "ServerName": "",
          "Attributes": null,
          "BalancerAttributes": null,
          "Metadata": null
        }
      ],
      "Attributes": null
    }
  ],
  "ServiceConfig": null,
  "Attributes": null
} (resolver returned new addresses)
[34m2026-10-08 04:25:15.763 UTC 0016 INFO[0m [grpc] [34;1mAddTraceEvent[0m -> [core] [Channel #4]Channel switches to new LB policy "pick_first"
[34m2026-10-08 04:25:15.763 UTC 0017 INFO[0m [grpc] [34;1mInfof[0m -> [pick-first-lb] [pick-first-lb 0xc000456ae0] Received new config {
  "shuffleAddressList": false
}, resolver state {
  "Addresses": [
    {
      "Addr": "localhost:7051",
      "ServerName": "",
      "Attributes": null,
      "BalancerAttributes": null,
      "Metadata": null
    }
  ],
  "Endpoints": [
    {
      "Addresses": [
        {
          "Addr": "localhost:7051",
          "ServerName": "",
          "Attributes": null,
          "BalancerAttributes": null,
          "Metadata": null
        }
      ],
      "Attributes": null
    }
  ],
  "ServiceConfig": null,
  "Attributes": null
}
[34m2026-10-08 04:25:15.763 UTC 0018 INFO[0m [grpc] [34;1mAddTraceEvent[0m -> [core] [Channel #4 SubChannel #5]Subchannel created
[34m2026-10-08 04:25:15.763 UTC 0019 INFO[0m [grpc] [34;1mAddTraceEvent[0m -> [core] [Channel #4]Channel Connectivity change to CONNECTING
[34m2026-10-08 04:25:15.763 UTC 001a INFO[0m [grpc] [34;1mAddTraceEvent[0m -> [core] [Channel #4]Channel exiting idle mode
[34m2026-10-08 04:25:15.763 UTC 001b INFO[0m [grpc] [34;1mAddTraceEvent[0m -> [core] [Channel #4 SubChannel #5]Subchannel Connectivity change to CONNECTING
[34m2026-10-08 04:25:15.763 UTC 001c INFO[0m [grpc] [34;1mAddTraceEvent[0m -> [core] [Channel #4 SubChannel #5]Subchannel picks a new address "localhost:7051" to connect
[34m2026-10-08 04:25:15.763 UTC 001d INFO[0m [grpc] [34;1mInfof[0m -> [pick-first-lb] [pick-first-lb 0xc000456ae0] Received SubConn state update: 0xc000456b40, {ConnectivityState:CONNECTING ConnectionError:<nil> connectedAddress:{Addr: ServerName: Attributes:<nil> BalancerAttributes:<nil> Metadata:<nil>}}
[34m2026-10-08 04:25:15.764 UTC 001e INFO[0m [grpc] [34;1mAddTraceEvent[0m -> [core] [Channel #4 SubChannel #5]Subchannel Connectivity change to READY
[34m2026-10-08 04:25:15.765 UTC 001f INFO[0m [grpc] [34;1mInfof[0m -> [pick-first-lb] [pick-first-lb 0xc000456ae0] Received SubConn state update: 0xc000456b40, {ConnectivityState:READY ConnectionError:<nil> connectedAddress:{Addr:localhost:7051 ServerName:localhost:7051 Attributes:<nil> BalancerAttributes:<nil> Metadata:<nil>}}
[34m2026-10-08 04:25:15.765 UTC 0020 INFO[0m [grpc] [34;1mAddTraceEvent[0m -> [core] [Channel #4]Channel Connectivity change to READY
{
	"approvals": {
		"Org1MSP": true,
		"Org2MSP": true
	}
}
[0;34mChecking the commit readiness of the chaincode definition successful on peer0.org1 on channel 'mychannel'[0m
[0;34mUsing organization 2[0m
[0;34mChecking the commit readiness of the chaincode definition on peer0.org2 on channel 'mychannel'...[0m
[0;34mAttempting to check the commit readiness of the chaincode definition on peer0.org2, Retry after 3 seconds.[0m
+ peer lifecycle chaincode checkcommitreadiness --channelID mychannel --name bzt --version 1.0 --sequence 1 --output json
+ res=0
[34m2026-10-08 04:25:18.807 UTC 0001 INFO[0m [grpc] [34;1mInfof[0m -> [core] original dial target is: "localhost:9051"
[34m2026-10-08 04:25:18.807 UTC 0002 INFO[0m [grpc] [34;1mAddTraceEvent[0m -> [core] [Channel #1]Channel created
[34m2026-10-08 04:25:18.807 UTC 0003 INFO[0m [grpc] [34;1mAddTraceEvent[0m -> [core] [Channel #1]parsed dial target is: resolver.Target{URL:url.URL{Scheme:"passthrough", Opaque:"", User:(*url.Userinfo)(nil), Host:"", Path:"/localhost:9051", RawPath:"", OmitHost:false, ForceQuery:false, RawQuery:"", Fragment:"", RawFragment:""}}
[34m2026-10-08 04:25:18.807 UTC 0004 INFO[0m [grpc] [34;1mAddTraceEvent[0m -> [core] [Channel #1]Channel authority set to "localhost:9051"
[34m2026-10-08 04:25:18.807 UTC 0005 INFO[0m [grpc] [34;1mAddTraceEvent[0m -> [core] [Channel #1]Resolver state updated: {
  "Addresses": [
    {
      "Addr": "localhost:9051",
      "ServerName": "",
      "Attributes": null,
      "BalancerAttributes": null,
      "Metadata": null
    }
  ],
  "Endpoints": [
    {
      "Addresses": [
        {
          "Addr": "localhost:9051",
          "ServerName": "",
          "Attributes": null,
          "BalancerAttributes": null,
          "Metadata": null
        }
      ],
      "Attributes": null
    }
  ],
  "ServiceConfig": null,
  "Attributes": null
} (resolver returned new addresses)
[34m2026-10-08 04:25:18.807 UTC 0006 INFO[0m [grpc] [34;1mAddTraceEvent[0m -> [core] [Channel #1]Channel switches to new LB policy "pick_first"
[34m2026-10-08 04:25:18.807 UTC 0007 INFO[0m [grpc] [34;1mInfof[0m -> [pick-first-lb] [pick-first-lb 0xc0003e54a0] Received new config {
  "shuffleAddressList": false
}, resolver state {
  "Addresses": [
    {
      "Addr": "localhost:9051",
      "ServerName": "",
      "Attributes": null,
      "BalancerAttributes": null,
      "Metadata": null
    }
  ],
  "Endpoints": [
    {
      "Addresses": [
        {
          "Addr": "localhost:9051",
          "ServerName": "",
          "Attributes": null,
          "BalancerAttributes": null,
          "Metadata": null
        }
      ],
      "Attributes": null
    }
  ],
  "ServiceConfig": null,
  "Attributes": null
}
[34m2026-10-08 04:25:18.807 UTC 0008 INFO[0m [grpc] [34;1mAddTraceEvent[0m -> [core] [Channel #1 SubChannel #2]Subchannel created
[34m2026-10-08 04:25:18.807 UTC 0009 INFO[0m [grpc] [34;1mAddTraceEvent[0m -> [core] [Channel #1]Channel Connectivity change to CONNECTING
[34m2026-10-08 04:25:18.807 UTC 000a INFO[0m [grpc] [34;1mAddTraceEvent[0m -> [core] [Channel #1]Channel exiting idle mode
[34m2026-10-08 04:25:18.807 UTC 000b INFO[0m [grpc] [34;1mAddTraceEvent[0m -> [core] [Channel #1 SubChannel #2]Subchannel Connectivity change to CONNECTING
[34m2026-10-08 04:25:18.807 UTC 000c INFO[0m [grpc] [34;1mAddTraceEvent[0m -> [core] [Channel #1 SubChannel #2]Subchannel picks a new address "localhost:9051" to connect
[34m2026-10-08 04:25:18.807 UTC 000d INFO[0m [grpc] [34;1mInfof[0m -> [pick-first-lb] [pick-first-lb 0xc0003e54a0] Received SubConn state update: 0xc0003e5530, {ConnectivityState:CONNECTING ConnectionError:<nil> connectedAddress:{Addr: ServerName: Attributes:<nil> BalancerAttributes:<nil> Metadata:<nil>}}
[34m2026-10-08 04:25:18.809 UTC 000e INFO[0m [grpc] [34;1mAddTraceEvent[0m -> [core] [Channel #1 SubChannel #2]Subchannel Connectivity change to READY
[34m2026-10-08 04:25:18.809 UTC 000f INFO[0m [grpc] [34;1mInfof[0m -> [pick-first-lb] [pick-first-lb 0xc0003e54a0] Received SubConn state update: 0xc0003e5530, {ConnectivityState:READY ConnectionError:<nil> connectedAddress:{Addr:localhost:9051 ServerName:localhost:9051 Attributes:<nil> BalancerAttributes:<nil> Metadata:<nil>}}
[34m2026-10-08 04:25:18.809 UTC 0010 INFO[0m [grpc] [34;1mAddTraceEvent[0m -> [core] [Channel #1]Channel Connectivity change to READY
[34m2026-10-08 04:25:18.809 UTC 0011 INFO[0m [grpc] [34;1mInfof[0m -> [core] original dial target is: "localhost:9051"
[34m2026-10-08 04:25:18.809 UTC 0012 INFO[0m [grpc] [34;1mAddTraceEvent[0m -> [core] [Channel #4]Channel created
[34m2026-10-08 04:25:18.809 UTC 0013 INFO[0m [grpc] [34;1mAddTraceEvent[0m -> [core] [Channel #4]parsed dial target is: resolver.Target{URL:url.URL{Scheme:"passthrough", Opaque:"", User:(*url.Userinfo)(nil), Host:"", Path:"/localhost:9051", RawPath:"", OmitHost:false, ForceQuery:false, RawQuery:"", Fragment:"", RawFragment:""}}
[34m2026-10-08 04:25:18.809 UTC 0014 INFO[0m [grpc] [34;1mAddTraceEvent[0m -> [core] [Channel #4]Channel authority set to "localhost:9051"
[34m2026-10-08 04:25:18.809 UTC 0015 INFO[0m [grpc] [34;1mAddTraceEvent[0m -> [core] [Channel #4]Resolver state updated: {
  "Addresses": [
    {
      "Addr": "localhost:9051",
      "ServerName": "",
      "Attributes": null,
      "BalancerAttributes": null,
      "Metadata": null
    }
  ],
  "Endpoints": [
    {
      "Addresses": [
        {
          "Addr": "localhost:9051",
          "ServerName": "",
          "Attributes": null,
          "BalancerAttributes": null,
          "Metadata": null
        }
      ],
      "Attributes": null
    }
  ],
  "ServiceConfig": null,
  "Attributes": null
} (resolver returned new addresses)
[34m2026-10-08 04:25:18.809 UTC 0016 INFO[0m [grpc] [34;1mAddTraceEvent[0m -> [core] [Channel #4]Channel switches to new LB policy "pick_first"
[34m2026-10-08 04:25:18.809 UTC 0017 INFO[0m [grpc] [34;1mInfof[0m -> [pick-first-lb] [pick-first-lb 0xc000435980] Received new config {
  "shuffleAddressList": false
}, resolver state {
  "Addresses": [
    {
      "Addr": "localhost:9051",
      "ServerName": "",
      "Attributes": null,
      "BalancerAttributes": null,
      "Metadata": null
    }
  ],
  "Endpoints": [
    {
      "Addresses": [
        {
          "Addr": "localhost:9051",
          "ServerName": "",
          "Attributes": null,
          "BalancerAttributes": null,
          "Metadata": null
        }
      ],
      "Attributes": null
    }
  ],
  "ServiceConfig": null,
  "Attributes": null
}
[34m2026-10-08 04:25:18.809 UTC 0018 INFO[0m [grpc] [34;1mAddTraceEvent[0m -> [core] [Channel #4 SubChannel #5]Subchannel created
[34m2026-10-08 04:25:18.809 UTC 0019 INFO[0m [grpc] [34;1mAddTraceEvent[0m -> [core] [Channel #4]Channel Connectivity change to CONNECTING
[34m2026-10-08 04:25:18.809 UTC 001a INFO[0m [grpc] [34;1mAddTraceEvent[0m -> [core] [Channel #4]Channel exiting idle mode
[34m2026-10-08 04:25:18.809 UTC 001b INFO[0m [grpc] [34;1mAddTraceEvent[0m -> [core] [Channel #4 SubChannel #5]Subchannel Connectivity change to CONNECTING
[34m2026-10-08 04:25:18.809 UTC 001c INFO[0m [grpc] [34;1mAddTraceEvent[0m -> [core] [Channel #4 SubChannel #5]Subchannel picks a new address "localhost:9051" to connect
[34m2026-10-08 04:25:18.809 UTC 001d INFO[0m [grpc] [34;1mInfof[0m -> [pick-first-lb] [pick-first-lb 0xc000435980] Received SubConn state update: 0xc0004359e0, {ConnectivityState:CONNECTING ConnectionError:<nil> connectedAddress:{Addr: ServerName: Attributes:<nil> BalancerAttributes:<nil> Metadata:<nil>}}
[34m2026-10-08 04:25:18.812 UTC 001e INFO[0m [grpc] [34;1mAddTraceEvent[0m -> [core] [Channel #4 SubChannel #5]Subchannel Connectivity change to READY
[34m2026-10-08 04:25:18.812 UTC 001f INFO[0m [grpc] [34;1mInfof[0m -> [pick-first-lb] [pick-first-lb 0xc000435980] Received SubConn state update: 0xc0004359e0, {ConnectivityState:READY ConnectionError:<nil> connectedAddress:{Addr:localhost:9051 ServerName:localhost:9051 Attributes:<nil> BalancerAttributes:<nil> Metadata:<nil>}}
[34m2026-10-08 04:25:18.812 UTC 0020 INFO[0m [grpc] [34;1mAddTraceEvent[0m -> [core] [Channel #4]Channel Connectivity change to READY
{
	"approvals": {
		"Org1MSP": true,
		"Org2MSP": true
	}
}
[0;34mChecking the commit readiness of the chaincode definition successful on peer0.org2 on channel 'mychannel'[0m
[0;34mUsing organization 1[0m
[0;34mUsing organization 2[0m
+ peer lifecycle chaincode commit -o localhost:7050 --ordererTLSHostnameOverride orderer.example.com --tls --cafile /home/runner/work/bzt-id-experiments/bzt-id-experiments/fabric-samples/test-network/organizations/ordererOrganizations/example.com/tlsca/tlsca.example.com-cert.pem --channelID mychannel --name bzt --peerAddresses localhost:7051 --tlsRootCertFiles /home/runner/work/bzt-id-experiments/bzt-id-experiments/fabric-samples/test-network/organizations/peerOrganizations/org1.example.com/tlsca/tlsca.org1.example.com-cert.pem --peerAddresses localhost:9051 --tlsRootCertFiles /home/runner/work/bzt-id-experiments/bzt-id-experiments/fabric-samples/test-network/organizations/peerOrganizations/org2.example.com/tlsca/tlsca.org2.example.com-cert.pem --version 1.0 --sequence 1
+ res=0
[34m2026-10-08 04:25:18.852 UTC 0001 INFO[0m [grpc] [34;1mInfof[0m -> [core] original dial target is: "localhost:7051"
[34m2026-10-08 04:25:18.852 UTC 0002 INFO[0m [grpc] [34;1mAddTraceEvent[0m -> [core] [Channel #1]Channel created
[34m2026-10-08 04:25:18.852 UTC 0003 INFO[0m [grpc] [34;1mAddTraceEvent[0m -> [core] [Channel #1]parsed dial target is: resolver.Target{URL:url.URL{Scheme:"passthrough", Opaque:"", User:(*url.Userinfo)(nil), Host:"", Path:"/localhost:7051", RawPath:"", OmitHost:false, ForceQuery:false, RawQuery:"", Fragment:"", RawFragment:""}}
[34m2026-10-08 04:25:18.852 UTC 0004 INFO[0m [grpc] [34;1mAddTraceEvent[0m -> [core] [Channel #1]Channel authority set to "localhost:7051"
[34m2026-10-08 04:25:18.852 UTC 0005 INFO[0m [grpc] [34;1mAddTraceEvent[0m -> [core] [Channel #1]Resolver state updated: {
  "Addresses": [
    {
      "Addr": "localhost:7051",
      "ServerName": "",
      "Attributes": null,
      "BalancerAttributes": null,
      "Metadata": null
    }
  ],
  "Endpoints": [
    {
      "Addresses": [
        {
          "Addr": "localhost:7051",
          "ServerName": "",
          "Attributes": null,
          "BalancerAttributes": null,
          "Metadata": null
        }
      ],
      "Attributes": null
    }
  ],
  "ServiceConfig": null,
  "Attributes": null
} (resolver returned new addresses)
[34m2026-10-08 04:25:18.852 UTC 0006 INFO[0m [grpc] [34;1mAddTraceEvent[0m -> [core] [Channel #1]Channel switches to new LB policy "pick_first"
[34m2026-10-08 04:25:18.852 UTC 0007 INFO[0m [grpc] [34;1mInfof[0m -> [pick-first-lb] [pick-first-lb 0xc000465920] Received new config {
  "shuffleAddressList": false
}, resolver state {
  "Addresses": [
    {
      "Addr": "localhost:7051",
      "ServerName": "",
      "Attributes": null,
      "BalancerAttributes": null,
      "Metadata": null
    }
  ],
  "Endpoints": [
    {
      "Addresses": [
        {
          "Addr": "localhost:7051",
          "ServerName": "",
          "Attributes": null,
          "BalancerAttributes": null,
          "Metadata": null
        }
      ],
      "Attributes": null
    }
  ],
  "ServiceConfig": null,
  "Attributes": null
}
[34m2026-10-08 04:25:18.852 UTC 0008 INFO[0m [grpc] [34;1mAddTraceEvent[0m -> [core] [Channel #1 SubChannel #2]Subchannel created
[34m2026-10-08 04:25:18.852 UTC 0009 INFO[0m [grpc] [34;1mAddTraceEvent[0m -> [core] [Channel #1]Channel Connectivity change to CONNECTING
[34m2026-10-08 04:25:18.852 UTC 000a INFO[0m [grpc] [34;1mAddTraceEvent[0m -> [core] [Channel #1]Channel exiting idle mode
[34m2026-10-08 04:25:18.852 UTC 000b INFO[0m [grpc] [34;1mAddTraceEvent[0m -> [core] [Channel #1 SubChannel #2]Subchannel Connectivity change to CONNECTING
[34m2026-10-08 04:25:18.852 UTC 000c INFO[0m [grpc] [34;1mAddTraceEvent[0m -> [core] [Channel #1 SubChannel #2]Subchannel picks a new address "localhost:7051" to connect
[34m2026-10-08 04:25:18.853 UTC 000d INFO[0m [grpc] [34;1mInfof[0m -> [pick-first-lb] [pick-first-lb 0xc000465920] Received SubConn state update: 0xc0004659b0, {ConnectivityState:CONNECTING ConnectionError:<nil> connectedAddress:{Addr: ServerName: Attributes:<nil> BalancerAttributes:<nil> Metadata:<nil>}}
[34m2026-10-08 04:25:18.854 UTC 000e INFO[0m [grpc] [34;1mAddTraceEvent[0m -> [core] [Channel #1 SubChannel #2]Subchannel Connectivity change to READY
[34m2026-10-08 04:25:18.854 UTC 000f INFO[0m [grpc] [34;1mInfof[0m -> [pick-first-lb] [pick-first-lb 0xc000465920] Received SubConn state update: 0xc0004659b0, {ConnectivityState:READY ConnectionError:<nil> connectedAddress:{Addr:localhost:7051 ServerName:localhost:7051 Attributes:<nil> BalancerAttributes:<nil> Metadata:<nil>}}
[34m2026-10-08 04:25:18.854 UTC 0010 INFO[0m [grpc] [34;1mAddTraceEvent[0m -> [core] [Channel #1]Channel Connectivity change to READY
[34m2026-10-08 04:25:18.855 UTC 0011 INFO[0m [grpc] [34;1mInfof[0m -> [core] original dial target is: "localhost:7051"
[34m2026-10-08 04:25:18.855 UTC 0012 INFO[0m [grpc] [34;1mAddTraceEvent[0m -> [core] [Channel #4]Channel created
[34m2026-10-08 04:25:18.855 UTC 0013 INFO[0m [grpc] [34;1mAddTraceEvent[0m -> [core] [Channel #4]parsed dial target is: resolver.Target{URL:url.URL{Scheme:"passthrough", Opaque:"", User:(*url.Userinfo)(nil), Host:"", Path:"/localhost:7051", RawPath:"", OmitHost:false, ForceQuery:false, RawQuery:"", Fragment:"", RawFragment:""}}
[34m2026-10-08 04:25:18.855 UTC 0014 INFO[0m [grpc] [34;1mAddTraceEvent[0m -> [core] [Channel #4]Channel authority set to "localhost:7051"
[34m2026-10-08 04:25:18.855 UTC 0015 INFO[0m [grpc] [34;1mAddTraceEvent[0m -> [core] [Channel #4]Resolver state updated: {
  "Addresses": [
    {
      "Addr": "localhost:7051",
      "ServerName": "",
      "Attributes": null,
      "BalancerAttributes": null,
      "Metadata": null
    }
  ],
  "Endpoints": [
    {
      "Addresses": [
        {
          "Addr": "localhost:7051",
          "ServerName": "",
          "Attributes": null,
          "BalancerAttributes": null,
          "Metadata": null
        }
      ],
      "Attributes": null
    }
  ],
  "ServiceConfig": null,
  "Attributes": null
} (resolver returned new addresses)
[34m2026-10-08 04:25:18.855 UTC 0016 INFO[0m [grpc] [34;1mAddTraceEvent[0m -> [core] [Channel #4]Channel switches to new LB policy "pick_first"
[34m2026-10-08 04:25:18.855 UTC 0017 INFO[0m [grpc] [34;1mInfof[0m -> [pick-first-lb] [pick-first-lb 0xc00012d890] Received new config {
  "shuffleAddressList": false
}, resolver state {
  "Addresses": [
    {
      "Addr": "localhost:7051",
      "ServerName": "",
      "Attributes": null,
      "BalancerAttributes": null,
      "Metadata": null
    }
  ],
  "Endpoints": [
    {
      "Addresses": [
        {
          "Addr": "localhost:7051",
          "ServerName": "",
          "Attributes": null,
          "BalancerAttributes": null,
          "Metadata": null
        }
      ],
      "Attributes": null
    }
  ],
  "ServiceConfig": null,
  "Attributes": null
}
[34m2026-10-08 04:25:18.855 UTC 0018 INFO[0m [grpc] [34;1mAddTraceEvent[0m -> [core] [Channel #4 SubChannel #5]Subchannel created
[34m2026-10-08 04:25:18.855 UTC 0019 INFO[0m [grpc] [34;1mAddTraceEvent[0m -> [core] [Channel #4]Channel Connectivity change to CONNECTING
[34m2026-10-08 04:25:18.855 UTC 001a INFO[0m [grpc] [34;1mAddTraceEvent[0m -> [core] [Channel #4]Channel exiting idle mode
[34m2026-10-08 04:25:18.855 UTC 001b INFO[0m [grpc] [34;1mAddTraceEvent[0m -> [core] [Channel #4 SubChannel #5]Subchannel Connectivity change to CONNECTING
[34m2026-10-08 04:25:18.855 UTC 001c INFO[0m [grpc] [34;1mAddTraceEvent[0m -> [core] [Channel #4 SubChannel #5]Subchannel picks a new address "localhost:7051" to connect
[34m2026-10-08 04:25:18.855 UTC 001d INFO[0m [grpc] [34;1mInfof[0m -> [pick-first-lb] [pick-first-lb 0xc00012d890] Received SubConn state update: 0xc00012d8f0, {ConnectivityState:CONNECTING ConnectionError:<nil> connectedAddress:{Addr: ServerName: Attributes:<nil> BalancerAttributes:<nil> Metadata:<nil>}}
[34m2026-10-08 04:25:18.856 UTC 001e INFO[0m [grpc] [34;1mAddTraceEvent[0m -> [core] [Channel #4 SubChannel #5]Subchannel Connectivity change to READY
[34m2026-10-08 04:25:18.856 UTC 001f INFO[0m [grpc] [34;1mInfof[0m -> [pick-first-lb] [pick-first-lb 0xc00012d890] Received SubConn state update: 0xc00012d8f0, {ConnectivityState:READY ConnectionError:<nil> connectedAddress:{Addr:localhost:7051 ServerName:localhost:7051 Attributes:<nil> BalancerAttributes:<nil> Metadata:<nil>}}
[34m2026-10-08 04:25:18.856 UTC 0020 INFO[0m [grpc] [34;1mAddTraceEvent[0m -> [core] [Channel #4]Channel Connectivity change to READY
[34m2026-10-08 04:25:18.856 UTC 0021 INFO[0m [grpc] [34;1mInfof[0m -> [core] original dial target is: "localhost:9051"
[34m2026-10-08 04:25:18.856 UTC 0022 INFO[0m [grpc] [34;1mAddTraceEvent[0m -> [core] [Channel #7]Channel created
[34m2026-10-08 04:25:18.856 UTC 0023 INFO[0m [grpc] [34;1mAddTraceEvent[0m -> [core] [Channel #7]parsed dial target is: resolver.Target{URL:url.URL{Scheme:"passthrough", Opaque:"", User:(*url.Userinfo)(nil), Host:"", Path:"/localhost:9051", RawPath:"", OmitHost:false, ForceQuery:false, RawQuery:"", Fragment:"", RawFragment:""}}
[34m2026-10-08 04:25:18.856 UTC 0024 INFO[0m [grpc] [34;1mAddTraceEvent[0m -> [core] [Channel #7]Channel authority set to "localhost:9051"
[34m2026-10-08 04:25:18.856 UTC 0025 INFO[0m [grpc] [34;1mAddTraceEvent[0m -> [core] [Channel #7]Resolver state updated: {
  "Addresses": [
    {
      "Addr": "localhost:9051",
      "ServerName": "",
      "Attributes": null,
      "BalancerAttributes": null,
      "Metadata": null
    }
  ],
  "Endpoints": [
    {
      "Addresses": [
        {
          "Addr": "localhost:9051",
          "ServerName": "",
          "Attributes": null,
          "BalancerAttributes": null,
          "Metadata": null
        }
      ],
      "Attributes": null
    }
  ],
  "ServiceConfig": null,
  "Attributes": null
} (resolver returned new addresses)
[34m2026-10-08 04:25:18.856 UTC 0026 INFO[0m [grpc] [34;1mAddTraceEvent[0m -> [core] [Channel #7]Channel switches to new LB policy "pick_first"
[34m2026-10-08 04:25:18.856 UTC 0027 INFO[0m [grpc] [34;1mInfof[0m -> [pick-first-lb] [pick-first-lb 0xc000464cf0] Received new config {
  "shuffleAddressList": false
}, resolver state {
  "Addresses": [
    {
      "Addr": "localhost:9051",
      "ServerName": "",
      "Attributes": null,
      "BalancerAttributes": null,
      "Metadata": null
    }
  ],
  "Endpoints": [
    {
      "Addresses": [
        {
          "Addr": "localhost:9051",
          "ServerName": "",
          "Attributes": null,
          "BalancerAttributes": null,
          "Metadata": null
        }
      ],
      "Attributes": null
    }
  ],
  "ServiceConfig": null,
  "Attributes": null
}
[34m2026-10-08 04:25:18.856 UTC 0028 INFO[0m [grpc] [34;1mAddTraceEvent[0m -> [core] [Channel #7 SubChannel #8]Subchannel created
[34m2026-10-08 04:25:18.856 UTC 0029 INFO[0m [grpc] [34;1mAddTraceEvent[0m -> [core] [Channel #7]Channel Connectivity change to CONNECTING
[34m2026-10-08 04:25:18.856 UTC 002a INFO[0m [grpc] [34;1mAddTraceEvent[0m -> [core] [Channel #7]Channel exiting idle mode
[34m2026-10-08 04:25:18.856 UTC 002b INFO[0m [grpc] [34;1mAddTraceEvent[0m -> [core] [Channel #7 SubChannel #8]Subchannel Connectivity change to CONNECTING
[34m2026-10-08 04:25:18.856 UTC 002c INFO[0m [grpc] [34;1mAddTraceEvent[0m -> [core] [Channel #7 SubChannel #8]Subchannel picks a new address "localhost:9051" to connect
[34m2026-10-08 04:25:18.857 UTC 002d INFO[0m [grpc] [34;1mInfof[0m -> [pick-first-lb] [pick-first-lb 0xc000464cf0] Received SubConn state update: 0xc000464d50, {ConnectivityState:CONNECTING ConnectionError:<nil> connectedAddress:{Addr: ServerName: Attributes:<nil> BalancerAttributes:<nil> Metadata:<nil>}}
[34m2026-10-08 04:25:18.858 UTC 002e INFO[0m [grpc] [34;1mAddTraceEvent[0m -> [core] [Channel #7 SubChannel #8]Subchannel Connectivity change to READY
[34m2026-10-08 04:25:18.858 UTC 002f INFO[0m [grpc] [34;1mInfof[0m -> [pick-first-lb] [pick-first-lb 0xc000464cf0] Received SubConn state update: 0xc000464d50, {ConnectivityState:READY ConnectionError:<nil> connectedAddress:{Addr:localhost:9051 ServerName:localhost:9051 Attributes:<nil> BalancerAttributes:<nil> Metadata:<nil>}}
[34m2026-10-08 04:25:18.858 UTC 0030 INFO[0m [grpc] [34;1mAddTraceEvent[0m -> [core] [Channel #7]Channel Connectivity change to READY
[34m2026-10-08 04:25:18.858 UTC 0031 INFO[0m [grpc] [34;1mInfof[0m -> [core] original dial target is: "localhost:9051"
[34m2026-10-08 04:25:18.858 UTC 0032 INFO[0m [grpc] [34;1mAddTraceEvent[0m -> [core] [Channel #10]Channel created
[34m2026-10-08 04:25:18.858 UTC 0033 INFO[0m [grpc] [34;1mAddTraceEvent[0m -> [core] [Channel #10]parsed dial target is: resolver.Target{URL:url.URL{Scheme:"passthrough", Opaque:"", User:(*url.Userinfo)(nil), Host:"", Path:"/localhost:9051", RawPath:"", OmitHost:false, ForceQuery:false, RawQuery:"", Fragment:"", RawFragment:""}}
[34m2026-10-08 04:25:18.858 UTC 0034 INFO[0m [grpc] [34;1mAddTraceEvent[0m -> [core] [Channel #10]Channel authority set to "localhost:9051"
[34m2026-10-08 04:25:18.858 UTC 0035 INFO[0m [grpc] [34;1mAddTraceEvent[0m -> [core] [Channel #10]Resolver state updated: {
  "Addresses": [
    {
      "Addr": "localhost:9051",
      "ServerName": "",
      "Attributes": null,
      "BalancerAttributes": null,
      "Metadata": null
    }
  ],
  "Endpoints": [
    {
      "Addresses": [
        {
          "Addr": "localhost:9051",
          "ServerName": "",
          "Attributes": null,
          "BalancerAttributes": null,
          "Metadata": null
        }
      ],
      "Attributes": null
    }
  ],
  "ServiceConfig": null,
  "Attributes": null
} (resolver returned new addresses)
[34m2026-10-08 04:25:18.858 UTC 0036 INFO[0m [grpc] [34;1mAddTraceEvent[0m -> [core] [Channel #10]Channel switches to new LB policy "pick_first"
[34m2026-10-08 04:25:18.858 UTC 0037 INFO[0m [grpc] [34;1mInfof[0m -> [pick-first-lb] [pick-first-lb 0xc0005089f0] Received new config {
  "shuffleAddressList": false
}, resolver state {
  "Addresses": [
    {
      "Addr": "localhost:9051",
      "ServerName": "",
      "Attributes": null,
      "BalancerAttributes": null,
      "Metadata": null
    }
  ],
  "Endpoints": [
    {
      "Addresses": [
        {
          "Addr": "localhost:9051",
          "ServerName": "",
          "Attributes": null,
          "BalancerAttributes": null,
          "Metadata": null
        }
      ],
      "Attributes": null
    }
  ],
  "ServiceConfig": null,
  "Attributes": null
}
[34m2026-10-08 04:25:18.858 UTC 0038 INFO[0m [grpc] [34;1mAddTraceEvent[0m -> [core] [Channel #10 SubChannel #11]Subchannel created
[34m2026-10-08 04:25:18.858 UTC 0039 INFO[0m [grpc] [34;1mAddTraceEvent[0m -> [core] [Channel #10]Channel Connectivity change to CONNECTING
[34m2026-10-08 04:25:18.858 UTC 003a INFO[0m [grpc] [34;1mAddTraceEvent[0m -> [core] [Channel #10]Channel exiting idle mode
[34m2026-10-08 04:25:18.858 UTC 003b INFO[0m [grpc] [34;1mAddTraceEvent[0m -> [core] [Channel #10 SubChannel #11]Subchannel Connectivity change to CONNECTING
[34m2026-10-08 04:25:18.858 UTC 003c INFO[0m [grpc] [34;1mAddTraceEvent[0m -> [core] [Channel #10 SubChannel #11]Subchannel picks a new address "localhost:9051" to connect
[34m2026-10-08 04:25:18.858 UTC 003d INFO[0m [grpc] [34;1mInfof[0m -> [pick-first-lb] [pick-first-lb 0xc0005089f0] Received SubConn state update: 0xc000508a50, {ConnectivityState:CONNECTING ConnectionError:<nil> connectedAddress:{Addr: ServerName: Attributes:<nil> BalancerAttributes:<nil> Metadata:<nil>}}
[34m2026-10-08 04:25:18.860 UTC 003e INFO[0m [grpc] [34;1mAddTraceEvent[0m -> [core] [Channel #10 SubChannel #11]Subchannel Connectivity change to READY
[34m2026-10-08 04:25:18.860 UTC 003f INFO[0m [grpc] [34;1mInfof[0m -> [pick-first-lb] [pick-first-lb 0xc0005089f0] Received SubConn state update: 0xc000508a50, {ConnectivityState:READY ConnectionError:<nil> connectedAddress:{Addr:localhost:9051 ServerName:localhost:9051 Attributes:<nil> BalancerAttributes:<nil> Metadata:<nil>}}
[34m2026-10-08 04:25:18.860 UTC 0040 INFO[0m [grpc] [34;1mAddTraceEvent[0m -> [core] [Channel #10]Channel Connectivity change to READY
[33m2026-10-08 04:25:18.860 UTC 0041 WARN[0m [grpc] [33;1mWarningf[0m -> [core] Adjusting keepalive ping interval to minimum period of 10s
[34m2026-10-08 04:25:18.860 UTC 0042 INFO[0m [grpc] [34;1mInfof[0m -> [core] original dial target is: "localhost:7050"
[34m2026-10-08 04:25:18.860 UTC 0043 INFO[0m [grpc] [34;1mAddTraceEvent[0m -> [core] [Channel #13]Channel created
[34m2026-10-08 04:25:18.860 UTC 0044 INFO[0m [grpc] [34;1mAddTraceEvent[0m -> [core] [Channel #13]parsed dial target is: resolver.Target{URL:url.URL{Scheme:"passthrough", Opaque:"", User:(*url.Userinfo)(nil), Host:"", Path:"/localhost:7050", RawPath:"", OmitHost:false, ForceQuery:false, RawQuery:"", Fragment:"", RawFragment:""}}
[34m2026-10-08 04:25:18.860 UTC 0045 INFO[0m [grpc] [34;1mAddTraceEvent[0m -> [core] [Channel #13]Channel authority set to "orderer.example.com"
[34m2026-10-08 04:25:18.861 UTC 0046 INFO[0m [grpc] [34;1mAddTraceEvent[0m -> [core] [Channel #13]Resolver state updated: {
  "Addresses": [
    {
      "Addr": "localhost:7050",
      "ServerName": "",
      "Attributes": null,
      "BalancerAttributes": null,
      "Metadata": null
    }
  ],
  "Endpoints": [
    {
      "Addresses": [
        {
          "Addr": "localhost:7050",
          "ServerName": "",
          "Attributes": null,
          "BalancerAttributes": null,
          "Metadata": null
        }
      ],
      "Attributes": null
    }
  ],
  "ServiceConfig": null,
  "Attributes": null
} (resolver returned new addresses)
[34m2026-10-08 04:25:18.861 UTC 0047 INFO[0m [grpc] [34;1mAddTraceEvent[0m -> [core] [Channel #13]Channel switches to new LB policy "pick_first"
[34m2026-10-08 04:25:18.861 UTC 0048 INFO[0m [grpc] [34;1mInfof[0m -> [pick-first-lb] [pick-first-lb 0xc0004a3410] Received new config {
  "shuffleAddressList": false
}, resolver state {
  "Addresses": [
    {
      "Addr": "localhost:7050",
      "ServerName": "",
      "Attributes": null,
      "BalancerAttributes": null,
      "Metadata": null
    }
  ],
  "Endpoints": [
    {
      "Addresses": [
        {
          "Addr": "localhost:7050",
          "ServerName": "",
          "Attributes": null,
          "BalancerAttributes": null,
          "Metadata": null
        }
      ],
      "Attributes": null
    }
  ],
  "ServiceConfig": null,
  "Attributes": null
}
[34m2026-10-08 04:25:18.861 UTC 0049 INFO[0m [grpc] [34;1mAddTraceEvent[0m -> [core] [Channel #13 SubChannel #14]Subchannel created
[34m2026-10-08 04:25:18.861 UTC 004a INFO[0m [grpc] [34;1mAddTraceEvent[0m -> [core] [Channel #13]Channel Connectivity change to CONNECTING
[34m2026-10-08 04:25:18.861 UTC 004b INFO[0m [grpc] [34;1mAddTraceEvent[0m -> [core] [Channel #13]Channel exiting idle mode
[34m2026-10-08 04:25:18.861 UTC 004c INFO[0m [grpc] [34;1mAddTraceEvent[0m -> [core] [Channel #13 SubChannel #14]Subchannel Connectivity change to CONNECTING
[34m2026-10-08 04:25:18.861 UTC 004d INFO[0m [grpc] [34;1mAddTraceEvent[0m -> [core] [Channel #13 SubChannel #14]Subchannel picks a new address "localhost:7050" to connect
[34m2026-10-08 04:25:18.861 UTC 004e INFO[0m [grpc] [34;1mInfof[0m -> [pick-first-lb] [pick-first-lb 0xc0004a3410] Received SubConn state update: 0xc0004a3470, {ConnectivityState:CONNECTING ConnectionError:<nil> connectedAddress:{Addr: ServerName: Attributes:<nil> BalancerAttributes:<nil> Metadata:<nil>}}
[34m2026-10-08 04:25:18.863 UTC 004f INFO[0m [grpc] [34;1mAddTraceEvent[0m -> [core] [Channel #13 SubChannel #14]Subchannel Connectivity change to READY
[34m2026-10-08 04:25:18.863 UTC 0050 INFO[0m [grpc] [34;1mInfof[0m -> [pick-first-lb] [pick-first-lb 0xc0004a3410] Received SubConn state update: 0xc0004a3470, {ConnectivityState:READY ConnectionError:<nil> connectedAddress:{Addr:localhost:7050 ServerName:orderer.example.com Attributes:<nil> BalancerAttributes:<nil> Metadata:<nil>}}
[34m2026-10-08 04:25:18.863 UTC 0051 INFO[0m [grpc] [34;1mAddTraceEvent[0m -> [core] [Channel #13]Channel Connectivity change to READY
[34m2026-10-08 04:25:19.076 UTC 0052 INFO[0m [chaincodeCmd] [34;1mClientWait[0m -> txid [c2b997b876b50c6c3db9ce4daaa5d9caff347707dbf4f69a23a698656dd58987] committed with status (VALID) at localhost:7051
[34m2026-10-08 04:25:19.076 UTC 0053 INFO[0m [chaincodeCmd] [34;1mClientWait[0m -> txid [c2b997b876b50c6c3db9ce4daaa5d9caff347707dbf4f69a23a698656dd58987] committed with status (VALID) at localhost:9051
[0;32mChaincode definition committed on channel 'mychannel'[0m
[0;34mUsing organization 1[0m
[0;34mQuerying chaincode definition on peer0.org1 on channel 'mychannel'...[0m
[0;34mAttempting to Query committed status on peer0.org1, Retry after 3 seconds.[0m
+ peer lifecycle chaincode querycommitted --channelID mychannel --name bzt
+ res=0
[34m2026-10-08 04:25:22.117 UTC 0001 INFO[0m [grpc] [34;1mInfof[0m -> [core] original dial target is: "localhost:7051"
[34m2026-10-08 04:25:22.117 UTC 0002 INFO[0m [grpc] [34;1mAddTraceEvent[0m -> [core] [Channel #1]Channel created
[34m2026-10-08 04:25:22.117 UTC 0003 INFO[0m [grpc] [34;1mAddTraceEvent[0m -> [core] [Channel #1]parsed dial target is: resolver.Target{URL:url.URL{Scheme:"passthrough", Opaque:"", User:(*url.Userinfo)(nil), Host:"", Path:"/localhost:7051", RawPath:"", OmitHost:false, ForceQuery:false, RawQuery:"", Fragment:"", RawFragment:""}}
[34m2026-10-08 04:25:22.117 UTC 0004 INFO[0m [grpc] [34;1mAddTraceEvent[0m -> [core] [Channel #1]Channel authority set to "localhost:7051"
[34m2026-10-08 04:25:22.117 UTC 0005 INFO[0m [grpc] [34;1mAddTraceEvent[0m -> [core] [Channel #1]Resolver state updated: {
  "Addresses": [
    {
      "Addr": "localhost:7051",
      "ServerName": "",
      "Attributes": null,
      "BalancerAttributes": null,
      "Metadata": null
    }
  ],
  "Endpoints": [
    {
      "Addresses": [
        {
          "Addr": "localhost:7051",
          "ServerName": "",
          "Attributes": null,
          "BalancerAttributes": null,
          "Metadata": null
        }
      ],
      "Attributes": null
    }
  ],
  "ServiceConfig": null,
  "Attributes": null
} (resolver returned new addresses)
[34m2026-10-08 04:25:22.117 UTC 0006 INFO[0m [grpc] [34;1mAddTraceEvent[0m -> [core] [Channel #1]Channel switches to new LB policy "pick_first"
[34m2026-10-08 04:25:22.117 UTC 0007 INFO[0m [grpc] [34;1mInfof[0m -> [pick-first-lb] [pick-first-lb 0xc00052c4e0] Received new config {
  "shuffleAddressList": false
}, resolver state {
  "Addresses": [
    {
      "Addr": "localhost:7051",
      "ServerName": "",
      "Attributes": null,
      "BalancerAttributes": null,
      "Metadata": null
    }
  ],
  "Endpoints": [
    {
      "Addresses": [
        {
          "Addr": "localhost:7051",
          "ServerName": "",
          "Attributes": null,
          "BalancerAttributes": null,
          "Metadata": null
        }
      ],
      "Attributes": null
    }
  ],
  "ServiceConfig": null,
  "Attributes": null
}
[34m2026-10-08 04:25:22.117 UTC 0008 INFO[0m [grpc] [34;1mAddTraceEvent[0m -> [core] [Channel #1 SubChannel #2]Subchannel created
[34m2026-10-08 04:25:22.117 UTC 0009 INFO[0m [grpc] [34;1mAddTraceEvent[0m -> [core] [Channel #1]Channel Connectivity change to CONNECTING
[34m2026-10-08 04:25:22.117 UTC 000a INFO[0m [grpc] [34;1mAddTraceEvent[0m -> [core] [Channel #1]Channel exiting idle mode
[34m2026-10-08 04:25:22.117 UTC 000b INFO[0m [grpc] [34;1mAddTraceEvent[0m -> [core] [Channel #1 SubChannel #2]Subchannel Connectivity change to CONNECTING
[34m2026-10-08 04:25:22.117 UTC 000c INFO[0m [grpc] [34;1mAddTraceEvent[0m -> [core] [Channel #1 SubChannel #2]Subchannel picks a new address "localhost:7051" to connect
[34m2026-10-08 04:25:22.117 UTC 000d INFO[0m [grpc] [34;1mInfof[0m -> [pick-first-lb] [pick-first-lb 0xc00052c4e0] Received SubConn state update: 0xc00052c570, {ConnectivityState:CONNECTING ConnectionError:<nil> connectedAddress:{Addr: ServerName: Attributes:<nil> BalancerAttributes:<nil> Metadata:<nil>}}
[34m2026-10-08 04:25:22.119 UTC 000e INFO[0m [grpc] [34;1mAddTraceEvent[0m -> [core] [Channel #1 SubChannel #2]Subchannel Connectivity change to READY
[34m2026-10-08 04:25:22.120 UTC 000f INFO[0m [grpc] [34;1mInfof[0m -> [pick-first-lb] [pick-first-lb 0xc00052c4e0] Received SubConn state update: 0xc00052c570, {ConnectivityState:READY ConnectionError:<nil> connectedAddress:{Addr:localhost:7051 ServerName:localhost:7051 Attributes:<nil> BalancerAttributes:<nil> Metadata:<nil>}}
[34m2026-10-08 04:25:22.120 UTC 0010 INFO[0m [grpc] [34;1mAddTraceEvent[0m -> [core] [Channel #1]Channel Connectivity change to READY
[34m2026-10-08 04:25:22.120 UTC 0011 INFO[0m [grpc] [34;1mInfof[0m -> [core] original dial target is: "localhost:7051"
[34m2026-10-08 04:25:22.120 UTC 0012 INFO[0m [grpc] [34;1mAddTraceEvent[0m -> [core] [Channel #4]Channel created
[34m2026-10-08 04:25:22.120 UTC 0013 INFO[0m [grpc] [34;1mAddTraceEvent[0m -> [core] [Channel #4]parsed dial target is: resolver.Target{URL:url.URL{Scheme:"passthrough", Opaque:"", User:(*url.Userinfo)(nil), Host:"", Path:"/localhost:7051", RawPath:"", OmitHost:false, ForceQuery:false, RawQuery:"", Fragment:"", RawFragment:""}}
[34m2026-10-08 04:25:22.120 UTC 0014 INFO[0m [grpc] [34;1mAddTraceEvent[0m -> [core] [Channel #4]Channel authority set to "localhost:7051"
[34m2026-10-08 04:25:22.120 UTC 0015 INFO[0m [grpc] [34;1mAddTraceEvent[0m -> [core] [Channel #4]Resolver state updated: {
  "Addresses": [
    {
      "Addr": "localhost:7051",
      "ServerName": "",
      "Attributes": null,
      "BalancerAttributes": null,
      "Metadata": null
    }
  ],
  "Endpoints": [
    {
      "Addresses": [
        {
          "Addr": "localhost:7051",
          "ServerName": "",
          "Attributes": null,
          "BalancerAttributes": null,
          "Metadata": null
        }
      ],
      "Attributes": null
    }
  ],
  "ServiceConfig": null,
  "Attributes": null
} (resolver returned new addresses)
[34m2026-10-08 04:25:22.120 UTC 0016 INFO[0m [grpc] [34;1mAddTraceEvent[0m -> [core] [Channel #4]Channel switches to new LB policy "pick_first"
[34m2026-10-08 04:25:22.120 UTC 0017 INFO[0m [grpc] [34;1mInfof[0m -> [pick-first-lb] [pick-first-lb 0xc000136d80] Received new config {
  "shuffleAddressList": false
}, resolver state {
  "Addresses": [
    {
      "Addr": "localhost:7051",
      "ServerName": "",
      "Attributes": null,
      "BalancerAttributes": null,
      "Metadata": null
    }
  ],
  "Endpoints": [
    {
      "Addresses": [
        {
          "Addr": "localhost:7051",
          "ServerName": "",
          "Attributes": null,
          "BalancerAttributes": null,
          "Metadata": null
        }
      ],
      "Attributes": null
    }
  ],
  "ServiceConfig": null,
  "Attributes": null
}
[34m2026-10-08 04:25:22.120 UTC 0018 INFO[0m [grpc] [34;1mAddTraceEvent[0m -> [core] [Channel #4 SubChannel #5]Subchannel created
[34m2026-10-08 04:25:22.120 UTC 0019 INFO[0m [grpc] [34;1mAddTraceEvent[0m -> [core] [Channel #4]Channel Connectivity change to CONNECTING
[34m2026-10-08 04:25:22.120 UTC 001a INFO[0m [grpc] [34;1mAddTraceEvent[0m -> [core] [Channel #4]Channel exiting idle mode
[34m2026-10-08 04:25:22.120 UTC 001b INFO[0m [grpc] [34;1mAddTraceEvent[0m -> [core] [Channel #4 SubChannel #5]Subchannel Connectivity change to CONNECTING
[34m2026-10-08 04:25:22.120 UTC 001c INFO[0m [grpc] [34;1mAddTraceEvent[0m -> [core] [Channel #4 SubChannel #5]Subchannel picks a new address "localhost:7051" to connect
[34m2026-10-08 04:25:22.120 UTC 001d INFO[0m [grpc] [34;1mInfof[0m -> [pick-first-lb] [pick-first-lb 0xc000136d80] Received SubConn state update: 0xc000136de0, {ConnectivityState:CONNECTING ConnectionError:<nil> connectedAddress:{Addr: ServerName: Attributes:<nil> BalancerAttributes:<nil> Metadata:<nil>}}
[34m2026-10-08 04:25:22.121 UTC 001e INFO[0m [grpc] [34;1mAddTraceEvent[0m -> [core] [Channel #4 SubChannel #5]Subchannel Connectivity change to READY
[34m2026-10-08 04:25:22.121 UTC 001f INFO[0m [grpc] [34;1mInfof[0m -> [pick-first-lb] [pick-first-lb 0xc000136d80] Received SubConn state update: 0xc000136de0, {ConnectivityState:READY ConnectionError:<nil> connectedAddress:{Addr:localhost:7051 ServerName:localhost:7051 Attributes:<nil> BalancerAttributes:<nil> Metadata:<nil>}}
[34m2026-10-08 04:25:22.121 UTC 0020 INFO[0m [grpc] [34;1mAddTraceEvent[0m -> [core] [Channel #4]Channel Connectivity change to READY
Committed chaincode definition for chaincode 'bzt' on channel 'mychannel':
Version: 1.0, Sequence: 1, Endorsement Plugin: escc, Validation Plugin: vscc, Approvals: [Org1MSP: true, Org2MSP: true]
[0;32mQuery chaincode definition successful on peer0.org1 on channel 'mychannel'[0m
[0;34mUsing organization 2[0m
[0;34mQuerying chaincode definition on peer0.org2 on channel 'mychannel'...[0m
[0;34mAttempting to Query committed status on peer0.org2, Retry after 3 seconds.[0m
+ peer lifecycle chaincode querycommitted --channelID mychannel --name bzt
+ res=0
[34m2026-10-08 04:25:25.166 UTC 0001 INFO[0m [grpc] [34;1mInfof[0m -> [core] original dial target is: "localhost:9051"
[34m2026-10-08 04:25:25.166 UTC 0002 INFO[0m [grpc] [34;1mAddTraceEvent[0m -> [core] [Channel #1]Channel created
[34m2026-10-08 04:25:25.166 UTC 0003 INFO[0m [grpc] [34;1mAddTraceEvent[0m -> [core] [Channel #1]parsed dial target is: resolver.Target{URL:url.URL{Scheme:"passthrough", Opaque:"", User:(*url.Userinfo)(nil), Host:"", Path:"/localhost:9051", RawPath:"", OmitHost:false, ForceQuery:false, RawQuery:"", Fragment:"", RawFragment:""}}
[34m2026-10-08 04:25:25.166 UTC 0004 INFO[0m [grpc] [34;1mAddTraceEvent[0m -> [core] [Channel #1]Channel authority set to "localhost:9051"
[34m2026-10-08 04:25:25.166 UTC 0005 INFO[0m [grpc] [34;1mAddTraceEvent[0m -> [core] [Channel #1]Resolver state updated: {
  "Addresses": [
    {
      "Addr": "localhost:9051",
      "ServerName": "",
      "Attributes": null,
      "BalancerAttributes": null,
      "Metadata": null
    }
  ],
  "Endpoints": [
    {
      "Addresses": [
        {
          "Addr": "localhost:9051",
          "ServerName": "",
          "Attributes": null,
          "BalancerAttributes": null,
          "Metadata": null
        }
      ],
      "Attributes": null
    }
  ],
  "ServiceConfig": null,
  "Attributes": null
} (resolver returned new addresses)
[34m2026-10-08 04:25:25.166 UTC 0006 INFO[0m [grpc] [34;1mAddTraceEvent[0m -> [core] [Channel #1]Channel switches to new LB policy "pick_first"
[34m2026-10-08 04:25:25.166 UTC 0007 INFO[0m [grpc] [34;1mInfof[0m -> [pick-first-lb] [pick-first-lb 0xc000478600] Received new config {
  "shuffleAddressList": false
}, resolver state {
  "Addresses": [
    {
      "Addr": "localhost:9051",
      "ServerName": "",
      "Attributes": null,
      "BalancerAttributes": null,
      "Metadata": null
    }
  ],
  "Endpoints": [
    {
      "Addresses": [
        {
          "Addr": "localhost:9051",
          "ServerName": "",
          "Attributes": null,
          "BalancerAttributes": null,
          "Metadata": null
        }
      ],
      "Attributes": null
    }
  ],
  "ServiceConfig": null,
  "Attributes": null
}
[34m2026-10-08 04:25:25.166 UTC 0008 INFO[0m [grpc] [34;1mAddTraceEvent[0m -> [core] [Channel #1 SubChannel #2]Subchannel created
[34m2026-10-08 04:25:25.166 UTC 0009 INFO[0m [grpc] [34;1mAddTraceEvent[0m -> [core] [Channel #1]Channel Connectivity change to CONNECTING
[34m2026-10-08 04:25:25.166 UTC 000a INFO[0m [grpc] [34;1mAddTraceEvent[0m -> [core] [Channel #1]Channel exiting idle mode
[34m2026-10-08 04:25:25.166 UTC 000b INFO[0m [grpc] [34;1mAddTraceEvent[0m -> [core] [Channel #1 SubChannel #2]Subchannel Connectivity change to CONNECTING
[34m2026-10-08 04:25:25.166 UTC 000c INFO[0m [grpc] [34;1mAddTraceEvent[0m -> [core] [Channel #1 SubChannel #2]Subchannel picks a new address "localhost:9051" to connect
[34m2026-10-08 04:25:25.167 UTC 000d INFO[0m [grpc] [34;1mInfof[0m -> [pick-first-lb] [pick-first-lb 0xc000478600] Received SubConn state update: 0xc000478690, {ConnectivityState:CONNECTING ConnectionError:<nil> connectedAddress:{Addr: ServerName: Attributes:<nil> BalancerAttributes:<nil> Metadata:<nil>}}
[34m2026-10-08 04:25:25.169 UTC 000e INFO[0m [grpc] [34;1mAddTraceEvent[0m -> [core] [Channel #1 SubChannel #2]Subchannel Connectivity change to READY
[34m2026-10-08 04:25:25.169 UTC 000f INFO[0m [grpc] [34;1mInfof[0m -> [pick-first-lb] [pick-first-lb 0xc000478600] Received SubConn state update: 0xc000478690, {ConnectivityState:READY ConnectionError:<nil> connectedAddress:{Addr:localhost:9051 ServerName:localhost:9051 Attributes:<nil> BalancerAttributes:<nil> Metadata:<nil>}}
[34m2026-10-08 04:25:25.169 UTC 0010 INFO[0m [grpc] [34;1mAddTraceEvent[0m -> [core] [Channel #1]Channel Connectivity change to READY
[34m2026-10-08 04:25:25.169 UTC 0011 INFO[0m [grpc] [34;1mInfof[0m -> [core] original dial target is: "localhost:9051"
[34m2026-10-08 04:25:25.169 UTC 0012 INFO[0m [grpc] [34;1mAddTraceEvent[0m -> [core] [Channel #4]Channel created
[34m2026-10-08 04:25:25.169 UTC 0013 INFO[0m [grpc] [34;1mAddTraceEvent[0m -> [core] [Channel #4]parsed dial target is: resolver.Target{URL:url.URL{Scheme:"passthrough", Opaque:"", User:(*url.Userinfo)(nil), Host:"", Path:"/localhost:9051", RawPath:"", OmitHost:false, ForceQuery:false, RawQuery:"", Fragment:"", RawFragment:""}}
[34m2026-10-08 04:25:25.169 UTC 0014 INFO[0m [grpc] [34;1mAddTraceEvent[0m -> [core] [Channel #4]Channel authority set to "localhost:9051"
[34m2026-10-08 04:25:25.169 UTC 0015 INFO[0m [grpc] [34;1mAddTraceEvent[0m -> [core] [Channel #4]Resolver state updated: {
  "Addresses": [
    {
      "Addr": "localhost:9051",
      "ServerName": "",
      "Attributes": null,
      "BalancerAttributes": null,
      "Metadata": null
    }
  ],
  "Endpoints": [
    {
      "Addresses": [
        {
          "Addr": "localhost:9051",
          "ServerName": "",
          "Attributes": null,
          "BalancerAttributes": null,
          "Metadata": null
        }
      ],
      "Attributes": null
    }
  ],
  "ServiceConfig": null,
  "Attributes": null
} (resolver returned new addresses)
[34m2026-10-08 04:25:25.169 UTC 0016 INFO[0m [grpc] [34;1mAddTraceEvent[0m -> [core] [Channel #4]Channel switches to new LB policy "pick_first"
[34m2026-10-08 04:25:25.169 UTC 0017 INFO[0m [grpc] [34;1mInfof[0m -> [pick-first-lb] [pick-first-lb 0xc0000219e0] Received new config {
  "shuffleAddressList": false
}, resolver state {
  "Addresses": [
    {
      "Addr": "localhost:9051",
      "ServerName": "",
      "Attributes": null,
      "BalancerAttributes": null,
      "Metadata": null
    }
  ],
  "Endpoints": [
    {
      "Addresses": [
        {
          "Addr": "localhost:9051",
          "ServerName": "",
          "Attributes": null,
          "BalancerAttributes": null,
          "Metadata": null
        }
      ],
      "Attributes": null
    }
  ],
  "ServiceConfig": null,
  "Attributes": null
}
[34m2026-10-08 04:25:25.169 UTC 0018 INFO[0m [grpc] [34;1mAddTraceEvent[0m -> [core] [Channel #4 SubChannel #5]Subchannel created
[34m2026-10-08 04:25:25.169 UTC 0019 INFO[0m [grpc] [34;1mAddTraceEvent[0m -> [core] [Channel #4]Channel Connectivity change to CONNECTING
[34m2026-10-08 04:25:25.169 UTC 001a INFO[0m [grpc] [34;1mAddTraceEvent[0m -> [core] [Channel #4]Channel exiting idle mode
[34m2026-10-08 04:25:25.169 UTC 001b INFO[0m [grpc] [34;1mAddTraceEvent[0m -> [core] [Channel #4 SubChannel #5]Subchannel Connectivity change to CONNECTING
[34m2026-10-08 04:25:25.169 UTC 001c INFO[0m [grpc] [34;1mAddTraceEvent[0m -> [core] [Channel #4 SubChannel #5]Subchannel picks a new address "localhost:9051" to connect
[34m2026-10-08 04:25:25.169 UTC 001d INFO[0m [grpc] [34;1mInfof[0m -> [pick-first-lb] [pick-first-lb 0xc0000219e0] Received SubConn state update: 0xc000021a40, {ConnectivityState:CONNECTING ConnectionError:<nil> connectedAddress:{Addr: ServerName: Attributes:<nil> BalancerAttributes:<nil> Metadata:<nil>}}
[34m2026-10-08 04:25:25.171 UTC 001e INFO[0m [grpc] [34;1mAddTraceEvent[0m -> [core] [Channel #4 SubChannel #5]Subchannel Connectivity change to READY
[34m2026-10-08 04:25:25.171 UTC 001f INFO[0m [grpc] [34;1mInfof[0m -> [pick-first-lb] [pick-first-lb 0xc0000219e0] Received SubConn state update: 0xc000021a40, {ConnectivityState:READY ConnectionError:<nil> connectedAddress:{Addr:localhost:9051 ServerName:localhost:9051 Attributes:<nil> BalancerAttributes:<nil> Metadata:<nil>}}
[34m2026-10-08 04:25:25.171 UTC 0020 INFO[0m [grpc] [34;1mAddTraceEvent[0m -> [core] [Channel #4]Channel Connectivity change to READY
Committed chaincode definition for chaincode 'bzt' on channel 'mychannel':
Version: 1.0, Sequence: 1, Endorsement Plugin: escc, Validation Plugin: vscc, Approvals: [Org1MSP: true, Org2MSP: true]
[0;32mQuery chaincode definition successful on peer0.org2 on channel 'mychannel'[0m
[0;34mChaincode initialization is not required[0m
