[0;34mUsing docker and docker compose[0m
[0;34mdeploying chaincode on channel 'mychannel'[0m
executing with the following
- CHANNEL_NAME: [0;32mmychannel[0m
- CC_NAME: [0;32mbzt[0m
- CC_SRC_PATH: [0;32m/home/runner/work/bzt-id-experiments/bzt-id-experiments/fabric-bench/chaincode[0m
- CC_SRC_LANGUAGE: [0;32mjavascript[0m
- CC_VERSION: [0;32m1.0[0m
- CC_SEQUENCE: [0;32mauto[0m
- CC_END_POLICY: [0;32mNA[0m
- CC_COLL_CONFIG: [0;32mNA[0m
- CC_INIT_FCN: [0;32mNA[0m
- DELAY: [0;32m3[0m
- MAX_RETRY: [0;32m5[0m
- VERBOSE: [0;32mfalse[0m
executing with the following
- CC_NAME: [0;32mbzt[0m
- CC_SRC_PATH: [0;32m/home/runner/work/bzt-id-experiments/bzt-id-experiments/fabric-bench/chaincode[0m
- CC_SRC_LANGUAGE: [0;32mjavascript[0m
- CC_VERSION: [0;32m1.0[0m
+ '[' false = true ']'
+ peer lifecycle chaincode package bzt.tar.gz --path /home/runner/work/bzt-id-experiments/bzt-id-experiments/fabric-bench/chaincode --lang node --label bzt_1.0
+ res=0
[0;32mChaincode is packaged[0m
[0;34mInstalling chaincode on peer0.org1...[0m
[0;34mUsing organization 1[0m
+ peer lifecycle chaincode queryinstalled --output json
+ jq -r 'try (.installed_chaincodes[].package_id)'
+ grep '^bzt_1.0:777c383bc4d25d7dc5610f92a201167f7301ed4b2cd3593b83e643df51c39c71$'
[34m2026-10-07 12:47:32.767 UTC 0001 INFO[0m [grpc] [34;1mInfof[0m -> [core] original dial target is: "localhost:7051"
[34m2026-10-07 12:47:32.767 UTC 0002 INFO[0m [grpc] [34;1mAddTraceEvent[0m -> [core] [Channel #1]Channel created
[34m2026-10-07 12:47:32.767 UTC 0003 INFO[0m [grpc] [34;1mAddTraceEvent[0m -> [core] [Channel #1]parsed dial target is: resolver.Target{URL:url.URL{Scheme:"passthrough", Opaque:"", User:(*url.Userinfo)(nil), Host:"", Path:"/localhost:7051", RawPath:"", OmitHost:false, ForceQuery:false, RawQuery:"", Fragment:"", RawFragment:""}}
[34m2026-10-07 12:47:32.767 UTC 0004 INFO[0m [grpc] [34;1mAddTraceEvent[0m -> [core] [Channel #1]Channel authority set to "localhost:7051"
[34m2026-10-07 12:47:32.767 UTC 0005 INFO[0m [grpc] [34;1mAddTraceEvent[0m -> [core] [Channel #1]Resolver state updated: {
  "Addresses": [
    {
      "Addr": "localhost:7051",
      "ServerName": "",
      "Attributes": null,
      "BalancerAttributes": null,
      "Metadata": null
    }
  ],
  "Endpoints": [
    {
      "Addresses": [
        {
          "Addr": "localhost:7051",
          "ServerName": "",
          "Attributes": null,
          "BalancerAttributes": null,
          "Metadata": null
        }
      ],
      "Attributes": null
    }
  ],
  "ServiceConfig": null,
  "Attributes": null
} (resolver returned new addresses)
[34m2026-10-07 12:47:32.767 UTC 0006 INFO[0m [grpc] [34;1mAddTraceEvent[0m -> [core] [Channel #1]Channel switches to new LB policy "pick_first"
[34m2026-10-07 12:47:32.767 UTC 0007 INFO[0m [grpc] [34;1mInfof[0m -> [pick-first-lb] [pick-first-lb 0xc00044ed80] Received new config {
  "shuffleAddressList": false
}, resolver state {
  "Addresses": [
    {
      "Addr": "localhost:7051",
      "ServerName": "",
      "Attributes": null,
      "BalancerAttributes": null,
      "Metadata": null
    }
  ],
  "Endpoints": [
    {
      "Addresses": [
        {
          "Addr": "localhost:7051",
          "ServerName": "",
          "Attributes": null,
          "BalancerAttributes": null,
          "Metadata": null
        }
      ],
      "Attributes": null
    }
  ],
  "ServiceConfig": null,
  "Attributes": null
}
[34m2026-10-07 12:47:32.767 UTC 0008 INFO[0m [grpc] [34;1mAddTraceEvent[0m -> [core] [Channel #1 SubChannel #2]Subchannel created
[34m2026-10-07 12:47:32.767 UTC 0009 INFO[0m [grpc] [34;1mAddTraceEvent[0m -> [core] [Channel #1]Channel Connectivity change to CONNECTING
[34m2026-10-07 12:47:32.767 UTC 000a INFO[0m [grpc] [34;1mAddTraceEvent[0m -> [core] [Channel #1]Channel exiting idle mode
[34m2026-10-07 12:47:32.767 UTC 000b INFO[0m [grpc] [34;1mAddTraceEvent[0m -> [core] [Channel #1 SubChannel #2]Subchannel Connectivity change to CONNECTING
[34m2026-10-07 12:47:32.767 UTC 000c INFO[0m [grpc] [34;1mAddTraceEvent[0m -> [core] [Channel #1 SubChannel #2]Subchannel picks a new address "localhost:7051" to connect
[34m2026-10-07 12:47:32.768 UTC 000d INFO[0m [grpc] [34;1mInfof[0m -> [pick-first-lb] [pick-first-lb 0xc00044ed80] Received SubConn state update: 0xc00044ee10, {ConnectivityState:CONNECTING ConnectionError:<nil> connectedAddress:{Addr: ServerName: Attributes:<nil> BalancerAttributes:<nil> Metadata:<nil>}}
[34m2026-10-07 12:47:32.770 UTC 000e INFO[0m [grpc] [34;1mAddTraceEvent[0m -> [core] [Channel #1 SubChannel #2]Subchannel Connectivity change to READY
[34m2026-10-07 12:47:32.770 UTC 000f INFO[0m [grpc] [34;1mInfof[0m -> [pick-first-lb] [pick-first-lb 0xc00044ed80] Received SubConn state update: 0xc00044ee10, {ConnectivityState:READY ConnectionError:<nil> connectedAddress:{Addr:localhost:7051 ServerName:localhost:7051 Attributes:<nil> BalancerAttributes:<nil> Metadata:<nil>}}
[34m2026-10-07 12:47:32.770 UTC 0010 INFO[0m [grpc] [34;1mAddTraceEvent[0m -> [core] [Channel #1]Channel Connectivity change to READY
[34m2026-10-07 12:47:32.770 UTC 0011 INFO[0m [grpc] [34;1mInfof[0m -> [core] original dial target is: "localhost:7051"
[34m2026-10-07 12:47:32.770 UTC 0012 INFO[0m [grpc] [34;1mAddTraceEvent[0m -> [core] [Channel #4]Channel created
[34m2026-10-07 12:47:32.770 UTC 0013 INFO[0m [grpc] [34;1mAddTraceEvent[0m -> [core] [Channel #4]parsed dial target is: resolver.Target{URL:url.URL{Scheme:"passthrough", Opaque:"", User:(*url.Userinfo)(nil), Host:"", Path:"/localhost:7051", RawPath:"", OmitHost:false, ForceQuery:false, RawQuery:"", Fragment:"", RawFragment:""}}
[34m2026-10-07 12:47:32.770 UTC 0014 INFO[0m [grpc] [34;1mAddTraceEvent[0m -> [core] [Channel #4]Channel authority set to "localhost:7051"
[34m2026-10-07 12:47:32.770 UTC 0015 INFO[0m [grpc] [34;1mAddTraceEvent[0m -> [core] [Channel #4]Resolver state updated: {
  "Addresses": [
    {
      "Addr": "localhost:7051",
      "ServerName": "",
      "Attributes": null,
      "BalancerAttributes": null,
      "Metadata": null
    }
  ],
  "Endpoints": [
    {
      "Addresses": [
        {
          "Addr": "localhost:7051",
          "ServerName": "",
          "Attributes": null,
          "BalancerAttributes": null,
          "Metadata": null
        }
      ],
      "Attributes": null
    }
  ],
  "ServiceConfig": null,
  "Attributes": null
} (resolver returned new addresses)
[34m2026-10-07 12:47:32.770 UTC 0016 INFO[0m [grpc] [34;1mAddTraceEvent[0m -> [core] [Channel #4]Channel switches to new LB policy "pick_first"
[34m2026-10-07 12:47:32.771 UTC 0017 INFO[0m [grpc] [34;1mInfof[0m -> [pick-first-lb] [pick-first-lb 0xc00044f710] Received new config {
  "shuffleAddressList": false
}, resolver state {
  "Addresses": [
    {
      "Addr": "localhost:7051",
      "ServerName": "",
      "Attributes": null,
      "BalancerAttributes": null,
      "Metadata": null
    }
  ],
  "Endpoints": [
    {
      "Addresses": [
        {
          "Addr": "localhost:7051",
          "ServerName": "",
          "Attributes": null,
          "BalancerAttributes": null,
          "Metadata": null
        }
      ],
      "Attributes": null
    }
  ],
  "ServiceConfig": null,
  "Attributes": null
}
[34m2026-10-07 12:47:32.771 UTC 0018 INFO[0m [grpc] [34;1mAddTraceEvent[0m -> [core] [Channel #4 SubChannel #5]Subchannel created
[34m2026-10-07 12:47:32.771 UTC 0019 INFO[0m [grpc] [34;1mAddTraceEvent[0m -> [core] [Channel #4]Channel Connectivity change to CONNECTING
[34m2026-10-07 12:47:32.771 UTC 001a INFO[0m [grpc] [34;1mAddTraceEvent[0m -> [core] [Channel #4]Channel exiting idle mode
[34m2026-10-07 12:47:32.771 UTC 001b INFO[0m [grpc] [34;1mAddTraceEvent[0m -> [core] [Channel #4 SubChannel #5]Subchannel Connectivity change to CONNECTING
[34m2026-10-07 12:47:32.771 UTC 001c INFO[0m [grpc] [34;1mAddTraceEvent[0m -> [core] [Channel #4 SubChannel #5]Subchannel picks a new address "localhost:7051" to connect
[34m2026-10-07 12:47:32.771 UTC 001d INFO[0m [grpc] [34;1mInfof[0m -> [pick-first-lb] [pick-first-lb 0xc00044f710] Received SubConn state update: 0xc00044f770, {ConnectivityState:CONNECTING ConnectionError:<nil> connectedAddress:{Addr: ServerName: Attributes:<nil> BalancerAttributes:<nil> Metadata:<nil>}}
[34m2026-10-07 12:47:32.773 UTC 001e INFO[0m [grpc] [34;1mAddTraceEvent[0m -> [core] [Channel #4 SubChannel #5]Subchannel Connectivity change to READY
[34m2026-10-07 12:47:32.773 UTC 001f INFO[0m [grpc] [34;1mInfof[0m -> [pick-first-lb] [pick-first-lb 0xc00044f710] Received SubConn state update: 0xc00044f770, {ConnectivityState:READY ConnectionError:<nil> connectedAddress:{Addr:localhost:7051 ServerName:localhost:7051 Attributes:<nil> BalancerAttributes:<nil> Metadata:<nil>}}
[34m2026-10-07 12:47:32.773 UTC 0020 INFO[0m [grpc] [34;1mAddTraceEvent[0m -> [core] [Channel #4]Channel Connectivity change to READY
+ test 1 -ne 0
+ peer lifecycle chaincode install bzt.tar.gz
+ res=0
[34m2026-10-07 12:47:32.816 UTC 0001 INFO[0m [grpc] [34;1mInfof[0m -> [core] original dial target is: "localhost:7051"
[34m2026-10-07 12:47:32.816 UTC 0002 INFO[0m [grpc] [34;1mAddTraceEvent[0m -> [core] [Channel #1]Channel created
[34m2026-10-07 12:47:32.816 UTC 0003 INFO[0m [grpc] [34;1mAddTraceEvent[0m -> [core] [Channel #1]parsed dial target is: resolver.Target{URL:url.URL{Scheme:"passthrough", Opaque:"", User:(*url.Userinfo)(nil), Host:"", Path:"/localhost:7051", RawPath:"", OmitHost:false, ForceQuery:false, RawQuery:"", Fragment:"", RawFragment:""}}
[34m2026-10-07 12:47:32.816 UTC 0004 INFO[0m [grpc] [34;1mAddTraceEvent[0m -> [core] [Channel #1]Channel authority set to "localhost:7051"
[34m2026-10-07 12:47:32.816 UTC 0005 INFO[0m [grpc] [34;1mAddTraceEvent[0m -> [core] [Channel #1]Resolver state updated: {
  "Addresses": [
    {
      "Addr": "localhost:7051",
      "ServerName": "",
      "Attributes": null,
      "BalancerAttributes": null,
      "Metadata": null
    }
  ],
  "Endpoints": [
    {
      "Addresses": [
        {
          "Addr": "localhost:7051",
          "ServerName": "",
          "Attributes": null,
          "BalancerAttributes": null,
          "Metadata": null
        }
      ],
      "Attributes": null
    }
  ],
  "ServiceConfig": null,
  "Attributes": null
} (resolver returned new addresses)
[34m2026-10-07 12:47:32.816 UTC 0006 INFO[0m [grpc] [34;1mAddTraceEvent[0m -> [core] [Channel #1]Channel switches to new LB policy "pick_first"
[34m2026-10-07 12:47:32.816 UTC 0007 INFO[0m [grpc] [34;1mInfof[0m -> [pick-first-lb] [pick-first-lb 0xc000396b10] Received new config {
  "shuffleAddressList": false
}, resolver state {
  "Addresses": [
    {
      "Addr": "localhost:7051",
      "ServerName": "",
      "Attributes": null,
      "BalancerAttributes": null,
      "Metadata": null
    }
  ],
  "Endpoints": [
    {
      "Addresses": [
        {
          "Addr": "localhost:7051",
          "ServerName": "",
          "Attributes": null,
          "BalancerAttributes": null,
          "Metadata": null
        }
      ],
      "Attributes": null
    }
  ],
  "ServiceConfig": null,
  "Attributes": null
}
[34m2026-10-07 12:47:32.816 UTC 0008 INFO[0m [grpc] [34;1mAddTraceEvent[0m -> [core] [Channel #1 SubChannel #2]Subchannel created
[34m2026-10-07 12:47:32.816 UTC 0009 INFO[0m [grpc] [34;1mAddTraceEvent[0m -> [core] [Channel #1]Channel Connectivity change to CONNECTING
[34m2026-10-07 12:47:32.816 UTC 000a INFO[0m [grpc] [34;1mAddTraceEvent[0m -> [core] [Channel #1]Channel exiting idle mode
[34m2026-10-07 12:47:32.816 UTC 000b INFO[0m [grpc] [34;1mAddTraceEvent[0m -> [core] [Channel #1 SubChannel #2]Subchannel Connectivity change to CONNECTING
[34m2026-10-07 12:47:32.816 UTC 000c INFO[0m [grpc] [34;1mAddTraceEvent[0m -> [core] [Channel #1 SubChannel #2]Subchannel picks a new address "localhost:7051" to connect
[34m2026-10-07 12:47:32.817 UTC 000d INFO[0m [grpc] [34;1mInfof[0m -> [pick-first-lb] [pick-first-lb 0xc000396b10] Received SubConn state update: 0xc000396ba0, {ConnectivityState:CONNECTING ConnectionError:<nil> connectedAddress:{Addr: ServerName: Attributes:<nil> BalancerAttributes:<nil> Metadata:<nil>}}
[34m2026-10-07 12:47:32.819 UTC 000e INFO[0m [grpc] [34;1mAddTraceEvent[0m -> [core] [Channel #1 SubChannel #2]Subchannel Connectivity change to READY
[34m2026-10-07 12:47:32.819 UTC 000f INFO[0m [grpc] [34;1mInfof[0m -> [pick-first-lb] [pick-first-lb 0xc000396b10] Received SubConn state update: 0xc000396ba0, {ConnectivityState:READY ConnectionError:<nil> connectedAddress:{Addr:localhost:7051 ServerName:localhost:7051 Attributes:<nil> BalancerAttributes:<nil> Metadata:<nil>}}
[34m2026-10-07 12:47:32.819 UTC 0010 INFO[0m [grpc] [34;1mAddTraceEvent[0m -> [core] [Channel #1]Channel Connectivity change to READY
[34m2026-10-07 12:47:32.819 UTC 0011 INFO[0m [grpc] [34;1mInfof[0m -> [core] original dial target is: "localhost:7051"
[34m2026-10-07 12:47:32.819 UTC 0012 INFO[0m [grpc] [34;1mAddTraceEvent[0m -> [core] [Channel #4]Channel created
[34m2026-10-07 12:47:32.819 UTC 0013 INFO[0m [grpc] [34;1mAddTraceEvent[0m -> [core] [Channel #4]parsed dial target is: resolver.Target{URL:url.URL{Scheme:"passthrough", Opaque:"", User:(*url.Userinfo)(nil), Host:"", Path:"/localhost:7051", RawPath:"", OmitHost:false, ForceQuery:false, RawQuery:"", Fragment:"", RawFragment:""}}
[34m2026-10-07 12:47:32.819 UTC 0014 INFO[0m [grpc] [34;1mAddTraceEvent[0m -> [core] [Channel #4]Channel authority set to "localhost:7051"
[34m2026-10-07 12:47:32.819 UTC 0015 INFO[0m [grpc] [34;1mAddTraceEvent[0m -> [core] [Channel #4]Resolver state updated: {
  "Addresses": [
    {
      "Addr": "localhost:7051",
      "ServerName": "",
      "Attributes": null,
      "BalancerAttributes": null,
      "Metadata": null
    }
  ],
  "Endpoints": [
    {
      "Addresses": [
        {
          "Addr": "localhost:7051",
          "ServerName": "",
          "Attributes": null,
          "BalancerAttributes": null,
          "Metadata": null
        }
      ],
      "Attributes": null
    }
  ],
  "ServiceConfig": null,
  "Attributes": null
} (resolver returned new addresses)
[34m2026-10-07 12:47:32.819 UTC 0016 INFO[0m [grpc] [34;1mAddTraceEvent[0m -> [core] [Channel #4]Channel switches to new LB policy "pick_first"
[34m2026-10-07 12:47:32.819 UTC 0017 INFO[0m [grpc] [34;1mInfof[0m -> [pick-first-lb] [pick-first-lb 0xc000498600] Received new config {
  "shuffleAddressList": false
}, resolver state {
  "Addresses": [
    {
      "Addr": "localhost:7051",
      "ServerName": "",
      "Attributes": null,
      "BalancerAttributes": null,
      "Metadata": null
    }
  ],
  "Endpoints": [
    {
      "Addresses": [
        {
          "Addr": "localhost:7051",
          "ServerName": "",
          "Attributes": null,
          "BalancerAttributes": null,
          "Metadata": null
        }
      ],
      "Attributes": null
    }
  ],
  "ServiceConfig": null,
  "Attributes": null
}
[34m2026-10-07 12:47:32.820 UTC 0018 INFO[0m [grpc] [34;1mAddTraceEvent[0m -> [core] [Channel #4 SubChannel #5]Subchannel created
[34m2026-10-07 12:47:32.820 UTC 0019 INFO[0m [grpc] [34;1mAddTraceEvent[0m -> [core] [Channel #4]Channel Connectivity change to CONNECTING
[34m2026-10-07 12:47:32.820 UTC 001a INFO[0m [grpc] [34;1mAddTraceEvent[0m -> [core] [Channel #4]Channel exiting idle mode
[34m2026-10-07 12:47:32.820 UTC 001b INFO[0m [grpc] [34;1mAddTraceEvent[0m -> [core] [Channel #4 SubChannel #5]Subchannel Connectivity change to CONNECTING
[34m2026-10-07 12:47:32.820 UTC 001c INFO[0m [grpc] [34;1mAddTraceEvent[0m -> [core] [Channel #4 SubChannel #5]Subchannel picks a new address "localhost:7051" to connect
[34m2026-10-07 12:47:32.820 UTC 001d INFO[0m [grpc] [34;1mInfof[0m -> [pick-first-lb] [pick-first-lb 0xc000498600] Received SubConn state update: 0xc000498660, {ConnectivityState:CONNECTING ConnectionError:<nil> connectedAddress:{Addr: ServerName: Attributes:<nil> BalancerAttributes:<nil> Metadata:<nil>}}
[34m2026-10-07 12:47:32.821 UTC 001e INFO[0m [grpc] [34;1mAddTraceEvent[0m -> [core] [Channel #4 SubChannel #5]Subchannel Connectivity change to READY
[34m2026-10-07 12:47:32.821 UTC 001f INFO[0m [grpc] [34;1mInfof[0m -> [pick-first-lb] [pick-first-lb 0xc000498600] Received SubConn state update: 0xc000498660, {ConnectivityState:READY ConnectionError:<nil> connectedAddress:{Addr:localhost:7051 ServerName:localhost:7051 Attributes:<nil> BalancerAttributes:<nil> Metadata:<nil>}}
[34m2026-10-07 12:47:32.821 UTC 0020 INFO[0m [grpc] [34;1mAddTraceEvent[0m -> [core] [Channel #4]Channel Connectivity change to READY
[34m2026-10-07 12:47:47.034 UTC 0021 INFO[0m [cli.lifecycle.chaincode] [34;1msubmitInstallProposal[0m -> Installed remotely: response:{status:200  payload:"\nHbzt_1.0:777c383bc4d25d7dc5610f92a201167f7301ed4b2cd3593b83e643df51c39c71\x12\x07bzt_1.0"}
[34m2026-10-07 12:47:47.034 UTC 0022 INFO[0m [cli.lifecycle.chaincode] [34;1msubmitInstallProposal[0m -> Chaincode code package identifier: bzt_1.0:777c383bc4d25d7dc5610f92a201167f7301ed4b2cd3593b83e643df51c39c71
[0;32mChaincode is installed on peer0.org1[0m
[0;34mInstall chaincode on peer0.org2...[0m
[0;34mUsing organization 2[0m
+ peer lifecycle chaincode queryinstalled --output json
+ jq -r 'try (.installed_chaincodes[].package_id)'
+ grep '^bzt_1.0:777c383bc4d25d7dc5610f92a201167f7301ed4b2cd3593b83e643df51c39c71$'
[34m2026-10-07 12:47:47.077 UTC 0001 INFO[0m [grpc] [34;1mInfof[0m -> [core] original dial target is: "localhost:9051"
[34m2026-10-07 12:47:47.078 UTC 0002 INFO[0m [grpc] [34;1mAddTraceEvent[0m -> [core] [Channel #1]Channel created
[34m2026-10-07 12:47:47.078 UTC 0003 INFO[0m [grpc] [34;1mAddTraceEvent[0m -> [core] [Channel #1]parsed dial target is: resolver.Target{URL:url.URL{Scheme:"passthrough", Opaque:"", User:(*url.Userinfo)(nil), Host:"", Path:"/localhost:9051", RawPath:"", OmitHost:false, ForceQuery:false, RawQuery:"", Fragment:"", RawFragment:""}}
[34m2026-10-07 12:47:47.078 UTC 0004 INFO[0m [grpc] [34;1mAddTraceEvent[0m -> [core] [Channel #1]Channel authority set to "localhost:9051"
[34m2026-10-07 12:47:47.078 UTC 0005 INFO[0m [grpc] [34;1mAddTraceEvent[0m -> [core] [Channel #1]Resolver state updated: {
  "Addresses": [
    {
      "Addr": "localhost:9051",
      "ServerName": "",
      "Attributes": null,
      "BalancerAttributes": null,
      "Metadata": null
    }
  ],
  "Endpoints": [
    {
      "Addresses": [
        {
          "Addr": "localhost:9051",
          "ServerName": "",
          "Attributes": null,
          "BalancerAttributes": null,
          "Metadata": null
        }
      ],
      "Attributes": null
    }
  ],
  "ServiceConfig": null,
  "Attributes": null
} (resolver returned new addresses)
[34m2026-10-07 12:47:47.078 UTC 0006 INFO[0m [grpc] [34;1mAddTraceEvent[0m -> [core] [Channel #1]Channel switches to new LB policy "pick_first"
[34m2026-10-07 12:47:47.078 UTC 0007 INFO[0m [grpc] [34;1mInfof[0m -> [pick-first-lb] [pick-first-lb 0xc0003937d0] Received new config {
  "shuffleAddressList": false
}, resolver state {
  "Addresses": [
    {
      "Addr": "localhost:9051",
      "ServerName": "",
      "Attributes": null,
      "BalancerAttributes": null,
      "Metadata": null
    }
  ],
  "Endpoints": [
    {
      "Addresses": [
        {
          "Addr": "localhost:9051",
          "ServerName": "",
          "Attributes": null,
          "BalancerAttributes": null,
          "Metadata": null
        }
      ],
      "Attributes": null
    }
  ],
  "ServiceConfig": null,
  "Attributes": null
}
[34m2026-10-07 12:47:47.078 UTC 0008 INFO[0m [grpc] [34;1mAddTraceEvent[0m -> [core] [Channel #1 SubChannel #2]Subchannel created
[34m2026-10-07 12:47:47.078 UTC 0009 INFO[0m [grpc] [34;1mAddTraceEvent[0m -> [core] [Channel #1]Channel Connectivity change to CONNECTING
[34m2026-10-07 12:47:47.078 UTC 000a INFO[0m [grpc] [34;1mAddTraceEvent[0m -> [core] [Channel #1]Channel exiting idle mode
[34m2026-10-07 12:47:47.078 UTC 000b INFO[0m [grpc] [34;1mAddTraceEvent[0m -> [core] [Channel #1 SubChannel #2]Subchannel Connectivity change to CONNECTING
[34m2026-10-07 12:47:47.078 UTC 000c INFO[0m [grpc] [34;1mAddTraceEvent[0m -> [core] [Channel #1 SubChannel #2]Subchannel picks a new address "localhost:9051" to connect
[34m2026-10-07 12:47:47.078 UTC 000d INFO[0m [grpc] [34;1mInfof[0m -> [pick-first-lb] [pick-first-lb 0xc0003937d0] Received SubConn state update: 0xc000393860, {ConnectivityState:CONNECTING ConnectionError:<nil> connectedAddress:{Addr: ServerName: Attributes:<nil> BalancerAttributes:<nil> Metadata:<nil>}}
[34m2026-10-07 12:47:47.080 UTC 000e INFO[0m [grpc] [34;1mAddTraceEvent[0m -> [core] [Channel #1 SubChannel #2]Subchannel Connectivity change to READY
[34m2026-10-07 12:47:47.081 UTC 000f INFO[0m [grpc] [34;1mInfof[0m -> [pick-first-lb] [pick-first-lb 0xc0003937d0] Received SubConn state update: 0xc000393860, {ConnectivityState:READY ConnectionError:<nil> connectedAddress:{Addr:localhost:9051 ServerName:localhost:9051 Attributes:<nil> BalancerAttributes:<nil> Metadata:<nil>}}
[34m2026-10-07 12:47:47.081 UTC 0010 INFO[0m [grpc] [34;1mAddTraceEvent[0m -> [core] [Channel #1]Channel Connectivity change to READY
[34m2026-10-07 12:47:47.081 UTC 0011 INFO[0m [grpc] [34;1mInfof[0m -> [core] original dial target is: "localhost:9051"
[34m2026-10-07 12:47:47.081 UTC 0012 INFO[0m [grpc] [34;1mAddTraceEvent[0m -> [core] [Channel #4]Channel created
[34m2026-10-07 12:47:47.082 UTC 0013 INFO[0m [grpc] [34;1mAddTraceEvent[0m -> [core] [Channel #4]parsed dial target is: resolver.Target{URL:url.URL{Scheme:"passthrough", Opaque:"", User:(*url.Userinfo)(nil), Host:"", Path:"/localhost:9051", RawPath:"", OmitHost:false, ForceQuery:false, RawQuery:"", Fragment:"", RawFragment:""}}
[34m2026-10-07 12:47:47.082 UTC 0014 INFO[0m [grpc] [34;1mAddTraceEvent[0m -> [core] [Channel #4]Channel authority set to "localhost:9051"
[34m2026-10-07 12:47:47.082 UTC 0015 INFO[0m [grpc] [34;1mAddTraceEvent[0m -> [core] [Channel #4]Resolver state updated: {
  "Addresses": [
    {
      "Addr": "localhost:9051",
      "ServerName": "",
      "Attributes": null,
      "BalancerAttributes": null,
      "Metadata": null
    }
  ],
  "Endpoints": [
    {
      "Addresses": [
        {
          "Addr": "localhost:9051",
          "ServerName": "",
          "Attributes": null,
          "BalancerAttributes": null,
          "Metadata": null
        }
      ],
      "Attributes": null
    }
  ],
  "ServiceConfig": null,
  "Attributes": null
} (resolver returned new addresses)
[34m2026-10-07 12:47:47.082 UTC 0016 INFO[0m [grpc] [34;1mAddTraceEvent[0m -> [core] [Channel #4]Channel switches to new LB policy "pick_first"
[34m2026-10-07 12:47:47.082 UTC 0017 INFO[0m [grpc] [34;1mInfof[0m -> [pick-first-lb] [pick-first-lb 0xc00049f0e0] Received new config {
  "shuffleAddressList": false
}, resolver state {
  "Addresses": [
    {
      "Addr": "localhost:9051",
      "ServerName": "",
      "Attributes": null,
      "BalancerAttributes": null,
      "Metadata": null
    }
  ],
  "Endpoints": [
    {
      "Addresses": [
        {
          "Addr": "localhost:9051",
          "ServerName": "",
          "Attributes": null,
          "BalancerAttributes": null,
          "Metadata": null
        }
      ],
      "Attributes": null
    }
  ],
  "ServiceConfig": null,
  "Attributes": null
}
[34m2026-10-07 12:47:47.082 UTC 0018 INFO[0m [grpc] [34;1mAddTraceEvent[0m -> [core] [Channel #4 SubChannel #5]Subchannel created
[34m2026-10-07 12:47:47.082 UTC 0019 INFO[0m [grpc] [34;1mAddTraceEvent[0m -> [core] [Channel #4]Channel Connectivity change to CONNECTING
[34m2026-10-07 12:47:47.082 UTC 001a INFO[0m [grpc] [34;1mAddTraceEvent[0m -> [core] [Channel #4]Channel exiting idle mode
[34m2026-10-07 12:47:47.082 UTC 001b INFO[0m [grpc] [34;1mAddTraceEvent[0m -> [core] [Channel #4 SubChannel #5]Subchannel Connectivity change to CONNECTING
[34m2026-10-07 12:47:47.082 UTC 001c INFO[0m [grpc] [34;1mAddTraceEvent[0m -> [core] [Channel #4 SubChannel #5]Subchannel picks a new address "localhost:9051" to connect
[34m2026-10-07 12:47:47.082 UTC 001d INFO[0m [grpc] [34;1mInfof[0m -> [pick-first-lb] [pick-first-lb 0xc00049f0e0] Received SubConn state update: 0xc00049f140, {ConnectivityState:CONNECTING ConnectionError:<nil> connectedAddress:{Addr: ServerName: Attributes:<nil> BalancerAttributes:<nil> Metadata:<nil>}}
[34m2026-10-07 12:47:47.084 UTC 001e INFO[0m [grpc] [34;1mAddTraceEvent[0m -> [core] [Channel #4 SubChannel #5]Subchannel Connectivity change to READY
[34m2026-10-07 12:47:47.084 UTC 001f INFO[0m [grpc] [34;1mInfof[0m -> [pick-first-lb] [pick-first-lb 0xc00049f0e0] Received SubConn state update: 0xc00049f140, {ConnectivityState:READY ConnectionError:<nil> connectedAddress:{Addr:localhost:9051 ServerName:localhost:9051 Attributes:<nil> BalancerAttributes:<nil> Metadata:<nil>}}
[34m2026-10-07 12:47:47.084 UTC 0020 INFO[0m [grpc] [34;1mAddTraceEvent[0m -> [core] [Channel #4]Channel Connectivity change to READY
+ test 1 -ne 0
+ peer lifecycle chaincode install bzt.tar.gz
+ res=0
[34m2026-10-07 12:47:47.127 UTC 0001 INFO[0m [grpc] [34;1mInfof[0m -> [core] original dial target is: "localhost:9051"
[34m2026-10-07 12:47:47.127 UTC 0002 INFO[0m [grpc] [34;1mAddTraceEvent[0m -> [core] [Channel #1]Channel created
[34m2026-10-07 12:47:47.127 UTC 0003 INFO[0m [grpc] [34;1mAddTraceEvent[0m -> [core] [Channel #1]parsed dial target is: resolver.Target{URL:url.URL{Scheme:"passthrough", Opaque:"", User:(*url.Userinfo)(nil), Host:"", Path:"/localhost:9051", RawPath:"", OmitHost:false, ForceQuery:false, RawQuery:"", Fragment:"", RawFragment:""}}
[34m2026-10-07 12:47:47.127 UTC 0004 INFO[0m [grpc] [34;1mAddTraceEvent[0m -> [core] [Channel #1]Channel authority set to "localhost:9051"
[34m2026-10-07 12:47:47.127 UTC 0005 INFO[0m [grpc] [34;1mAddTraceEvent[0m -> [core] [Channel #1]Resolver state updated: {
  "Addresses": [
    {
      "Addr": "localhost:9051",
      "ServerName": "",
      "Attributes": null,
      "BalancerAttributes": null,
      "Metadata": null
    }
  ],
  "Endpoints": [
    {
      "Addresses": [
        {
          "Addr": "localhost:9051",
          "ServerName": "",
          "Attributes": null,
          "BalancerAttributes": null,
          "Metadata": null
        }
      ],
      "Attributes": null
    }
  ],
  "ServiceConfig": null,
  "Attributes": null
} (resolver returned new addresses)
[34m2026-10-07 12:47:47.127 UTC 0006 INFO[0m [grpc] [34;1mAddTraceEvent[0m -> [core] [Channel #1]Channel switches to new LB policy "pick_first"
[34m2026-10-07 12:47:47.127 UTC 0007 INFO[0m [grpc] [34;1mInfof[0m -> [pick-first-lb] [pick-first-lb 0xc00025e840] Received new config {
  "shuffleAddressList": false
}, resolver state {
  "Addresses": [
    {
      "Addr": "localhost:9051",
      "ServerName": "",
      "Attributes": null,
      "BalancerAttributes": null,
      "Metadata": null
    }
  ],
  "Endpoints": [
    {
      "Addresses": [
        {
          "Addr": "localhost:9051",
          "ServerName": "",
          "Attributes": null,
          "BalancerAttributes": null,
          "Metadata": null
        }
      ],
      "Attributes": null
    }
  ],
  "ServiceConfig": null,
  "Attributes": null
}
[34m2026-10-07 12:47:47.127 UTC 0008 INFO[0m [grpc] [34;1mAddTraceEvent[0m -> [core] [Channel #1 SubChannel #2]Subchannel created
[34m2026-10-07 12:47:47.127 UTC 0009 INFO[0m [grpc] [34;1mAddTraceEvent[0m -> [core] [Channel #1]Channel Connectivity change to CONNECTING
[34m2026-10-07 12:47:47.127 UTC 000a INFO[0m [grpc] [34;1mAddTraceEvent[0m -> [core] [Channel #1]Channel exiting idle mode
[34m2026-10-07 12:47:47.127 UTC 000b INFO[0m [grpc] [34;1mAddTraceEvent[0m -> [core] [Channel #1 SubChannel #2]Subchannel Connectivity change to CONNECTING
[34m2026-10-07 12:47:47.127 UTC 000c INFO[0m [grpc] [34;1mAddTraceEvent[0m -> [core] [Channel #1 SubChannel #2]Subchannel picks a new address "localhost:9051" to connect
[34m2026-10-07 12:47:47.127 UTC 000d INFO[0m [grpc] [34;1mInfof[0m -> [pick-first-lb] [pick-first-lb 0xc00025e840] Received SubConn state update: 0xc00025e8d0, {ConnectivityState:CONNECTING ConnectionError:<nil> connectedAddress:{Addr: ServerName: Attributes:<nil> BalancerAttributes:<nil> Metadata:<nil>}}
[34m2026-10-07 12:47:47.129 UTC 000e INFO[0m [grpc] [34;1mAddTraceEvent[0m -> [core] [Channel #1 SubChannel #2]Subchannel Connectivity change to READY
[34m2026-10-07 12:47:47.129 UTC 000f INFO[0m [grpc] [34;1mInfof[0m -> [pick-first-lb] [pick-first-lb 0xc00025e840] Received SubConn state update: 0xc00025e8d0, {ConnectivityState:READY ConnectionError:<nil> connectedAddress:{Addr:localhost:9051 ServerName:localhost:9051 Attributes:<nil> BalancerAttributes:<nil> Metadata:<nil>}}
[34m2026-10-07 12:47:47.129 UTC 0010 INFO[0m [grpc] [34;1mAddTraceEvent[0m -> [core] [Channel #1]Channel Connectivity change to READY
[34m2026-10-07 12:47:47.129 UTC 0011 INFO[0m [grpc] [34;1mInfof[0m -> [core] original dial target is: "localhost:9051"
[34m2026-10-07 12:47:47.129 UTC 0012 INFO[0m [grpc] [34;1mAddTraceEvent[0m -> [core] [Channel #4]Channel created
[34m2026-10-07 12:47:47.129 UTC 0013 INFO[0m [grpc] [34;1mAddTraceEvent[0m -> [core] [Channel #4]parsed dial target is: resolver.Target{URL:url.URL{Scheme:"passthrough", Opaque:"", User:(*url.Userinfo)(nil), Host:"", Path:"/localhost:9051", RawPath:"", OmitHost:false, ForceQuery:false, RawQuery:"", Fragment:"", RawFragment:""}}
[34m2026-10-07 12:47:47.129 UTC 0014 INFO[0m [grpc] [34;1mAddTraceEvent[0m -> [core] [Channel #4]Channel authority set to "localhost:9051"
[34m2026-10-07 12:47:47.129 UTC 0015 INFO[0m [grpc] [34;1mAddTraceEvent[0m -> [core] [Channel #4]Resolver state updated: {
  "Addresses": [
    {
      "Addr": "localhost:9051",
      "ServerName": "",
      "Attributes": null,
      "BalancerAttributes": null,
      "Metadata": null
    }
  ],
  "Endpoints": [
    {
      "Addresses": [
        {
          "Addr": "localhost:9051",
          "ServerName": "",
          "Attributes": null,
          "BalancerAttributes": null,
          "Metadata": null
        }
      ],
      "Attributes": null
    }
  ],
  "ServiceConfig": null,
  "Attributes": null
} (resolver returned new addresses)
[34m2026-10-07 12:47:47.129 UTC 0016 INFO[0m [grpc] [34;1mAddTraceEvent[0m -> [core] [Channel #4]Channel switches to new LB policy "pick_first"
[34m2026-10-07 12:47:47.129 UTC 0017 INFO[0m [grpc] [34;1mInfof[0m -> [pick-first-lb] [pick-first-lb 0xc000434750] Received new config {
  "shuffleAddressList": false
}, resolver state {
  "Addresses": [
    {
      "Addr": "localhost:9051",
      "ServerName": "",
      "Attributes": null,
      "BalancerAttributes": null,
      "Metadata": null
    }
  ],
  "Endpoints": [
    {
      "Addresses": [
        {
          "Addr": "localhost:9051",
          "ServerName": "",
          "Attributes": null,
          "BalancerAttributes": null,
          "Metadata": null
        }
      ],
      "Attributes": null
    }
  ],
  "ServiceConfig": null,
  "Attributes": null
}
[34m2026-10-07 12:47:47.130 UTC 0018 INFO[0m [grpc] [34;1mAddTraceEvent[0m -> [core] [Channel #4 SubChannel #5]Subchannel created
[34m2026-10-07 12:47:47.130 UTC 0019 INFO[0m [grpc] [34;1mAddTraceEvent[0m -> [core] [Channel #4]Channel Connectivity change to CONNECTING
[34m2026-10-07 12:47:47.130 UTC 001a INFO[0m [grpc] [34;1mAddTraceEvent[0m -> [core] [Channel #4]Channel exiting idle mode
[34m2026-10-07 12:47:47.130 UTC 001b INFO[0m [grpc] [34;1mAddTraceEvent[0m -> [core] [Channel #4 SubChannel #5]Subchannel Connectivity change to CONNECTING
[34m2026-10-07 12:47:47.130 UTC 001c INFO[0m [grpc] [34;1mAddTraceEvent[0m -> [core] [Channel #4 SubChannel #5]Subchannel picks a new address "localhost:9051" to connect
[34m2026-10-07 12:47:47.130 UTC 001d INFO[0m [grpc] [34;1mInfof[0m -> [pick-first-lb] [pick-first-lb 0xc000434750] Received SubConn state update: 0xc0004347b0, {ConnectivityState:CONNECTING ConnectionError:<nil> connectedAddress:{Addr: ServerName: Attributes:<nil> BalancerAttributes:<nil> Metadata:<nil>}}
[34m2026-10-07 12:47:47.131 UTC 001e INFO[0m [grpc] [34;1mAddTraceEvent[0m -> [core] [Channel #4 SubChannel #5]Subchannel Connectivity change to READY
[34m2026-10-07 12:47:47.131 UTC 001f INFO[0m [grpc] [34;1mInfof[0m -> [pick-first-lb] [pick-first-lb 0xc000434750] Received SubConn state update: 0xc0004347b0, {ConnectivityState:READY ConnectionError:<nil> connectedAddress:{Addr:localhost:9051 ServerName:localhost:9051 Attributes:<nil> BalancerAttributes:<nil> Metadata:<nil>}}
[34m2026-10-07 12:47:47.131 UTC 0020 INFO[0m [grpc] [34;1mAddTraceEvent[0m -> [core] [Channel #4]Channel Connectivity change to READY
[34m2026-10-07 12:47:56.034 UTC 0021 INFO[0m [cli.lifecycle.chaincode] [34;1msubmitInstallProposal[0m -> Installed remotely: response:{status:200  payload:"\nHbzt_1.0:777c383bc4d25d7dc5610f92a201167f7301ed4b2cd3593b83e643df51c39c71\x12\x07bzt_1.0"}
[34m2026-10-07 12:47:56.034 UTC 0022 INFO[0m [cli.lifecycle.chaincode] [34;1msubmitInstallProposal[0m -> Chaincode code package identifier: bzt_1.0:777c383bc4d25d7dc5610f92a201167f7301ed4b2cd3593b83e643df51c39c71
[0;32mChaincode is installed on peer0.org2[0m
++ peer lifecycle chaincode querycommitted --channelID mychannel --name bzt
++ sed -n '/Version:/{s/.*Sequence: //; s/, Endorsement Plugin:.*$//; p;}'
[34m2026-10-07 12:47:56.077 UTC 0001 INFO[0m [grpc] [34;1mInfof[0m -> [core] original dial target is: "localhost:9051"
[34m2026-10-07 12:47:56.077 UTC 0002 INFO[0m [grpc] [34;1mAddTraceEvent[0m -> [core] [Channel #1]Channel created
[34m2026-10-07 12:47:56.077 UTC 0003 INFO[0m [grpc] [34;1mAddTraceEvent[0m -> [core] [Channel #1]parsed dial target is: resolver.Target{URL:url.URL{Scheme:"passthrough", Opaque:"", User:(*url.Userinfo)(nil), Host:"", Path:"/localhost:9051", RawPath:"", OmitHost:false, ForceQuery:false, RawQuery:"", Fragment:"", RawFragment:""}}
[34m2026-10-07 12:47:56.077 UTC 0004 INFO[0m [grpc] [34;1mAddTraceEvent[0m -> [core] [Channel #1]Channel authority set to "localhost:9051"
[34m2026-10-07 12:47:56.077 UTC 0005 INFO[0m [grpc] [34;1mAddTraceEvent[0m -> [core] [Channel #1]Resolver state updated: {
  "Addresses": [
    {
      "Addr": "localhost:9051",
      "ServerName": "",
      "Attributes": null,
      "BalancerAttributes": null,
      "Metadata": null
    }
  ],
  "Endpoints": [
    {
      "Addresses": [
        {
          "Addr": "localhost:9051",
          "ServerName": "",
          "Attributes": null,
          "BalancerAttributes": null,
          "Metadata": null
        }
      ],
      "Attributes": null
    }
  ],
  "ServiceConfig": null,
  "Attributes": null
} (resolver returned new addresses)
[34m2026-10-07 12:47:56.077 UTC 0006 INFO[0m [grpc] [34;1mAddTraceEvent[0m -> [core] [Channel #1]Channel switches to new LB policy "pick_first"
[34m2026-10-07 12:47:56.077 UTC 0007 INFO[0m [grpc] [34;1mInfof[0m -> [pick-first-lb] [pick-first-lb 0xc0002b9110] Received new config {
  "shuffleAddressList": false
}, resolver state {
  "Addresses": [
    {
      "Addr": "localhost:9051",
      "ServerName": "",
      "Attributes": null,
      "BalancerAttributes": null,
      "Metadata": null
    }
  ],
  "Endpoints": [
    {
      "Addresses": [
        {
          "Addr": "localhost:9051",
          "ServerName": "",
          "Attributes": null,
          "BalancerAttributes": null,
          "Metadata": null
        }
      ],
      "Attributes": null
    }
  ],
  "ServiceConfig": null,
  "Attributes": null
}
[34m2026-10-07 12:47:56.077 UTC 0008 INFO[0m [grpc] [34;1mAddTraceEvent[0m -> [core] [Channel #1 SubChannel #2]Subchannel created
[34m2026-10-07 12:47:56.077 UTC 0009 INFO[0m [grpc] [34;1mAddTraceEvent[0m -> [core] [Channel #1]Channel Connectivity change to CONNECTING
[34m2026-10-07 12:47:56.077 UTC 000a INFO[0m [grpc] [34;1mAddTraceEvent[0m -> [core] [Channel #1]Channel exiting idle mode
[34m2026-10-07 12:47:56.077 UTC 000b INFO[0m [grpc] [34;1mAddTraceEvent[0m -> [core] [Channel #1 SubChannel #2]Subchannel Connectivity change to CONNECTING
[34m2026-10-07 12:47:56.077 UTC 000c INFO[0m [grpc] [34;1mAddTraceEvent[0m -> [core] [Channel #1 SubChannel #2]Subchannel picks a new address "localhost:9051" to connect
[34m2026-10-07 12:47:56.078 UTC 000d INFO[0m [grpc] [34;1mInfof[0m -> [pick-first-lb] [pick-first-lb 0xc0002b9110] Received SubConn state update: 0xc0002b91a0, {ConnectivityState:CONNECTING ConnectionError:<nil> connectedAddress:{Addr: ServerName: Attributes:<nil> BalancerAttributes:<nil> Metadata:<nil>}}
[34m2026-10-07 12:47:56.081 UTC 000e INFO[0m [grpc] [34;1mAddTraceEvent[0m -> [core] [Channel #1 SubChannel #2]Subchannel Connectivity change to READY
[34m2026-10-07 12:47:56.081 UTC 000f INFO[0m [grpc] [34;1mInfof[0m -> [pick-first-lb] [pick-first-lb 0xc0002b9110] Received SubConn state update: 0xc0002b91a0, {ConnectivityState:READY ConnectionError:<nil> connectedAddress:{Addr:localhost:9051 ServerName:localhost:9051 Attributes:<nil> BalancerAttributes:<nil> Metadata:<nil>}}
[34m2026-10-07 12:47:56.081 UTC 0010 INFO[0m [grpc] [34;1mAddTraceEvent[0m -> [core] [Channel #1]Channel Connectivity change to READY
[34m2026-10-07 12:47:56.081 UTC 0011 INFO[0m [grpc] [34;1mInfof[0m -> [core] original dial target is: "localhost:9051"
[34m2026-10-07 12:47:56.081 UTC 0012 INFO[0m [grpc] [34;1mAddTraceEvent[0m -> [core] [Channel #4]Channel created
[34m2026-10-07 12:47:56.081 UTC 0013 INFO[0m [grpc] [34;1mAddTraceEvent[0m -> [core] [Channel #4]parsed dial target is: resolver.Target{URL:url.URL{Scheme:"passthrough", Opaque:"", User:(*url.Userinfo)(nil), Host:"", Path:"/localhost:9051", RawPath:"", OmitHost:false, ForceQuery:false, RawQuery:"", Fragment:"", RawFragment:""}}
[34m2026-10-07 12:47:56.081 UTC 0014 INFO[0m [grpc] [34;1mAddTraceEvent[0m -> [core] [Channel #4]Channel authority set to "localhost:9051"
[34m2026-10-07 12:47:56.081 UTC 0015 INFO[0m [grpc] [34;1mAddTraceEvent[0m -> [core] [Channel #4]Resolver state updated: {
  "Addresses": [
    {
      "Addr": "localhost:9051",
      "ServerName": "",
      "Attributes": null,
      "BalancerAttributes": null,
      "Metadata": null
    }
  ],
  "Endpoints": [
    {
      "Addresses": [
        {
          "Addr": "localhost:9051",
          "ServerName": "",
          "Attributes": null,
          "BalancerAttributes": null,
          "Metadata": null
        }
      ],
      "Attributes": null
    }
  ],
  "ServiceConfig": null,
  "Attributes": null
} (resolver returned new addresses)
[34m2026-10-07 12:47:56.081 UTC 0016 INFO[0m [grpc] [34;1mAddTraceEvent[0m -> [core] [Channel #4]Channel switches to new LB policy "pick_first"
[34m2026-10-07 12:47:56.081 UTC 0017 INFO[0m [grpc] [34;1mInfof[0m -> [pick-first-lb] [pick-first-lb 0xc00037d200] Received new config {
  "shuffleAddressList": false
}, resolver state {
  "Addresses": [
    {
      "Addr": "localhost:9051",
      "ServerName": "",
      "Attributes": null,
      "BalancerAttributes": null,
      "Metadata": null
    }
  ],
  "Endpoints": [
    {
      "Addresses": [
        {
          "Addr": "localhost:9051",
          "ServerName": "",
          "Attributes": null,
          "BalancerAttributes": null,
          "Metadata": null
        }
      ],
      "Attributes": null
    }
  ],
  "ServiceConfig": null,
  "Attributes": null
}
[34m2026-10-07 12:47:56.081 UTC 0018 INFO[0m [grpc] [34;1mAddTraceEvent[0m -> [core] [Channel #4 SubChannel #5]Subchannel created
[34m2026-10-07 12:47:56.081 UTC 0019 INFO[0m [grpc] [34;1mAddTraceEvent[0m -> [core] [Channel #4]Channel Connectivity change to CONNECTING
[34m2026-10-07 12:47:56.081 UTC 001a INFO[0m [grpc] [34;1mAddTraceEvent[0m -> [core] [Channel #4]Channel exiting idle mode
[34m2026-10-07 12:47:56.081 UTC 001b INFO[0m [grpc] [34;1mAddTraceEvent[0m -> [core] [Channel #4 SubChannel #5]Subchannel Connectivity change to CONNECTING
[34m2026-10-07 12:47:56.081 UTC 001c INFO[0m [grpc] [34;1mAddTraceEvent[0m -> [core] [Channel #4 SubChannel #5]Subchannel picks a new address "localhost:9051" to connect
[34m2026-10-07 12:47:56.081 UTC 001d INFO[0m [grpc] [34;1mInfof[0m -> [pick-first-lb] [pick-first-lb 0xc00037d200] Received SubConn state update: 0xc00037d260, {ConnectivityState:CONNECTING ConnectionError:<nil> connectedAddress:{Addr: ServerName: Attributes:<nil> BalancerAttributes:<nil> Metadata:<nil>}}
[34m2026-10-07 12:47:56.083 UTC 001e INFO[0m [grpc] [34;1mAddTraceEvent[0m -> [core] [Channel #4 SubChannel #5]Subchannel Connectivity change to READY
[34m2026-10-07 12:47:56.083 UTC 001f INFO[0m [grpc] [34;1mInfof[0m -> [pick-first-lb] [pick-first-lb 0xc00037d200] Received SubConn state update: 0xc00037d260, {ConnectivityState:READY ConnectionError:<nil> connectedAddress:{Addr:localhost:9051 ServerName:localhost:9051 Attributes:<nil> BalancerAttributes:<nil> Metadata:<nil>}}
[34m2026-10-07 12:47:56.083 UTC 0020 INFO[0m [grpc] [34;1mAddTraceEvent[0m -> [core] [Channel #4]Channel Connectivity change to READY
Error: query failed with status: 404 - namespace bzt is not defined
+ COMMITTED_CC_SEQUENCE=
+ res=0
[0;34mUsing organization 1[0m
+ peer lifecycle chaincode queryinstalled --output json
+ grep '^bzt_1.0:777c383bc4d25d7dc5610f92a201167f7301ed4b2cd3593b83e643df51c39c71$'
+ jq -r 'try (.installed_chaincodes[].package_id)'
[34m2026-10-07 12:47:56.131 UTC 0001 INFO[0m [grpc] [34;1mInfof[0m -> [core] original dial target is: "localhost:7051"
[34m2026-10-07 12:47:56.131 UTC 0002 INFO[0m [grpc] [34;1mAddTraceEvent[0m -> [core] [Channel #1]Channel created
[34m2026-10-07 12:47:56.131 UTC 0003 INFO[0m [grpc] [34;1mAddTraceEvent[0m -> [core] [Channel #1]parsed dial target is: resolver.Target{URL:url.URL{Scheme:"passthrough", Opaque:"", User:(*url.Userinfo)(nil), Host:"", Path:"/localhost:7051", RawPath:"", OmitHost:false, ForceQuery:false, RawQuery:"", Fragment:"", RawFragment:""}}
[34m2026-10-07 12:47:56.131 UTC 0004 INFO[0m [grpc] [34;1mAddTraceEvent[0m -> [core] [Channel #1]Channel authority set to "localhost:7051"
[34m2026-10-07 12:47:56.132 UTC 0005 INFO[0m [grpc] [34;1mAddTraceEvent[0m -> [core] [Channel #1]Resolver state updated: {
  "Addresses": [
    {
      "Addr": "localhost:7051",
      "ServerName": "",
      "Attributes": null,
      "BalancerAttributes": null,
      "Metadata": null
    }
  ],
  "Endpoints": [
    {
      "Addresses": [
        {
          "Addr": "localhost:7051",
          "ServerName": "",
          "Attributes": null,
          "BalancerAttributes": null,
          "Metadata": null
        }
      ],
      "Attributes": null
    }
  ],
  "ServiceConfig": null,
  "Attributes": null
} (resolver returned new addresses)
[34m2026-10-07 12:47:56.132 UTC 0006 INFO[0m [grpc] [34;1mAddTraceEvent[0m -> [core] [Channel #1]Channel switches to new LB policy "pick_first"
[34m2026-10-07 12:47:56.132 UTC 0007 INFO[0m [grpc] [34;1mInfof[0m -> [pick-first-lb] [pick-first-lb 0xc0003af8f0] Received new config {
  "shuffleAddressList": false
}, resolver state {
  "Addresses": [
    {
      "Addr": "localhost:7051",
      "ServerName": "",
      "Attributes": null,
      "BalancerAttributes": null,
      "Metadata": null
    }
  ],
  "Endpoints": [
    {
      "Addresses": [
        {
          "Addr": "localhost:7051",
          "ServerName": "",
          "Attributes": null,
          "BalancerAttributes": null,
          "Metadata": null
        }
      ],
      "Attributes": null
    }
  ],
  "ServiceConfig": null,
  "Attributes": null
}
[34m2026-10-07 12:47:56.132 UTC 0008 INFO[0m [grpc] [34;1mAddTraceEvent[0m -> [core] [Channel #1 SubChannel #2]Subchannel created
[34m2026-10-07 12:47:56.132 UTC 0009 INFO[0m [grpc] [34;1mAddTraceEvent[0m -> [core] [Channel #1]Channel Connectivity change to CONNECTING
[34m2026-10-07 12:47:56.132 UTC 000a INFO[0m [grpc] [34;1mAddTraceEvent[0m -> [core] [Channel #1]Channel exiting idle mode
[34m2026-10-07 12:47:56.132 UTC 000b INFO[0m [grpc] [34;1mAddTraceEvent[0m -> [core] [Channel #1 SubChannel #2]Subchannel Connectivity change to CONNECTING
[34m2026-10-07 12:47:56.132 UTC 000c INFO[0m [grpc] [34;1mAddTraceEvent[0m -> [core] [Channel #1 SubChannel #2]Subchannel picks a new address "localhost:7051" to connect
[34m2026-10-07 12:47:56.132 UTC 000d INFO[0m [grpc] [34;1mInfof[0m -> [pick-first-lb] [pick-first-lb 0xc0003af8f0] Received SubConn state update: 0xc0003af980, {ConnectivityState:CONNECTING ConnectionError:<nil> connectedAddress:{Addr: ServerName: Attributes:<nil> BalancerAttributes:<nil> Metadata:<nil>}}
[34m2026-10-07 12:47:56.135 UTC 000e INFO[0m [grpc] [34;1mAddTraceEvent[0m -> [core] [Channel #1 SubChannel #2]Subchannel Connectivity change to READY
[34m2026-10-07 12:47:56.135 UTC 000f INFO[0m [grpc] [34;1mInfof[0m -> [pick-first-lb] [pick-first-lb 0xc0003af8f0] Received SubConn state update: 0xc0003af980, {ConnectivityState:READY ConnectionError:<nil> connectedAddress:{Addr:localhost:7051 ServerName:localhost:7051 Attributes:<nil> BalancerAttributes:<nil> Metadata:<nil>}}
[34m2026-10-07 12:47:56.135 UTC 0010 INFO[0m [grpc] [34;1mAddTraceEvent[0m -> [core] [Channel #1]Channel Connectivity change to READY
[34m2026-10-07 12:47:56.135 UTC 0011 INFO[0m [grpc] [34;1mInfof[0m -> [core] original dial target is: "localhost:7051"
[34m2026-10-07 12:47:56.136 UTC 0012 INFO[0m [grpc] [34;1mAddTraceEvent[0m -> [core] [Channel #4]Channel created
[34m2026-10-07 12:47:56.136 UTC 0013 INFO[0m [grpc] [34;1mAddTraceEvent[0m -> [core] [Channel #4]parsed dial target is: resolver.Target{URL:url.URL{Scheme:"passthrough", Opaque:"", User:(*url.Userinfo)(nil), Host:"", Path:"/localhost:7051", RawPath:"", OmitHost:false, ForceQuery:false, RawQuery:"", Fragment:"", RawFragment:""}}
[34m2026-10-07 12:47:56.136 UTC 0014 INFO[0m [grpc] [34;1mAddTraceEvent[0m -> [core] [Channel #4]Channel authority set to "localhost:7051"
[34m2026-10-07 12:47:56.136 UTC 0015 INFO[0m [grpc] [34;1mAddTraceEvent[0m -> [core] [Channel #4]Resolver state updated: {
  "Addresses": [
    {
      "Addr": "localhost:7051",
      "ServerName": "",
      "Attributes": null,
      "BalancerAttributes": null,
      "Metadata": null
    }
  ],
  "Endpoints": [
    {
      "Addresses": [
        {
          "Addr": "localhost:7051",
          "ServerName": "",
          "Attributes": null,
          "BalancerAttributes": null,
          "Metadata": null
        }
      ],
      "Attributes": null
    }
  ],
  "ServiceConfig": null,
  "Attributes": null
} (resolver returned new addresses)
[34m2026-10-07 12:47:56.136 UTC 0016 INFO[0m [grpc] [34;1mAddTraceEvent[0m -> [core] [Channel #4]Channel switches to new LB policy "pick_first"
[34m2026-10-07 12:47:56.136 UTC 0017 INFO[0m [grpc] [34;1mInfof[0m -> [pick-first-lb] [pick-first-lb 0xc0003aec00] Received new config {
  "shuffleAddressList": false
}, resolver state {
  "Addresses": [
    {
      "Addr": "localhost:7051",
      "ServerName": "",
      "Attributes": null,
      "BalancerAttributes": null,
      "Metadata": null
    }
  ],
  "Endpoints": [
    {
      "Addresses": [
        {
          "Addr": "localhost:7051",
          "ServerName": "",
          "Attributes": null,
          "BalancerAttributes": null,
          "Metadata": null
        }
      ],
      "Attributes": null
    }
  ],
  "ServiceConfig": null,
  "Attributes": null
}
[34m2026-10-07 12:47:56.136 UTC 0018 INFO[0m [grpc] [34;1mAddTraceEvent[0m -> [core] [Channel #4 SubChannel #5]Subchannel created
[34m2026-10-07 12:47:56.136 UTC 0019 INFO[0m [grpc] [34;1mAddTraceEvent[0m -> [core] [Channel #4]Channel Connectivity change to CONNECTING
[34m2026-10-07 12:47:56.136 UTC 001a INFO[0m [grpc] [34;1mAddTraceEvent[0m -> [core] [Channel #4]Channel exiting idle mode
[34m2026-10-07 12:47:56.136 UTC 001b INFO[0m [grpc] [34;1mAddTraceEvent[0m -> [core] [Channel #4 SubChannel #5]Subchannel Connectivity change to CONNECTING
[34m2026-10-07 12:47:56.136 UTC 001c INFO[0m [grpc] [34;1mAddTraceEvent[0m -> [core] [Channel #4 SubChannel #5]Subchannel picks a new address "localhost:7051" to connect
[34m2026-10-07 12:47:56.136 UTC 001d INFO[0m [grpc] [34;1mInfof[0m -> [pick-first-lb] [pick-first-lb 0xc0003aec00] Received SubConn state update: 0xc0003aec60, {ConnectivityState:CONNECTING ConnectionError:<nil> connectedAddress:{Addr: ServerName: Attributes:<nil> BalancerAttributes:<nil> Metadata:<nil>}}
[34m2026-10-07 12:47:56.138 UTC 001e INFO[0m [grpc] [34;1mAddTraceEvent[0m -> [core] [Channel #4 SubChannel #5]Subchannel Connectivity change to READY
[34m2026-10-07 12:47:56.138 UTC 001f INFO[0m [grpc] [34;1mInfof[0m -> [pick-first-lb] [pick-first-lb 0xc0003aec00] Received SubConn state update: 0xc0003aec60, {ConnectivityState:READY ConnectionError:<nil> connectedAddress:{Addr:localhost:7051 ServerName:localhost:7051 Attributes:<nil> BalancerAttributes:<nil> Metadata:<nil>}}
[34m2026-10-07 12:47:56.138 UTC 0020 INFO[0m [grpc] [34;1mAddTraceEvent[0m -> [core] [Channel #4]Channel Connectivity change to READY
+ res=0
bzt_1.0:777c383bc4d25d7dc5610f92a201167f7301ed4b2cd3593b83e643df51c39c71
[0;32mQuery installed successful on peer0.org1 on channel[0m
[0;34mUsing organization 1[0m
+ peer lifecycle chaincode approveformyorg -o localhost:7050 --ordererTLSHostnameOverride orderer.example.com --tls --cafile /home/runner/work/bzt-id-experiments/bzt-id-experiments/fabric-samples/test-network/organizations/ordererOrganizations/example.com/tlsca/tlsca.example.com-cert.pem --channelID mychannel --name bzt --version 1.0 --package-id bzt_1.0:777c383bc4d25d7dc5610f92a201167f7301ed4b2cd3593b83e643df51c39c71 --sequence 1
+ res=0
[34m2026-10-07 12:47:56.181 UTC 0001 INFO[0m [grpc] [34;1mInfof[0m -> [core] original dial target is: "localhost:7051"
[34m2026-10-07 12:47:56.182 UTC 0002 INFO[0m [grpc] [34;1mAddTraceEvent[0m -> [core] [Channel #1]Channel created
[34m2026-10-07 12:47:56.182 UTC 0003 INFO[0m [grpc] [34;1mAddTraceEvent[0m -> [core] [Channel #1]parsed dial target is: resolver.Target{URL:url.URL{Scheme:"passthrough", Opaque:"", User:(*url.Userinfo)(nil), Host:"", Path:"/localhost:7051", RawPath:"", OmitHost:false, ForceQuery:false, RawQuery:"", Fragment:"", RawFragment:""}}
[34m2026-10-07 12:47:56.182 UTC 0004 INFO[0m [grpc] [34;1mAddTraceEvent[0m -> [core] [Channel #1]Channel authority set to "localhost:7051"
[34m2026-10-07 12:47:56.182 UTC 0005 INFO[0m [grpc] [34;1mAddTraceEvent[0m -> [core] [Channel #1]Resolver state updated: {
  "Addresses": [
    {
      "Addr": "localhost:7051",
      "ServerName": "",
      "Attributes": null,
      "BalancerAttributes": null,
      "Metadata": null
    }
  ],
  "Endpoints": [
    {
      "Addresses": [
        {
          "Addr": "localhost:7051",
          "ServerName": "",
          "Attributes": null,
          "BalancerAttributes": null,
          "Metadata": null
        }
      ],
      "Attributes": null
    }
  ],
  "ServiceConfig": null,
  "Attributes": null
} (resolver returned new addresses)
[34m2026-10-07 12:47:56.182 UTC 0006 INFO[0m [grpc] [34;1mAddTraceEvent[0m -> [core] [Channel #1]Channel switches to new LB policy "pick_first"
[34m2026-10-07 12:47:56.182 UTC 0007 INFO[0m [grpc] [34;1mInfof[0m -> [pick-first-lb] [pick-first-lb 0xc000400bd0] Received new config {
  "shuffleAddressList": false
}, resolver state {
  "Addresses": [
    {
      "Addr": "localhost:7051",
      "ServerName": "",
      "Attributes": null,
      "BalancerAttributes": null,
      "Metadata": null
    }
  ],
  "Endpoints": [
    {
      "Addresses": [
        {
          "Addr": "localhost:7051",
          "ServerName": "",
          "Attributes": null,
          "BalancerAttributes": null,
          "Metadata": null
        }
      ],
      "Attributes": null
    }
  ],
  "ServiceConfig": null,
  "Attributes": null
}
[34m2026-10-07 12:47:56.182 UTC 0008 INFO[0m [grpc] [34;1mAddTraceEvent[0m -> [core] [Channel #1 SubChannel #2]Subchannel created
[34m2026-10-07 12:47:56.182 UTC 0009 INFO[0m [grpc] [34;1mAddTraceEvent[0m -> [core] [Channel #1]Channel Connectivity change to CONNECTING
[34m2026-10-07 12:47:56.182 UTC 000a INFO[0m [grpc] [34;1mAddTraceEvent[0m -> [core] [Channel #1]Channel exiting idle mode
[34m2026-10-07 12:47:56.182 UTC 000b INFO[0m [grpc] [34;1mAddTraceEvent[0m -> [core] [Channel #1 SubChannel #2]Subchannel Connectivity change to CONNECTING
[34m2026-10-07 12:47:56.182 UTC 000c INFO[0m [grpc] [34;1mAddTraceEvent[0m -> [core] [Channel #1 SubChannel #2]Subchannel picks a new address "localhost:7051" to connect
[34m2026-10-07 12:47:56.182 UTC 000d INFO[0m [grpc] [34;1mInfof[0m -> [pick-first-lb] [pick-first-lb 0xc000400bd0] Received SubConn state update: 0xc000400c60, {ConnectivityState:CONNECTING ConnectionError:<nil> connectedAddress:{Addr: ServerName: Attributes:<nil> BalancerAttributes:<nil> Metadata:<nil>}}
[34m2026-10-07 12:47:56.185 UTC 000e INFO[0m [grpc] [34;1mAddTraceEvent[0m -> [core] [Channel #1 SubChannel #2]Subchannel Connectivity change to READY
[34m2026-10-07 12:47:56.185 UTC 000f INFO[0m [grpc] [34;1mInfof[0m -> [pick-first-lb] [pick-first-lb 0xc000400bd0] Received SubConn state update: 0xc000400c60, {ConnectivityState:READY ConnectionError:<nil> connectedAddress:{Addr:localhost:7051 ServerName:localhost:7051 Attributes:<nil> BalancerAttributes:<nil> Metadata:<nil>}}
[34m2026-10-07 12:47:56.185 UTC 0010 INFO[0m [grpc] [34;1mAddTraceEvent[0m -> [core] [Channel #1]Channel Connectivity change to READY
[34m2026-10-07 12:47:56.185 UTC 0011 INFO[0m [grpc] [34;1mInfof[0m -> [core] original dial target is: "localhost:7051"
[34m2026-10-07 12:47:56.185 UTC 0012 INFO[0m [grpc] [34;1mAddTraceEvent[0m -> [core] [Channel #4]Channel created
[34m2026-10-07 12:47:56.185 UTC 0013 INFO[0m [grpc] [34;1mAddTraceEvent[0m -> [core] [Channel #4]parsed dial target is: resolver.Target{URL:url.URL{Scheme:"passthrough", Opaque:"", User:(*url.Userinfo)(nil), Host:"", Path:"/localhost:7051", RawPath:"", OmitHost:false, ForceQuery:false, RawQuery:"", Fragment:"", RawFragment:""}}
[34m2026-10-07 12:47:56.185 UTC 0014 INFO[0m [grpc] [34;1mAddTraceEvent[0m -> [core] [Channel #4]Channel authority set to "localhost:7051"
[34m2026-10-07 12:47:56.185 UTC 0015 INFO[0m [grpc] [34;1mAddTraceEvent[0m -> [core] [Channel #4]Resolver state updated: {
  "Addresses": [
    {
      "Addr": "localhost:7051",
      "ServerName": "",
      "Attributes": null,
      "BalancerAttributes": null,
      "Metadata": null
    }
  ],
  "Endpoints": [
    {
      "Addresses": [
        {
          "Addr": "localhost:7051",
          "ServerName": "",
          "Attributes": null,
          "BalancerAttributes": null,
          "Metadata": null
        }
      ],
      "Attributes": null
    }
  ],
  "ServiceConfig": null,
  "Attributes": null
} (resolver returned new addresses)
[34m2026-10-07 12:47:56.185 UTC 0016 INFO[0m [grpc] [34;1mAddTraceEvent[0m -> [core] [Channel #4]Channel switches to new LB policy "pick_first"
[34m2026-10-07 12:47:56.185 UTC 0017 INFO[0m [grpc] [34;1mInfof[0m -> [pick-first-lb] [pick-first-lb 0xc000392c30] Received new config {
  "shuffleAddressList": false
}, resolver state {
  "Addresses": [
    {
      "Addr": "localhost:7051",
      "ServerName": "",
      "Attributes": null,
      "BalancerAttributes": null,
      "Metadata": null
    }
  ],
  "Endpoints": [
    {
      "Addresses": [
        {
          "Addr": "localhost:7051",
          "ServerName": "",
          "Attributes": null,
          "BalancerAttributes": null,
          "Metadata": null
        }
      ],
      "Attributes": null
    }
  ],
  "ServiceConfig": null,
  "Attributes": null
}
[34m2026-10-07 12:47:56.185 UTC 0018 INFO[0m [grpc] [34;1mAddTraceEvent[0m -> [core] [Channel #4 SubChannel #5]Subchannel created
[34m2026-10-07 12:47:56.185 UTC 0019 INFO[0m [grpc] [34;1mAddTraceEvent[0m -> [core] [Channel #4]Channel Connectivity change to CONNECTING
[34m2026-10-07 12:47:56.185 UTC 001a INFO[0m [grpc] [34;1mAddTraceEvent[0m -> [core] [Channel #4]Channel exiting idle mode
[34m2026-10-07 12:47:56.185 UTC 001b INFO[0m [grpc] [34;1mAddTraceEvent[0m -> [core] [Channel #4 SubChannel #5]Subchannel Connectivity change to CONNECTING
[34m2026-10-07 12:47:56.185 UTC 001c INFO[0m [grpc] [34;1mAddTraceEvent[0m -> [core] [Channel #4 SubChannel #5]Subchannel picks a new address "localhost:7051" to connect
[34m2026-10-07 12:47:56.185 UTC 001d INFO[0m [grpc] [34;1mInfof[0m -> [pick-first-lb] [pick-first-lb 0xc000392c30] Received SubConn state update: 0xc000392c90, {ConnectivityState:CONNECTING ConnectionError:<nil> connectedAddress:{Addr: ServerName: Attributes:<nil> BalancerAttributes:<nil> Metadata:<nil>}}
[34m2026-10-07 12:47:56.187 UTC 001e INFO[0m [grpc] [34;1mAddTraceEvent[0m -> [core] [Channel #4 SubChannel #5]Subchannel Connectivity change to READY
[34m2026-10-07 12:47:56.187 UTC 001f INFO[0m [grpc] [34;1mInfof[0m -> [pick-first-lb] [pick-first-lb 0xc000392c30] Received SubConn state update: 0xc000392c90, {ConnectivityState:READY ConnectionError:<nil> connectedAddress:{Addr:localhost:7051 ServerName:localhost:7051 Attributes:<nil> BalancerAttributes:<nil> Metadata:<nil>}}
[34m2026-10-07 12:47:56.187 UTC 0020 INFO[0m [grpc] [34;1mAddTraceEvent[0m -> [core] [Channel #4]Channel Connectivity change to READY
[33m2026-10-07 12:47:56.187 UTC 0021 WARN[0m [grpc] [33;1mWarningf[0m -> [core] Adjusting keepalive ping interval to minimum period of 10s
[34m2026-10-07 12:47:56.187 UTC 0022 INFO[0m [grpc] [34;1mInfof[0m -> [core] original dial target is: "localhost:7050"
[34m2026-10-07 12:47:56.187 UTC 0023 INFO[0m [grpc] [34;1mAddTraceEvent[0m -> [core] [Channel #7]Channel created
[34m2026-10-07 12:47:56.187 UTC 0024 INFO[0m [grpc] [34;1mAddTraceEvent[0m -> [core] [Channel #7]parsed dial target is: resolver.Target{URL:url.URL{Scheme:"passthrough", Opaque:"", User:(*url.Userinfo)(nil), Host:"", Path:"/localhost:7050", RawPath:"", OmitHost:false, ForceQuery:false, RawQuery:"", Fragment:"", RawFragment:""}}
[34m2026-10-07 12:47:56.187 UTC 0025 INFO[0m [grpc] [34;1mAddTraceEvent[0m -> [core] [Channel #7]Channel authority set to "orderer.example.com"
[34m2026-10-07 12:47:56.187 UTC 0026 INFO[0m [grpc] [34;1mAddTraceEvent[0m -> [core] [Channel #7]Resolver state updated: {
  "Addresses": [
    {
      "Addr": "localhost:7050",
      "ServerName": "",
      "Attributes": null,
      "BalancerAttributes": null,
      "Metadata": null
    }
  ],
  "Endpoints": [
    {
      "Addresses": [
        {
          "Addr": "localhost:7050",
          "ServerName": "",
          "Attributes": null,
          "BalancerAttributes": null,
          "Metadata": null
        }
      ],
      "Attributes": null
    }
  ],
  "ServiceConfig": null,
  "Attributes": null
} (resolver returned new addresses)
[34m2026-10-07 12:47:56.188 UTC 0027 INFO[0m [grpc] [34;1mAddTraceEvent[0m -> [core] [Channel #7]Channel switches to new LB policy "pick_first"
[34m2026-10-07 12:47:56.188 UTC 0028 INFO[0m [grpc] [34;1mInfof[0m -> [pick-first-lb] [pick-first-lb 0xc0004a0fc0] Received new config {
  "shuffleAddressList": false
}, resolver state {
  "Addresses": [
    {
      "Addr": "localhost:7050",
      "ServerName": "",
      "Attributes": null,
      "BalancerAttributes": null,
      "Metadata": null
    }
  ],
  "Endpoints": [
    {
      "Addresses": [
        {
          "Addr": "localhost:7050",
          "ServerName": "",
          "Attributes": null,
          "BalancerAttributes": null,
          "Metadata": null
        }
      ],
      "Attributes": null
    }
  ],
  "ServiceConfig": null,
  "Attributes": null
}
[34m2026-10-07 12:47:56.188 UTC 0029 INFO[0m [grpc] [34;1mAddTraceEvent[0m -> [core] [Channel #7 SubChannel #8]Subchannel created
[34m2026-10-07 12:47:56.188 UTC 002a INFO[0m [grpc] [34;1mAddTraceEvent[0m -> [core] [Channel #7]Channel Connectivity change to CONNECTING
[34m2026-10-07 12:47:56.188 UTC 002b INFO[0m [grpc] [34;1mAddTraceEvent[0m -> [core] [Channel #7]Channel exiting idle mode
[34m2026-10-07 12:47:56.188 UTC 002c INFO[0m [grpc] [34;1mAddTraceEvent[0m -> [core] [Channel #7 SubChannel #8]Subchannel Connectivity change to CONNECTING
[34m2026-10-07 12:47:56.188 UTC 002d INFO[0m [grpc] [34;1mAddTraceEvent[0m -> [core] [Channel #7 SubChannel #8]Subchannel picks a new address "localhost:7050" to connect
[34m2026-10-07 12:47:56.188 UTC 002e INFO[0m [grpc] [34;1mInfof[0m -> [pick-first-lb] [pick-first-lb 0xc0004a0fc0] Received SubConn state update: 0xc0004a1020, {ConnectivityState:CONNECTING ConnectionError:<nil> connectedAddress:{Addr: ServerName: Attributes:<nil> BalancerAttributes:<nil> Metadata:<nil>}}
[34m2026-10-07 12:47:56.190 UTC 002f INFO[0m [grpc] [34;1mAddTraceEvent[0m -> [core] [Channel #7 SubChannel #8]Subchannel Connectivity change to READY
[34m2026-10-07 12:47:56.190 UTC 0030 INFO[0m [grpc] [34;1mInfof[0m -> [pick-first-lb] [pick-first-lb 0xc0004a0fc0] Received SubConn state update: 0xc0004a1020, {ConnectivityState:READY ConnectionError:<nil> connectedAddress:{Addr:localhost:7050 ServerName:orderer.example.com Attributes:<nil> BalancerAttributes:<nil> Metadata:<nil>}}
[34m2026-10-07 12:47:56.190 UTC 0031 INFO[0m [grpc] [34;1mAddTraceEvent[0m -> [core] [Channel #7]Channel Connectivity change to READY
[34m2026-10-07 12:47:56.405 UTC 0032 INFO[0m [chaincodeCmd] [34;1mClientWait[0m -> txid [008659df5a47770a86e36e9660c10dcbc83c4663df72e4dd2084b3f72b1b320a] committed with status (VALID) at localhost:7051
[0;32mChaincode definition approved on peer0.org1 on channel 'mychannel'[0m
[0;34mUsing organization 1[0m
[0;34mChecking the commit readiness of the chaincode definition on peer0.org1 on channel 'mychannel'...[0m
[0;34mAttempting to check the commit readiness of the chaincode definition on peer0.org1, Retry after 3 seconds.[0m
+ peer lifecycle chaincode checkcommitreadiness --channelID mychannel --name bzt --version 1.0 --sequence 1 --output json
+ res=0
[34m2026-10-07 12:47:59.450 UTC 0001 INFO[0m [grpc] [34;1mInfof[0m -> [core] original dial target is: "localhost:7051"
[34m2026-10-07 12:47:59.450 UTC 0002 INFO[0m [grpc] [34;1mAddTraceEvent[0m -> [core] [Channel #1]Channel created
[34m2026-10-07 12:47:59.451 UTC 0003 INFO[0m [grpc] [34;1mAddTraceEvent[0m -> [core] [Channel #1]parsed dial target is: resolver.Target{URL:url.URL{Scheme:"passthrough", Opaque:"", User:(*url.Userinfo)(nil), Host:"", Path:"/localhost:7051", RawPath:"", OmitHost:false, ForceQuery:false, RawQuery:"", Fragment:"", RawFragment:""}}
[34m2026-10-07 12:47:59.451 UTC 0004 INFO[0m [grpc] [34;1mAddTraceEvent[0m -> [core] [Channel #1]Channel authority set to "localhost:7051"
[34m2026-10-07 12:47:59.451 UTC 0005 INFO[0m [grpc] [34;1mAddTraceEvent[0m -> [core] [Channel #1]Resolver state updated: {
  "Addresses": [
    {
      "Addr": "localhost:7051",
      "ServerName": "",
      "Attributes": null,
      "BalancerAttributes": null,
      "Metadata": null
    }
  ],
  "Endpoints": [
    {
      "Addresses": [
        {
          "Addr": "localhost:7051",
          "ServerName": "",
          "Attributes": null,
          "BalancerAttributes": null,
          "Metadata": null
        }
      ],
      "Attributes": null
    }
  ],
  "ServiceConfig": null,
  "Attributes": null
} (resolver returned new addresses)
[34m2026-10-07 12:47:59.451 UTC 0006 INFO[0m [grpc] [34;1mAddTraceEvent[0m -> [core] [Channel #1]Channel switches to new LB policy "pick_first"
[34m2026-10-07 12:47:59.451 UTC 0007 INFO[0m [grpc] [34;1mInfof[0m -> [pick-first-lb] [pick-first-lb 0xc00048c4e0] Received new config {
  "shuffleAddressList": false
}, resolver state {
  "Addresses": [
    {
      "Addr": "localhost:7051",
      "ServerName": "",
      "Attributes": null,
      "BalancerAttributes": null,
      "Metadata": null
    }
  ],
  "Endpoints": [
    {
      "Addresses": [
        {
          "Addr": "localhost:7051",
          "ServerName": "",
          "Attributes": null,
          "BalancerAttributes": null,
          "Metadata": null
        }
      ],
      "Attributes": null
    }
  ],
  "ServiceConfig": null,
  "Attributes": null
}
[34m2026-10-07 12:47:59.451 UTC 0008 INFO[0m [grpc] [34;1mAddTraceEvent[0m -> [core] [Channel #1 SubChannel #2]Subchannel created
[34m2026-10-07 12:47:59.451 UTC 0009 INFO[0m [grpc] [34;1mAddTraceEvent[0m -> [core] [Channel #1]Channel Connectivity change to CONNECTING
[34m2026-10-07 12:47:59.451 UTC 000a INFO[0m [grpc] [34;1mAddTraceEvent[0m -> [core] [Channel #1]Channel exiting idle mode
[34m2026-10-07 12:47:59.451 UTC 000b INFO[0m [grpc] [34;1mAddTraceEvent[0m -> [core] [Channel #1 SubChannel #2]Subchannel Connectivity change to CONNECTING
[34m2026-10-07 12:47:59.451 UTC 000c INFO[0m [grpc] [34;1mAddTraceEvent[0m -> [core] [Channel #1 SubChannel #2]Subchannel picks a new address "localhost:7051" to connect
[34m2026-10-07 12:47:59.451 UTC 000d INFO[0m [grpc] [34;1mInfof[0m -> [pick-first-lb] [pick-first-lb 0xc00048c4e0] Received SubConn state update: 0xc00048c570, {ConnectivityState:CONNECTING ConnectionError:<nil> connectedAddress:{Addr: ServerName: Attributes:<nil> BalancerAttributes:<nil> Metadata:<nil>}}
[34m2026-10-07 12:47:59.453 UTC 000e INFO[0m [grpc] [34;1mAddTraceEvent[0m -> [core] [Channel #1 SubChannel #2]Subchannel Connectivity change to READY
[34m2026-10-07 12:47:59.453 UTC 000f INFO[0m [grpc] [34;1mInfof[0m -> [pick-first-lb] [pick-first-lb 0xc00048c4e0] Received SubConn state update: 0xc00048c570, {ConnectivityState:READY ConnectionError:<nil> connectedAddress:{Addr:localhost:7051 ServerName:localhost:7051 Attributes:<nil> BalancerAttributes:<nil> Metadata:<nil>}}
[34m2026-10-07 12:47:59.453 UTC 0010 INFO[0m [grpc] [34;1mAddTraceEvent[0m -> [core] [Channel #1]Channel Connectivity change to READY
[34m2026-10-07 12:47:59.453 UTC 0011 INFO[0m [grpc] [34;1mInfof[0m -> [core] original dial target is: "localhost:7051"
[34m2026-10-07 12:47:59.453 UTC 0012 INFO[0m [grpc] [34;1mAddTraceEvent[0m -> [core] [Channel #4]Channel created
[34m2026-10-07 12:47:59.453 UTC 0013 INFO[0m [grpc] [34;1mAddTraceEvent[0m -> [core] [Channel #4]parsed dial target is: resolver.Target{URL:url.URL{Scheme:"passthrough", Opaque:"", User:(*url.Userinfo)(nil), Host:"", Path:"/localhost:7051", RawPath:"", OmitHost:false, ForceQuery:false, RawQuery:"", Fragment:"", RawFragment:""}}
[34m2026-10-07 12:47:59.453 UTC 0014 INFO[0m [grpc] [34;1mAddTraceEvent[0m -> [core] [Channel #4]Channel authority set to "localhost:7051"
[34m2026-10-07 12:47:59.454 UTC 0015 INFO[0m [grpc] [34;1mAddTraceEvent[0m -> [core] [Channel #4]Resolver state updated: {
  "Addresses": [
    {
      "Addr": "localhost:7051",
      "ServerName": "",
      "Attributes": null,
      "BalancerAttributes": null,
      "Metadata": null
    }
  ],
  "Endpoints": [
    {
      "Addresses": [
        {
          "Addr": "localhost:7051",
          "ServerName": "",
          "Attributes": null,
          "BalancerAttributes": null,
          "Metadata": null
        }
      ],
      "Attributes": null
    }
  ],
  "ServiceConfig": null,
  "Attributes": null
} (resolver returned new addresses)
[34m2026-10-07 12:47:59.454 UTC 0016 INFO[0m [grpc] [34;1mAddTraceEvent[0m -> [core] [Channel #4]Channel switches to new LB policy "pick_first"
[34m2026-10-07 12:47:59.454 UTC 0017 INFO[0m [grpc] [34;1mInfof[0m -> [pick-first-lb] [pick-first-lb 0xc000664bd0] Received new config {
  "shuffleAddressList": false
}, resolver state {
  "Addresses": [
    {
      "Addr": "localhost:7051",
      "ServerName": "",
      "Attributes": null,
      "BalancerAttributes": null,
      "Metadata": null
    }
  ],
  "Endpoints": [
    {
      "Addresses": [
        {
          "Addr": "localhost:7051",
          "ServerName": "",
          "Attributes": null,
          "BalancerAttributes": null,
          "Metadata": null
        }
      ],
      "Attributes": null
    }
  ],
  "ServiceConfig": null,
  "Attributes": null
}
[34m2026-10-07 12:47:59.454 UTC 0018 INFO[0m [grpc] [34;1mAddTraceEvent[0m -> [core] [Channel #4 SubChannel #5]Subchannel created
[34m2026-10-07 12:47:59.454 UTC 0019 INFO[0m [grpc] [34;1mAddTraceEvent[0m -> [core] [Channel #4]Channel Connectivity change to CONNECTING
[34m2026-10-07 12:47:59.454 UTC 001a INFO[0m [grpc] [34;1mAddTraceEvent[0m -> [core] [Channel #4]Channel exiting idle mode
[34m2026-10-07 12:47:59.454 UTC 001b INFO[0m [grpc] [34;1mAddTraceEvent[0m -> [core] [Channel #4 SubChannel #5]Subchannel Connectivity change to CONNECTING
[34m2026-10-07 12:47:59.454 UTC 001c INFO[0m [grpc] [34;1mAddTraceEvent[0m -> [core] [Channel #4 SubChannel #5]Subchannel picks a new address "localhost:7051" to connect
[34m2026-10-07 12:47:59.454 UTC 001d INFO[0m [grpc] [34;1mInfof[0m -> [pick-first-lb] [pick-first-lb 0xc000664bd0] Received SubConn state update: 0xc000664c30, {ConnectivityState:CONNECTING ConnectionError:<nil> connectedAddress:{Addr: ServerName: Attributes:<nil> BalancerAttributes:<nil> Metadata:<nil>}}
[34m2026-10-07 12:47:59.456 UTC 001e INFO[0m [grpc] [34;1mAddTraceEvent[0m -> [core] [Channel #4 SubChannel #5]Subchannel Connectivity change to READY
[34m2026-10-07 12:47:59.456 UTC 001f INFO[0m [grpc] [34;1mInfof[0m -> [pick-first-lb] [pick-first-lb 0xc000664bd0] Received SubConn state update: 0xc000664c30, {ConnectivityState:READY ConnectionError:<nil> connectedAddress:{Addr:localhost:7051 ServerName:localhost:7051 Attributes:<nil> BalancerAttributes:<nil> Metadata:<nil>}}
[34m2026-10-07 12:47:59.456 UTC 0020 INFO[0m [grpc] [34;1mAddTraceEvent[0m -> [core] [Channel #4]Channel Connectivity change to READY
{
	"approvals": {
		"Org1MSP": true,
		"Org2MSP": false
	}
}
[0;34mChecking the commit readiness of the chaincode definition successful on peer0.org1 on channel 'mychannel'[0m
[0;34mUsing organization 2[0m
[0;34mChecking the commit readiness of the chaincode definition on peer0.org2 on channel 'mychannel'...[0m
[0;34mAttempting to check the commit readiness of the chaincode definition on peer0.org2, Retry after 3 seconds.[0m
+ peer lifecycle chaincode checkcommitreadiness --channelID mychannel --name bzt --version 1.0 --sequence 1 --output json
+ res=0
[34m2026-10-07 12:48:02.507 UTC 0001 INFO[0m [grpc] [34;1mInfof[0m -> [core] original dial target is: "localhost:9051"
[34m2026-10-07 12:48:02.507 UTC 0002 INFO[0m [grpc] [34;1mAddTraceEvent[0m -> [core] [Channel #1]Channel created
[34m2026-10-07 12:48:02.507 UTC 0003 INFO[0m [grpc] [34;1mAddTraceEvent[0m -> [core] [Channel #1]parsed dial target is: resolver.Target{URL:url.URL{Scheme:"passthrough", Opaque:"", User:(*url.Userinfo)(nil), Host:"", Path:"/localhost:9051", RawPath:"", OmitHost:false, ForceQuery:false, RawQuery:"", Fragment:"", RawFragment:""}}
[34m2026-10-07 12:48:02.507 UTC 0004 INFO[0m [grpc] [34;1mAddTraceEvent[0m -> [core] [Channel #1]Channel authority set to "localhost:9051"
[34m2026-10-07 12:48:02.507 UTC 0005 INFO[0m [grpc] [34;1mAddTraceEvent[0m -> [core] [Channel #1]Resolver state updated: {
  "Addresses": [
    {
      "Addr": "localhost:9051",
      "ServerName": "",
      "Attributes": null,
      "BalancerAttributes": null,
      "Metadata": null
    }
  ],
  "Endpoints": [
    {
      "Addresses": [
        {
          "Addr": "localhost:9051",
          "ServerName": "",
          "Attributes": null,
          "BalancerAttributes": null,
          "Metadata": null
        }
      ],
      "Attributes": null
    }
  ],
  "ServiceConfig": null,
  "Attributes": null
} (resolver returned new addresses)
[34m2026-10-07 12:48:02.507 UTC 0006 INFO[0m [grpc] [34;1mAddTraceEvent[0m -> [core] [Channel #1]Channel switches to new LB policy "pick_first"
[34m2026-10-07 12:48:02.507 UTC 0007 INFO[0m [grpc] [34;1mInfof[0m -> [pick-first-lb] [pick-first-lb 0xc000018600] Received new config {
  "shuffleAddressList": false
}, resolver state {
  "Addresses": [
    {
      "Addr": "localhost:9051",
      "ServerName": "",
      "Attributes": null,
      "BalancerAttributes": null,
      "Metadata": null
    }
  ],
  "Endpoints": [
    {
      "Addresses": [
        {
          "Addr": "localhost:9051",
          "ServerName": "",
          "Attributes": null,
          "BalancerAttributes": null,
          "Metadata": null
        }
      ],
      "Attributes": null
    }
  ],
  "ServiceConfig": null,
  "Attributes": null
}
[34m2026-10-07 12:48:02.507 UTC 0008 INFO[0m [grpc] [34;1mAddTraceEvent[0m -> [core] [Channel #1 SubChannel #2]Subchannel created
[34m2026-10-07 12:48:02.507 UTC 0009 INFO[0m [grpc] [34;1mAddTraceEvent[0m -> [core] [Channel #1]Channel Connectivity change to CONNECTING
[34m2026-10-07 12:48:02.507 UTC 000a INFO[0m [grpc] [34;1mAddTraceEvent[0m -> [core] [Channel #1]Channel exiting idle mode
[34m2026-10-07 12:48:02.507 UTC 000b INFO[0m [grpc] [34;1mAddTraceEvent[0m -> [core] [Channel #1 SubChannel #2]Subchannel Connectivity change to CONNECTING
[34m2026-10-07 12:48:02.507 UTC 000c INFO[0m [grpc] [34;1mAddTraceEvent[0m -> [core] [Channel #1 SubChannel #2]Subchannel picks a new address "localhost:9051" to connect
[34m2026-10-07 12:48:02.508 UTC 000d INFO[0m [grpc] [34;1mInfof[0m -> [pick-first-lb] [pick-first-lb 0xc000018600] Received SubConn state update: 0xc000018690, {ConnectivityState:CONNECTING ConnectionError:<nil> connectedAddress:{Addr: ServerName: Attributes:<nil> BalancerAttributes:<nil> Metadata:<nil>}}
[34m2026-10-07 12:48:02.510 UTC 000e INFO[0m [grpc] [34;1mAddTraceEvent[0m -> [core] [Channel #1 SubChannel #2]Subchannel Connectivity change to READY
[34m2026-10-07 12:48:02.510 UTC 000f INFO[0m [grpc] [34;1mInfof[0m -> [pick-first-lb] [pick-first-lb 0xc000018600] Received SubConn state update: 0xc000018690, {ConnectivityState:READY ConnectionError:<nil> connectedAddress:{Addr:localhost:9051 ServerName:localhost:9051 Attributes:<nil> BalancerAttributes:<nil> Metadata:<nil>}}
[34m2026-10-07 12:48:02.510 UTC 0010 INFO[0m [grpc] [34;1mAddTraceEvent[0m -> [core] [Channel #1]Channel Connectivity change to READY
[34m2026-10-07 12:48:02.510 UTC 0011 INFO[0m [grpc] [34;1mInfof[0m -> [core] original dial target is: "localhost:9051"
[34m2026-10-07 12:48:02.510 UTC 0012 INFO[0m [grpc] [34;1mAddTraceEvent[0m -> [core] [Channel #4]Channel created
[34m2026-10-07 12:48:02.510 UTC 0013 INFO[0m [grpc] [34;1mAddTraceEvent[0m -> [core] [Channel #4]parsed dial target is: resolver.Target{URL:url.URL{Scheme:"passthrough", Opaque:"", User:(*url.Userinfo)(nil), Host:"", Path:"/localhost:9051", RawPath:"", OmitHost:false, ForceQuery:false, RawQuery:"", Fragment:"", RawFragment:""}}
[34m2026-10-07 12:48:02.510 UTC 0014 INFO[0m [grpc] [34;1mAddTraceEvent[0m -> [core] [Channel #4]Channel authority set to "localhost:9051"
[34m2026-10-07 12:48:02.510 UTC 0015 INFO[0m [grpc] [34;1mAddTraceEvent[0m -> [core] [Channel #4]Resolver state updated: {
  "Addresses": [
    {
      "Addr": "localhost:9051",
      "ServerName": "",
      "Attributes": null,
      "BalancerAttributes": null,
      "Metadata": null
    }
  ],
  "Endpoints": [
    {
      "Addresses": [
        {
          "Addr": "localhost:9051",
          "ServerName": "",
          "Attributes": null,
          "BalancerAttributes": null,
          "Metadata": null
        }
      ],
      "Attributes": null
    }
  ],
  "ServiceConfig": null,
  "Attributes": null
} (resolver returned new addresses)
[34m2026-10-07 12:48:02.510 UTC 0016 INFO[0m [grpc] [34;1mAddTraceEvent[0m -> [core] [Channel #4]Channel switches to new LB policy "pick_first"
[34m2026-10-07 12:48:02.510 UTC 0017 INFO[0m [grpc] [34;1mInfof[0m -> [pick-first-lb] [pick-first-lb 0xc0004f5020] Received new config {
  "shuffleAddressList": false
}, resolver state {
  "Addresses": [
    {
      "Addr": "localhost:9051",
      "ServerName": "",
      "Attributes": null,
      "BalancerAttributes": null,
      "Metadata": null
    }
  ],
  "Endpoints": [
    {
      "Addresses": [
        {
          "Addr": "localhost:9051",
          "ServerName": "",
          "Attributes": null,
          "BalancerAttributes": null,
          "Metadata": null
        }
      ],
      "Attributes": null
    }
  ],
  "ServiceConfig": null,
  "Attributes": null
}
[34m2026-10-07 12:48:02.510 UTC 0018 INFO[0m [grpc] [34;1mAddTraceEvent[0m -> [core] [Channel #4 SubChannel #5]Subchannel created
[34m2026-10-07 12:48:02.510 UTC 0019 INFO[0m [grpc] [34;1mAddTraceEvent[0m -> [core] [Channel #4]Channel Connectivity change to CONNECTING
[34m2026-10-07 12:48:02.510 UTC 001a INFO[0m [grpc] [34;1mAddTraceEvent[0m -> [core] [Channel #4]Channel exiting idle mode
[34m2026-10-07 12:48:02.510 UTC 001b INFO[0m [grpc] [34;1mAddTraceEvent[0m -> [core] [Channel #4 SubChannel #5]Subchannel Connectivity change to CONNECTING
[34m2026-10-07 12:48:02.511 UTC 001c INFO[0m [grpc] [34;1mAddTraceEvent[0m -> [core] [Channel #4 SubChannel #5]Subchannel picks a new address "localhost:9051" to connect
[34m2026-10-07 12:48:02.511 UTC 001d INFO[0m [grpc] [34;1mInfof[0m -> [pick-first-lb] [pick-first-lb 0xc0004f5020] Received SubConn state update: 0xc0004f5080, {ConnectivityState:CONNECTING ConnectionError:<nil> connectedAddress:{Addr: ServerName: Attributes:<nil> BalancerAttributes:<nil> Metadata:<nil>}}
[34m2026-10-07 12:48:02.512 UTC 001e INFO[0m [grpc] [34;1mAddTraceEvent[0m -> [core] [Channel #4 SubChannel #5]Subchannel Connectivity change to READY
[34m2026-10-07 12:48:02.512 UTC 001f INFO[0m [grpc] [34;1mInfof[0m -> [pick-first-lb] [pick-first-lb 0xc0004f5020] Received SubConn state update: 0xc0004f5080, {ConnectivityState:READY ConnectionError:<nil> connectedAddress:{Addr:localhost:9051 ServerName:localhost:9051 Attributes:<nil> BalancerAttributes:<nil> Metadata:<nil>}}
[34m2026-10-07 12:48:02.512 UTC 0020 INFO[0m [grpc] [34;1mAddTraceEvent[0m -> [core] [Channel #4]Channel Connectivity change to READY
{
	"approvals": {
		"Org1MSP": true,
		"Org2MSP": false
	}
}
[0;34mChecking the commit readiness of the chaincode definition successful on peer0.org2 on channel 'mychannel'[0m
[0;34mUsing organization 2[0m
+ peer lifecycle chaincode approveformyorg -o localhost:7050 --ordererTLSHostnameOverride orderer.example.com --tls --cafile /home/runner/work/bzt-id-experiments/bzt-id-experiments/fabric-samples/test-network/organizations/ordererOrganizations/example.com/tlsca/tlsca.example.com-cert.pem --channelID mychannel --name bzt --version 1.0 --package-id bzt_1.0:777c383bc4d25d7dc5610f92a201167f7301ed4b2cd3593b83e643df51c39c71 --sequence 1
+ res=0
[34m2026-10-07 12:48:02.561 UTC 0001 INFO[0m [grpc] [34;1mInfof[0m -> [core] original dial target is: "localhost:9051"
[34m2026-10-07 12:48:02.561 UTC 0002 INFO[0m [grpc] [34;1mAddTraceEvent[0m -> [core] [Channel #1]Channel created
[34m2026-10-07 12:48:02.561 UTC 0003 INFO[0m [grpc] [34;1mAddTraceEvent[0m -> [core] [Channel #1]parsed dial target is: resolver.Target{URL:url.URL{Scheme:"passthrough", Opaque:"", User:(*url.Userinfo)(nil), Host:"", Path:"/localhost:9051", RawPath:"", OmitHost:false, ForceQuery:false, RawQuery:"", Fragment:"", RawFragment:""}}
[34m2026-10-07 12:48:02.561 UTC 0004 INFO[0m [grpc] [34;1mAddTraceEvent[0m -> [core] [Channel #1]Channel authority set to "localhost:9051"
[34m2026-10-07 12:48:02.561 UTC 0005 INFO[0m [grpc] [34;1mAddTraceEvent[0m -> [core] [Channel #1]Resolver state updated: {
  "Addresses": [
    {
      "Addr": "localhost:9051",
      "ServerName": "",
      "Attributes": null,
      "BalancerAttributes": null,
      "Metadata": null
    }
  ],
  "Endpoints": [
    {
      "Addresses": [
        {
          "Addr": "localhost:9051",
          "ServerName": "",
          "Attributes": null,
          "BalancerAttributes": null,
          "Metadata": null
        }
      ],
      "Attributes": null
    }
  ],
  "ServiceConfig": null,
  "Attributes": null
} (resolver returned new addresses)
[34m2026-10-07 12:48:02.561 UTC 0006 INFO[0m [grpc] [34;1mAddTraceEvent[0m -> [core] [Channel #1]Channel switches to new LB policy "pick_first"
[34m2026-10-07 12:48:02.561 UTC 0007 INFO[0m [grpc] [34;1mInfof[0m -> [pick-first-lb] [pick-first-lb 0xc00025f440] Received new config {
  "shuffleAddressList": false
}, resolver state {
  "Addresses": [
    {
      "Addr": "localhost:9051",
      "ServerName": "",
      "Attributes": null,
      "BalancerAttributes": null,
      "Metadata": null
    }
  ],
  "Endpoints": [
    {
      "Addresses": [
        {
          "Addr": "localhost:9051",
          "ServerName": "",
          "Attributes": null,
          "BalancerAttributes": null,
          "Metadata": null
        }
      ],
      "Attributes": null
    }
  ],
  "ServiceConfig": null,
  "Attributes": null
}
[34m2026-10-07 12:48:02.561 UTC 0008 INFO[0m [grpc] [34;1mAddTraceEvent[0m -> [core] [Channel #1 SubChannel #2]Subchannel created
[34m2026-10-07 12:48:02.561 UTC 0009 INFO[0m [grpc] [34;1mAddTraceEvent[0m -> [core] [Channel #1]Channel Connectivity change to CONNECTING
[34m2026-10-07 12:48:02.562 UTC 000a INFO[0m [grpc] [34;1mAddTraceEvent[0m -> [core] [Channel #1]Channel exiting idle mode
[34m2026-10-07 12:48:02.562 UTC 000b INFO[0m [grpc] [34;1mAddTraceEvent[0m -> [core] [Channel #1 SubChannel #2]Subchannel Connectivity change to CONNECTING
[34m2026-10-07 12:48:02.562 UTC 000c INFO[0m [grpc] [34;1mAddTraceEvent[0m -> [core] [Channel #1 SubChannel #2]Subchannel picks a new address "localhost:9051" to connect
[34m2026-10-07 12:48:02.562 UTC 000d INFO[0m [grpc] [34;1mInfof[0m -> [pick-first-lb] [pick-first-lb 0xc00025f440] Received SubConn state update: 0xc00025f530, {ConnectivityState:CONNECTING ConnectionError:<nil> connectedAddress:{Addr: ServerName: Attributes:<nil> BalancerAttributes:<nil> Metadata:<nil>}}
[34m2026-10-07 12:48:02.563 UTC 000e INFO[0m [grpc] [34;1mAddTraceEvent[0m -> [core] [Channel #1 SubChannel #2]Subchannel Connectivity change to READY
[34m2026-10-07 12:48:02.564 UTC 000f INFO[0m [grpc] [34;1mInfof[0m -> [pick-first-lb] [pick-first-lb 0xc00025f440] Received SubConn state update: 0xc00025f530, {ConnectivityState:READY ConnectionError:<nil> connectedAddress:{Addr:localhost:9051 ServerName:localhost:9051 Attributes:<nil> BalancerAttributes:<nil> Metadata:<nil>}}
[34m2026-10-07 12:48:02.564 UTC 0010 INFO[0m [grpc] [34;1mAddTraceEvent[0m -> [core] [Channel #1]Channel Connectivity change to READY
[34m2026-10-07 12:48:02.564 UTC 0011 INFO[0m [grpc] [34;1mInfof[0m -> [core] original dial target is: "localhost:9051"
[34m2026-10-07 12:48:02.564 UTC 0012 INFO[0m [grpc] [34;1mAddTraceEvent[0m -> [core] [Channel #4]Channel created
[34m2026-10-07 12:48:02.564 UTC 0013 INFO[0m [grpc] [34;1mAddTraceEvent[0m -> [core] [Channel #4]parsed dial target is: resolver.Target{URL:url.URL{Scheme:"passthrough", Opaque:"", User:(*url.Userinfo)(nil), Host:"", Path:"/localhost:9051", RawPath:"", OmitHost:false, ForceQuery:false, RawQuery:"", Fragment:"", RawFragment:""}}
[34m2026-10-07 12:48:02.564 UTC 0014 INFO[0m [grpc] [34;1mAddTraceEvent[0m -> [core] [Channel #4]Channel authority set to "localhost:9051"
[34m2026-10-07 12:48:02.564 UTC 0015 INFO[0m [grpc] [34;1mAddTraceEvent[0m -> [core] [Channel #4]Resolver state updated: {
  "Addresses": [
    {
      "Addr": "localhost:9051",
      "ServerName": "",
      "Attributes": null,
      "BalancerAttributes": null,
      "Metadata": null
    }
  ],
  "Endpoints": [
    {
      "Addresses": [
        {
          "Addr": "localhost:9051",
          "ServerName": "",
          "Attributes": null,
          "BalancerAttributes": null,
          "Metadata": null
        }
      ],
      "Attributes": null
    }
  ],
  "ServiceConfig": null,
  "Attributes": null
} (resolver returned new addresses)
[34m2026-10-07 12:48:02.564 UTC 0016 INFO[0m [grpc] [34;1mAddTraceEvent[0m -> [core] [Channel #4]Channel switches to new LB policy "pick_first"
[34m2026-10-07 12:48:02.564 UTC 0017 INFO[0m [grpc] [34;1mInfof[0m -> [pick-first-lb] [pick-first-lb 0xc0002333b0] Received new config {
  "shuffleAddressList": false
}, resolver state {
  "Addresses": [
    {
      "Addr": "localhost:9051",
      "ServerName": "",
      "Attributes": null,
      "BalancerAttributes": null,
      "Metadata": null
    }
  ],
  "Endpoints": [
    {
      "Addresses": [
        {
          "Addr": "localhost:9051",
          "ServerName": "",
          "Attributes": null,
          "BalancerAttributes": null,
          "Metadata": null
        }
      ],
      "Attributes": null
    }
  ],
  "ServiceConfig": null,
  "Attributes": null
}
[34m2026-10-07 12:48:02.564 UTC 0018 INFO[0m [grpc] [34;1mAddTraceEvent[0m -> [core] [Channel #4 SubChannel #5]Subchannel created
[34m2026-10-07 12:48:02.564 UTC 0019 INFO[0m [grpc] [34;1mAddTraceEvent[0m -> [core] [Channel #4]Channel Connectivity change to CONNECTING
[34m2026-10-07 12:48:02.564 UTC 001a INFO[0m [grpc] [34;1mAddTraceEvent[0m -> [core] [Channel #4]Channel exiting idle mode
[34m2026-10-07 12:48:02.564 UTC 001b INFO[0m [grpc] [34;1mAddTraceEvent[0m -> [core] [Channel #4 SubChannel #5]Subchannel Connectivity change to CONNECTING
[34m2026-10-07 12:48:02.564 UTC 001c INFO[0m [grpc] [34;1mAddTraceEvent[0m -> [core] [Channel #4 SubChannel #5]Subchannel picks a new address "localhost:9051" to connect
[34m2026-10-07 12:48:02.564 UTC 001d INFO[0m [grpc] [34;1mInfof[0m -> [pick-first-lb] [pick-first-lb 0xc0002333b0] Received SubConn state update: 0xc000233410, {ConnectivityState:CONNECTING ConnectionError:<nil> connectedAddress:{Addr: ServerName: Attributes:<nil> BalancerAttributes:<nil> Metadata:<nil>}}
[34m2026-10-07 12:48:02.566 UTC 001e INFO[0m [grpc] [34;1mAddTraceEvent[0m -> [core] [Channel #4 SubChannel #5]Subchannel Connectivity change to READY
[34m2026-10-07 12:48:02.566 UTC 001f INFO[0m [grpc] [34;1mInfof[0m -> [pick-first-lb] [pick-first-lb 0xc0002333b0] Received SubConn state update: 0xc000233410, {ConnectivityState:READY ConnectionError:<nil> connectedAddress:{Addr:localhost:9051 ServerName:localhost:9051 Attributes:<nil> BalancerAttributes:<nil> Metadata:<nil>}}
[34m2026-10-07 12:48:02.566 UTC 0020 INFO[0m [grpc] [34;1mAddTraceEvent[0m -> [core] [Channel #4]Channel Connectivity change to READY
[33m2026-10-07 12:48:02.566 UTC 0021 WARN[0m [grpc] [33;1mWarningf[0m -> [core] Adjusting keepalive ping interval to minimum period of 10s
[34m2026-10-07 12:48:02.566 UTC 0022 INFO[0m [grpc] [34;1mInfof[0m -> [core] original dial target is: "localhost:7050"
[34m2026-10-07 12:48:02.566 UTC 0023 INFO[0m [grpc] [34;1mAddTraceEvent[0m -> [core] [Channel #7]Channel created
[34m2026-10-07 12:48:02.566 UTC 0024 INFO[0m [grpc] [34;1mAddTraceEvent[0m -> [core] [Channel #7]parsed dial target is: resolver.Target{URL:url.URL{Scheme:"passthrough", Opaque:"", User:(*url.Userinfo)(nil), Host:"", Path:"/localhost:7050", RawPath:"", OmitHost:false, ForceQuery:false, RawQuery:"", Fragment:"", RawFragment:""}}
[34m2026-10-07 12:48:02.566 UTC 0025 INFO[0m [grpc] [34;1mAddTraceEvent[0m -> [core] [Channel #7]Channel authority set to "orderer.example.com"
[34m2026-10-07 12:48:02.566 UTC 0026 INFO[0m [grpc] [34;1mAddTraceEvent[0m -> [core] [Channel #7]Resolver state updated: {
  "Addresses": [
    {
      "Addr": "localhost:7050",
      "ServerName": "",
      "Attributes": null,
      "BalancerAttributes": null,
      "Metadata": null
    }
  ],
  "Endpoints": [
    {
      "Addresses": [
        {
          "Addr": "localhost:7050",
          "ServerName": "",
          "Attributes": null,
          "BalancerAttributes": null,
          "Metadata": null
        }
      ],
      "Attributes": null
    }
  ],
  "ServiceConfig": null,
  "Attributes": null
} (resolver returned new addresses)
[34m2026-10-07 12:48:02.566 UTC 0027 INFO[0m [grpc] [34;1mAddTraceEvent[0m -> [core] [Channel #7]Channel switches to new LB policy "pick_first"
[34m2026-10-07 12:48:02.566 UTC 0028 INFO[0m [grpc] [34;1mInfof[0m -> [pick-first-lb] [pick-first-lb 0xc000233770] Received new config {
  "shuffleAddressList": false
}, resolver state {
  "Addresses": [
    {
      "Addr": "localhost:7050",
      "ServerName": "",
      "Attributes": null,
      "BalancerAttributes": null,
      "Metadata": null
    }
  ],
  "Endpoints": [
    {
      "Addresses": [
        {
          "Addr": "localhost:7050",
          "ServerName": "",
          "Attributes": null,
          "BalancerAttributes": null,
          "Metadata": null
        }
      ],
      "Attributes": null
    }
  ],
  "ServiceConfig": null,
  "Attributes": null
}
[34m2026-10-07 12:48:02.566 UTC 0029 INFO[0m [grpc] [34;1mAddTraceEvent[0m -> [core] [Channel #7 SubChannel #8]Subchannel created
[34m2026-10-07 12:48:02.566 UTC 002a INFO[0m [grpc] [34;1mAddTraceEvent[0m -> [core] [Channel #7]Channel Connectivity change to CONNECTING
[34m2026-10-07 12:48:02.567 UTC 002b INFO[0m [grpc] [34;1mAddTraceEvent[0m -> [core] [Channel #7]Channel exiting idle mode
[34m2026-10-07 12:48:02.567 UTC 002c INFO[0m [grpc] [34;1mAddTraceEvent[0m -> [core] [Channel #7 SubChannel #8]Subchannel Connectivity change to CONNECTING
[34m2026-10-07 12:48:02.567 UTC 002d INFO[0m [grpc] [34;1mAddTraceEvent[0m -> [core] [Channel #7 SubChannel #8]Subchannel picks a new address "localhost:7050" to connect
[34m2026-10-07 12:48:02.567 UTC 002e INFO[0m [grpc] [34;1mInfof[0m -> [pick-first-lb] [pick-first-lb 0xc000233770] Received SubConn state update: 0xc00036cab0, {ConnectivityState:CONNECTING ConnectionError:<nil> connectedAddress:{Addr: ServerName: Attributes:<nil> BalancerAttributes:<nil> Metadata:<nil>}}
[34m2026-10-07 12:48:02.569 UTC 002f INFO[0m [grpc] [34;1mAddTraceEvent[0m -> [core] [Channel #7 SubChannel #8]Subchannel Connectivity change to READY
[34m2026-10-07 12:48:02.569 UTC 0030 INFO[0m [grpc] [34;1mInfof[0m -> [pick-first-lb] [pick-first-lb 0xc000233770] Received SubConn state update: 0xc00036cab0, {ConnectivityState:READY ConnectionError:<nil> connectedAddress:{Addr:localhost:7050 ServerName:orderer.example.com Attributes:<nil> BalancerAttributes:<nil> Metadata:<nil>}}
[34m2026-10-07 12:48:02.569 UTC 0031 INFO[0m [grpc] [34;1mAddTraceEvent[0m -> [core] [Channel #7]Channel Connectivity change to READY
[34m2026-10-07 12:48:02.780 UTC 0032 INFO[0m [chaincodeCmd] [34;1mClientWait[0m -> txid [0a8b3ad27340da83c46369190b465507bef22e2288b681762966f9cc8b5db82a] committed with status (VALID) at localhost:9051
[0;32mChaincode definition approved on peer0.org2 on channel 'mychannel'[0m
[0;34mUsing organization 1[0m
[0;34mChecking the commit readiness of the chaincode definition on peer0.org1 on channel 'mychannel'...[0m
[0;34mAttempting to check the commit readiness of the chaincode definition on peer0.org1, Retry after 3 seconds.[0m
+ peer lifecycle chaincode checkcommitreadiness --channelID mychannel --name bzt --version 1.0 --sequence 1 --output json
+ res=0
[34m2026-10-07 12:48:05.826 UTC 0001 INFO[0m [grpc] [34;1mInfof[0m -> [core] original dial target is: "localhost:7051"
[34m2026-10-07 12:48:05.826 UTC 0002 INFO[0m [grpc] [34;1mAddTraceEvent[0m -> [core] [Channel #1]Channel created
[34m2026-10-07 12:48:05.826 UTC 0003 INFO[0m [grpc] [34;1mAddTraceEvent[0m -> [core] [Channel #1]parsed dial target is: resolver.Target{URL:url.URL{Scheme:"passthrough", Opaque:"", User:(*url.Userinfo)(nil), Host:"", Path:"/localhost:7051", RawPath:"", OmitHost:false, ForceQuery:false, RawQuery:"", Fragment:"", RawFragment:""}}
[34m2026-10-07 12:48:05.826 UTC 0004 INFO[0m [grpc] [34;1mAddTraceEvent[0m -> [core] [Channel #1]Channel authority set to "localhost:7051"
[34m2026-10-07 12:48:05.826 UTC 0005 INFO[0m [grpc] [34;1mAddTraceEvent[0m -> [core] [Channel #1]Resolver state updated: {
  "Addresses": [
    {
      "Addr": "localhost:7051",
      "ServerName": "",
      "Attributes": null,
      "BalancerAttributes": null,
      "Metadata": null
    }
  ],
  "Endpoints": [
    {
      "Addresses": [
        {
          "Addr": "localhost:7051",
          "ServerName": "",
          "Attributes": null,
          "BalancerAttributes": null,
          "Metadata": null
        }
      ],
      "Attributes": null
    }
  ],
  "ServiceConfig": null,
  "Attributes": null
} (resolver returned new addresses)
[34m2026-10-07 12:48:05.826 UTC 0006 INFO[0m [grpc] [34;1mAddTraceEvent[0m -> [core] [Channel #1]Channel switches to new LB policy "pick_first"
[34m2026-10-07 12:48:05.826 UTC 0007 INFO[0m [grpc] [34;1mInfof[0m -> [pick-first-lb] [pick-first-lb 0xc0004d0450] Received new config {
  "shuffleAddressList": false
}, resolver state {
  "Addresses": [
    {
      "Addr": "localhost:7051",
      "ServerName": "",
      "Attributes": null,
      "BalancerAttributes": null,
      "Metadata": null
    }
  ],
  "Endpoints": [
    {
      "Addresses": [
        {
          "Addr": "localhost:7051",
          "ServerName": "",
          "Attributes": null,
          "BalancerAttributes": null,
          "Metadata": null
        }
      ],
      "Attributes": null
    }
  ],
  "ServiceConfig": null,
  "Attributes": null
}
[34m2026-10-07 12:48:05.826 UTC 0008 INFO[0m [grpc] [34;1mAddTraceEvent[0m -> [core] [Channel #1 SubChannel #2]Subchannel created
[34m2026-10-07 12:48:05.826 UTC 0009 INFO[0m [grpc] [34;1mAddTraceEvent[0m -> [core] [Channel #1]Channel Connectivity change to CONNECTING
[34m2026-10-07 12:48:05.826 UTC 000a INFO[0m [grpc] [34;1mAddTraceEvent[0m -> [core] [Channel #1]Channel exiting idle mode
[34m2026-10-07 12:48:05.826 UTC 000b INFO[0m [grpc] [34;1mAddTraceEvent[0m -> [core] [Channel #1 SubChannel #2]Subchannel Connectivity change to CONNECTING
[34m2026-10-07 12:48:05.826 UTC 000c INFO[0m [grpc] [34;1mAddTraceEvent[0m -> [core] [Channel #1 SubChannel #2]Subchannel picks a new address "localhost:7051" to connect
[34m2026-10-07 12:48:05.826 UTC 000d INFO[0m [grpc] [34;1mInfof[0m -> [pick-first-lb] [pick-first-lb 0xc0004d0450] Received SubConn state update: 0xc0004d04e0, {ConnectivityState:CONNECTING ConnectionError:<nil> connectedAddress:{Addr: ServerName: Attributes:<nil> BalancerAttributes:<nil> Metadata:<nil>}}
[34m2026-10-07 12:48:05.828 UTC 000e INFO[0m [grpc] [34;1mAddTraceEvent[0m -> [core] [Channel #1 SubChannel #2]Subchannel Connectivity change to READY
[34m2026-10-07 12:48:05.828 UTC 000f INFO[0m [grpc] [34;1mInfof[0m -> [pick-first-lb] [pick-first-lb 0xc0004d0450] Received SubConn state update: 0xc0004d04e0, {ConnectivityState:READY ConnectionError:<nil> connectedAddress:{Addr:localhost:7051 ServerName:localhost:7051 Attributes:<nil> BalancerAttributes:<nil> Metadata:<nil>}}
[34m2026-10-07 12:48:05.828 UTC 0010 INFO[0m [grpc] [34;1mAddTraceEvent[0m -> [core] [Channel #1]Channel Connectivity change to READY
[34m2026-10-07 12:48:05.828 UTC 0011 INFO[0m [grpc] [34;1mInfof[0m -> [core] original dial target is: "localhost:7051"
[34m2026-10-07 12:48:05.828 UTC 0012 INFO[0m [grpc] [34;1mAddTraceEvent[0m -> [core] [Channel #4]Channel created
[34m2026-10-07 12:48:05.828 UTC 0013 INFO[0m [grpc] [34;1mAddTraceEvent[0m -> [core] [Channel #4]parsed dial target is: resolver.Target{URL:url.URL{Scheme:"passthrough", Opaque:"", User:(*url.Userinfo)(nil), Host:"", Path:"/localhost:7051", RawPath:"", OmitHost:false, ForceQuery:false, RawQuery:"", Fragment:"", RawFragment:""}}
[34m2026-10-07 12:48:05.828 UTC 0014 INFO[0m [grpc] [34;1mAddTraceEvent[0m -> [core] [Channel #4]Channel authority set to "localhost:7051"
[34m2026-10-07 12:48:05.829 UTC 0015 INFO[0m [grpc] [34;1mAddTraceEvent[0m -> [core] [Channel #4]Resolver state updated: {
  "Addresses": [
    {
      "Addr": "localhost:7051",
      "ServerName": "",
      "Attributes": null,
      "BalancerAttributes": null,
      "Metadata": null
    }
  ],
  "Endpoints": [
    {
      "Addresses": [
        {
          "Addr": "localhost:7051",
          "ServerName": "",
          "Attributes": null,
          "BalancerAttributes": null,
          "Metadata": null
        }
      ],
      "Attributes": null
    }
  ],
  "ServiceConfig": null,
  "Attributes": null
} (resolver returned new addresses)
[34m2026-10-07 12:48:05.829 UTC 0016 INFO[0m [grpc] [34;1mAddTraceEvent[0m -> [core] [Channel #4]Channel switches to new LB policy "pick_first"
[34m2026-10-07 12:48:05.829 UTC 0017 INFO[0m [grpc] [34;1mInfof[0m -> [pick-first-lb] [pick-first-lb 0xc0003868d0] Received new config {
  "shuffleAddressList": false
}, resolver state {
  "Addresses": [
    {
      "Addr": "localhost:7051",
      "ServerName": "",
      "Attributes": null,
      "BalancerAttributes": null,
      "Metadata": null
    }
  ],
  "Endpoints": [
    {
      "Addresses": [
        {
          "Addr": "localhost:7051",
          "ServerName": "",
          "Attributes": null,
          "BalancerAttributes": null,
          "Metadata": null
        }
      ],
      "Attributes": null
    }
  ],
  "ServiceConfig": null,
  "Attributes": null
}
[34m2026-10-07 12:48:05.829 UTC 0018 INFO[0m [grpc] [34;1mAddTraceEvent[0m -> [core] [Channel #4 SubChannel #5]Subchannel created
[34m2026-10-07 12:48:05.829 UTC 0019 INFO[0m [grpc] [34;1mAddTraceEvent[0m -> [core] [Channel #4]Channel Connectivity change to CONNECTING
[34m2026-10-07 12:48:05.829 UTC 001a INFO[0m [grpc] [34;1mAddTraceEvent[0m -> [core] [Channel #4]Channel exiting idle mode
[34m2026-10-07 12:48:05.829 UTC 001b INFO[0m [grpc] [34;1mAddTraceEvent[0m -> [core] [Channel #4 SubChannel #5]Subchannel Connectivity change to CONNECTING
[34m2026-10-07 12:48:05.829 UTC 001c INFO[0m [grpc] [34;1mAddTraceEvent[0m -> [core] [Channel #4 SubChannel #5]Subchannel picks a new address "localhost:7051" to connect
[34m2026-10-07 12:48:05.829 UTC 001d INFO[0m [grpc] [34;1mInfof[0m -> [pick-first-lb] [pick-first-lb 0xc0003868d0] Received SubConn state update: 0xc000386930, {ConnectivityState:CONNECTING ConnectionError:<nil> connectedAddress:{Addr: ServerName: Attributes:<nil> BalancerAttributes:<nil> Metadata:<nil>}}
[34m2026-10-07 12:48:05.830 UTC 001e INFO[0m [grpc] [34;1mAddTraceEvent[0m -> [core] [Channel #4 SubChannel #5]Subchannel Connectivity change to READY
[34m2026-10-07 12:48:05.831 UTC 001f INFO[0m [grpc] [34;1mInfof[0m -> [pick-first-lb] [pick-first-lb 0xc0003868d0] Received SubConn state update: 0xc000386930, {ConnectivityState:READY ConnectionError:<nil> connectedAddress:{Addr:localhost:7051 ServerName:localhost:7051 Attributes:<nil> BalancerAttributes:<nil> Metadata:<nil>}}
[34m2026-10-07 12:48:05.831 UTC 0020 INFO[0m [grpc] [34;1mAddTraceEvent[0m -> [core] [Channel #4]Channel Connectivity change to READY
{
	"approvals": {
		"Org1MSP": true,
		"Org2MSP": true
	}
}
[0;34mChecking the commit readiness of the chaincode definition successful on peer0.org1 on channel 'mychannel'[0m
[0;34mUsing organization 2[0m
[0;34mChecking the commit readiness of the chaincode definition on peer0.org2 on channel 'mychannel'...[0m
[0;34mAttempting to check the commit readiness of the chaincode definition on peer0.org2, Retry after 3 seconds.[0m
+ peer lifecycle chaincode checkcommitreadiness --channelID mychannel --name bzt --version 1.0 --sequence 1 --output json
+ res=0
[34m2026-10-07 12:48:08.882 UTC 0001 INFO[0m [grpc] [34;1mInfof[0m -> [core] original dial target is: "localhost:9051"
[34m2026-10-07 12:48:08.882 UTC 0002 INFO[0m [grpc] [34;1mAddTraceEvent[0m -> [core] [Channel #1]Channel created
[34m2026-10-07 12:48:08.882 UTC 0003 INFO[0m [grpc] [34;1mAddTraceEvent[0m -> [core] [Channel #1]parsed dial target is: resolver.Target{URL:url.URL{Scheme:"passthrough", Opaque:"", User:(*url.Userinfo)(nil), Host:"", Path:"/localhost:9051", RawPath:"", OmitHost:false, ForceQuery:false, RawQuery:"", Fragment:"", RawFragment:""}}
[34m2026-10-07 12:48:08.882 UTC 0004 INFO[0m [grpc] [34;1mAddTraceEvent[0m -> [core] [Channel #1]Channel authority set to "localhost:9051"
[34m2026-10-07 12:48:08.882 UTC 0005 INFO[0m [grpc] [34;1mAddTraceEvent[0m -> [core] [Channel #1]Resolver state updated: {
  "Addresses": [
    {
      "Addr": "localhost:9051",
      "ServerName": "",
      "Attributes": null,
      "BalancerAttributes": null,
      "Metadata": null
    }
  ],
  "Endpoints": [
    {
      "Addresses": [
        {
          "Addr": "localhost:9051",
          "ServerName": "",
          "Attributes": null,
          "BalancerAttributes": null,
          "Metadata": null
        }
      ],
      "Attributes": null
    }
  ],
  "ServiceConfig": null,
  "Attributes": null
} (resolver returned new addresses)
[34m2026-10-07 12:48:08.882 UTC 0006 INFO[0m [grpc] [34;1mAddTraceEvent[0m -> [core] [Channel #1]Channel switches to new LB policy "pick_first"
[34m2026-10-07 12:48:08.882 UTC 0007 INFO[0m [grpc] [34;1mInfof[0m -> [pick-first-lb] [pick-first-lb 0xc000412810] Received new config {
  "shuffleAddressList": false
}, resolver state {
  "Addresses": [
    {
      "Addr": "localhost:9051",
      "ServerName": "",
      "Attributes": null,
      "BalancerAttributes": null,
      "Metadata": null
    }
  ],
  "Endpoints": [
    {
      "Addresses": [
        {
          "Addr": "localhost:9051",
          "ServerName": "",
          "Attributes": null,
          "BalancerAttributes": null,
          "Metadata": null
        }
      ],
      "Attributes": null
    }
  ],
  "ServiceConfig": null,
  "Attributes": null
}
[34m2026-10-07 12:48:08.882 UTC 0008 INFO[0m [grpc] [34;1mAddTraceEvent[0m -> [core] [Channel #1 SubChannel #2]Subchannel created
[34m2026-10-07 12:48:08.882 UTC 0009 INFO[0m [grpc] [34;1mAddTraceEvent[0m -> [core] [Channel #1]Channel Connectivity change to CONNECTING
[34m2026-10-07 12:48:08.882 UTC 000a INFO[0m [grpc] [34;1mAddTraceEvent[0m -> [core] [Channel #1]Channel exiting idle mode
[34m2026-10-07 12:48:08.882 UTC 000b INFO[0m [grpc] [34;1mAddTraceEvent[0m -> [core] [Channel #1 SubChannel #2]Subchannel Connectivity change to CONNECTING
[34m2026-10-07 12:48:08.882 UTC 000c INFO[0m [grpc] [34;1mAddTraceEvent[0m -> [core] [Channel #1 SubChannel #2]Subchannel picks a new address "localhost:9051" to connect
[34m2026-10-07 12:48:08.882 UTC 000d INFO[0m [grpc] [34;1mInfof[0m -> [pick-first-lb] [pick-first-lb 0xc000412810] Received SubConn state update: 0xc0004128a0, {ConnectivityState:CONNECTING ConnectionError:<nil> connectedAddress:{Addr: ServerName: Attributes:<nil> BalancerAttributes:<nil> Metadata:<nil>}}
[34m2026-10-07 12:48:08.885 UTC 000e INFO[0m [grpc] [34;1mAddTraceEvent[0m -> [core] [Channel #1 SubChannel #2]Subchannel Connectivity change to READY
[34m2026-10-07 12:48:08.885 UTC 000f INFO[0m [grpc] [34;1mInfof[0m -> [pick-first-lb] [pick-first-lb 0xc000412810] Received SubConn state update: 0xc0004128a0, {ConnectivityState:READY ConnectionError:<nil> connectedAddress:{Addr:localhost:9051 ServerName:localhost:9051 Attributes:<nil> BalancerAttributes:<nil> Metadata:<nil>}}
[34m2026-10-07 12:48:08.885 UTC 0010 INFO[0m [grpc] [34;1mAddTraceEvent[0m -> [core] [Channel #1]Channel Connectivity change to READY
[34m2026-10-07 12:48:08.885 UTC 0011 INFO[0m [grpc] [34;1mInfof[0m -> [core] original dial target is: "localhost:9051"
[34m2026-10-07 12:48:08.885 UTC 0012 INFO[0m [grpc] [34;1mAddTraceEvent[0m -> [core] [Channel #4]Channel created
[34m2026-10-07 12:48:08.885 UTC 0013 INFO[0m [grpc] [34;1mAddTraceEvent[0m -> [core] [Channel #4]parsed dial target is: resolver.Target{URL:url.URL{Scheme:"passthrough", Opaque:"", User:(*url.Userinfo)(nil), Host:"", Path:"/localhost:9051", RawPath:"", OmitHost:false, ForceQuery:false, RawQuery:"", Fragment:"", RawFragment:""}}
[34m2026-10-07 12:48:08.885 UTC 0014 INFO[0m [grpc] [34;1mAddTraceEvent[0m -> [core] [Channel #4]Channel authority set to "localhost:9051"
[34m2026-10-07 12:48:08.885 UTC 0015 INFO[0m [grpc] [34;1mAddTraceEvent[0m -> [core] [Channel #4]Resolver state updated: {
  "Addresses": [
    {
      "Addr": "localhost:9051",
      "ServerName": "",
      "Attributes": null,
      "BalancerAttributes": null,
      "Metadata": null
    }
  ],
  "Endpoints": [
    {
      "Addresses": [
        {
          "Addr": "localhost:9051",
          "ServerName": "",
          "Attributes": null,
          "BalancerAttributes": null,
          "Metadata": null
        }
      ],
      "Attributes": null
    }
  ],
  "ServiceConfig": null,
  "Attributes": null
} (resolver returned new addresses)
[34m2026-10-07 12:48:08.885 UTC 0016 INFO[0m [grpc] [34;1mAddTraceEvent[0m -> [core] [Channel #4]Channel switches to new LB policy "pick_first"
[34m2026-10-07 12:48:08.885 UTC 0017 INFO[0m [grpc] [34;1mInfof[0m -> [pick-first-lb] [pick-first-lb 0xc0004c28d0] Received new config {
  "shuffleAddressList": false
}, resolver state {
  "Addresses": [
    {
      "Addr": "localhost:9051",
      "ServerName": "",
      "Attributes": null,
      "BalancerAttributes": null,
      "Metadata": null
    }
  ],
  "Endpoints": [
    {
      "Addresses": [
        {
          "Addr": "localhost:9051",
          "ServerName": "",
          "Attributes": null,
          "BalancerAttributes": null,
          "Metadata": null
        }
      ],
      "Attributes": null
    }
  ],
  "ServiceConfig": null,
  "Attributes": null
}
[34m2026-10-07 12:48:08.885 UTC 0018 INFO[0m [grpc] [34;1mAddTraceEvent[0m -> [core] [Channel #4 SubChannel #5]Subchannel created
[34m2026-10-07 12:48:08.885 UTC 0019 INFO[0m [grpc] [34;1mAddTraceEvent[0m -> [core] [Channel #4]Channel Connectivity change to CONNECTING
[34m2026-10-07 12:48:08.885 UTC 001a INFO[0m [grpc] [34;1mAddTraceEvent[0m -> [core] [Channel #4]Channel exiting idle mode
[34m2026-10-07 12:48:08.885 UTC 001b INFO[0m [grpc] [34;1mAddTraceEvent[0m -> [core] [Channel #4 SubChannel #5]Subchannel Connectivity change to CONNECTING
[34m2026-10-07 12:48:08.885 UTC 001c INFO[0m [grpc] [34;1mAddTraceEvent[0m -> [core] [Channel #4 SubChannel #5]Subchannel picks a new address "localhost:9051" to connect
[34m2026-10-07 12:48:08.885 UTC 001d INFO[0m [grpc] [34;1mInfof[0m -> [pick-first-lb] [pick-first-lb 0xc0004c28d0] Received SubConn state update: 0xc0004c2930, {ConnectivityState:CONNECTING ConnectionError:<nil> connectedAddress:{Addr: ServerName: Attributes:<nil> BalancerAttributes:<nil> Metadata:<nil>}}
[34m2026-10-07 12:48:08.887 UTC 001e INFO[0m [grpc] [34;1mAddTraceEvent[0m -> [core] [Channel #4 SubChannel #5]Subchannel Connectivity change to READY
[34m2026-10-07 12:48:08.887 UTC 001f INFO[0m [grpc] [34;1mInfof[0m -> [pick-first-lb] [pick-first-lb 0xc0004c28d0] Received SubConn state update: 0xc0004c2930, {ConnectivityState:READY ConnectionError:<nil> connectedAddress:{Addr:localhost:9051 ServerName:localhost:9051 Attributes:<nil> BalancerAttributes:<nil> Metadata:<nil>}}
[34m2026-10-07 12:48:08.887 UTC 0020 INFO[0m [grpc] [34;1mAddTraceEvent[0m -> [core] [Channel #4]Channel Connectivity change to READY
{
	"approvals": {
		"Org1MSP": true,
		"Org2MSP": true
	}
}
[0;34mChecking the commit readiness of the chaincode definition successful on peer0.org2 on channel 'mychannel'[0m
[0;34mUsing organization 1[0m
[0;34mUsing organization 2[0m
+ peer lifecycle chaincode commit -o localhost:7050 --ordererTLSHostnameOverride orderer.example.com --tls --cafile /home/runner/work/bzt-id-experiments/bzt-id-experiments/fabric-samples/test-network/organizations/ordererOrganizations/example.com/tlsca/tlsca.example.com-cert.pem --channelID mychannel --name bzt --peerAddresses localhost:7051 --tlsRootCertFiles /home/runner/work/bzt-id-experiments/bzt-id-experiments/fabric-samples/test-network/organizations/peerOrganizations/org1.example.com/tlsca/tlsca.org1.example.com-cert.pem --peerAddresses localhost:9051 --tlsRootCertFiles /home/runner/work/bzt-id-experiments/bzt-id-experiments/fabric-samples/test-network/organizations/peerOrganizations/org2.example.com/tlsca/tlsca.org2.example.com-cert.pem --version 1.0 --sequence 1
+ res=0
[34m2026-10-07 12:48:08.936 UTC 0001 INFO[0m [grpc] [34;1mInfof[0m -> [core] original dial target is: "localhost:7051"
[34m2026-10-07 12:48:08.936 UTC 0002 INFO[0m [grpc] [34;1mAddTraceEvent[0m -> [core] [Channel #1]Channel created
[34m2026-10-07 12:48:08.936 UTC 0003 INFO[0m [grpc] [34;1mAddTraceEvent[0m -> [core] [Channel #1]parsed dial target is: resolver.Target{URL:url.URL{Scheme:"passthrough", Opaque:"", User:(*url.Userinfo)(nil), Host:"", Path:"/localhost:7051", RawPath:"", OmitHost:false, ForceQuery:false, RawQuery:"", Fragment:"", RawFragment:""}}
[34m2026-10-07 12:48:08.936 UTC 0004 INFO[0m [grpc] [34;1mAddTraceEvent[0m -> [core] [Channel #1]Channel authority set to "localhost:7051"
[34m2026-10-07 12:48:08.936 UTC 0005 INFO[0m [grpc] [34;1mAddTraceEvent[0m -> [core] [Channel #1]Resolver state updated: {
  "Addresses": [
    {
      "Addr": "localhost:7051",
      "ServerName": "",
      "Attributes": null,
      "BalancerAttributes": null,
      "Metadata": null
    }
  ],
  "Endpoints": [
    {
      "Addresses": [
        {
          "Addr": "localhost:7051",
          "ServerName": "",
          "Attributes": null,
          "BalancerAttributes": null,
          "Metadata": null
        }
      ],
      "Attributes": null
    }
  ],
  "ServiceConfig": null,
  "Attributes": null
} (resolver returned new addresses)
[34m2026-10-07 12:48:08.936 UTC 0006 INFO[0m [grpc] [34;1mAddTraceEvent[0m -> [core] [Channel #1]Channel switches to new LB policy "pick_first"
[34m2026-10-07 12:48:08.936 UTC 0007 INFO[0m [grpc] [34;1mInfof[0m -> [pick-first-lb] [pick-first-lb 0xc000332480] Received new config {
  "shuffleAddressList": false
}, resolver state {
  "Addresses": [
    {
      "Addr": "localhost:7051",
      "ServerName": "",
      "Attributes": null,
      "BalancerAttributes": null,
      "Metadata": null
    }
  ],
  "Endpoints": [
    {
      "Addresses": [
        {
          "Addr": "localhost:7051",
          "ServerName": "",
          "Attributes": null,
          "BalancerAttributes": null,
          "Metadata": null
        }
      ],
      "Attributes": null
    }
  ],
  "ServiceConfig": null,
  "Attributes": null
}
[34m2026-10-07 12:48:08.936 UTC 0008 INFO[0m [grpc] [34;1mAddTraceEvent[0m -> [core] [Channel #1 SubChannel #2]Subchannel created
[34m2026-10-07 12:48:08.936 UTC 0009 INFO[0m [grpc] [34;1mAddTraceEvent[0m -> [core] [Channel #1]Channel Connectivity change to CONNECTING
[34m2026-10-07 12:48:08.936 UTC 000a INFO[0m [grpc] [34;1mAddTraceEvent[0m -> [core] [Channel #1]Channel exiting idle mode
[34m2026-10-07 12:48:08.936 UTC 000b INFO[0m [grpc] [34;1mAddTraceEvent[0m -> [core] [Channel #1 SubChannel #2]Subchannel Connectivity change to CONNECTING
[34m2026-10-07 12:48:08.936 UTC 000c INFO[0m [grpc] [34;1mAddTraceEvent[0m -> [core] [Channel #1 SubChannel #2]Subchannel picks a new address "localhost:7051" to connect
[34m2026-10-07 12:48:08.936 UTC 000d INFO[0m [grpc] [34;1mInfof[0m -> [pick-first-lb] [pick-first-lb 0xc000332480] Received SubConn state update: 0xc0003328d0, {ConnectivityState:CONNECTING ConnectionError:<nil> connectedAddress:{Addr: ServerName: Attributes:<nil> BalancerAttributes:<nil> Metadata:<nil>}}
[34m2026-10-07 12:48:08.938 UTC 000e INFO[0m [grpc] [34;1mAddTraceEvent[0m -> [core] [Channel #1 SubChannel #2]Subchannel Connectivity change to READY
[34m2026-10-07 12:48:08.938 UTC 000f INFO[0m [grpc] [34;1mInfof[0m -> [pick-first-lb] [pick-first-lb 0xc000332480] Received SubConn state update: 0xc0003328d0, {ConnectivityState:READY ConnectionError:<nil> connectedAddress:{Addr:localhost:7051 ServerName:localhost:7051 Attributes:<nil> BalancerAttributes:<nil> Metadata:<nil>}}
[34m2026-10-07 12:48:08.938 UTC 0010 INFO[0m [grpc] [34;1mAddTraceEvent[0m -> [core] [Channel #1]Channel Connectivity change to READY
[34m2026-10-07 12:48:08.939 UTC 0011 INFO[0m [grpc] [34;1mInfof[0m -> [core] original dial target is: "localhost:7051"
[34m2026-10-07 12:48:08.939 UTC 0012 INFO[0m [grpc] [34;1mAddTraceEvent[0m -> [core] [Channel #4]Channel created
[34m2026-10-07 12:48:08.939 UTC 0013 INFO[0m [grpc] [34;1mAddTraceEvent[0m -> [core] [Channel #4]parsed dial target is: resolver.Target{URL:url.URL{Scheme:"passthrough", Opaque:"", User:(*url.Userinfo)(nil), Host:"", Path:"/localhost:7051", RawPath:"", OmitHost:false, ForceQuery:false, RawQuery:"", Fragment:"", RawFragment:""}}
[34m2026-10-07 12:48:08.939 UTC 0014 INFO[0m [grpc] [34;1mAddTraceEvent[0m -> [core] [Channel #4]Channel authority set to "localhost:7051"
[34m2026-10-07 12:48:08.939 UTC 0015 INFO[0m [grpc] [34;1mAddTraceEvent[0m -> [core] [Channel #4]Resolver state updated: {
  "Addresses": [
    {
      "Addr": "localhost:7051",
      "ServerName": "",
      "Attributes": null,
      "BalancerAttributes": null,
      "Metadata": null
    }
  ],
  "Endpoints": [
    {
      "Addresses": [
        {
          "Addr": "localhost:7051",
          "ServerName": "",
          "Attributes": null,
          "BalancerAttributes": null,
          "Metadata": null
        }
      ],
      "Attributes": null
    }
  ],
  "ServiceConfig": null,
  "Attributes": null
} (resolver returned new addresses)
[34m2026-10-07 12:48:08.939 UTC 0016 INFO[0m [grpc] [34;1mAddTraceEvent[0m -> [core] [Channel #4]Channel switches to new LB policy "pick_first"
[34m2026-10-07 12:48:08.939 UTC 0017 INFO[0m [grpc] [34;1mInfof[0m -> [pick-first-lb] [pick-first-lb 0xc00038b980] Received new config {
  "shuffleAddressList": false
}, resolver state {
  "Addresses": [
    {
      "Addr": "localhost:7051",
      "ServerName": "",
      "Attributes": null,
      "BalancerAttributes": null,
      "Metadata": null
    }
  ],
  "Endpoints": [
    {
      "Addresses": [
        {
          "Addr": "localhost:7051",
          "ServerName": "",
          "Attributes": null,
          "BalancerAttributes": null,
          "Metadata": null
        }
      ],
      "Attributes": null
    }
  ],
  "ServiceConfig": null,
  "Attributes": null
}
[34m2026-10-07 12:48:08.939 UTC 0018 INFO[0m [grpc] [34;1mAddTraceEvent[0m -> [core] [Channel #4 SubChannel #5]Subchannel created
[34m2026-10-07 12:48:08.939 UTC 0019 INFO[0m [grpc] [34;1mAddTraceEvent[0m -> [core] [Channel #4]Channel Connectivity change to CONNECTING
[34m2026-10-07 12:48:08.939 UTC 001a INFO[0m [grpc] [34;1mAddTraceEvent[0m -> [core] [Channel #4]Channel exiting idle mode
[34m2026-10-07 12:48:08.939 UTC 001b INFO[0m [grpc] [34;1mAddTraceEvent[0m -> [core] [Channel #4 SubChannel #5]Subchannel Connectivity change to CONNECTING
[34m2026-10-07 12:48:08.939 UTC 001c INFO[0m [grpc] [34;1mAddTraceEvent[0m -> [core] [Channel #4 SubChannel #5]Subchannel picks a new address "localhost:7051" to connect
[34m2026-10-07 12:48:08.939 UTC 001d INFO[0m [grpc] [34;1mInfof[0m -> [pick-first-lb] [pick-first-lb 0xc00038b980] Received SubConn state update: 0xc00038b9e0, {ConnectivityState:CONNECTING ConnectionError:<nil> connectedAddress:{Addr: ServerName: Attributes:<nil> BalancerAttributes:<nil> Metadata:<nil>}}
[34m2026-10-07 12:48:08.941 UTC 001e INFO[0m [grpc] [34;1mAddTraceEvent[0m -> [core] [Channel #4 SubChannel #5]Subchannel Connectivity change to READY
[34m2026-10-07 12:48:08.941 UTC 001f INFO[0m [grpc] [34;1mInfof[0m -> [pick-first-lb] [pick-first-lb 0xc00038b980] Received SubConn state update: 0xc00038b9e0, {ConnectivityState:READY ConnectionError:<nil> connectedAddress:{Addr:localhost:7051 ServerName:localhost:7051 Attributes:<nil> BalancerAttributes:<nil> Metadata:<nil>}}
[34m2026-10-07 12:48:08.941 UTC 0020 INFO[0m [grpc] [34;1mAddTraceEvent[0m -> [core] [Channel #4]Channel Connectivity change to READY
[34m2026-10-07 12:48:08.941 UTC 0021 INFO[0m [grpc] [34;1mInfof[0m -> [core] original dial target is: "localhost:9051"
[34m2026-10-07 12:48:08.941 UTC 0022 INFO[0m [grpc] [34;1mAddTraceEvent[0m -> [core] [Channel #7]Channel created
[34m2026-10-07 12:48:08.941 UTC 0023 INFO[0m [grpc] [34;1mAddTraceEvent[0m -> [core] [Channel #7]parsed dial target is: resolver.Target{URL:url.URL{Scheme:"passthrough", Opaque:"", User:(*url.Userinfo)(nil), Host:"", Path:"/localhost:9051", RawPath:"", OmitHost:false, ForceQuery:false, RawQuery:"", Fragment:"", RawFragment:""}}
[34m2026-10-07 12:48:08.941 UTC 0024 INFO[0m [grpc] [34;1mAddTraceEvent[0m -> [core] [Channel #7]Channel authority set to "localhost:9051"
[34m2026-10-07 12:48:08.941 UTC 0025 INFO[0m [grpc] [34;1mAddTraceEvent[0m -> [core] [Channel #7]Resolver state updated: {
  "Addresses": [
    {
      "Addr": "localhost:9051",
      "ServerName": "",
      "Attributes": null,
      "BalancerAttributes": null,
      "Metadata": null
    }
  ],
  "Endpoints": [
    {
      "Addresses": [
        {
          "Addr": "localhost:9051",
          "ServerName": "",
          "Attributes": null,
          "BalancerAttributes": null,
          "Metadata": null
        }
      ],
      "Attributes": null
    }
  ],
  "ServiceConfig": null,
  "Attributes": null
} (resolver returned new addresses)
[34m2026-10-07 12:48:08.941 UTC 0026 INFO[0m [grpc] [34;1mAddTraceEvent[0m -> [core] [Channel #7]Channel switches to new LB policy "pick_first"
[34m2026-10-07 12:48:08.941 UTC 0027 INFO[0m [grpc] [34;1mInfof[0m -> [pick-first-lb] [pick-first-lb 0xc00027fe90] Received new config {
  "shuffleAddressList": false
}, resolver state {
  "Addresses": [
    {
      "Addr": "localhost:9051",
      "ServerName": "",
      "Attributes": null,
      "BalancerAttributes": null,
      "Metadata": null
    }
  ],
  "Endpoints": [
    {
      "Addresses": [
        {
          "Addr": "localhost:9051",
          "ServerName": "",
          "Attributes": null,
          "BalancerAttributes": null,
          "Metadata": null
        }
      ],
      "Attributes": null
    }
  ],
  "ServiceConfig": null,
  "Attributes": null
}
[34m2026-10-07 12:48:08.941 UTC 0028 INFO[0m [grpc] [34;1mAddTraceEvent[0m -> [core] [Channel #7 SubChannel #8]Subchannel created
[34m2026-10-07 12:48:08.941 UTC 0029 INFO[0m [grpc] [34;1mAddTraceEvent[0m -> [core] [Channel #7]Channel Connectivity change to CONNECTING
[34m2026-10-07 12:48:08.941 UTC 002a INFO[0m [grpc] [34;1mAddTraceEvent[0m -> [core] [Channel #7]Channel exiting idle mode
[34m2026-10-07 12:48:08.941 UTC 002b INFO[0m [grpc] [34;1mAddTraceEvent[0m -> [core] [Channel #7 SubChannel #8]Subchannel Connectivity change to CONNECTING
[34m2026-10-07 12:48:08.941 UTC 002c INFO[0m [grpc] [34;1mAddTraceEvent[0m -> [core] [Channel #7 SubChannel #8]Subchannel picks a new address "localhost:9051" to connect
[34m2026-10-07 12:48:08.941 UTC 002d INFO[0m [grpc] [34;1mInfof[0m -> [pick-first-lb] [pick-first-lb 0xc00027fe90] Received SubConn state update: 0xc00027fef0, {ConnectivityState:CONNECTING ConnectionError:<nil> connectedAddress:{Addr: ServerName: Attributes:<nil> BalancerAttributes:<nil> Metadata:<nil>}}
[34m2026-10-07 12:48:08.943 UTC 002e INFO[0m [grpc] [34;1mAddTraceEvent[0m -> [core] [Channel #7 SubChannel #8]Subchannel Connectivity change to READY
[34m2026-10-07 12:48:08.943 UTC 002f INFO[0m [grpc] [34;1mInfof[0m -> [pick-first-lb] [pick-first-lb 0xc00027fe90] Received SubConn state update: 0xc00027fef0, {ConnectivityState:READY ConnectionError:<nil> connectedAddress:{Addr:localhost:9051 ServerName:localhost:9051 Attributes:<nil> BalancerAttributes:<nil> Metadata:<nil>}}
[34m2026-10-07 12:48:08.943 UTC 0030 INFO[0m [grpc] [34;1mAddTraceEvent[0m -> [core] [Channel #7]Channel Connectivity change to READY
[34m2026-10-07 12:48:08.943 UTC 0031 INFO[0m [grpc] [34;1mInfof[0m -> [core] original dial target is: "localhost:9051"
[34m2026-10-07 12:48:08.943 UTC 0032 INFO[0m [grpc] [34;1mAddTraceEvent[0m -> [core] [Channel #10]Channel created
[34m2026-10-07 12:48:08.943 UTC 0033 INFO[0m [grpc] [34;1mAddTraceEvent[0m -> [core] [Channel #10]parsed dial target is: resolver.Target{URL:url.URL{Scheme:"passthrough", Opaque:"", User:(*url.Userinfo)(nil), Host:"", Path:"/localhost:9051", RawPath:"", OmitHost:false, ForceQuery:false, RawQuery:"", Fragment:"", RawFragment:""}}
[34m2026-10-07 12:48:08.943 UTC 0034 INFO[0m [grpc] [34;1mAddTraceEvent[0m -> [core] [Channel #10]Channel authority set to "localhost:9051"
[34m2026-10-07 12:48:08.943 UTC 0035 INFO[0m [grpc] [34;1mAddTraceEvent[0m -> [core] [Channel #10]Resolver state updated: {
  "Addresses": [
    {
      "Addr": "localhost:9051",
      "ServerName": "",
      "Attributes": null,
      "BalancerAttributes": null,
      "Metadata": null
    }
  ],
  "Endpoints": [
    {
      "Addresses": [
        {
          "Addr": "localhost:9051",
          "ServerName": "",
          "Attributes": null,
          "BalancerAttributes": null,
          "Metadata": null
        }
      ],
      "Attributes": null
    }
  ],
  "ServiceConfig": null,
  "Attributes": null
} (resolver returned new addresses)
[34m2026-10-07 12:48:08.943 UTC 0036 INFO[0m [grpc] [34;1mAddTraceEvent[0m -> [core] [Channel #10]Channel switches to new LB policy "pick_first"
[34m2026-10-07 12:48:08.943 UTC 0037 INFO[0m [grpc] [34;1mInfof[0m -> [pick-first-lb] [pick-first-lb 0xc000404180] Received new config {
  "shuffleAddressList": false
}, resolver state {
  "Addresses": [
    {
      "Addr": "localhost:9051",
      "ServerName": "",
      "Attributes": null,
      "BalancerAttributes": null,
      "Metadata": null
    }
  ],
  "Endpoints": [
    {
      "Addresses": [
        {
          "Addr": "localhost:9051",
          "ServerName": "",
          "Attributes": null,
          "BalancerAttributes": null,
          "Metadata": null
        }
      ],
      "Attributes": null
    }
  ],
  "ServiceConfig": null,
  "Attributes": null
}
[34m2026-10-07 12:48:08.943 UTC 0038 INFO[0m [grpc] [34;1mAddTraceEvent[0m -> [core] [Channel #10 SubChannel #11]Subchannel created
[34m2026-10-07 12:48:08.943 UTC 0039 INFO[0m [grpc] [34;1mAddTraceEvent[0m -> [core] [Channel #10]Channel Connectivity change to CONNECTING
[34m2026-10-07 12:48:08.943 UTC 003a INFO[0m [grpc] [34;1mAddTraceEvent[0m -> [core] [Channel #10]Channel exiting idle mode
[34m2026-10-07 12:48:08.943 UTC 003b INFO[0m [grpc] [34;1mAddTraceEvent[0m -> [core] [Channel #10 SubChannel #11]Subchannel Connectivity change to CONNECTING
[34m2026-10-07 12:48:08.943 UTC 003c INFO[0m [grpc] [34;1mAddTraceEvent[0m -> [core] [Channel #10 SubChannel #11]Subchannel picks a new address "localhost:9051" to connect
[34m2026-10-07 12:48:08.943 UTC 003d INFO[0m [grpc] [34;1mInfof[0m -> [pick-first-lb] [pick-first-lb 0xc000404180] Received SubConn state update: 0xc0004041e0, {ConnectivityState:CONNECTING ConnectionError:<nil> connectedAddress:{Addr: ServerName: Attributes:<nil> BalancerAttributes:<nil> Metadata:<nil>}}
[34m2026-10-07 12:48:08.945 UTC 003e INFO[0m [grpc] [34;1mAddTraceEvent[0m -> [core] [Channel #10 SubChannel #11]Subchannel Connectivity change to READY
[34m2026-10-07 12:48:08.945 UTC 003f INFO[0m [grpc] [34;1mInfof[0m -> [pick-first-lb] [pick-first-lb 0xc000404180] Received SubConn state update: 0xc0004041e0, {ConnectivityState:READY ConnectionError:<nil> connectedAddress:{Addr:localhost:9051 ServerName:localhost:9051 Attributes:<nil> BalancerAttributes:<nil> Metadata:<nil>}}
[34m2026-10-07 12:48:08.945 UTC 0040 INFO[0m [grpc] [34;1mAddTraceEvent[0m -> [core] [Channel #10]Channel Connectivity change to READY
[33m2026-10-07 12:48:08.945 UTC 0041 WARN[0m [grpc] [33;1mWarningf[0m -> [core] Adjusting keepalive ping interval to minimum period of 10s
[34m2026-10-07 12:48:08.945 UTC 0042 INFO[0m [grpc] [34;1mInfof[0m -> [core] original dial target is: "localhost:7050"
[34m2026-10-07 12:48:08.945 UTC 0043 INFO[0m [grpc] [34;1mAddTraceEvent[0m -> [core] [Channel #13]Channel created
[34m2026-10-07 12:48:08.945 UTC 0044 INFO[0m [grpc] [34;1mAddTraceEvent[0m -> [core] [Channel #13]parsed dial target is: resolver.Target{URL:url.URL{Scheme:"passthrough", Opaque:"", User:(*url.Userinfo)(nil), Host:"", Path:"/localhost:7050", RawPath:"", OmitHost:false, ForceQuery:false, RawQuery:"", Fragment:"", RawFragment:""}}
[34m2026-10-07 12:48:08.945 UTC 0045 INFO[0m [grpc] [34;1mAddTraceEvent[0m -> [core] [Channel #13]Channel authority set to "orderer.example.com"
[34m2026-10-07 12:48:08.945 UTC 0046 INFO[0m [grpc] [34;1mAddTraceEvent[0m -> [core] [Channel #13]Resolver state updated: {
  "Addresses": [
    {
      "Addr": "localhost:7050",
      "ServerName": "",
      "Attributes": null,
      "BalancerAttributes": null,
      "Metadata": null
    }
  ],
  "Endpoints": [
    {
      "Addresses": [
        {
          "Addr": "localhost:7050",
          "ServerName": "",
          "Attributes": null,
          "BalancerAttributes": null,
          "Metadata": null
        }
      ],
      "Attributes": null
    }
  ],
  "ServiceConfig": null,
  "Attributes": null
} (resolver returned new addresses)
[34m2026-10-07 12:48:08.945 UTC 0047 INFO[0m [grpc] [34;1mAddTraceEvent[0m -> [core] [Channel #13]Channel switches to new LB policy "pick_first"
[34m2026-10-07 12:48:08.945 UTC 0048 INFO[0m [grpc] [34;1mInfof[0m -> [pick-first-lb] [pick-first-lb 0xc000405200] Received new config {
  "shuffleAddressList": false
}, resolver state {
  "Addresses": [
    {
      "Addr": "localhost:7050",
      "ServerName": "",
      "Attributes": null,
      "BalancerAttributes": null,
      "Metadata": null
    }
  ],
  "Endpoints": [
    {
      "Addresses": [
        {
          "Addr": "localhost:7050",
          "ServerName": "",
          "Attributes": null,
          "BalancerAttributes": null,
          "Metadata": null
        }
      ],
      "Attributes": null
    }
  ],
  "ServiceConfig": null,
  "Attributes": null
}
[34m2026-10-07 12:48:08.945 UTC 0049 INFO[0m [grpc] [34;1mAddTraceEvent[0m -> [core] [Channel #13 SubChannel #14]Subchannel created
[34m2026-10-07 12:48:08.945 UTC 004a INFO[0m [grpc] [34;1mAddTraceEvent[0m -> [core] [Channel #13]Channel Connectivity change to CONNECTING
[34m2026-10-07 12:48:08.945 UTC 004b INFO[0m [grpc] [34;1mAddTraceEvent[0m -> [core] [Channel #13]Channel exiting idle mode
[34m2026-10-07 12:48:08.945 UTC 004c INFO[0m [grpc] [34;1mAddTraceEvent[0m -> [core] [Channel #13 SubChannel #14]Subchannel Connectivity change to CONNECTING
[34m2026-10-07 12:48:08.945 UTC 004d INFO[0m [grpc] [34;1mAddTraceEvent[0m -> [core] [Channel #13 SubChannel #14]Subchannel picks a new address "localhost:7050" to connect
[34m2026-10-07 12:48:08.945 UTC 004e INFO[0m [grpc] [34;1mInfof[0m -> [pick-first-lb] [pick-first-lb 0xc000405200] Received SubConn state update: 0xc000405260, {ConnectivityState:CONNECTING ConnectionError:<nil> connectedAddress:{Addr: ServerName: Attributes:<nil> BalancerAttributes:<nil> Metadata:<nil>}}
[34m2026-10-07 12:48:08.947 UTC 004f INFO[0m [grpc] [34;1mAddTraceEvent[0m -> [core] [Channel #13 SubChannel #14]Subchannel Connectivity change to READY
[34m2026-10-07 12:48:08.947 UTC 0050 INFO[0m [grpc] [34;1mInfof[0m -> [pick-first-lb] [pick-first-lb 0xc000405200] Received SubConn state update: 0xc000405260, {ConnectivityState:READY ConnectionError:<nil> connectedAddress:{Addr:localhost:7050 ServerName:orderer.example.com Attributes:<nil> BalancerAttributes:<nil> Metadata:<nil>}}
[34m2026-10-07 12:48:08.947 UTC 0051 INFO[0m [grpc] [34;1mAddTraceEvent[0m -> [core] [Channel #13]Channel Connectivity change to READY
[34m2026-10-07 12:48:09.161 UTC 0052 INFO[0m [chaincodeCmd] [34;1mClientWait[0m -> txid [df4dc9c2538b59715534a4c3598469d3c13e93b23fe2c89b127774501c864fa1] committed with status (VALID) at localhost:9051
[34m2026-10-07 12:48:09.162 UTC 0053 INFO[0m [chaincodeCmd] [34;1mClientWait[0m -> txid [df4dc9c2538b59715534a4c3598469d3c13e93b23fe2c89b127774501c864fa1] committed with status (VALID) at localhost:7051
[0;32mChaincode definition committed on channel 'mychannel'[0m
[0;34mUsing organization 1[0m
[0;34mQuerying chaincode definition on peer0.org1 on channel 'mychannel'...[0m
[0;34mAttempting to Query committed status on peer0.org1, Retry after 3 seconds.[0m
+ peer lifecycle chaincode querycommitted --channelID mychannel --name bzt
+ res=0
[34m2026-10-07 12:48:12.215 UTC 0001 INFO[0m [grpc] [34;1mInfof[0m -> [core] original dial target is: "localhost:7051"
[34m2026-10-07 12:48:12.216 UTC 0002 INFO[0m [grpc] [34;1mAddTraceEvent[0m -> [core] [Channel #1]Channel created
[34m2026-10-07 12:48:12.216 UTC 0003 INFO[0m [grpc] [34;1mAddTraceEvent[0m -> [core] [Channel #1]parsed dial target is: resolver.Target{URL:url.URL{Scheme:"passthrough", Opaque:"", User:(*url.Userinfo)(nil), Host:"", Path:"/localhost:7051", RawPath:"", OmitHost:false, ForceQuery:false, RawQuery:"", Fragment:"", RawFragment:""}}
[34m2026-10-07 12:48:12.216 UTC 0004 INFO[0m [grpc] [34;1mAddTraceEvent[0m -> [core] [Channel #1]Channel authority set to "localhost:7051"
[34m2026-10-07 12:48:12.216 UTC 0005 INFO[0m [grpc] [34;1mAddTraceEvent[0m -> [core] [Channel #1]Resolver state updated: {
  "Addresses": [
    {
      "Addr": "localhost:7051",
      "ServerName": "",
      "Attributes": null,
      "BalancerAttributes": null,
      "Metadata": null
    }
  ],
  "Endpoints": [
    {
      "Addresses": [
        {
          "Addr": "localhost:7051",
          "ServerName": "",
          "Attributes": null,
          "BalancerAttributes": null,
          "Metadata": null
        }
      ],
      "Attributes": null
    }
  ],
  "ServiceConfig": null,
  "Attributes": null
} (resolver returned new addresses)
[34m2026-10-07 12:48:12.216 UTC 0006 INFO[0m [grpc] [34;1mAddTraceEvent[0m -> [core] [Channel #1]Channel switches to new LB policy "pick_first"
[34m2026-10-07 12:48:12.216 UTC 0007 INFO[0m [grpc] [34;1mInfof[0m -> [pick-first-lb] [pick-first-lb 0xc0003a0b10] Received new config {
  "shuffleAddressList": false
}, resolver state {
  "Addresses": [
    {
      "Addr": "localhost:7051",
      "ServerName": "",
      "Attributes": null,
      "BalancerAttributes": null,
      "Metadata": null
    }
  ],
  "Endpoints": [
    {
      "Addresses": [
        {
          "Addr": "localhost:7051",
          "ServerName": "",
          "Attributes": null,
          "BalancerAttributes": null,
          "Metadata": null
        }
      ],
      "Attributes": null
    }
  ],
  "ServiceConfig": null,
  "Attributes": null
}
[34m2026-10-07 12:48:12.216 UTC 0008 INFO[0m [grpc] [34;1mAddTraceEvent[0m -> [core] [Channel #1 SubChannel #2]Subchannel created
[34m2026-10-07 12:48:12.216 UTC 0009 INFO[0m [grpc] [34;1mAddTraceEvent[0m -> [core] [Channel #1]Channel Connectivity change to CONNECTING
[34m2026-10-07 12:48:12.216 UTC 000a INFO[0m [grpc] [34;1mAddTraceEvent[0m -> [core] [Channel #1]Channel exiting idle mode
[34m2026-10-07 12:48:12.216 UTC 000b INFO[0m [grpc] [34;1mAddTraceEvent[0m -> [core] [Channel #1 SubChannel #2]Subchannel Connectivity change to CONNECTING
[34m2026-10-07 12:48:12.216 UTC 000c INFO[0m [grpc] [34;1mAddTraceEvent[0m -> [core] [Channel #1 SubChannel #2]Subchannel picks a new address "localhost:7051" to connect
[34m2026-10-07 12:48:12.216 UTC 000d INFO[0m [grpc] [34;1mInfof[0m -> [pick-first-lb] [pick-first-lb 0xc0003a0b10] Received SubConn state update: 0xc0003a0ba0, {ConnectivityState:CONNECTING ConnectionError:<nil> connectedAddress:{Addr: ServerName: Attributes:<nil> BalancerAttributes:<nil> Metadata:<nil>}}
[34m2026-10-07 12:48:12.218 UTC 000e INFO[0m [grpc] [34;1mAddTraceEvent[0m -> [core] [Channel #1 SubChannel #2]Subchannel Connectivity change to READY
[34m2026-10-07 12:48:12.218 UTC 000f INFO[0m [grpc] [34;1mInfof[0m -> [pick-first-lb] [pick-first-lb 0xc0003a0b10] Received SubConn state update: 0xc0003a0ba0, {ConnectivityState:READY ConnectionError:<nil> connectedAddress:{Addr:localhost:7051 ServerName:localhost:7051 Attributes:<nil> BalancerAttributes:<nil> Metadata:<nil>}}
[34m2026-10-07 12:48:12.218 UTC 0010 INFO[0m [grpc] [34;1mAddTraceEvent[0m -> [core] [Channel #1]Channel Connectivity change to READY
[34m2026-10-07 12:48:12.218 UTC 0011 INFO[0m [grpc] [34;1mInfof[0m -> [core] original dial target is: "localhost:7051"
[34m2026-10-07 12:48:12.218 UTC 0012 INFO[0m [grpc] [34;1mAddTraceEvent[0m -> [core] [Channel #4]Channel created
[34m2026-10-07 12:48:12.218 UTC 0013 INFO[0m [grpc] [34;1mAddTraceEvent[0m -> [core] [Channel #4]parsed dial target is: resolver.Target{URL:url.URL{Scheme:"passthrough", Opaque:"", User:(*url.Userinfo)(nil), Host:"", Path:"/localhost:7051", RawPath:"", OmitHost:false, ForceQuery:false, RawQuery:"", Fragment:"", RawFragment:""}}
[34m2026-10-07 12:48:12.218 UTC 0014 INFO[0m [grpc] [34;1mAddTraceEvent[0m -> [core] [Channel #4]Channel authority set to "localhost:7051"
[34m2026-10-07 12:48:12.218 UTC 0015 INFO[0m [grpc] [34;1mAddTraceEvent[0m -> [core] [Channel #4]Resolver state updated: {
  "Addresses": [
    {
      "Addr": "localhost:7051",
      "ServerName": "",
      "Attributes": null,
      "BalancerAttributes": null,
      "Metadata": null
    }
  ],
  "Endpoints": [
    {
      "Addresses": [
        {
          "Addr": "localhost:7051",
          "ServerName": "",
          "Attributes": null,
          "BalancerAttributes": null,
          "Metadata": null
        }
      ],
      "Attributes": null
    }
  ],
  "ServiceConfig": null,
  "Attributes": null
} (resolver returned new addresses)
[34m2026-10-07 12:48:12.218 UTC 0016 INFO[0m [grpc] [34;1mAddTraceEvent[0m -> [core] [Channel #4]Channel switches to new LB policy "pick_first"
[34m2026-10-07 12:48:12.218 UTC 0017 INFO[0m [grpc] [34;1mInfof[0m -> [pick-first-lb] [pick-first-lb 0xc0003a1da0] Received new config {
  "shuffleAddressList": false
}, resolver state {
  "Addresses": [
    {
      "Addr": "localhost:7051",
      "ServerName": "",
      "Attributes": null,
      "BalancerAttributes": null,
      "Metadata": null
    }
  ],
  "Endpoints": [
    {
      "Addresses": [
        {
          "Addr": "localhost:7051",
          "ServerName": "",
          "Attributes": null,
          "BalancerAttributes": null,
          "Metadata": null
        }
      ],
      "Attributes": null
    }
  ],
  "ServiceConfig": null,
  "Attributes": null
}
[34m2026-10-07 12:48:12.218 UTC 0018 INFO[0m [grpc] [34;1mAddTraceEvent[0m -> [core] [Channel #4 SubChannel #5]Subchannel created
[34m2026-10-07 12:48:12.218 UTC 0019 INFO[0m [grpc] [34;1mAddTraceEvent[0m -> [core] [Channel #4]Channel Connectivity change to CONNECTING
[34m2026-10-07 12:48:12.218 UTC 001a INFO[0m [grpc] [34;1mAddTraceEvent[0m -> [core] [Channel #4]Channel exiting idle mode
[34m2026-10-07 12:48:12.218 UTC 001b INFO[0m [grpc] [34;1mAddTraceEvent[0m -> [core] [Channel #4 SubChannel #5]Subchannel Connectivity change to CONNECTING
[34m2026-10-07 12:48:12.218 UTC 001c INFO[0m [grpc] [34;1mAddTraceEvent[0m -> [core] [Channel #4 SubChannel #5]Subchannel picks a new address "localhost:7051" to connect
[34m2026-10-07 12:48:12.219 UTC 001d INFO[0m [grpc] [34;1mInfof[0m -> [pick-first-lb] [pick-first-lb 0xc0003a1da0] Received SubConn state update: 0xc0003a1e00, {ConnectivityState:CONNECTING ConnectionError:<nil> connectedAddress:{Addr: ServerName: Attributes:<nil> BalancerAttributes:<nil> Metadata:<nil>}}
[34m2026-10-07 12:48:12.221 UTC 001e INFO[0m [grpc] [34;1mAddTraceEvent[0m -> [core] [Channel #4 SubChannel #5]Subchannel Connectivity change to READY
[34m2026-10-07 12:48:12.221 UTC 001f INFO[0m [grpc] [34;1mInfof[0m -> [pick-first-lb] [pick-first-lb 0xc0003a1da0] Received SubConn state update: 0xc0003a1e00, {ConnectivityState:READY ConnectionError:<nil> connectedAddress:{Addr:localhost:7051 ServerName:localhost:7051 Attributes:<nil> BalancerAttributes:<nil> Metadata:<nil>}}
[34m2026-10-07 12:48:12.221 UTC 0020 INFO[0m [grpc] [34;1mAddTraceEvent[0m -> [core] [Channel #4]Channel Connectivity change to READY
Committed chaincode definition for chaincode 'bzt' on channel 'mychannel':
Version: 1.0, Sequence: 1, Endorsement Plugin: escc, Validation Plugin: vscc, Approvals: [Org1MSP: true, Org2MSP: true]
[0;32mQuery chaincode definition successful on peer0.org1 on channel 'mychannel'[0m
[0;34mUsing organization 2[0m
[0;34mQuerying chaincode definition on peer0.org2 on channel 'mychannel'...[0m
[0;34mAttempting to Query committed status on peer0.org2, Retry after 3 seconds.[0m
+ peer lifecycle chaincode querycommitted --channelID mychannel --name bzt
+ res=0
[34m2026-10-07 12:48:15.271 UTC 0001 INFO[0m [grpc] [34;1mInfof[0m -> [core] original dial target is: "localhost:9051"
[34m2026-10-07 12:48:15.271 UTC 0002 INFO[0m [grpc] [34;1mAddTraceEvent[0m -> [core] [Channel #1]Channel created
[34m2026-10-07 12:48:15.271 UTC 0003 INFO[0m [grpc] [34;1mAddTraceEvent[0m -> [core] [Channel #1]parsed dial target is: resolver.Target{URL:url.URL{Scheme:"passthrough", Opaque:"", User:(*url.Userinfo)(nil), Host:"", Path:"/localhost:9051", RawPath:"", OmitHost:false, ForceQuery:false, RawQuery:"", Fragment:"", RawFragment:""}}
[34m2026-10-07 12:48:15.271 UTC 0004 INFO[0m [grpc] [34;1mAddTraceEvent[0m -> [core] [Channel #1]Channel authority set to "localhost:9051"
[34m2026-10-07 12:48:15.272 UTC 0005 INFO[0m [grpc] [34;1mAddTraceEvent[0m -> [core] [Channel #1]Resolver state updated: {
  "Addresses": [
    {
      "Addr": "localhost:9051",
      "ServerName": "",
      "Attributes": null,
      "BalancerAttributes": null,
      "Metadata": null
    }
  ],
  "Endpoints": [
    {
      "Addresses": [
        {
          "Addr": "localhost:9051",
          "ServerName": "",
          "Attributes": null,
          "BalancerAttributes": null,
          "Metadata": null
        }
      ],
      "Attributes": null
    }
  ],
  "ServiceConfig": null,
  "Attributes": null
} (resolver returned new addresses)
[34m2026-10-07 12:48:15.272 UTC 0006 INFO[0m [grpc] [34;1mAddTraceEvent[0m -> [core] [Channel #1]Channel switches to new LB policy "pick_first"
[34m2026-10-07 12:48:15.272 UTC 0007 INFO[0m [grpc] [34;1mInfof[0m -> [pick-first-lb] [pick-first-lb 0xc0002bdb30] Received new config {
  "shuffleAddressList": false
}, resolver state {
  "Addresses": [
    {
      "Addr": "localhost:9051",
      "ServerName": "",
      "Attributes": null,
      "BalancerAttributes": null,
      "Metadata": null
    }
  ],
  "Endpoints": [
    {
      "Addresses": [
        {
          "Addr": "localhost:9051",
          "ServerName": "",
          "Attributes": null,
          "BalancerAttributes": null,
          "Metadata": null
        }
      ],
      "Attributes": null
    }
  ],
  "ServiceConfig": null,
  "Attributes": null
}
[34m2026-10-07 12:48:15.272 UTC 0008 INFO[0m [grpc] [34;1mAddTraceEvent[0m -> [core] [Channel #1 SubChannel #2]Subchannel created
[34m2026-10-07 12:48:15.272 UTC 0009 INFO[0m [grpc] [34;1mAddTraceEvent[0m -> [core] [Channel #1]Channel Connectivity change to CONNECTING
[34m2026-10-07 12:48:15.272 UTC 000a INFO[0m [grpc] [34;1mAddTraceEvent[0m -> [core] [Channel #1]Channel exiting idle mode
[34m2026-10-07 12:48:15.272 UTC 000b INFO[0m [grpc] [34;1mAddTraceEvent[0m -> [core] [Channel #1 SubChannel #2]Subchannel Connectivity change to CONNECTING
[34m2026-10-07 12:48:15.272 UTC 000c INFO[0m [grpc] [34;1mAddTraceEvent[0m -> [core] [Channel #1 SubChannel #2]Subchannel picks a new address "localhost:9051" to connect
[34m2026-10-07 12:48:15.272 UTC 000d INFO[0m [grpc] [34;1mInfof[0m -> [pick-first-lb] [pick-first-lb 0xc0002bdb30] Received SubConn state update: 0xc0002bdbc0, {ConnectivityState:CONNECTING ConnectionError:<nil> connectedAddress:{Addr: ServerName: Attributes:<nil> BalancerAttributes:<nil> Metadata:<nil>}}
[34m2026-10-07 12:48:15.274 UTC 000e INFO[0m [grpc] [34;1mAddTraceEvent[0m -> [core] [Channel #1 SubChannel #2]Subchannel Connectivity change to READY
[34m2026-10-07 12:48:15.274 UTC 000f INFO[0m [grpc] [34;1mInfof[0m -> [pick-first-lb] [pick-first-lb 0xc0002bdb30] Received SubConn state update: 0xc0002bdbc0, {ConnectivityState:READY ConnectionError:<nil> connectedAddress:{Addr:localhost:9051 ServerName:localhost:9051 Attributes:<nil> BalancerAttributes:<nil> Metadata:<nil>}}
[34m2026-10-07 12:48:15.274 UTC 0010 INFO[0m [grpc] [34;1mAddTraceEvent[0m -> [core] [Channel #1]Channel Connectivity change to READY
[34m2026-10-07 12:48:15.274 UTC 0011 INFO[0m [grpc] [34;1mInfof[0m -> [core] original dial target is: "localhost:9051"
[34m2026-10-07 12:48:15.274 UTC 0012 INFO[0m [grpc] [34;1mAddTraceEvent[0m -> [core] [Channel #4]Channel created
[34m2026-10-07 12:48:15.275 UTC 0013 INFO[0m [grpc] [34;1mAddTraceEvent[0m -> [core] [Channel #4]parsed dial target is: resolver.Target{URL:url.URL{Scheme:"passthrough", Opaque:"", User:(*url.Userinfo)(nil), Host:"", Path:"/localhost:9051", RawPath:"", OmitHost:false, ForceQuery:false, RawQuery:"", Fragment:"", RawFragment:""}}
[34m2026-10-07 12:48:15.275 UTC 0014 INFO[0m [grpc] [34;1mAddTraceEvent[0m -> [core] [Channel #4]Channel authority set to "localhost:9051"
[34m2026-10-07 12:48:15.275 UTC 0015 INFO[0m [grpc] [34;1mAddTraceEvent[0m -> [core] [Channel #4]Resolver state updated: {
  "Addresses": [
    {
      "Addr": "localhost:9051",
      "ServerName": "",
      "Attributes": null,
      "BalancerAttributes": null,
      "Metadata": null
    }
  ],
  "Endpoints": [
    {
      "Addresses": [
        {
          "Addr": "localhost:9051",
          "ServerName": "",
          "Attributes": null,
          "BalancerAttributes": null,
          "Metadata": null
        }
      ],
      "Attributes": null
    }
  ],
  "ServiceConfig": null,
  "Attributes": null
} (resolver returned new addresses)
[34m2026-10-07 12:48:15.275 UTC 0016 INFO[0m [grpc] [34;1mAddTraceEvent[0m -> [core] [Channel #4]Channel switches to new LB policy "pick_first"
[34m2026-10-07 12:48:15.275 UTC 0017 INFO[0m [grpc] [34;1mInfof[0m -> [pick-first-lb] [pick-first-lb 0xc0004b1740] Received new config {
  "shuffleAddressList": false
}, resolver state {
  "Addresses": [
    {
      "Addr": "localhost:9051",
      "ServerName": "",
      "Attributes": null,
      "BalancerAttributes": null,
      "Metadata": null
    }
  ],
  "Endpoints": [
    {
      "Addresses": [
        {
          "Addr": "localhost:9051",
          "ServerName": "",
          "Attributes": null,
          "BalancerAttributes": null,
          "Metadata": null
        }
      ],
      "Attributes": null
    }
  ],
  "ServiceConfig": null,
  "Attributes": null
}
[34m2026-10-07 12:48:15.275 UTC 0018 INFO[0m [grpc] [34;1mAddTraceEvent[0m -> [core] [Channel #4 SubChannel #5]Subchannel created
[34m2026-10-07 12:48:15.275 UTC 0019 INFO[0m [grpc] [34;1mAddTraceEvent[0m -> [core] [Channel #4]Channel Connectivity change to CONNECTING
[34m2026-10-07 12:48:15.275 UTC 001a INFO[0m [grpc] [34;1mAddTraceEvent[0m -> [core] [Channel #4]Channel exiting idle mode
[34m2026-10-07 12:48:15.275 UTC 001b INFO[0m [grpc] [34;1mAddTraceEvent[0m -> [core] [Channel #4 SubChannel #5]Subchannel Connectivity change to CONNECTING
[34m2026-10-07 12:48:15.275 UTC 001c INFO[0m [grpc] [34;1mAddTraceEvent[0m -> [core] [Channel #4 SubChannel #5]Subchannel picks a new address "localhost:9051" to connect
[34m2026-10-07 12:48:15.275 UTC 001d INFO[0m [grpc] [34;1mInfof[0m -> [pick-first-lb] [pick-first-lb 0xc0004b1740] Received SubConn state update: 0xc0004b17a0, {ConnectivityState:CONNECTING ConnectionError:<nil> connectedAddress:{Addr: ServerName: Attributes:<nil> BalancerAttributes:<nil> Metadata:<nil>}}
[34m2026-10-07 12:48:15.276 UTC 001e INFO[0m [grpc] [34;1mAddTraceEvent[0m -> [core] [Channel #4 SubChannel #5]Subchannel Connectivity change to READY
[34m2026-10-07 12:48:15.276 UTC 001f INFO[0m [grpc] [34;1mInfof[0m -> [pick-first-lb] [pick-first-lb 0xc0004b1740] Received SubConn state update: 0xc0004b17a0, {ConnectivityState:READY ConnectionError:<nil> connectedAddress:{Addr:localhost:9051 ServerName:localhost:9051 Attributes:<nil> BalancerAttributes:<nil> Metadata:<nil>}}
[34m2026-10-07 12:48:15.277 UTC 0020 INFO[0m [grpc] [34;1mAddTraceEvent[0m -> [core] [Channel #4]Channel Connectivity change to READY
Committed chaincode definition for chaincode 'bzt' on channel 'mychannel':
Version: 1.0, Sequence: 1, Endorsement Plugin: escc, Validation Plugin: vscc, Approvals: [Org1MSP: true, Org2MSP: true]
[0;32mQuery chaincode definition successful on peer0.org2 on channel 'mychannel'[0m
[0;34mChaincode initialization is not required[0m
