split,genuine,cosine,kind
calibration,1,-40.24094895989832,genuine
calibration,1,-26.980493291658906,genuine
calibration,1,-27.64045289769387,genuine
calibration,1,-26.705308404325038,genuine
calibration,1,-20.608949319253206,genuine
calibration,1,-92.8744607199155,genuine
calibration,1,-23.510779546591873,genuine
calibration,1,-28.563628668150987,genuine
calibration,1,-23.95704164176716,genuine
calibration,1,-31.345854610171465,genuine
calibration,1,-27.572156813291837,genuine
calibration,1,-30.712549875904013,genuine
calibration,1,-32.44946337003303,genuine
calibration,1,-36.81071967015527,genuine
calibration,1,-28.42451817907794,genuine
calibration,1,-29.85935020186437,genuine
calibration,1,-29.711071699578394,genuine
calibration,1,-32.98352691437643,genuine
calibration,1,-41.36318148155223,genuine
calibration,1,-38.3822665001882,genuine
calibration,1,-34.43477657648339,genuine
calibration,1,-35.04912027386117,genuine
calibration,1,-34.37608988606717,genuine
calibration,1,-36.66060158683998,genuine
calibration,1,-34.073335303861676,genuine
calibration,1,-41.637556902985494,genuine
calibration,1,-40.66694571575301,genuine
calibration,1,-45.84461270911151,genuine
calibration,1,-38.806563486345425,genuine
calibration,1,-41.92738981579073,genuine
calibration,1,-40.0740982539017,genuine
calibration,1,-41.67792198564145,genuine
calibration,1,-54.39731409946434,genuine
calibration,1,-45.4696381081663,genuine
calibration,1,-40.26239010465059,genuine
calibration,1,-38.42625386679973,genuine
calibration,1,-40.116048584101414,genuine
calibration,1,-53.222143947627835,genuine
calibration,1,-40.83309240145269,genuine
calibration,1,-40.15965479045425,genuine
calibration,1,-53.52030305368374,genuine
calibration,1,-33.703046274401366,genuine
calibration,1,-35.176241592876636,genuine
calibration,1,-41.50596896102203,genuine
calibration,1,-30.48211972173318,genuine
calibration,1,-31.805649539034057,genuine
calibration,1,-32.09501206500546,genuine
calibration,1,-42.078141310324554,genuine
calibration,1,-37.64146517679727,genuine
calibration,1,-57.28448444480833,genuine
calibration,1,-25.66493041095136,genuine
calibration,1,-28.000484392842264,genuine
calibration,1,-33.85465361854683,genuine
calibration,1,-40.041556343166604,genuine
calibration,1,-25.976306459594078,genuine
calibration,1,-27.866419137734926,genuine
calibration,1,-23.196852727626908,genuine
calibration,1,-27.409390451401382,genuine
calibration,1,-27.656018575027716,genuine
calibration,1,-30.99464938213478,genuine
calibration,1,-33.22388088152306,genuine
calibration,1,-27.761031638719146,genuine
calibration,1,-31.89846800883597,genuine
calibration,1,-30.85856318787417,genuine
calibration,1,-31.131033210631593,genuine
calibration,1,-27.679383011943614,genuine
calibration,1,-29.27008520168747,genuine
calibration,1,-28.653797493940303,genuine
calibration,1,-37.10467581835645,genuine
calibration,1,-37.09871685110732,genuine
calibration,1,-33.35170368120964,genuine
calibration,1,-34.75344891238301,genuine
calibration,1,-34.05176889128914,genuine
calibration,1,-28.89291195682059,genuine
calibration,1,-27.95266141656305,genuine
calibration,1,-32.157124818677694,genuine
calibration,1,-34.62541070106464,genuine
calibration,1,-31.342252837283045,genuine
calibration,1,-28.856024725041518,genuine
calibration,1,-33.70498192702861,genuine
calibration,1,-34.97417916034195,genuine
calibration,1,-25.898652886150867,genuine
calibration,1,-29.320357708830624,genuine
calibration,1,-35.9481904974849,genuine
calibration,1,-114.07877836230108,genuine
calibration,1,-31.003151219946865,genuine
calibration,1,-33.317950358011565,genuine
calibration,1,-52.42013136012725,genuine
calibration,1,-30.756466385690576,genuine
calibration,1,-32.67655467838869,genuine
calibration,1,-44.610779283939216,genuine
calibration,1,-32.80395964992247,genuine
calibration,1,-37.19528709830035,genuine
calibration,1,-35.448439716893404,genuine
calibration,1,-26.96381415753974,genuine
calibration,1,-33.503564763640235,genuine
calibration,1,-36.27394648360529,genuine
calibration,1,-33.52936781222765,genuine
calibration,1,-27.501894608927383,genuine
calibration,1,-32.51983931979435,genuine
calibration,1,-22.787601357623018,genuine
calibration,1,-26.04535883009389,genuine
calibration,1,-27.00867986057832,genuine
calibration,1,-28.058263740110384,genuine
calibration,1,-29.781286634486072,genuine
calibration,1,-32.79336442517984,genuine
calibration,1,-47.28394615190523,genuine
calibration,1,-29.492381740721047,genuine
calibration,1,-17.279497397307058,genuine
calibration,1,-27.53702920615522,genuine
calibration,1,-37.37366505757825,genuine
calibration,1,-36.88934592697425,genuine
calibration,1,-37.6024687250578,genuine
calibration,1,-41.44948371015691,genuine
calibration,1,-35.66307099299256,genuine
calibration,1,-35.08378647149483,genuine
calibration,1,-38.71191696208759,genuine
calibration,1,-31.599269250178313,genuine
calibration,1,-31.696243574377483,genuine
calibration,1,-31.729906063009366,genuine
calibration,1,-33.404482082068824,genuine
calibration,1,-30.50787436127154,genuine
calibration,1,-28.695963965899413,genuine
calibration,1,-35.21188856197881,genuine
calibration,1,-27.248806422465222,genuine
calibration,1,-45.84206725415781,genuine
calibration,1,-46.03882541555066,genuine
calibration,1,-35.43815995155711,genuine
calibration,1,-46.62489271752698,genuine
calibration,1,-29.797691418071427,genuine
calibration,1,-35.09678586553766,genuine
calibration,1,-43.222420996999226,genuine
calibration,1,-34.36455103667675,genuine
calibration,1,-37.28799054318263,genuine
calibration,1,-34.80203167648954,genuine
calibration,1,-27.50531205425898,genuine
calibration,1,-35.32578579405452,genuine
calibration,1,-30.419004781377502,genuine
calibration,1,-31.000013774085527,genuine
calibration,1,-33.39274758447505,genuine
calibration,1,-35.904078227415106,genuine
calibration,1,-29.28640971128576,genuine
calibration,1,-49.06215124469336,genuine
calibration,1,-36.37283670665431,genuine
calibration,1,-37.709941637268834,genuine
calibration,1,-34.865478017861385,genuine
calibration,1,-40.55961630647141,genuine
calibration,1,-36.76687163866144,genuine
calibration,1,-39.46413044856355,genuine
calibration,1,-34.608004060735205,genuine
calibration,1,-29.92861612460801,genuine
calibration,1,-27.986962143799047,genuine
calibration,1,-23.687480184934678,genuine
calibration,1,-25.123264246456568,genuine
calibration,1,-32.974334385514595,genuine
calibration,1,-28.827677755862332,genuine
calibration,1,-61.834329653446446,genuine
calibration,1,-24.718723747664267,genuine
calibration,1,-29.198549259792273,genuine
calibration,1,-26.516235401783273,genuine
calibration,1,-34.35157611605683,genuine
calibration,1,-26.028603085318093,genuine
calibration,1,-32.191018712369974,genuine
calibration,1,-27.555963975698962,genuine
calibration,1,-30.294548428902576,genuine
calibration,1,-30.558543170744915,genuine
calibration,1,-33.939454340183865,genuine
calibration,1,-36.36496463485923,genuine
calibration,1,-36.106501429922,genuine
calibration,1,-25.820363879580214,genuine
calibration,1,-30.858793159209252,genuine
calibration,1,-33.020365197830564,genuine
calibration,1,-28.132071852533425,genuine
calibration,1,-61.495804055789925,genuine
calibration,1,-34.3409699058296,genuine
calibration,1,-30.52421020926341,genuine
calibration,1,-26.389774224397982,genuine
calibration,1,-34.32510455930134,genuine
calibration,1,-33.2493330863451,genuine
calibration,1,-34.38957118884146,genuine
calibration,1,-39.84184026017665,genuine
calibration,1,-27.89272429476435,genuine
calibration,1,-26.917521113378196,genuine
calibration,1,-29.165092107126085,genuine
calibration,1,-32.712583001204486,genuine
calibration,1,-30.214077749724186,genuine
calibration,1,-29.659864351720437,genuine
calibration,1,-76.09185049753586,genuine
calibration,1,-41.36766537844563,genuine
calibration,1,-35.59890691780805,genuine
calibration,1,-32.44470569313727,genuine
calibration,1,-43.57549688021362,genuine
calibration,1,-39.44769484748039,genuine
calibration,1,-42.238808236610595,genuine
calibration,1,-28.168945375181654,genuine
calibration,1,-33.41331684923315,genuine
calibration,1,-34.80378997099362,genuine
calibration,1,-31.930503553853384,genuine
calibration,1,-30.397575995862553,genuine
calibration,1,-30.476334362263962,genuine
calibration,0,-160.62756367019315,impostor
calibration,0,-152.53642064078926,impostor
calibration,0,-121.57829861237299,impostor
calibration,0,-169.05164758408475,impostor
calibration,0,-135.22529745260027,impostor
calibration,0,-317.9273721160702,impostor
calibration,0,-284.25928909405064,impostor
calibration,0,-250.68909546771312,impostor
calibration,0,-301.59890110057097,impostor
calibration,0,-234.9562477675801,impostor
calibration,0,-93.00244939011303,impostor
calibration,0,-54.60126276956128,impostor
calibration,0,-130.14163062288148,impostor
calibration,0,-80.96644599424785,impostor
calibration,0,-56.31145549279124,impostor
calibration,0,-111.97744722586759,impostor
calibration,0,-121.03096065440675,impostor
calibration,0,-167.24738071789383,impostor
calibration,0,-53.864615996263474,impostor
calibration,0,-92.98958505406806,impostor
calibration,0,-51.606934431029494,impostor
calibration,0,-54.68412567240345,impostor
calibration,0,-92.84944428603843,impostor
calibration,0,-42.46034918161883,impostor
calibration,0,-71.1214146533451,impostor
calibration,0,-406.51183958098625,impostor
calibration,0,-350.4535717343321,impostor
calibration,0,-409.2981717704614,impostor
calibration,0,-408.7393241786593,impostor
calibration,0,-322.939234451598,impostor
calibration,0,-552.5585938702478,impostor
calibration,0,-391.37361578293,impostor
calibration,0,-353.7940424706473,impostor
calibration,0,-199.29179149413272,impostor
calibration,0,-392.22127475493784,impostor
calibration,0,-80.6117389191584,impostor
calibration,0,-73.65747332777734,impostor
calibration,0,-71.36725521098558,impostor
calibration,0,-72.82617812164828,impostor
calibration,0,-76.00696217558963,impostor
calibration,0,-583.6037532356878,impostor
calibration,0,-206.41095466876473,impostor
calibration,0,-178.14624661311248,impostor
calibration,0,-148.8572693093082,impostor
calibration,0,-133.0673146096246,impostor
calibration,0,-107.29037080848468,impostor
calibration,0,-104.84196607614142,impostor
calibration,0,-89.2265633370344,impostor
calibration,0,-67.41829363430978,impostor
calibration,0,-49.6800140776714,impostor
calibration,0,-232.49503655099733,impostor
calibration,0,-171.49539336882933,impostor
calibration,0,-213.76257071230017,impostor
calibration,0,-136.175231917218,impostor
calibration,0,-108.160981646219,impostor
calibration,0,-106.41451515967826,impostor
calibration,0,-80.75941559383695,impostor
calibration,0,-63.922074138925424,impostor
calibration,0,-54.92208277544489,impostor
calibration,0,-42.79151660968389,impostor
calibration,0,-289.34207350377716,impostor
calibration,0,-247.63113206968342,impostor
calibration,0,-190.3749218646329,impostor
calibration,0,-208.86304150210282,impostor
calibration,0,-253.95674754742933,impostor
calibration,0,-156.7060244068287,impostor
calibration,0,-128.29003820522448,impostor
calibration,0,-113.10712264637385,impostor
calibration,0,-83.29908142015039,impostor
calibration,0,-125.7783189823197,impostor
calibration,0,-79.8126016524664,impostor
calibration,0,-140.40353370380555,impostor
calibration,0,-115.80450679120597,impostor
calibration,0,-122.94054809418355,impostor
calibration,0,-82.17288679945165,impostor
calibration,0,-56.43954209593085,impostor
calibration,0,-48.05766841020824,impostor
calibration,0,-81.75243448377923,impostor
calibration,0,-42.448344732634666,impostor
calibration,0,-50.6459382897546,impostor
calibration,0,-47.253398003596864,impostor
calibration,0,-73.84330965370378,impostor
calibration,0,-98.45442905943226,impostor
calibration,0,-97.09862180619275,impostor
calibration,0,-63.02065774238682,impostor
calibration,0,-93.49078688504406,impostor
calibration,0,-91.12387128318392,impostor
calibration,0,-86.00715149181492,impostor
calibration,0,-62.85137635397551,impostor
calibration,0,-76.97903068729056,impostor
calibration,0,-65.05741626511917,impostor
calibration,0,-78.18405727885886,impostor
calibration,0,-59.904909732214385,impostor
calibration,0,-50.451690609652175,impostor
calibration,0,-79.51660994028431,impostor
calibration,0,-75.79636206294356,impostor
calibration,0,-56.83875733401074,impostor
calibration,0,-68.18442266073583,impostor
calibration,0,-41.184222054293,impostor
calibration,0,-70.33805357052502,impostor
calibration,0,-69.36177356162524,impostor
calibration,0,-70.0814235188902,impostor
calibration,0,-66.96786227297507,impostor
calibration,0,-113.74766511978973,impostor
calibration,0,-64.29132829452936,impostor
calibration,0,-104.33554582905391,impostor
calibration,0,-104.518257259196,impostor
calibration,0,-83.01679080947413,impostor
calibration,0,-86.89884087016135,impostor
calibration,0,-57.21387876533902,impostor
calibration,0,-271.528501418992,impostor
calibration,0,-212.98292870487762,impostor
calibration,0,-273.37116625801514,impostor
calibration,0,-105.88067754615717,impostor
calibration,0,-195.60355464849977,impostor
calibration,0,-126.3689335641248,impostor
calibration,0,-101.4393881454499,impostor
calibration,0,-148.8210619424166,impostor
calibration,0,-91.73924256777059,impostor
calibration,0,-54.9739894597635,impostor
calibration,0,-53.290310632140226,impostor
calibration,0,-53.211422561321164,impostor
calibration,0,-27.251023903847354,impostor
calibration,0,-33.37023358426615,impostor
calibration,0,-33.12979095175355,impostor
calibration,0,-439.36998757011844,impostor
calibration,0,-107.8670628634441,impostor
calibration,0,-58.43262671375703,impostor
calibration,0,-149.12310721454128,impostor
calibration,0,-64.8683635576463,impostor
calibration,0,-259.8947053884073,impostor
calibration,0,-67.57843304210846,impostor
calibration,0,-77.00626876137096,impostor
calibration,0,-37.101925766444175,impostor
calibration,0,-31.62747815380651,impostor
calibration,0,-107.9808598403676,impostor
calibration,0,-76.86654787900783,impostor
calibration,0,-81.11329693923793,impostor
calibration,0,-74.7130793103002,impostor
calibration,0,-65.46056270395839,impostor
calibration,0,-151.84135878114523,impostor
calibration,0,-180.1208041516249,impostor
calibration,0,-110.93312071459351,impostor
calibration,0,-135.6873317471471,impostor
calibration,0,-93.55155070185344,impostor
calibration,0,-86.68598286274408,impostor
calibration,0,-95.3006332902836,impostor
calibration,0,-43.1788559863004,impostor
calibration,0,-156.62053533697244,impostor
calibration,0,-52.816405032471295,impostor
calibration,0,-57.10680709241837,impostor
calibration,0,-47.92194168516308,impostor
calibration,0,-49.27737684704858,impostor
calibration,0,-48.86883999220837,impostor
calibration,0,-60.984618720289745,impostor
calibration,0,-58.66114416768767,impostor
calibration,0,-54.61658704441356,impostor
calibration,0,-50.18843575116032,impostor
calibration,0,-56.36337639969818,impostor
calibration,0,-53.70317918189924,impostor
calibration,0,-52.57798827497362,impostor
calibration,0,-63.93004845430433,impostor
calibration,0,-86.487716358235,impostor
calibration,0,-44.49114773769027,impostor
calibration,0,-54.336883498287285,impostor
calibration,0,-137.072810716135,impostor
calibration,0,-95.45286970661121,impostor
calibration,0,-39.709523269589404,impostor
calibration,0,-76.61819760911851,impostor
calibration,0,-64.42069836735256,impostor
calibration,0,-160.43635085709934,impostor
calibration,0,-230.84231470639975,impostor
calibration,0,-123.15429639754711,impostor
calibration,0,-100.56662702897862,impostor
calibration,0,-95.69395497797132,impostor
calibration,0,-217.76102522797646,impostor
calibration,0,-126.12363297232544,impostor
calibration,0,-148.91891691997992,impostor
calibration,0,-137.30265396354318,impostor
calibration,0,-135.44401463519605,impostor
calibration,0,-221.89781369499696,impostor
calibration,0,-80.33081623477473,impostor
calibration,0,-105.37614711861906,impostor
calibration,0,-85.27463390917839,impostor
calibration,0,-123.30445088955084,impostor
calibration,0,-109.05576676743219,impostor
calibration,0,-137.7263809754512,impostor
calibration,0,-103.68583017546905,impostor
calibration,0,-126.4920766877761,impostor
calibration,0,-109.9346331011222,impostor
calibration,0,-74.09393581266038,impostor
calibration,0,-40.876728894158624,impostor
calibration,0,-66.69984171532728,impostor
calibration,0,-68.89623700441483,impostor
calibration,0,-62.908938385745174,impostor
calibration,0,-45.866964100290566,impostor
calibration,0,-86.99131979504794,impostor
calibration,0,-76.93702929052473,impostor
calibration,0,-46.91462180633834,impostor
calibration,0,-50.29662877553481,impostor
calibration,0,-125.76399977604277,impostor
calibration,0,-89.64729857496111,impostor
calibration,0,-92.90506785738526,impostor
calibration,0,-72.86095289299634,impostor
calibration,0,-55.78790532996609,impostor
calibration,0,-147.58817015373685,impostor
calibration,0,-137.05299364473797,impostor
calibration,0,-55.76040545089118,impostor
calibration,0,-45.79979352180741,impostor
calibration,0,-47.99099821698575,impostor
calibration,0,-217.72594587661268,impostor
calibration,0,-139.46510534319071,impostor
calibration,0,-276.6699161361374,impostor
calibration,0,-156.59483099950384,impostor
calibration,0,-128.31969699592807,impostor
calibration,0,-38.10285739287853,impostor
calibration,0,-35.35744414718797,impostor
calibration,0,-33.44305549445168,impostor
calibration,0,-54.16783939808547,impostor
calibration,0,-34.76395829621699,impostor
calibration,0,-169.89937489823734,impostor
calibration,0,-109.55187674776184,impostor
calibration,0,-75.01832657139626,impostor
calibration,0,-57.77839400361653,impostor
calibration,0,-68.03198738709192,impostor
calibration,0,-198.51601627705892,impostor
calibration,0,-151.30920738131275,impostor
calibration,0,-151.2266671225707,impostor
calibration,0,-176.17764488287665,impostor
calibration,0,-110.74314841328167,impostor
calibration,0,-94.92384678789296,impostor
calibration,0,-170.72062624916884,impostor
calibration,0,-76.67810608363246,impostor
calibration,0,-95.42942852214848,impostor
calibration,0,-73.32192477947477,impostor
calibration,0,-49.71339795314137,impostor
calibration,0,-42.40597326399477,impostor
calibration,0,-32.586090113099324,impostor
calibration,0,-46.78137791256399,impostor
calibration,0,-54.90274914663025,impostor
calibration,0,-60.337007152052855,impostor
calibration,0,-50.35299452847516,impostor
calibration,0,-45.52325808494195,impostor
calibration,0,-45.84980054836861,impostor
calibration,0,-43.41045786699424,impostor
calibration,0,-110.49377370317711,impostor
calibration,0,-97.97588939173006,impostor
calibration,0,-95.11050074932703,impostor
calibration,0,-90.61170958556674,impostor
calibration,0,-70.50688220774686,impostor
calibration,1,-25.416439849217458,genuine
calibration,1,-27.415303266298206,genuine
calibration,1,-35.805966221892135,genuine
calibration,1,-38.88285769709086,genuine
calibration,1,-34.723423364227756,genuine
calibration,1,-31.90357925879261,genuine
calibration,1,-33.82573140346671,genuine
calibration,1,-31.39417222833478,genuine
calibration,1,-25.919863184003297,genuine
calibration,1,-39.04127456107749,genuine
calibration,1,-63.36108737318839,genuine
calibration,1,-33.85614525161862,genuine
calibration,1,-25.65249332111037,genuine
calibration,1,-40.31795545263194,genuine
calibration,1,-27.99107084685215,genuine
calibration,1,-24.913155317391087,genuine
calibration,1,-38.934320820483265,genuine
calibration,1,-47.569955559509935,genuine
calibration,1,-36.49931357160385,genuine
calibration,1,-25.32896010590818,genuine
calibration,1,-27.527117171028973,genuine
calibration,1,-23.907942705551633,genuine
calibration,1,-28.5957330610199,genuine
calibration,1,-26.644043732783214,genuine
calibration,1,-40.70616635035644,genuine
calibration,1,-32.61214004960113,genuine
calibration,1,-46.3890413238631,genuine
calibration,1,-37.90276215155949,genuine
calibration,1,-36.72594533300713,genuine
calibration,1,-60.98390071444865,genuine
calibration,1,-30.72315850959842,genuine
calibration,1,-55.350288563255155,genuine
calibration,1,-36.387396175410785,genuine
calibration,1,-36.72570867840116,genuine
calibration,1,-39.98877023739324,genuine
calibration,1,-36.09052816539595,genuine
calibration,1,-28.71550070791,genuine
calibration,1,-29.25627521490796,genuine
calibration,1,-37.036611904704145,genuine
calibration,1,-35.038018081469914,genuine
calibration,1,-35.37326869729205,genuine
calibration,1,-33.62450632518442,genuine
calibration,1,-30.385084789127916,genuine
calibration,1,-41.092538158281506,genuine
calibration,1,-30.287694985362556,genuine
calibration,1,-25.25087418373312,genuine
calibration,1,-33.67832754609108,genuine
calibration,1,-29.676651819158717,genuine
calibration,1,-25.59082907816301,genuine
calibration,1,-25.542361345354397,genuine
calibration,1,-70.75768647445878,genuine
calibration,1,-33.344811597020566,genuine
calibration,1,-48.428399655907754,genuine
calibration,1,-32.64011203364908,genuine
calibration,1,-45.313281980142385,genuine
calibration,1,-34.4735883691131,genuine
calibration,1,-32.74638951770899,genuine
calibration,1,-35.28255301564248,genuine
calibration,1,-67.21282928277988,genuine
calibration,1,-40.759463644591115,genuine
calibration,1,-33.94005103405898,genuine
calibration,1,-28.892300658361616,genuine
calibration,1,-36.075351989052265,genuine
calibration,1,-27.163228756397753,genuine
calibration,1,-34.42609496331594,genuine
calibration,1,-39.73592323566046,genuine
calibration,1,-43.49203656356576,genuine
calibration,1,-45.43726493292037,genuine
calibration,1,-54.767605940567215,genuine
calibration,1,-41.27426266880594,genuine
calibration,1,-76.86287523226943,genuine
calibration,1,-45.59993403676198,genuine
calibration,1,-77.20659898765433,genuine
calibration,1,-49.11998967358649,genuine
calibration,1,-31.384058740101505,genuine
calibration,1,-34.28020212911974,genuine
calibration,1,-36.86173960575603,genuine
calibration,1,-30.11986835092599,genuine
calibration,1,-39.89892211169878,genuine
calibration,1,-36.97385621110336,genuine
calibration,1,-42.48968241304868,genuine
calibration,1,-39.248632770464376,genuine
calibration,1,-40.712126318736274,genuine
calibration,1,-43.0646690351742,genuine
calibration,1,-40.48726469928844,genuine
calibration,1,-40.8578623647731,genuine
calibration,1,-35.35503499764847,genuine
calibration,1,-35.337751233047086,genuine
calibration,1,-31.343671972791476,genuine
calibration,1,-35.664526368210105,genuine
calibration,1,-43.4574579342589,genuine
calibration,1,-49.848957099230105,genuine
calibration,1,-48.869108376707274,genuine
calibration,1,-32.79195071553121,genuine
calibration,1,-41.79390880694474,genuine
calibration,1,-37.33184285869048,genuine
calibration,1,-39.980413413954494,genuine
calibration,1,-38.795673171384074,genuine
calibration,1,-42.76118020209844,genuine
calibration,1,-41.13027986154988,genuine
calibration,1,-36.94098700762528,genuine
calibration,1,-42.630025834869045,genuine
calibration,1,-41.179121101461234,genuine
calibration,1,-43.19660006223096,genuine
calibration,1,-42.952220037922004,genuine
calibration,1,-45.66653499450805,genuine
calibration,1,-46.85707791402135,genuine
calibration,1,-45.822074326913615,genuine
calibration,1,-40.88319315738897,genuine
calibration,1,-37.90247940018247,genuine
calibration,1,-45.96993976500707,genuine
calibration,1,-51.34884625120989,genuine
calibration,1,-52.77240239725192,genuine
calibration,1,-40.39255496259993,genuine
calibration,1,-47.612572157129264,genuine
calibration,1,-40.69343411196923,genuine
calibration,1,-58.55956971636972,genuine
calibration,1,-54.61914449850086,genuine
calibration,1,-54.00321368895115,genuine
calibration,1,-48.03413920993899,genuine
calibration,1,-37.383665246209304,genuine
calibration,1,-43.94298118148939,genuine
calibration,1,-41.92114658821536,genuine
calibration,1,-50.65581230062042,genuine
calibration,1,-49.417465044266216,genuine
calibration,1,-42.23345171968933,genuine
calibration,1,-46.602955296820674,genuine
calibration,1,-52.57692013258992,genuine
calibration,1,-50.48247057053106,genuine
calibration,1,-49.9050112803488,genuine
calibration,1,-48.29055530937885,genuine
calibration,1,-49.81927319198652,genuine
calibration,1,-47.95035821389017,genuine
calibration,1,-45.390776448400494,genuine
calibration,1,-50.93859788818915,genuine
calibration,1,-54.15620301361869,genuine
calibration,1,-52.96357188473017,genuine
calibration,1,-51.37748288343035,genuine
calibration,1,-46.94713584288828,genuine
calibration,1,-49.88642539873645,genuine
calibration,1,-52.07977835419157,genuine
calibration,1,-43.634703185338466,genuine
calibration,1,-54.64525203070997,genuine
calibration,1,-51.05127581476711,genuine
calibration,1,-46.671008055582675,genuine
calibration,1,-43.00363011770635,genuine
calibration,1,-49.41062471658944,genuine
calibration,1,-42.44176166375163,genuine
calibration,1,-45.46107627866554,genuine
calibration,1,-49.70977440403098,genuine
calibration,1,-32.688705471535094,genuine
calibration,1,-48.96220546629242,genuine
calibration,1,-45.48286426501097,genuine
calibration,1,-40.73466337020182,genuine
calibration,1,-46.35543544746478,genuine
calibration,1,-27.88774226148202,genuine
calibration,1,-44.60588471493074,genuine
calibration,1,-20.817286440044498,genuine
calibration,1,-44.43582426957213,genuine
calibration,1,-52.66433716961136,genuine
calibration,1,-43.980981606173195,genuine
calibration,1,-59.05775866231454,genuine
calibration,1,-36.9257035043143,genuine
calibration,1,-42.72323197820582,genuine
calibration,1,-47.24068763574468,genuine
calibration,1,-45.07355263141503,genuine
calibration,1,-49.11353305213036,genuine
calibration,1,-44.60121298068682,genuine
calibration,1,-43.49582496727834,genuine
calibration,1,-45.37194997711022,genuine
calibration,1,-51.538300188616205,genuine
calibration,1,-44.648588452072225,genuine
calibration,1,-48.89113889755617,genuine
calibration,1,-54.946324455934764,genuine
calibration,1,-49.14914180762763,genuine
calibration,1,-46.81881422245092,genuine
calibration,1,-43.263292655536254,genuine
calibration,1,-49.74213030230451,genuine
calibration,1,-39.04011011093845,genuine
calibration,1,-52.44281667758594,genuine
calibration,1,-53.88486299246954,genuine
calibration,1,-57.60002244510052,genuine
calibration,1,-53.205466492235345,genuine
calibration,1,-48.95785471185065,genuine
calibration,1,-51.90154634634669,genuine
calibration,1,-48.19854317343559,genuine
calibration,1,-45.671195276117096,genuine
calibration,1,-40.24525417760265,genuine
calibration,1,-49.53600010329203,genuine
calibration,1,-42.986633898505275,genuine
calibration,1,-44.58428438074419,genuine
calibration,1,-44.74462037545787,genuine
calibration,1,-40.003709029325655,genuine
calibration,1,-41.25826120685254,genuine
calibration,1,-47.62400891818785,genuine
calibration,1,-40.954581062920866,genuine
calibration,1,-48.38250941361993,genuine
calibration,1,-45.54924260969438,genuine
calibration,1,-42.72826806030072,genuine
calibration,1,-40.15030587910576,genuine
calibration,0,-42.164217037875666,impostor
calibration,0,-43.312326351779014,impostor
calibration,0,-59.684154824276185,impostor
calibration,0,-45.310644525314295,impostor
calibration,0,-42.107631808353446,impostor
calibration,0,-110.97911136270481,impostor
calibration,0,-124.12058944389368,impostor
calibration,0,-105.52287393611046,impostor
calibration,0,-106.77743478902518,impostor
calibration,0,-105.65136250491528,impostor
calibration,0,-61.55268063742605,impostor
calibration,0,-41.435771736699095,impostor
calibration,0,-57.83340335103493,impostor
calibration,0,-56.25254728543919,impostor
calibration,0,-43.02603738976467,impostor
calibration,0,-66.94629028227385,impostor
calibration,0,-65.03976593757324,impostor
calibration,0,-91.36132127776546,impostor
calibration,0,-56.09153335604274,impostor
calibration,0,-71.00261599452745,impostor
calibration,0,-55.28324938392325,impostor
calibration,0,-64.95148037122709,impostor
calibration,0,-62.56391356403812,impostor
calibration,0,-68.94458272077034,impostor
calibration,0,-60.994003672066114,impostor
calibration,0,-174.49697668839522,impostor
calibration,0,-131.01321528700578,impostor
calibration,0,-177.3647662537475,impostor
calibration,0,-164.84168200266743,impostor
calibration,0,-130.01158439275298,impostor
calibration,0,-235.2603202696693,impostor
calibration,0,-163.17287913760538,impostor
calibration,0,-151.5888591543514,impostor
calibration,0,-74.8103252051702,impostor
calibration,0,-168.06832215649663,impostor
calibration,0,-39.841605280431146,impostor
calibration,0,-51.97066835843314,impostor
calibration,0,-42.545626889921124,impostor
calibration,0,-43.01385685318918,impostor
calibration,0,-43.90615994517069,impostor
calibration,0,-227.1907780324644,impostor
calibration,0,-75.66333012670118,impostor
calibration,0,-81.4134443859781,impostor
calibration,0,-75.87793219333672,impostor
calibration,0,-63.66872777522061,impostor
calibration,0,-49.30257938176375,impostor
calibration,0,-47.174750170729126,impostor
calibration,0,-54.00703235436733,impostor
calibration,0,-45.81888596460229,impostor
calibration,0,-52.404197116410195,impostor
calibration,0,-68.21593551188072,impostor
calibration,0,-74.0272908885724,impostor
calibration,0,-97.26250649942648,impostor
calibration,0,-54.65161740460899,impostor
calibration,0,-48.55341248448123,impostor
calibration,0,-53.3439287413686,impostor
calibration,0,-37.52511079401992,impostor
calibration,0,-40.6867630338166,impostor
calibration,0,-39.958770696424494,impostor
calibration,0,-41.89522987542668,impostor
calibration,0,-137.74780493661532,impostor
calibration,0,-131.72905806224708,impostor
calibration,0,-95.44302828316363,impostor
calibration,0,-92.90581559732945,impostor
calibration,0,-106.0508426851562,impostor
calibration,0,-56.90095784792728,impostor
calibration,0,-59.88500881034445,impostor
calibration,0,-56.64866378820305,impostor
calibration,0,-48.955696398129554,impostor
calibration,0,-49.88041692868331,impostor
calibration,0,-43.15119144256611,impostor
calibration,0,-62.75161485279915,impostor
calibration,0,-66.789824081814,impostor
calibration,0,-45.64351478676205,impostor
calibration,0,-49.74763573884933,impostor
calibration,0,-62.920417291450114,impostor
calibration,0,-53.78037052926836,impostor
calibration,0,-75.56430467892292,impostor
calibration,0,-57.69444430293721,impostor
calibration,0,-63.90227086305029,impostor
calibration,0,-56.408165439577424,impostor
calibration,0,-49.331538090391845,impostor
calibration,0,-58.15569539936702,impostor
calibration,0,-61.790225785491764,impostor
calibration,0,-56.652880761334416,impostor
calibration,0,-56.1491699158969,impostor
calibration,0,-71.0019465721021,impostor
calibration,0,-79.26027165007831,impostor
calibration,0,-60.0558474756267,impostor
calibration,0,-59.52448624160335,impostor
calibration,0,-69.25383107984585,impostor
calibration,0,-57.15075037822481,impostor
calibration,0,-63.37253252759731,impostor
calibration,0,-70.33090945950137,impostor
calibration,0,-71.03362590581949,impostor
calibration,0,-64.77867303574024,impostor
calibration,0,-64.4350713050278,impostor
calibration,0,-65.42607935644509,impostor
calibration,0,-62.00426263528834,impostor
calibration,0,-73.30160775769109,impostor
calibration,0,-48.69904286093102,impostor
calibration,0,-50.627809266231026,impostor
calibration,0,-64.69828846148086,impostor
calibration,0,-70.26364864784271,impostor
calibration,0,-57.40053596544433,impostor
calibration,0,-58.4672652058144,impostor
calibration,0,-49.176925036917275,impostor
calibration,0,-61.102086393494616,impostor
calibration,0,-71.34100403650453,impostor
calibration,0,-63.327569042874245,impostor
calibration,0,-133.06983427031403,impostor
calibration,0,-89.47241562943042,impostor
calibration,0,-123.55579759990196,impostor
calibration,0,-65.02986525505813,impostor
calibration,0,-98.5521321072343,impostor
calibration,0,-67.69392373845396,impostor
calibration,0,-56.47129832080772,impostor
calibration,0,-61.90425804557497,impostor
calibration,0,-64.54356132278654,impostor
calibration,0,-45.97201788104416,impostor
calibration,0,-52.58173216635638,impostor
calibration,0,-62.40091975588935,impostor
calibration,0,-57.978084743559045,impostor
calibration,0,-62.96986749719227,impostor
calibration,0,-59.576348091801,impostor
calibration,0,-236.65278539235408,impostor
calibration,0,-54.79447219263573,impostor
calibration,0,-49.27318794046647,impostor
calibration,0,-109.80259507804708,impostor
calibration,0,-59.9771237215769,impostor
calibration,0,-90.3978423037311,impostor
calibration,0,-63.6957365082127,impostor
calibration,0,-55.0835217634119,impostor
calibration,0,-61.680436828977854,impostor
calibration,0,-65.16563597526601,impostor
calibration,0,-72.19845090623501,impostor
calibration,0,-54.596696200780855,impostor
calibration,0,-59.433965936361595,impostor
calibration,0,-60.24750618890779,impostor
calibration,0,-52.051916859995096,impostor
calibration,0,-60.31381510987938,impostor
calibration,0,-92.2743364483227,impostor
calibration,0,-52.79140536788774,impostor
calibration,0,-43.553972089503375,impostor
calibration,0,-56.32524331319421,impostor
calibration,0,-50.17320744410547,impostor
calibration,0,-46.47661034265932,impostor
calibration,0,-53.71605830485791,impostor
calibration,0,-70.06792605285573,impostor
calibration,0,-60.37252308674202,impostor
calibration,0,-57.5181353842364,impostor
calibration,0,-70.09317910567582,impostor
calibration,0,-71.96915628685456,impostor
calibration,0,-75.12603686439155,impostor
calibration,0,-67.54175731576295,impostor
calibration,0,-52.604012308779076,impostor
calibration,0,-44.61041327622542,impostor
calibration,0,-61.71700735779324,impostor
calibration,0,-65.1097735709117,impostor
calibration,0,-57.13108270117823,impostor
calibration,0,-51.215994854591784,impostor
calibration,0,-45.657222624517885,impostor
calibration,0,-44.08336487426298,impostor
calibration,0,-50.446174748511496,impostor
calibration,0,-60.978400051233265,impostor
calibration,0,-63.262084531552674,impostor
calibration,0,-76.4323375531166,impostor
calibration,0,-77.05947520892758,impostor
calibration,0,-52.30384998564279,impostor
calibration,0,-65.68154073621224,impostor
calibration,0,-64.72467269819138,impostor
calibration,0,-101.68731868956044,impostor
calibration,0,-74.12095085653819,impostor
calibration,0,-75.41545061543893,impostor
calibration,0,-64.18648033695075,impostor
calibration,0,-105.18800324925282,impostor
calibration,0,-69.55138669653404,impostor
calibration,0,-80.0563622533031,impostor
calibration,0,-62.29424376397595,impostor
calibration,0,-67.94763911357813,impostor
calibration,0,-85.24092592692794,impostor
calibration,0,-54.51556910996741,impostor
calibration,0,-47.00958047750737,impostor
calibration,0,-63.62795345112489,impostor
calibration,0,-49.109908707114755,impostor
calibration,0,-81.14180368971775,impostor
calibration,0,-103.35400822778507,impostor
calibration,0,-75.45175513803714,impostor
calibration,0,-95.72763288823448,impostor
calibration,0,-79.10264603769483,impostor
calibration,0,-55.060929289566204,impostor
calibration,0,-68.70685195528411,impostor
calibration,0,-55.489982994795234,impostor
calibration,0,-59.204364483483886,impostor
calibration,0,-69.25723159488875,impostor
calibration,0,-56.82911297645747,impostor
calibration,0,-61.10871591734564,impostor
calibration,0,-57.48814560715378,impostor
calibration,0,-58.18932909814918,impostor
calibration,0,-71.53294828361041,impostor
calibration,0,-53.09725699159033,impostor
calibration,0,-46.126469497370366,impostor
calibration,0,-39.56858148297732,impostor
calibration,0,-42.91894832065462,impostor
calibration,0,-52.81418950536781,impostor
calibration,0,-75.06449206917371,impostor
calibration,0,-78.73239535112599,impostor
calibration,0,-51.59469934646714,impostor
calibration,0,-56.599805338984666,impostor
calibration,0,-52.83984735050872,impostor
calibration,0,-100.48351043197397,impostor
calibration,0,-103.5708536956154,impostor
calibration,0,-130.95484176649512,impostor
calibration,0,-85.39253249322512,impostor
calibration,0,-68.8965071592725,impostor
calibration,0,-67.99411273866512,impostor
calibration,0,-59.805088655222946,impostor
calibration,0,-63.86882895399613,impostor
calibration,0,-59.34060314275662,impostor
calibration,0,-76.09767170547781,impostor
calibration,0,-57.879012479889326,impostor
calibration,0,-55.73641516641881,impostor
calibration,0,-42.726842522310655,impostor
calibration,0,-54.16841210210403,impostor
calibration,0,-59.80714486525757,impostor
calibration,0,-66.74845385535689,impostor
calibration,0,-49.564658180330845,impostor
calibration,0,-32.866249554186346,impostor
calibration,0,-43.34063154353719,impostor
calibration,0,-44.49169827519399,impostor
calibration,0,-59.5529420973351,impostor
calibration,0,-100.69515340868102,impostor
calibration,0,-54.28099135501758,impostor
calibration,0,-53.248664303466605,impostor
calibration,0,-51.72268457055053,impostor
calibration,0,-50.9109899996025,impostor
calibration,0,-57.14606647464304,impostor
calibration,0,-60.816272891193385,impostor
calibration,0,-60.8465818636467,impostor
calibration,0,-67.353589946617,impostor
calibration,0,-55.70368914342759,impostor
calibration,0,-54.944579190985685,impostor
calibration,0,-52.51737544768116,impostor
calibration,0,-52.62258522053636,impostor
calibration,0,-59.29155365234925,impostor
calibration,0,-45.811464323470766,impostor
calibration,0,-56.45476520316879,impostor
calibration,0,-56.923439852298706,impostor
calibration,0,-43.64345050430975,impostor
calibration,0,-47.98753719280708,impostor
calibration,1,-46.54154045171106,genuine
calibration,1,-51.12333201048325,genuine
calibration,1,-20.956791775917107,genuine
calibration,1,-20.66377178161348,genuine
calibration,1,-47.16949665167381,genuine
calibration,1,-79.63129261652254,genuine
calibration,1,-24.272919703754017,genuine
calibration,1,-27.182653039679096,genuine
calibration,1,-77.81133925362217,genuine
calibration,1,-44.77213148698994,genuine
calibration,1,-42.72183471411441,genuine
calibration,1,-88.32399093334266,genuine
calibration,1,-32.69817718923151,genuine
calibration,1,-30.700889517237066,genuine
calibration,1,-31.4550305150312,genuine
calibration,1,-27.4982389889985,genuine
calibration,1,-33.682826955284575,genuine
calibration,1,-33.67902268575555,genuine
calibration,1,-39.1616967180833,genuine
calibration,1,-32.57274920756093,genuine
calibration,1,-38.52783136124783,genuine
calibration,1,-64.70225192926718,genuine
calibration,1,-26.699715848967813,genuine
calibration,1,-28.166568184699184,genuine
calibration,1,-29.376019674025297,genuine
calibration,1,-24.823741874703995,genuine
calibration,1,-25.88470383075357,genuine
calibration,1,-27.783127145454515,genuine
calibration,1,-19.880628006140636,genuine
calibration,1,-29.387412613233625,genuine
calibration,1,-32.297897837728335,genuine
calibration,1,-26.46081440736488,genuine
calibration,1,-28.756817867497723,genuine
calibration,1,-38.18007177805186,genuine
calibration,1,-39.720831760436745,genuine
calibration,1,-35.25080067343691,genuine
calibration,1,-31.050274505636466,genuine
calibration,1,-39.74200963404055,genuine
calibration,1,-35.6071772021373,genuine
calibration,1,-30.70119130675701,genuine
calibration,1,-36.94022433351825,genuine
calibration,1,-45.33445164314867,genuine
calibration,1,-25.8648951080161,genuine
calibration,1,-36.445169224363,genuine
calibration,1,-28.46601742918166,genuine
calibration,1,-27.4270121130156,genuine
calibration,1,-29.751976556890554,genuine
calibration,1,-28.1266888858277,genuine
calibration,1,-34.56112347796436,genuine
calibration,1,-36.16632019072878,genuine
calibration,1,-48.21191373592934,genuine
calibration,1,-31.08855831155783,genuine
calibration,1,-31.17479126838681,genuine
calibration,1,-32.31994859865979,genuine
calibration,1,-26.374898863668694,genuine
calibration,1,-22.627343373469134,genuine
calibration,1,-32.13656966407348,genuine
calibration,1,-30.26779671482131,genuine
calibration,1,-25.05824143008489,genuine
calibration,1,-28.94479286576069,genuine
calibration,1,-20.232836418103613,genuine
calibration,1,-19.027389178102705,genuine
calibration,1,-28.850835918435862,genuine
calibration,1,-21.89171919209547,genuine
calibration,1,-25.82992335656666,genuine
calibration,1,-24.51224821368329,genuine
calibration,1,-26.640827376802864,genuine
calibration,1,-26.171397508778956,genuine
calibration,1,-18.604099462217352,genuine
calibration,1,-24.777480322299148,genuine
calibration,1,-32.68987251070246,genuine
calibration,1,-27.810795835209184,genuine
calibration,1,-41.498606409527795,genuine
calibration,1,-28.84428977290962,genuine
calibration,1,-25.816494290874104,genuine
calibration,1,-30.584111799151525,genuine
calibration,1,-28.21797636701929,genuine
calibration,1,-33.66002217124228,genuine
calibration,1,-32.002951479901455,genuine
calibration,1,-61.16122247369447,genuine
calibration,1,-29.867861581156827,genuine
calibration,1,-33.88880986723934,genuine
calibration,1,-43.23832318734853,genuine
calibration,1,-30.696428090198072,genuine
calibration,1,-33.54849799119165,genuine
calibration,1,-36.11320447050236,genuine
calibration,1,-33.871223475995976,genuine
calibration,1,-31.75276459640519,genuine
calibration,1,-31.529898614109417,genuine
calibration,1,-33.46447883004655,genuine
calibration,1,-39.962216504853416,genuine
calibration,1,-30.351088673499742,genuine
calibration,1,-30.504517579129544,genuine
calibration,1,-26.746621436273273,genuine
calibration,1,-31.814240379264533,genuine
calibration,1,-34.10587994256485,genuine
calibration,1,-25.321117163141427,genuine
calibration,1,-35.807781942804766,genuine
calibration,1,-28.79131211905243,genuine
calibration,1,-25.61400402662988,genuine
calibration,1,-32.0882420469533,genuine
calibration,1,-30.563558344268564,genuine
calibration,1,-32.25246058027432,genuine
calibration,1,-36.269149965183104,genuine
calibration,1,-32.539591349606475,genuine
calibration,1,-29.895549611854072,genuine
calibration,1,-29.11780129816741,genuine
calibration,1,-33.76784694652814,genuine
calibration,1,-31.35249312367126,genuine
calibration,1,-37.39449690046554,genuine
calibration,1,-30.35006590601252,genuine
calibration,1,-36.026930624514456,genuine
calibration,1,-30.779603449197243,genuine
calibration,1,-36.6958752404899,genuine
calibration,1,-36.72434114773159,genuine
calibration,1,-33.94641324633265,genuine
calibration,1,-37.24433142850865,genuine
calibration,1,-33.85881534380744,genuine
calibration,1,-30.470829957777077,genuine
calibration,1,-33.57149310818093,genuine
calibration,1,-34.429911765726445,genuine
calibration,1,-29.223716652543825,genuine
calibration,1,-36.58823735780429,genuine
calibration,1,-34.7690896563722,genuine
calibration,1,-37.63379098285193,genuine
calibration,1,-30.83435292905997,genuine
calibration,1,-33.727825600625984,genuine
calibration,1,-32.35600333430461,genuine
calibration,1,-31.505137031383597,genuine
calibration,1,-38.07794855598025,genuine
calibration,1,-40.77032023018132,genuine
calibration,1,-33.40076494317333,genuine
calibration,1,-34.341584005202634,genuine
calibration,1,-36.78440653992891,genuine
calibration,1,-42.669685695363974,genuine
calibration,1,-43.565858731559665,genuine
calibration,1,-42.697016721027296,genuine
calibration,1,-33.36653916536343,genuine
calibration,1,-32.99734675599515,genuine
calibration,1,-37.05759667098119,genuine
calibration,1,-40.303544147388145,genuine
calibration,1,-36.53013882490571,genuine
calibration,1,-41.529198102024296,genuine
calibration,1,-37.162358512761514,genuine
calibration,1,-35.358194811872224,genuine
calibration,1,-34.727106324378255,genuine
calibration,1,-44.53458780167098,genuine
calibration,1,-37.86719284965146,genuine
calibration,1,-35.803824219805314,genuine
calibration,1,-35.40111577460705,genuine
calibration,1,-47.854491601971304,genuine
calibration,1,-37.7368264933313,genuine
calibration,1,-32.986134600704176,genuine
calibration,1,-30.585039247176056,genuine
calibration,1,-30.31538843798248,genuine
calibration,1,-34.34054611687857,genuine
calibration,1,-31.922397584704623,genuine
calibration,1,-34.53139191736391,genuine
calibration,1,-26.37808199538408,genuine
calibration,1,-32.78842137364947,genuine
calibration,1,-31.681890532017157,genuine
calibration,1,-31.76006050934696,genuine
calibration,1,-25.015361883435038,genuine
calibration,1,-34.220157511908816,genuine
calibration,1,-25.84377098633263,genuine
calibration,1,-27.908702248681085,genuine
calibration,1,-32.26122451920293,genuine
calibration,1,-37.82221099640608,genuine
calibration,1,-35.21906793437925,genuine
calibration,1,-26.694484949573788,genuine
calibration,1,-37.23850675011456,genuine
calibration,1,-30.48865942290072,genuine
calibration,1,-25.207655120620615,genuine
calibration,1,-35.30227992009837,genuine
calibration,1,-34.62101700527472,genuine
calibration,1,-36.04436380078325,genuine
calibration,1,-42.10697204992512,genuine
calibration,1,-36.223341375938055,genuine
calibration,1,-34.35468006114752,genuine
calibration,1,-36.28834037774038,genuine
calibration,1,-35.971248211766216,genuine
calibration,1,-38.81718512495322,genuine
calibration,1,-30.73270393272407,genuine
calibration,1,-43.70116796594295,genuine
calibration,1,-30.91269958239699,genuine
calibration,1,-37.140540354883996,genuine
calibration,1,-33.66823876843915,genuine
calibration,1,-39.782315042013856,genuine
calibration,1,-33.3186581765836,genuine
calibration,1,-42.07152628633445,genuine
calibration,1,-33.75727474795709,genuine
calibration,1,-38.146508133068345,genuine
calibration,1,-32.03007502979724,genuine
calibration,1,-78.73710982094448,genuine
calibration,1,-42.35364851271394,genuine
calibration,1,-34.80864670937572,genuine
calibration,1,-38.10401946237922,genuine
calibration,1,-35.140022914853276,genuine
calibration,1,-29.74632273906392,genuine
calibration,1,-28.814095950866257,genuine
calibration,0,-94.58189674386861,impostor
calibration,0,-102.5800144674604,impostor
calibration,0,-90.43846940998604,impostor
calibration,0,-102.96938783497168,impostor
calibration,0,-109.78469771889637,impostor
calibration,0,-117.89967940382554,impostor
calibration,0,-94.21520591313242,impostor
calibration,0,-102.54784819921684,impostor
calibration,0,-114.2018813797405,impostor
calibration,0,-108.95149166248147,impostor
calibration,0,-87.56385551039881,impostor
calibration,0,-91.0716566855061,impostor
calibration,0,-101.23725578276337,impostor
calibration,0,-84.03891132789275,impostor
calibration,0,-90.18513124681103,impostor
calibration,0,-70.70931558261104,impostor
calibration,0,-88.74658243777662,impostor
calibration,0,-83.35682169010019,impostor
calibration,0,-75.38275286450491,impostor
calibration,0,-73.21569106244638,impostor
calibration,0,-73.26602856971063,impostor
calibration,0,-67.95436379297122,impostor
calibration,0,-98.58953722306198,impostor
calibration,0,-70.76408710127046,impostor
calibration,0,-80.69885594065723,impostor
calibration,0,-101.27250689204512,impostor
calibration,0,-99.24892744396503,impostor
calibration,0,-108.15495992819092,impostor
calibration,0,-110.86556984400899,impostor
calibration,0,-93.12913959470023,impostor
calibration,0,-217.315281185354,impostor
calibration,0,-179.65268189570222,impostor
calibration,0,-181.82918102460505,impostor
calibration,0,-111.19612358089051,impostor
calibration,0,-178.84189333146008,impostor
calibration,0,-81.24602976015748,impostor
calibration,0,-78.60660344805144,impostor
calibration,0,-66.55034454783845,impostor
calibration,0,-75.00010085181766,impostor
calibration,0,-73.11163422415308,impostor
calibration,0,-160.43012308349,impostor
calibration,0,-105.76544348971981,impostor
calibration,0,-65.80311637612539,impostor
calibration,0,-83.37445072406646,impostor
calibration,0,-81.40072959540356,impostor
calibration,0,-80.1458706138543,impostor
calibration,0,-71.21627709435802,impostor
calibration,0,-88.98532189769375,impostor
calibration,0,-78.0731325193545,impostor
calibration,0,-90.05415042102112,impostor
calibration,0,-135.23734970448612,impostor
calibration,0,-112.15643498722686,impostor
calibration,0,-114.47644087306324,impostor
calibration,0,-111.13543977839653,impostor
calibration,0,-98.09189691109044,impostor
calibration,0,-92.40792968223583,impostor
calibration,0,-82.8336635641258,impostor
calibration,0,-100.04025924910682,impostor
calibration,0,-85.5261093084101,impostor
calibration,0,-95.71161180514098,impostor
calibration,0,-89.57721278575355,impostor
calibration,0,-81.82924919147793,impostor
calibration,0,-59.84576331348861,impostor
calibration,0,-53.7200006485131,impostor
calibration,0,-63.533433047006405,impostor
calibration,0,-109.87322055576341,impostor
calibration,0,-98.54644786101919,impostor
calibration,0,-96.94023478268227,impostor
calibration,0,-86.03489822781468,impostor
calibration,0,-89.45279381501305,impostor
calibration,0,-57.31469829862219,impostor
calibration,0,-47.8225504645682,impostor
calibration,0,-53.96343343745605,impostor
calibration,0,-52.06213380787126,impostor
calibration,0,-65.92150957255872,impostor
calibration,0,-95.88773712595417,impostor
calibration,0,-93.88352227488038,impostor
calibration,0,-91.28208542860393,impostor
calibration,0,-93.84272305930654,impostor
calibration,0,-85.20274067420465,impostor
calibration,0,-129.49948344320316,impostor
calibration,0,-114.76930773553481,impostor
calibration,0,-131.267950707325,impostor
calibration,0,-126.25044959735355,impostor
calibration,0,-125.38374734435016,impostor
calibration,0,-62.39713839080664,impostor
calibration,0,-57.930648895356164,impostor
calibration,0,-50.94567959569383,impostor
calibration,0,-66.86997392908562,impostor
calibration,0,-57.541676711546565,impostor
calibration,0,-63.76475793478609,impostor
calibration,0,-57.60849639705175,impostor
calibration,0,-64.07629042617478,impostor
calibration,0,-61.720677649998294,impostor
calibration,0,-60.646296365146135,impostor
calibration,0,-99.22556899979443,impostor
calibration,0,-82.15043766549591,impostor
calibration,0,-79.49751831836298,impostor
calibration,0,-102.45450832357602,impostor
calibration,0,-98.38709194643288,impostor
calibration,0,-130.18373901631227,impostor
calibration,0,-123.33106234705441,impostor
calibration,0,-153.2746812806964,impostor
calibration,0,-150.59908728480565,impostor
calibration,0,-133.64994073671264,impostor
calibration,0,-108.46335288005702,impostor
calibration,0,-113.0063935964238,impostor
calibration,0,-96.69607902628009,impostor
calibration,0,-128.2129319173991,impostor
calibration,0,-117.31537909746083,impostor
calibration,0,-65.24900934025631,impostor
calibration,0,-52.530337547866736,impostor
calibration,0,-99.09330196657734,impostor
calibration,0,-57.53239962549224,impostor
calibration,0,-66.42354533034771,impostor
calibration,0,-142.65873147686773,impostor
calibration,0,-129.01121873994367,impostor
calibration,0,-139.18190238367862,impostor
calibration,0,-130.9282754906606,impostor
calibration,0,-99.57966623407671,impostor
calibration,0,-79.03276572156048,impostor
calibration,0,-89.4181698652239,impostor
calibration,0,-87.14571505229284,impostor
calibration,0,-85.29030427828795,impostor
calibration,0,-86.39219042229047,impostor
calibration,0,-226.65171578867333,impostor
calibration,0,-83.79819582048455,impostor
calibration,0,-85.85354321124058,impostor
calibration,0,-95.44837363355957,impostor
calibration,0,-82.42215384801004,impostor
calibration,0,-190.36837931056291,impostor
calibration,0,-140.26466688302872,impostor
calibration,0,-132.07592747821596,impostor
calibration,0,-143.37789305539363,impostor
calibration,0,-144.78594271531983,impostor
calibration,0,-140.00032201006482,impostor
calibration,0,-114.84334016875017,impostor
calibration,0,-133.35777758028976,impostor
calibration,0,-125.12223257275136,impostor
calibration,0,-102.77570020364145,impostor
calibration,0,-91.29044169289762,impostor
calibration,0,-82.69724669851344,impostor
calibration,0,-91.32866271932313,impostor
calibration,0,-99.59497788133238,impostor
calibration,0,-96.66423413214163,impostor
calibration,0,-101.12790312510904,impostor
calibration,0,-103.39508692108888,impostor
calibration,0,-106.11978682621245,impostor
calibration,0,-109.80711414790342,impostor
calibration,0,-110.9933909248504,impostor
calibration,0,-109.19464279712507,impostor
calibration,0,-111.55190643797171,impostor
calibration,0,-106.75231459201999,impostor
calibration,0,-113.88974902878515,impostor
calibration,0,-123.231042071257,impostor
calibration,0,-84.84465393707326,impostor
calibration,0,-80.15900289213745,impostor
calibration,0,-84.91499610478506,impostor
calibration,0,-83.52324199058705,impostor
calibration,0,-86.88499934787791,impostor
calibration,0,-98.88774938427285,impostor
calibration,0,-81.4650061628087,impostor
calibration,0,-98.45615920052529,impostor
calibration,0,-86.68950214313264,impostor
calibration,0,-91.71822137383093,impostor
calibration,0,-133.9316492835534,impostor
calibration,0,-152.14672394438173,impostor
calibration,0,-155.7882599300798,impostor
calibration,0,-120.56828971534726,impostor
calibration,0,-135.75921207401333,impostor
calibration,0,-96.81885012310428,impostor
calibration,0,-134.62895655045958,impostor
calibration,0,-96.4485514116555,impostor
calibration,0,-107.53445654017557,impostor
calibration,0,-87.72941875130967,impostor
calibration,0,-190.19909781242538,impostor
calibration,0,-164.58539789722008,impostor
calibration,0,-182.8125167289112,impostor
calibration,0,-145.24883290259555,impostor
calibration,0,-163.71841263716644,impostor
calibration,0,-87.4898995930757,impostor
calibration,0,-57.38886282219338,impostor
calibration,0,-63.807544485414546,impostor
calibration,0,-62.513891946043586,impostor
calibration,0,-53.964572459715775,impostor
calibration,0,-191.48509190874458,impostor
calibration,0,-217.26297587337018,impostor
calibration,0,-179.73865505223543,impostor
calibration,0,-207.4484559323801,impostor
calibration,0,-174.6677803668859,impostor
calibration,0,-90.00750899914817,impostor
calibration,0,-91.29604137820454,impostor
calibration,0,-71.25370506822676,impostor
calibration,0,-77.80817969323972,impostor
calibration,0,-75.234928188938,impostor
calibration,0,-84.01615217264448,impostor
calibration,0,-73.80125740008101,impostor
calibration,0,-76.43146454034796,impostor
calibration,0,-91.72243056653191,impostor
calibration,0,-81.64572989322858,impostor
calibration,0,-77.824702410286,impostor
calibration,0,-83.50191127476165,impostor
calibration,0,-83.31365716527786,impostor
calibration,0,-78.52422499363782,impostor
calibration,0,-82.29517996206258,impostor
calibration,0,-105.7748495792751,impostor
calibration,0,-112.08379809227041,impostor
calibration,0,-81.74129956424224,impostor
calibration,0,-98.34788882419039,impostor
calibration,0,-99.86104251737093,impostor
calibration,0,-129.59205992388186,impostor
calibration,0,-167.42314393944218,impostor
calibration,0,-213.63480310005767,impostor
calibration,0,-157.97975072645207,impostor
calibration,0,-130.73014800587097,impostor
calibration,0,-102.38252543216677,impostor
calibration,0,-102.37326446110892,impostor
calibration,0,-105.83588134341065,impostor
calibration,0,-106.0059001795234,impostor
calibration,0,-118.83056324386489,impostor
calibration,0,-87.54677363880828,impostor
calibration,0,-72.02268522033667,impostor
calibration,0,-76.27127747049225,impostor
calibration,0,-77.14453686755124,impostor
calibration,0,-78.58676024448079,impostor
calibration,0,-112.27174230754386,impostor
calibration,0,-93.73848835613751,impostor
calibration,0,-81.21935463959585,impostor
calibration,0,-90.06614376158119,impostor
calibration,0,-79.67574427950153,impostor
calibration,0,-64.073071604176,impostor
calibration,0,-73.20233248017978,impostor
calibration,0,-72.77493116678228,impostor
calibration,0,-56.975859721197565,impostor
calibration,0,-74.37596369905893,impostor
calibration,0,-118.0473838422698,impostor
calibration,0,-106.23655586849178,impostor
calibration,0,-112.76743986913706,impostor
calibration,0,-119.2678339151079,impostor
calibration,0,-141.40339501629975,impostor
calibration,0,-113.21099722245509,impostor
calibration,0,-117.54876810114297,impostor
calibration,0,-111.41227337620121,impostor
calibration,0,-104.05799846741297,impostor
calibration,0,-115.9446911179428,impostor
calibration,0,-76.672687681848,impostor
calibration,0,-68.66298848062966,impostor
calibration,0,-74.48965744077223,impostor
calibration,0,-63.965783333981506,impostor
calibration,0,-77.70625214591075,impostor
calibration,1,-20.700599107202443,genuine
calibration,1,-37.208866149722645,genuine
calibration,1,-21.3840713808918,genuine
calibration,1,-32.503284776456745,genuine
calibration,1,-27.179752820189876,genuine
calibration,1,-22.43333025889939,genuine
calibration,1,-57.262375248453914,genuine
calibration,1,-24.16818053744707,genuine
calibration,1,-25.198669662047923,genuine
calibration,1,-27.500093119628957,genuine
calibration,1,-41.82606666117769,genuine
calibration,1,-31.527574957614892,genuine
calibration,1,-24.89411860943042,genuine
calibration,1,-27.593870117319614,genuine
calibration,1,-28.702324717163926,genuine
calibration,1,-27.87006225019806,genuine
calibration,1,-35.185512454083046,genuine
calibration,1,-37.761127443492,genuine
calibration,1,-32.044977423185216,genuine
calibration,1,-36.59065648126806,genuine
calibration,1,-31.89985330187317,genuine
calibration,1,-34.97348187156857,genuine
calibration,1,-27.153943179375688,genuine
calibration,1,-37.15369163902301,genuine
calibration,1,-32.087832319236824,genuine
calibration,1,-32.767681795266206,genuine
calibration,1,-36.35933992523351,genuine
calibration,1,-34.85194932901546,genuine
calibration,1,-36.55020748212909,genuine
calibration,1,-30.555229558871357,genuine
calibration,1,-39.84186297286435,genuine
calibration,1,-34.24521056623069,genuine
calibration,1,-42.32900350642577,genuine
calibration,1,-31.768173052219854,genuine
calibration,1,-64.56643802826999,genuine
calibration,1,-29.786416567231836,genuine
calibration,1,-42.037479474496465,genuine
calibration,1,-51.116013651169474,genuine
calibration,1,-40.75674029186379,genuine
calibration,1,-34.784566444166565,genuine
calibration,1,-32.753946137828876,genuine
calibration,1,-37.463951942422355,genuine
calibration,1,-36.73848656521162,genuine
calibration,1,-71.69099720335086,genuine
calibration,1,-38.83887913718316,genuine
calibration,1,-25.451196434653134,genuine
calibration,1,-62.4168856828169,genuine
calibration,1,-28.787225396707758,genuine
calibration,1,-29.83286659628861,genuine
calibration,1,-30.421309587507757,genuine
calibration,1,-29.40592219403061,genuine
calibration,1,-40.914039316231516,genuine
calibration,1,-28.753287431273048,genuine
calibration,1,-29.46634378461438,genuine
calibration,1,-37.1107022768886,genuine
calibration,1,-23.676543061097615,genuine
calibration,1,-29.079075079832855,genuine
calibration,1,-29.6925637140196,genuine
calibration,1,-23.325079639412138,genuine
calibration,1,-35.62055349819297,genuine
calibration,1,-36.40396283796528,genuine
calibration,1,-32.86916117461341,genuine
calibration,1,-27.907214054910337,genuine
calibration,1,-28.112332522573134,genuine
calibration,1,-34.12279482654416,genuine
calibration,1,-30.320191576794265,genuine
calibration,1,-87.06905503002417,genuine
calibration,1,-60.44383727180874,genuine
calibration,1,-42.72114476574268,genuine
calibration,1,-47.05965354667719,genuine
calibration,1,-29.2507401761578,genuine
calibration,1,-36.70678735430615,genuine
calibration,1,-44.439729140502706,genuine
calibration,1,-41.93396274834984,genuine
calibration,1,-33.90011552468101,genuine
calibration,1,-31.0560122429124,genuine
calibration,1,-29.456172396410103,genuine
calibration,1,-37.909209635497874,genuine
calibration,1,-31.571727847350125,genuine
calibration,1,-32.12378614040876,genuine
calibration,1,-32.29758772390884,genuine
calibration,1,-28.637931661544652,genuine
calibration,1,-25.9150492633405,genuine
calibration,1,-32.64308772245666,genuine
calibration,1,-29.148544964394635,genuine
calibration,1,-33.49827435863594,genuine
calibration,1,-42.822833925375065,genuine
calibration,1,-34.23128186209609,genuine
calibration,1,-31.445144295883935,genuine
calibration,1,-36.64047055974874,genuine
calibration,1,-28.74036541369059,genuine
calibration,1,-29.06094083314426,genuine
calibration,1,-29.272799311363947,genuine
calibration,1,-33.158618577754844,genuine
calibration,1,-90.24815201995649,genuine
calibration,1,-47.07418454461211,genuine
calibration,1,-34.557168532668264,genuine
calibration,1,-31.299117136274397,genuine
calibration,1,-28.569239183292368,genuine
calibration,1,-31.500099429467358,genuine
calibration,1,-71.78530110877301,genuine
calibration,1,-51.40373557572492,genuine
calibration,1,-43.03094052695643,genuine
calibration,1,-41.693375836016465,genuine
calibration,1,-34.00579920526593,genuine
calibration,1,-32.30807996124485,genuine
calibration,1,-32.73549810805677,genuine
calibration,1,-32.60819422356611,genuine
calibration,1,-31.25875646477377,genuine
calibration,1,-33.096457028172985,genuine
calibration,1,-47.070835985182704,genuine
calibration,1,-29.169824533439318,genuine
calibration,1,-37.26721827209017,genuine
calibration,1,-31.647715721640342,genuine
calibration,1,-32.60832191299031,genuine
calibration,1,-31.459705653009,genuine
calibration,1,-41.65176693878197,genuine
calibration,1,-37.49308752037419,genuine
calibration,1,-38.91734896353695,genuine
calibration,1,-36.34189087967747,genuine
calibration,1,-41.33104230055676,genuine
calibration,1,-37.85900402094825,genuine
calibration,1,-36.62355775086811,genuine
calibration,1,-37.79225399565456,genuine
calibration,1,-33.90729273175857,genuine
calibration,1,-35.15066163599978,genuine
calibration,1,-45.72243642240818,genuine
calibration,1,-38.10992566451644,genuine
calibration,1,-32.32063741642555,genuine
calibration,1,-45.44992651258383,genuine
calibration,1,-35.83469704872972,genuine
calibration,1,-34.514438870511064,genuine
calibration,1,-39.905168494586505,genuine
calibration,1,-41.447640296382204,genuine
calibration,1,-42.75968317146848,genuine
calibration,1,-39.18389945638591,genuine
calibration,1,-34.37321082868695,genuine
calibration,1,-37.47556406939147,genuine
calibration,1,-35.30412257916691,genuine
calibration,1,-42.45795302545584,genuine
calibration,1,-33.14907502248182,genuine
calibration,1,-31.4129242090033,genuine
calibration,1,-34.12801244280531,genuine
calibration,1,-39.62225523449062,genuine
calibration,1,-44.19171977874933,genuine
calibration,1,-43.15970701431668,genuine
calibration,1,-45.40712152919121,genuine
calibration,1,-31.26213075133902,genuine
calibration,1,-35.13067044021384,genuine
calibration,1,-44.82191849918543,genuine
calibration,1,-26.23854379732446,genuine
calibration,1,-28.533070336375634,genuine
calibration,1,-36.88267920243846,genuine
calibration,1,-27.35570707114928,genuine
calibration,1,-29.892081317628847,genuine
calibration,1,-34.83204225415062,genuine
calibration,1,-48.79374840558057,genuine
calibration,1,-36.37831143894008,genuine
calibration,1,-35.489439536070776,genuine
calibration,1,-37.131698932205154,genuine
calibration,1,-37.75647859478714,genuine
calibration,1,-33.24152416237695,genuine
calibration,1,-43.347344367151344,genuine
calibration,1,-41.70505800650129,genuine
calibration,1,-38.78016244894794,genuine
calibration,1,-89.37750946697527,genuine
calibration,1,-36.68000647153149,genuine
calibration,1,-55.25853228245524,genuine
calibration,1,-77.10619987056818,genuine
calibration,1,-47.81604231532437,genuine
calibration,1,-52.14841725365029,genuine
calibration,1,-32.11159761983523,genuine
calibration,1,-35.0934452406456,genuine
calibration,1,-46.018222103144254,genuine
calibration,1,-42.93173844595771,genuine
calibration,1,-40.022972401544905,genuine
calibration,1,-34.20188337150181,genuine
calibration,1,-41.36540554104797,genuine
calibration,1,-29.951879725210176,genuine
calibration,1,-31.34226242807071,genuine
calibration,1,-32.73867532388529,genuine
calibration,1,-37.84267458986145,genuine
calibration,1,-34.03880740616763,genuine
calibration,1,-43.053471860330355,genuine
calibration,1,-35.04967954167675,genuine
calibration,1,-56.89256111270064,genuine
calibration,1,-33.55918628331312,genuine
calibration,1,-40.6747278578091,genuine
calibration,1,-37.82698247681447,genuine
calibration,1,-41.74804771418957,genuine
calibration,1,-38.57146862026939,genuine
calibration,1,-44.90509538639001,genuine
calibration,1,-40.59069181705464,genuine
calibration,1,-39.25192676147901,genuine
calibration,1,-41.185627289774075,genuine
calibration,1,-48.705944186036966,genuine
calibration,1,-64.35425936506311,genuine
calibration,1,-59.80799514580423,genuine
calibration,1,-35.028404718781154,genuine
calibration,1,-40.69681210112026,genuine
calibration,0,-52.329482445864656,impostor
calibration,0,-65.42586108830673,impostor
calibration,0,-67.32994120149242,impostor
calibration,0,-42.89903740627951,impostor
calibration,0,-43.23517369730068,impostor
calibration,0,-156.17204673747239,impostor
calibration,0,-151.17840452260884,impostor
calibration,0,-121.40990517953968,impostor
calibration,0,-150.22656471249098,impostor
calibration,0,-137.31176556040916,impostor
calibration,0,-275.24966211038225,impostor
calibration,0,-231.5540492889655,impostor
calibration,0,-217.28783893661353,impostor
calibration,0,-230.77118658625992,impostor
calibration,0,-189.98522899138194,impostor
calibration,0,-113.2647568933438,impostor
calibration,0,-137.05078300080947,impostor
calibration,0,-152.31282866488445,impostor
calibration,0,-48.265820188389235,impostor
calibration,0,-79.01544954987702,impostor
calibration,0,-39.60671012651861,impostor
calibration,0,-34.59728717419835,impostor
calibration,0,-60.1413254062677,impostor
calibration,0,-32.38028500445784,impostor
calibration,0,-44.53165437291191,impostor
calibration,0,-340.13135832951343,impostor
calibration,0,-340.3399689477569,impostor
calibration,0,-318.16088323652104,impostor
calibration,0,-345.9999799305919,impostor
calibration,0,-276.3089863297372,impostor
calibration,0,-443.694841944859,impostor
calibration,0,-338.2210580913762,impostor
calibration,0,-341.5588948710417,impostor
calibration,0,-205.89973739472148,impostor
calibration,0,-321.0181820946422,impostor
calibration,0,-56.17852645930069,impostor
calibration,0,-57.622726192448134,impostor
calibration,0,-67.7424987067853,impostor
calibration,0,-61.171619015083145,impostor
calibration,0,-54.961708695533105,impostor
calibration,0,-327.19573346137867,impostor
calibration,0,-151.5164461045542,impostor
calibration,0,-155.2909862760051,impostor
calibration,0,-127.66085557426416,impostor
calibration,0,-110.79378315434916,impostor
calibration,0,-76.3991917972738,impostor
calibration,0,-80.90209990336682,impostor
calibration,0,-65.54729518291795,impostor
calibration,0,-61.82133540051872,impostor
calibration,0,-39.16677693861597,impostor
calibration,0,-259.2237316340557,impostor
calibration,0,-164.68106007724307,impostor
calibration,0,-184.40722304948892,impostor
calibration,0,-133.60889151001427,impostor
calibration,0,-110.20349045468504,impostor
calibration,0,-101.45204820734747,impostor
calibration,0,-80.93932082395732,impostor
calibration,0,-60.47110655771057,impostor
calibration,0,-68.05561473232096,impostor
calibration,0,-45.32248974476088,impostor
calibration,0,-265.7434996482995,impostor
calibration,0,-263.3224842756254,impostor
calibration,0,-204.40024385433995,impostor
calibration,0,-169.35627612965806,impostor
calibration,0,-176.99393979742953,impostor
calibration,0,-141.03359200713848,impostor
calibration,0,-116.67032461564985,impostor
calibration,0,-109.24675096805728,impostor
calibration,0,-58.59505784302573,impostor
calibration,0,-134.8140093356287,impostor
calibration,0,-67.09154125792652,impostor
calibration,0,-130.01589275500874,impostor
calibration,0,-87.16347596717134,impostor
calibration,0,-104.91706979214084,impostor
calibration,0,-64.79873827192407,impostor
calibration,0,-39.86369491168224,impostor
calibration,0,-49.56086764311563,impostor
calibration,0,-58.53073672285363,impostor
calibration,0,-33.730313534062134,impostor
calibration,0,-43.12489705383474,impostor
calibration,0,-52.78615000102318,impostor
calibration,0,-87.38929400160862,impostor
calibration,0,-113.79739676064244,impostor
calibration,0,-89.81112299152706,impostor
calibration,0,-63.940196586557526,impostor
calibration,0,-90.74060551095582,impostor
calibration,0,-59.97543278528651,impostor
calibration,0,-68.96452941664323,impostor
calibration,0,-49.79178604869069,impostor
calibration,0,-56.371376113279474,impostor
calibration,0,-44.680924921875196,impostor
calibration,0,-65.32841638666628,impostor
calibration,0,-42.416985643867626,impostor
calibration,0,-36.702022517628826,impostor
calibration,0,-53.99907559375023,impostor
calibration,0,-56.99856485403924,impostor
calibration,0,-40.459578773229964,impostor
calibration,0,-49.028722609458626,impostor
calibration,0,-42.45682861047229,impostor
calibration,0,-43.624650543837696,impostor
calibration,0,-68.81259021470542,impostor
calibration,0,-68.9917716508723,impostor
calibration,0,-73.94968015142118,impostor
calibration,0,-151.62218764081837,impostor
calibration,0,-88.53835305482244,impostor
calibration,0,-97.24414647041887,impostor
calibration,0,-111.69881570782866,impostor
calibration,0,-80.62994546404825,impostor
calibration,0,-105.16039695733001,impostor
calibration,0,-56.290197913492214,impostor
calibration,0,-230.31533264649303,impostor
calibration,0,-180.96696900301004,impostor
calibration,0,-217.1433098001969,impostor
calibration,0,-108.3039220987099,impostor
calibration,0,-162.30627790986063,impostor
calibration,0,-147.94344943175628,impostor
calibration,0,-116.28449281055306,impostor
calibration,0,-117.08731788880077,impostor
calibration,0,-112.59116650999205,impostor
calibration,0,-58.444643189989584,impostor
calibration,0,-61.07350878637045,impostor
calibration,0,-55.820359312608154,impostor
calibration,0,-32.00173808655263,impostor
calibration,0,-30.99394120130775,impostor
calibration,0,-29.617707962068913,impostor
calibration,0,-561.7883059080528,impostor
calibration,0,-70.45231059609289,impostor
calibration,0,-55.448447508656066,impostor
calibration,0,-147.26714459892864,impostor
calibration,0,-59.28529044294876,impostor
calibration,0,-179.66563295337983,impostor
calibration,0,-65.95061308149621,impostor
calibration,0,-60.03706826006876,impostor
calibration,0,-40.46746452677803,impostor
calibration,0,-36.89816159191599,impostor
calibration,0,-118.2665615048646,impostor
calibration,0,-79.00377667475531,impostor
calibration,0,-78.94284024708418,impostor
calibration,0,-94.03499744230555,impostor
calibration,0,-76.14269206688421,impostor
calibration,0,-158.2293409157969,impostor
calibration,0,-126.52916606386361,impostor
calibration,0,-110.526612059324,impostor
calibration,0,-137.63218971884382,impostor
calibration,0,-100.68316610261307,impostor
calibration,0,-75.16911679176425,impostor
calibration,0,-73.28709027402996,impostor
calibration,0,-41.63112456557274,impostor
calibration,0,-85.52878813956082,impostor
calibration,0,-52.65691428012096,impostor
calibration,0,-60.28435335581873,impostor
calibration,0,-43.00240649733722,impostor
calibration,0,-41.52875211622325,impostor
calibration,0,-38.347154481292336,impostor
calibration,0,-50.06809054573021,impostor
calibration,0,-61.27518722316949,impostor
calibration,0,-57.650982721797625,impostor
calibration,0,-55.205429982022316,impostor
calibration,0,-48.81200954456201,impostor
calibration,0,-46.82052622793973,impostor
calibration,0,-36.361084753653564,impostor
calibration,0,-45.58101203416063,impostor
calibration,0,-61.27710817144744,impostor
calibration,0,-38.80602467981347,impostor
calibration,0,-38.505758687808175,impostor
calibration,0,-159.93922263774894,impostor
calibration,0,-80.9706090745916,impostor
calibration,0,-48.397052495375235,impostor
calibration,0,-71.21892380379504,impostor
calibration,0,-76.90931373799172,impostor
calibration,0,-134.64890754818902,impostor
calibration,0,-196.02109883192628,impostor
calibration,0,-94.94771648416594,impostor
calibration,0,-96.48091222105045,impostor
calibration,0,-80.67078065391287,impostor
calibration,0,-204.67490471640227,impostor
calibration,0,-119.16434113689174,impostor
calibration,0,-153.09059918165536,impostor
calibration,0,-127.82384168256691,impostor
calibration,0,-131.49337226246388,impostor
calibration,0,-194.93303888462538,impostor
calibration,0,-66.87430270214278,impostor
calibration,0,-94.74651218571628,impostor
calibration,0,-64.5796392318618,impostor
calibration,0,-107.75636321644716,impostor
calibration,0,-105.35234908813902,impostor
calibration,0,-115.25108023585342,impostor
calibration,0,-95.63232141473956,impostor
calibration,0,-123.05667252619295,impostor
calibration,0,-101.06813207447414,impostor
calibration,0,-47.42953065288879,impostor
calibration,0,-25.567966980062906,impostor
calibration,0,-48.474582366820854,impostor
calibration,0,-67.36912131994288,impostor
calibration,0,-45.446330921266984,impostor
calibration,0,-49.57672458782611,impostor
calibration,0,-71.85656333700318,impostor
calibration,0,-57.35047036457608,impostor
calibration,0,-44.49708265997575,impostor
calibration,0,-44.80643895815129,impostor
calibration,0,-116.65196927683218,impostor
calibration,0,-78.63878244066797,impostor
calibration,0,-89.38006239577388,impostor
calibration,0,-59.18321215088662,impostor
calibration,0,-54.77325719342817,impostor
calibration,0,-116.96849624625747,impostor
calibration,0,-90.62563111231324,impostor
calibration,0,-58.58309064580717,impostor
calibration,0,-50.484062382891025,impostor
calibration,0,-71.71362193624029,impostor
calibration,0,-150.786394588755,impostor
calibration,0,-106.3781327655259,impostor
calibration,0,-247.12933679583767,impostor
calibration,0,-144.8372402866716,impostor
calibration,0,-116.55980928145469,impostor
calibration,0,-29.75667686805065,impostor
calibration,0,-19.872638327844818,impostor
calibration,0,-27.028204593131026,impostor
calibration,0,-52.044002874905864,impostor
calibration,0,-27.6907634661541,impostor
calibration,0,-206.07938880539774,impostor
calibration,0,-126.23495750424046,impostor
calibration,0,-72.97680098709961,impostor
calibration,0,-58.905463523672715,impostor
calibration,0,-50.1368098068385,impostor
calibration,0,-192.66770428316875,impostor
calibration,0,-133.68624667212111,impostor
calibration,0,-150.35899344260562,impostor
calibration,0,-162.8479848490716,impostor
calibration,0,-102.03875613224021,impostor
calibration,0,-82.50782186524107,impostor
calibration,0,-114.02234099079763,impostor
calibration,0,-75.45199915674277,impostor
calibration,0,-83.39531679622301,impostor
calibration,0,-71.9359425016748,impostor
calibration,0,-59.00285010631099,impostor
calibration,0,-51.50147307353151,impostor
calibration,0,-42.2306174699277,impostor
calibration,0,-40.85469198091767,impostor
calibration,0,-57.10288717754127,impostor
calibration,0,-47.365924722723925,impostor
calibration,0,-34.1128614166722,impostor
calibration,0,-35.70488215672974,impostor
calibration,0,-58.23100277664137,impostor
calibration,0,-41.85564937755314,impostor
calibration,0,-84.98953534611944,impostor
calibration,0,-78.03526310606688,impostor
calibration,0,-59.517896551453234,impostor
calibration,0,-61.003979391789606,impostor
calibration,0,-49.89078238884698,impostor
calibration,1,-22.04863324957118,genuine
calibration,1,-20.979023960420303,genuine
calibration,1,-23.542438869104693,genuine
calibration,1,-20.958441932717825,genuine
calibration,1,-16.126519065737913,genuine
calibration,1,-21.075891212048532,genuine
calibration,1,-15.900101943024003,genuine
calibration,1,-20.9359939588595,genuine
calibration,1,-19.10399282600129,genuine
calibration,1,-26.722025154528403,genuine
calibration,1,-24.04729797082489,genuine
calibration,1,-19.026399346972763,genuine
calibration,1,-20.37650796069767,genuine
calibration,1,-22.24014206081346,genuine
calibration,1,-25.653325346616015,genuine
calibration,1,-21.936071048568916,genuine
calibration,1,-25.554370299359803,genuine
calibration,1,-28.041384617200958,genuine
calibration,1,-28.61080427410937,genuine
calibration,1,-20.737151891681094,genuine
calibration,1,-31.892479880357037,genuine
calibration,1,-27.047575736095745,genuine
calibration,1,-23.04191536708419,genuine
calibration,1,-30.26303379765556,genuine
calibration,1,-22.92627636398306,genuine
calibration,1,-29.91011542871291,genuine
calibration,1,-25.566845519206655,genuine
calibration,1,-29.39170582010489,genuine
calibration,1,-38.72984629297748,genuine
calibration,1,-29.303286789526105,genuine
calibration,1,-30.670432407623455,genuine
calibration,1,-31.8842431675545,genuine
calibration,1,-27.38962196084512,genuine
calibration,1,-41.842659649789354,genuine
calibration,1,-25.393474971682906,genuine
calibration,1,-69.08886287049681,genuine
calibration,1,-24.304947300501745,genuine
calibration,1,-22.668070675549384,genuine
calibration,1,-26.721495922038144,genuine
calibration,1,-30.203871715799387,genuine
calibration,1,-34.682541795297844,genuine
calibration,1,-29.087612064686848,genuine
calibration,1,-26.047073783468377,genuine
calibration,1,-24.44325529034887,genuine
calibration,1,-22.761224209300796,genuine
calibration,1,-24.46427569733216,genuine
calibration,1,-22.848098646930076,genuine
calibration,1,-26.267517737324173,genuine
calibration,1,-21.893587974374068,genuine
calibration,1,-36.021422697914424,genuine
calibration,1,-21.295671890365234,genuine
calibration,1,-23.87807444595998,genuine
calibration,1,-19.27067699971284,genuine
calibration,1,-19.585240076901876,genuine
calibration,1,-19.3937776831089,genuine
calibration,1,-20.375097114239317,genuine
calibration,1,-48.26044791696483,genuine
calibration,1,-67.85925119770133,genuine
calibration,1,-27.616740752460597,genuine
calibration,1,-24.89663931625096,genuine
calibration,1,-26.373906841531216,genuine
calibration,1,-20.007526941685775,genuine
calibration,1,-20.537957141347984,genuine
calibration,1,-19.688302317671475,genuine
calibration,1,-23.5988500036552,genuine
calibration,1,-22.42355641874131,genuine
calibration,1,-22.85369336129696,genuine
calibration,1,-21.019874522705845,genuine
calibration,1,-21.740942885771574,genuine
calibration,1,-27.900432316534534,genuine
calibration,1,-25.418830695782052,genuine
calibration,1,-20.279003964331892,genuine
calibration,1,-25.40034613753849,genuine
calibration,1,-21.25076976658146,genuine
calibration,1,-24.357670012486025,genuine
calibration,1,-28.025046187907137,genuine
calibration,1,-30.611882691213747,genuine
calibration,1,-25.72653364970003,genuine
calibration,1,-20.369425188799028,genuine
calibration,1,-35.808369639166145,genuine
calibration,1,-27.506955129558655,genuine
calibration,1,-24.091076220145727,genuine
calibration,1,-29.379443612920298,genuine
calibration,1,-25.20550317983238,genuine
calibration,1,-23.47751582482948,genuine
calibration,1,-27.28463286332128,genuine
calibration,1,-25.1422328672909,genuine
calibration,1,-24.78807447813421,genuine
calibration,1,-30.92701957187458,genuine
calibration,1,-31.102208356856654,genuine
calibration,1,-29.494193510303255,genuine
calibration,1,-21.944117182667895,genuine
calibration,1,-29.60569709993888,genuine
calibration,1,-32.28449311116421,genuine
calibration,1,-35.35070729854888,genuine
calibration,1,-33.47607734201633,genuine
calibration,1,-29.78228813693967,genuine
calibration,1,-26.494876605531893,genuine
calibration,1,-27.471901644392563,genuine
calibration,1,-27.33084663525909,genuine
calibration,1,-17.92603218314464,genuine
calibration,1,-17.762235991784646,genuine
calibration,1,-22.44941578603801,genuine
calibration,1,-20.59486038991697,genuine
calibration,1,-29.675049623900282,genuine
calibration,1,-23.619993816758186,genuine
calibration,1,-46.4689917336431,genuine
calibration,1,-25.947908648816195,genuine
calibration,1,-40.27490946984864,genuine
calibration,1,-36.33486226238597,genuine
calibration,1,-31.64611896660136,genuine
calibration,1,-32.97108860360643,genuine
calibration,1,-26.60389203257051,genuine
calibration,1,-22.091761761200416,genuine
calibration,1,-35.89027718506136,genuine
calibration,1,-18.77473089314502,genuine
calibration,1,-22.22109552887921,genuine
calibration,1,-21.06562047403723,genuine
calibration,1,-30.87231383389916,genuine
calibration,1,-21.704614938021564,genuine
calibration,1,-21.309027640697202,genuine
calibration,1,-24.542739414215394,genuine
calibration,1,-23.150388480404576,genuine
calibration,1,-23.93854995588064,genuine
calibration,1,-35.718310994244305,genuine
calibration,1,-18.921826656676554,genuine
calibration,1,-21.64700474284077,genuine
calibration,1,-20.308995238758747,genuine
calibration,1,-19.557406649842587,genuine
calibration,1,-22.488353381244874,genuine
calibration,1,-22.22530147759759,genuine
calibration,1,-21.8543370368627,genuine
calibration,1,-27.905898997945876,genuine
calibration,1,-17.84707161347653,genuine
calibration,1,-19.05187163954641,genuine
calibration,1,-85.06338924978371,genuine
calibration,1,-19.78298932557596,genuine
calibration,1,-20.950488160804074,genuine
calibration,1,-18.309280884956493,genuine
calibration,1,-22.96937501615685,genuine
calibration,1,-27.26706828791586,genuine
calibration,1,-18.748331894848288,genuine
calibration,1,-28.43479061451329,genuine
calibration,1,-21.361588070354347,genuine
calibration,1,-15.223082454110916,genuine
calibration,1,-21.03751380530387,genuine
calibration,1,-37.74760636779459,genuine
calibration,1,-134.5132296974312,genuine
calibration,1,-19.435922223529854,genuine
calibration,1,-18.26523326059702,genuine
calibration,1,-29.324080455522544,genuine
calibration,1,-22.646897315471534,genuine
calibration,1,-36.372591584767875,genuine
calibration,1,-20.292421790884482,genuine
calibration,1,-14.150276207989569,genuine
calibration,1,-21.93690132373128,genuine
calibration,1,-21.61374407701776,genuine
calibration,1,-21.83550092973234,genuine
calibration,1,-16.601160821197883,genuine
calibration,1,-17.013180600576796,genuine
calibration,1,-22.556000219512462,genuine
calibration,1,-31.99905995639125,genuine
calibration,1,-18.929968949518944,genuine
calibration,1,-23.480661280525776,genuine
calibration,1,-21.492782950960738,genuine
calibration,1,-21.83108557355625,genuine
calibration,1,-22.894140401058234,genuine
calibration,1,-35.82510298965306,genuine
calibration,1,-23.907139536755047,genuine
calibration,1,-27.720513494437444,genuine
calibration,1,-19.540389088300095,genuine
calibration,1,-27.036705401564497,genuine
calibration,1,-33.42002745234627,genuine
calibration,1,-25.247145165351807,genuine
calibration,1,-49.52583783708558,genuine
calibration,1,-29.051615521738405,genuine
calibration,1,-26.376798021954478,genuine
calibration,1,-28.185998485582378,genuine
calibration,1,-27.371639400494658,genuine
calibration,1,-29.936704132153146,genuine
calibration,1,-27.165478361431152,genuine
calibration,1,-26.90411894370216,genuine
calibration,1,-27.21055232520761,genuine
calibration,1,-34.36721262973166,genuine
calibration,1,-31.445633666889055,genuine
calibration,1,-29.337768364256522,genuine
calibration,1,-30.99296053956593,genuine
calibration,1,-27.308029351661755,genuine
calibration,1,-24.857581179985903,genuine
calibration,1,-27.06109370317838,genuine
calibration,1,-29.028281928681505,genuine
calibration,1,-23.737875653860236,genuine
calibration,1,-26.440939099757895,genuine
calibration,1,-26.985099272523467,genuine
calibration,1,-26.13177527166353,genuine
calibration,1,-29.528082901699754,genuine
calibration,1,-23.22497218340568,genuine
calibration,1,-27.986608150583983,genuine
calibration,1,-25.836645291153236,genuine
calibration,1,-27.700766120930087,genuine
calibration,0,-42.292379953457576,impostor
calibration,0,-51.262730559420795,impostor
calibration,0,-46.28609053596742,impostor
calibration,0,-36.40716891103137,impostor
calibration,0,-41.83466454728553,impostor
calibration,0,-128.8246976779847,impostor
calibration,0,-119.36334593572666,impostor
calibration,0,-92.73061003466806,impostor
calibration,0,-110.29624157019799,impostor
calibration,0,-97.97118833223945,impostor
calibration,0,-173.71136259249423,impostor
calibration,0,-156.3473673444785,impostor
calibration,0,-136.3485463932929,impostor
calibration,0,-169.29963218308797,impostor
calibration,0,-119.41165685857469,impostor
calibration,0,-51.82161699007231,impostor
calibration,0,-28.090467986533998,impostor
calibration,0,-75.78036390474993,impostor
calibration,0,-38.79605483099057,impostor
calibration,0,-26.3564315681907,impostor
calibration,0,-34.491158691215446,impostor
calibration,0,-32.43680967005598,impostor
calibration,0,-65.68393643198284,impostor
calibration,0,-35.73755135278663,impostor
calibration,0,-48.47944308625175,impostor
calibration,0,-223.52190546737634,impostor
calibration,0,-244.85441142315722,impostor
calibration,0,-217.47238666722703,impostor
calibration,0,-234.08553486825159,impostor
calibration,0,-180.52688580539,impostor
calibration,0,-314.8927407259706,impostor
calibration,0,-242.5787744195308,impostor
calibration,0,-228.72602497782128,impostor
calibration,0,-123.41319668298912,impostor
calibration,0,-199.11425210336586,impostor
calibration,0,-39.68818051632291,impostor
calibration,0,-42.16790723294837,impostor
calibration,0,-36.764592594521055,impostor
calibration,0,-37.74546114748411,impostor
calibration,0,-38.67027217658153,impostor
calibration,0,-252.6274733096031,impostor
calibration,0,-104.70796984013228,impostor
calibration,0,-105.42262077232206,impostor
calibration,0,-74.64301919712521,impostor
calibration,0,-79.73373988737562,impostor
calibration,0,-61.52307505852767,impostor
calibration,0,-58.680228408458916,impostor
calibration,0,-49.578160165569976,impostor
calibration,0,-39.370646199053645,impostor
calibration,0,-32.29752469504181,impostor
calibration,0,-197.08354907420076,impostor
calibration,0,-111.16195652344308,impostor
calibration,0,-127.29867943032633,impostor
calibration,0,-99.01144204878011,impostor
calibration,0,-76.38293959365592,impostor
calibration,0,-61.319648614062096,impostor
calibration,0,-61.16678652094407,impostor
calibration,0,-46.40604403193246,impostor
calibration,0,-47.18880793421216,impostor
calibration,0,-40.47861555358676,impostor
calibration,0,-199.39173746799042,impostor
calibration,0,-208.64819568853198,impostor
calibration,0,-154.99423384378488,impostor
calibration,0,-132.0182493748097,impostor
calibration,0,-128.48909837631308,impostor
calibration,0,-101.59244505322069,impostor
calibration,0,-75.78767725438658,impostor
calibration,0,-95.57658027282262,impostor
calibration,0,-43.17118404172313,impostor
calibration,0,-79.07929650141062,impostor
calibration,0,-40.58796892092441,impostor
calibration,0,-78.82059778900404,impostor
calibration,0,-53.87493427214553,impostor
calibration,0,-75.86592098369258,impostor
calibration,0,-56.91035186897968,impostor
calibration,0,-37.210523936587606,impostor
calibration,0,-41.85245516659059,impostor
calibration,0,-45.886056293905554,impostor
calibration,0,-33.73148305949227,impostor
calibration,0,-31.120738972778412,impostor
calibration,0,-63.58605718549372,impostor
calibration,0,-77.80762969174013,impostor
calibration,0,-115.44036693261654,impostor
calibration,0,-83.89937322137959,impostor
calibration,0,-57.30266768974089,impostor
calibration,0,-74.08654729090291,impostor
calibration,0,-45.82418306261938,impostor
calibration,0,-47.85291071549125,impostor
calibration,0,-47.122558226923054,impostor
calibration,0,-45.519116273261666,impostor
calibration,0,-35.889917653885874,impostor
calibration,0,-48.81550586293431,impostor
calibration,0,-39.182205312738354,impostor
calibration,0,-35.039208135874965,impostor
calibration,0,-42.38829932374114,impostor
calibration,0,-55.06609135634425,impostor
calibration,0,-29.205651893648458,impostor
calibration,0,-41.410644209329384,impostor
calibration,0,-48.55384571726778,impostor
calibration,0,-44.86089375019051,impostor
calibration,0,-58.82297910892461,impostor
calibration,0,-57.71432018840917,impostor
calibration,0,-70.07443659024162,impostor
calibration,0,-131.3808311882986,impostor
calibration,0,-58.15787512291081,impostor
calibration,0,-81.16540433316177,impostor
calibration,0,-104.9240973763963,impostor
calibration,0,-78.29122210297837,impostor
calibration,0,-69.2643110517275,impostor
calibration,0,-60.11850943023217,impostor
calibration,0,-158.07542785993724,impostor
calibration,0,-115.69170527386792,impostor
calibration,0,-126.39043017929816,impostor
calibration,0,-56.47032086373705,impostor
calibration,0,-82.61226204157143,impostor
calibration,0,-140.23693010877017,impostor
calibration,0,-112.21126878691996,impostor
calibration,0,-106.24315625555661,impostor
calibration,0,-122.21802750114699,impostor
calibration,0,-64.28516944326242,impostor
calibration,0,-37.616124212025305,impostor
calibration,0,-35.4638702190817,impostor
calibration,0,-26.845230710236095,impostor
calibration,0,-29.39178860893039,impostor
calibration,0,-29.040364960450084,impostor
calibration,0,-473.6940711418338,impostor
calibration,0,-55.943690762394496,impostor
calibration,0,-41.69186240879999,impostor
calibration,0,-57.461514929505704,impostor
calibration,0,-42.20969379685844,impostor
calibration,0,-158.11708548736397,impostor
calibration,0,-59.89281696249925,impostor
calibration,0,-53.04794755166678,impostor
calibration,0,-47.36153147531298,impostor
calibration,0,-49.83499753620079,impostor
calibration,0,-78.26812881728358,impostor
calibration,0,-53.55291043849935,impostor
calibration,0,-64.46463390546285,impostor
calibration,0,-63.75973894618881,impostor
calibration,0,-51.47634666808509,impostor
calibration,0,-92.70774656331528,impostor
calibration,0,-80.69802049639033,impostor
calibration,0,-63.14961699334559,impostor
calibration,0,-109.54333601751425,impostor
calibration,0,-55.544108583202686,impostor
calibration,0,-37.27518611157369,impostor
calibration,0,-63.42804094288816,impostor
calibration,0,-30.28205527035942,impostor
calibration,0,-80.67130208629965,impostor
calibration,0,-39.206439575502664,impostor
calibration,0,-43.43627731522918,impostor
calibration,0,-46.64997288011177,impostor
calibration,0,-51.501381221356205,impostor
calibration,0,-52.37711445185028,impostor
calibration,0,-49.325886154466964,impostor
calibration,0,-32.004796700152475,impostor
calibration,0,-35.72264280371421,impostor
calibration,0,-36.86054286832348,impostor
calibration,0,-37.85766834814328,impostor
calibration,0,-32.57046687411973,impostor
calibration,0,-31.513718782221634,impostor
calibration,0,-41.65134461323278,impostor
calibration,0,-52.46669641083703,impostor
calibration,0,-37.56307131380921,impostor
calibration,0,-40.442350234098164,impostor
calibration,0,-140.00318422844126,impostor
calibration,0,-73.57726283447072,impostor
calibration,0,-50.176140561657164,impostor
calibration,0,-48.50577580897951,impostor
calibration,0,-73.08011050432745,impostor
calibration,0,-96.70901346373091,impostor
calibration,0,-156.77758159964472,impostor
calibration,0,-78.98067562662908,impostor
calibration,0,-64.83840945394817,impostor
calibration,0,-57.937027977664336,impostor
calibration,0,-150.78890718532404,impostor
calibration,0,-106.37468358285614,impostor
calibration,0,-147.95297371759145,impostor
calibration,0,-93.42712538655947,impostor
calibration,0,-116.33294536179572,impostor
calibration,0,-128.24444996251654,impostor
calibration,0,-29.88568753358655,impostor
calibration,0,-61.283169523748306,impostor
calibration,0,-34.0590847730392,impostor
calibration,0,-58.71355687243169,impostor
calibration,0,-95.68734054361703,impostor
calibration,0,-116.54039093485358,impostor
calibration,0,-88.38527324216818,impostor
calibration,0,-95.86323242180531,impostor
calibration,0,-106.02047278947826,impostor
calibration,0,-43.05921493490356,impostor
calibration,0,-36.25935631263218,impostor
calibration,0,-43.107120139802085,impostor
calibration,0,-48.24035892779145,impostor
calibration,0,-42.9913144497613,impostor
calibration,0,-43.973828916385095,impostor
calibration,0,-60.36042228891464,impostor
calibration,0,-41.05339282747651,impostor
calibration,0,-44.43079600477441,impostor
calibration,0,-40.85085668126756,impostor
calibration,0,-68.07550755441135,impostor
calibration,0,-51.62445420783624,impostor
calibration,0,-80.58637035652676,impostor
calibration,0,-45.56962005768595,impostor
calibration,0,-48.683012183781706,impostor
calibration,0,-88.49977252459593,impostor
calibration,0,-73.81981647893271,impostor
calibration,0,-42.30960236522541,impostor
calibration,0,-36.86169867504441,impostor
calibration,0,-44.41117992594815,impostor
calibration,0,-128.896257030179,impostor
calibration,0,-102.67414239047497,impostor
calibration,0,-180.6843192876077,impostor
calibration,0,-118.55544162055081,impostor
calibration,0,-77.39773275433691,impostor
calibration,0,-34.7808158256662,impostor
calibration,0,-34.59187237952982,impostor
calibration,0,-35.69712101764123,impostor
calibration,0,-46.46162663266957,impostor
calibration,0,-37.327147928291815,impostor
calibration,0,-137.11717579837497,impostor
calibration,0,-90.77343083322013,impostor
calibration,0,-50.325225813230745,impostor
calibration,0,-40.94127748013866,impostor
calibration,0,-42.002403929044256,impostor
calibration,0,-157.21187365575315,impostor
calibration,0,-104.8821139067132,impostor
calibration,0,-111.28526257564164,impostor
calibration,0,-123.80361356905185,impostor
calibration,0,-72.89300563993126,impostor
calibration,0,-44.76748874659266,impostor
calibration,0,-57.82159688516979,impostor
calibration,0,-43.944800274859276,impostor
calibration,0,-50.07630931499139,impostor
calibration,0,-39.39649509496365,impostor
calibration,0,-47.77448550623276,impostor
calibration,0,-56.11199123717833,impostor
calibration,0,-50.34344912731264,impostor
calibration,0,-46.10948662112017,impostor
calibration,0,-73.72154050507385,impostor
calibration,0,-37.677473074121856,impostor
calibration,0,-39.046977944945304,impostor
calibration,0,-37.58000305468321,impostor
calibration,0,-51.37289303747605,impostor
calibration,0,-44.5473639174296,impostor
calibration,0,-50.19286253268449,impostor
calibration,0,-48.2524487410349,impostor
calibration,0,-34.940237536258834,impostor
calibration,0,-41.90847861077183,impostor
calibration,0,-38.31774063237312,impostor
calibration,1,-66.7867367575348,genuine
calibration,1,-38.2418327024677,genuine
calibration,1,-31.989635357838477,genuine
calibration,1,-44.87164832627126,genuine
calibration,1,-20.391871511754207,genuine
calibration,1,-24.054473318679214,genuine
calibration,1,-29.48425300939101,genuine
calibration,1,-34.154585833640354,genuine
calibration,1,-22.698737948455715,genuine
calibration,1,-45.616486290138454,genuine
calibration,1,-35.22647954076064,genuine
calibration,1,-32.02538319389531,genuine
calibration,1,-32.45054143547886,genuine
calibration,1,-28.14940255186797,genuine
calibration,1,-30.739469365772155,genuine
calibration,1,-31.98741788543373,genuine
calibration,1,-26.313298060325632,genuine
calibration,1,-30.403387775651844,genuine
calibration,1,-25.90385469121233,genuine
calibration,1,-45.408337825421206,genuine
calibration,1,-31.888959314935786,genuine
calibration,1,-54.9240279225082,genuine
calibration,1,-35.793865658447935,genuine
calibration,1,-30.811251715112075,genuine
calibration,1,-42.14397996781614,genuine
calibration,1,-35.71750434706003,genuine
calibration,1,-32.15544689759119,genuine
calibration,1,-34.05558218146901,genuine
calibration,1,-34.002354939849035,genuine
calibration,1,-33.51084486887536,genuine
calibration,1,-30.171391577180483,genuine
calibration,1,-26.305692067462605,genuine
calibration,1,-38.53397660305016,genuine
calibration,1,-33.82878035052296,genuine
calibration,1,-38.00015198455381,genuine
calibration,1,-35.094407693038434,genuine
calibration,1,-35.66516964525662,genuine
calibration,1,-30.428294393269688,genuine
calibration,1,-36.22073740239003,genuine
calibration,1,-33.89670924611211,genuine
calibration,1,-30.57949369399743,genuine
calibration,1,-45.62192497667758,genuine
calibration,1,-33.53831705862869,genuine
calibration,1,-79.61550642566424,genuine
calibration,1,-25.62224851247527,genuine
calibration,1,-33.74940703394031,genuine
calibration,1,-31.559255578954176,genuine
calibration,1,-25.81812896418909,genuine
calibration,1,-30.428408990447995,genuine
calibration,1,-33.88934193663138,genuine
calibration,1,-25.981897842478876,genuine
calibration,1,-32.08371526159009,genuine
calibration,1,-26.341037260152085,genuine
calibration,1,-34.871213591086956,genuine
calibration,1,-33.503640489448664,genuine
calibration,1,-29.921003797308742,genuine
calibration,1,-26.714230553635492,genuine
calibration,1,-25.870353821276865,genuine
calibration,1,-35.197640688565954,genuine
calibration,1,-123.63915950030024,genuine
calibration,1,-39.04297358365471,genuine
calibration,1,-30.25198746621363,genuine
calibration,1,-29.173897381812814,genuine
calibration,1,-35.35264868633081,genuine
calibration,1,-32.68716451113632,genuine
calibration,1,-74.3664382051003,genuine
calibration,1,-54.751151722206664,genuine
calibration,1,-43.39744715230775,genuine
calibration,1,-26.17796736139999,genuine
calibration,1,-34.09283783371787,genuine
calibration,1,-87.93287648169411,genuine
calibration,1,-33.33746958727297,genuine
calibration,1,-29.459638993226964,genuine
calibration,1,-32.523557053813406,genuine
calibration,1,-32.1763176915659,genuine
calibration,1,-38.954067313246284,genuine
calibration,1,-33.75917097488254,genuine
calibration,1,-35.689649154311645,genuine
calibration,1,-34.469104577530594,genuine
calibration,1,-38.20222221972703,genuine
calibration,1,-31.069165959301234,genuine
calibration,1,-40.32656195135502,genuine
calibration,1,-37.69107121036741,genuine
calibration,1,-32.26745857881609,genuine
calibration,1,-32.46803986509886,genuine
calibration,1,-80.5710437341514,genuine
calibration,1,-31.153787959893965,genuine
calibration,1,-52.3872459083006,genuine
calibration,1,-35.92867368469439,genuine
calibration,1,-19.722593984557157,genuine
calibration,1,-25.509142520376212,genuine
calibration,1,-34.94731040574951,genuine
calibration,1,-30.59176699111121,genuine
calibration,1,-34.68372499642979,genuine
calibration,1,-24.221570961042193,genuine
calibration,1,-33.49126527114898,genuine
calibration,1,-59.51893656382676,genuine
calibration,1,-19.1084576218407,genuine
calibration,1,-28.07630216668772,genuine
calibration,1,-35.23135198914704,genuine
calibration,1,-39.89754209972614,genuine
calibration,1,-34.247134848120616,genuine
calibration,1,-29.716786614582073,genuine
calibration,1,-32.73540863950245,genuine
calibration,1,-34.2535848936176,genuine
calibration,1,-36.87976286036187,genuine
calibration,1,-34.33659807763175,genuine
calibration,1,-31.02299339467185,genuine
calibration,1,-34.665296912683694,genuine
calibration,1,-30.014291346537757,genuine
calibration,1,-30.48318032720529,genuine
calibration,1,-29.281744391790113,genuine
calibration,1,-32.64748475071819,genuine
calibration,1,-29.393348444319617,genuine
calibration,1,-24.98058916268705,genuine
calibration,1,-29.810838584508023,genuine
calibration,1,-24.55896320798616,genuine
calibration,1,-33.302614361105846,genuine
calibration,1,-25.814040517999267,genuine
calibration,1,-43.2513569249398,genuine
calibration,1,-61.686589163757596,genuine
calibration,1,-30.045327340490886,genuine
calibration,1,-30.74330603972268,genuine
calibration,1,-40.0620734802522,genuine
calibration,1,-67.93373095482401,genuine
calibration,1,-25.826626890365855,genuine
calibration,1,-28.74499363389143,genuine
calibration,1,-80.49798684052307,genuine
calibration,1,-31.61593576865836,genuine
calibration,1,-31.780328608767327,genuine
calibration,1,-69.77676690903513,genuine
calibration,1,-38.29588517964558,genuine
calibration,1,-38.16054847034865,genuine
calibration,1,-34.967880352073216,genuine
calibration,1,-39.46293297833535,genuine
calibration,1,-35.64985915947465,genuine
calibration,1,-38.62731385057313,genuine
calibration,1,-45.24428259301848,genuine
calibration,1,-40.26634735392631,genuine
calibration,1,-56.52043523721124,genuine
calibration,1,-32.499370012971276,genuine
calibration,1,-48.02516983940235,genuine
calibration,1,-58.43246284896349,genuine
calibration,1,-42.76448951482688,genuine
calibration,1,-35.994506257729256,genuine
calibration,1,-35.68274301494601,genuine
calibration,1,-38.40091349738155,genuine
calibration,1,-37.65266095208134,genuine
calibration,1,-36.18197063021935,genuine
calibration,1,-35.91241964811054,genuine
calibration,1,-29.991245530660763,genuine
calibration,1,-27.304076192521233,genuine
calibration,1,-31.284145238505292,genuine
calibration,1,-30.400776410733638,genuine
calibration,1,-28.639884111778645,genuine
calibration,1,-35.28392788750578,genuine
calibration,1,-37.63769922216962,genuine
calibration,1,-26.686626063262455,genuine
calibration,1,-27.896141970029277,genuine
calibration,1,-36.76919481974418,genuine
calibration,1,-37.24718252192441,genuine
calibration,1,-43.46567247904762,genuine
calibration,1,-54.81232216488324,genuine
calibration,1,-39.01949200763497,genuine
calibration,1,-33.33697033819109,genuine
calibration,1,-34.883024007567045,genuine
calibration,1,-42.5762008504423,genuine
calibration,1,-41.00667690223595,genuine
calibration,1,-49.756266702878364,genuine
calibration,1,-53.88778887882225,genuine
calibration,1,-35.777826381924655,genuine
calibration,1,-44.144178538798634,genuine
calibration,1,-35.35302878375788,genuine
calibration,1,-108.13743691427426,genuine
calibration,1,-53.26589233871407,genuine
calibration,1,-47.10543199941,genuine
calibration,1,-68.73070724625862,genuine
calibration,1,-51.84512372358745,genuine
calibration,1,-44.14434164809808,genuine
calibration,1,-86.5674460768793,genuine
calibration,1,-31.255581236473354,genuine
calibration,1,-34.829354326466564,genuine
calibration,1,-31.48072091856703,genuine
calibration,1,-35.191011277765824,genuine
calibration,1,-38.42227950890097,genuine
calibration,1,-90.22105540243352,genuine
calibration,1,-43.10328718895073,genuine
calibration,1,-35.55694286741743,genuine
calibration,1,-43.32273104979492,genuine
calibration,1,-39.14905887316551,genuine
calibration,1,-40.847271803020156,genuine
calibration,1,-39.54125454945474,genuine
calibration,1,-44.08211098892654,genuine
calibration,1,-38.96028704726789,genuine
calibration,1,-38.35959064543439,genuine
calibration,1,-41.1195611029358,genuine
calibration,1,-51.89390483607111,genuine
calibration,1,-39.10839134041476,genuine
calibration,1,-35.09451458909816,genuine
calibration,1,-53.905568530188674,genuine
calibration,0,-85.1317614025787,impostor
calibration,0,-119.58159092135294,impostor
calibration,0,-127.60587078258186,impostor
calibration,0,-91.28654060533094,impostor
calibration,0,-66.12722219190158,impostor
calibration,0,-229.0943834417185,impostor
calibration,0,-213.5757895634407,impostor
calibration,0,-181.14579818273154,impostor
calibration,0,-232.20976089656975,impostor
calibration,0,-192.06116698986074,impostor
calibration,0,-429.3615635333311,impostor
calibration,0,-366.50924155354784,impostor
calibration,0,-337.51793571515987,impostor
calibration,0,-375.00538315058867,impostor
calibration,0,-296.4118576974638,impostor
calibration,0,-112.79627638853137,impostor
calibration,0,-76.18837529291876,impostor
calibration,0,-156.40998011677925,impostor
calibration,0,-118.04306221879976,impostor
calibration,0,-80.18636734139154,impostor
calibration,0,-158.06988253131686,impostor
calibration,0,-193.7583573149494,impostor
calibration,0,-228.93328275963256,impostor
calibration,0,-77.6268645226558,impostor
calibration,0,-127.87442527224106,impostor
calibration,0,-545.9361338516075,impostor
calibration,0,-461.23918098830745,impostor
calibration,0,-523.638482539635,impostor
calibration,0,-554.5962589647589,impostor
calibration,0,-461.7969980763402,impostor
calibration,0,-752.8286402455278,impostor
calibration,0,-563.6453061106731,impostor
calibration,0,-520.6500000354602,impostor
calibration,0,-313.5680298147061,impostor
calibration,0,-601.1009351124933,impostor
calibration,0,-105.8172637362097,impostor
calibration,0,-102.3811332528558,impostor
calibration,0,-112.86287492982756,impostor
calibration,0,-97.97398605100197,impostor
calibration,0,-98.3117658755715,impostor
calibration,0,-762.9781933033885,impostor
calibration,0,-278.3947657286507,impostor
calibration,0,-222.0852136081047,impostor
calibration,0,-196.19237225076753,impostor
calibration,0,-167.35505342644404,impostor
calibration,0,-139.58655746932288,impostor
calibration,0,-127.87659307646733,impostor
calibration,0,-127.88232430399488,impostor
calibration,0,-104.39479915030766,impostor
calibration,0,-65.92456154921467,impostor
calibration,0,-318.3810379526286,impostor
calibration,0,-260.3439812001155,impostor
calibration,0,-309.0237905398074,impostor
calibration,0,-218.25753389903625,impostor
calibration,0,-175.4447138879433,impostor
calibration,0,-141.29497662227053,impostor
calibration,0,-111.4539448309705,impostor
calibration,0,-101.20407305884783,impostor
calibration,0,-80.447790917113,impostor
calibration,0,-61.03092345125003,impostor
calibration,0,-371.94716155171557,impostor
calibration,0,-326.1938752976623,impostor
calibration,0,-251.8060811789842,impostor
calibration,0,-264.8056698689996,impostor
calibration,0,-336.69013268132096,impostor
calibration,0,-207.35124629098863,impostor
calibration,0,-178.9054637914101,impostor
calibration,0,-148.4362767060487,impostor
calibration,0,-99.2935906666061,impostor
calibration,0,-196.27138933416032,impostor
calibration,0,-97.55213079880974,impostor
calibration,0,-185.93903449927367,impostor
calibration,0,-135.57571765244404,impostor
calibration,0,-139.6191977137204,impostor
calibration,0,-89.96075763875393,impostor
calibration,0,-61.417262570789646,impostor
calibration,0,-62.42464044699797,impostor
calibration,0,-113.53231861420116,impostor
calibration,0,-45.93789499713869,impostor
calibration,0,-58.835745690904396,impostor
calibration,0,-73.76721099524624,impostor
calibration,0,-111.24403002533622,impostor
calibration,0,-132.89649032401536,impostor
calibration,0,-137.4910736708261,impostor
calibration,0,-103.00667396643647,impostor
calibration,0,-101.07621350682419,impostor
calibration,0,-95.35001803972045,impostor
calibration,0,-95.76749508943381,impostor
calibration,0,-71.63735066021543,impostor
calibration,0,-87.16054090540325,impostor
calibration,0,-56.64184405344308,impostor
calibration,0,-91.76926447297107,impostor
calibration,0,-53.04400117281404,impostor
calibration,0,-50.20532794767836,impostor
calibration,0,-83.3923381517207,impostor
calibration,0,-90.66457855060719,impostor
calibration,0,-70.39452999003758,impostor
calibration,0,-70.69047872551258,impostor
calibration,0,-50.796357083524036,impostor
calibration,0,-71.30695083089843,impostor
calibration,0,-117.74399816228109,impostor
calibration,0,-119.89529155650007,impostor
calibration,0,-124.49455069145716,impostor
calibration,0,-183.31186915350742,impostor
calibration,0,-132.29449829742964,impostor
calibration,0,-130.11961337798084,impostor
calibration,0,-137.86244718768043,impostor
calibration,0,-101.57471627244114,impostor
calibration,0,-133.1504617945487,impostor
calibration,0,-79.36612213079604,impostor
calibration,0,-334.63634626774086,impostor
calibration,0,-276.65778350500636,impostor
calibration,0,-345.7638487012422,impostor
calibration,0,-133.9272284919222,impostor
calibration,0,-275.9410563044515,impostor
calibration,0,-198.76484148998156,impostor
calibration,0,-167.62752689922797,impostor
calibration,0,-241.76390702801325,impostor
calibration,0,-145.04104791388463,impostor
calibration,0,-90.11865221365125,impostor
calibration,0,-74.21020850843098,impostor
calibration,0,-75.25423422321391,impostor
calibration,0,-47.05346865208077,impostor
calibration,0,-42.4758900244835,impostor
calibration,0,-35.17590021296465,impostor
calibration,0,-637.5048692692606,impostor
calibration,0,-146.44633089637045,impostor
calibration,0,-86.79165371201934,impostor
calibration,0,-192.69696176382473,impostor
calibration,0,-98.56076927348595,impostor
calibration,0,-363.49535291120753,impostor
calibration,0,-127.27075663106214,impostor
calibration,0,-129.09345796349263,impostor
calibration,0,-79.98874874885688,impostor
calibration,0,-75.49279110466811,impostor
calibration,0,-188.2378017629263,impostor
calibration,0,-127.55139854610594,impostor
calibration,0,-122.93959650404682,impostor
calibration,0,-146.30269186406326,impostor
calibration,0,-111.70214906691977,impostor
calibration,0,-235.13961553176782,impostor
calibration,0,-232.0399098660048,impostor
calibration,0,-164.99993939250584,impostor
calibration,0,-182.1555679928998,impostor
calibration,0,-139.25089817088406,impostor
calibration,0,-136.54769624651433,impostor
calibration,0,-133.99470629975073,impostor
calibration,0,-74.81477489640768,impostor
calibration,0,-201.10301706487482,impostor
calibration,0,-67.91200055552203,impostor
calibration,0,-91.58291412366681,impostor
calibration,0,-61.92351847725059,impostor
calibration,0,-57.508197161406564,impostor
calibration,0,-54.478373757940524,impostor
calibration,0,-83.93967145323113,impostor
calibration,0,-82.50514798465109,impostor
calibration,0,-79.42165501894907,impostor
calibration,0,-70.55154999289422,impostor
calibration,0,-65.2935770029797,impostor
calibration,0,-71.387022266339,impostor
calibration,0,-87.79101757506061,impostor
calibration,0,-83.09478653435171,impostor
calibration,0,-107.81467839269752,impostor
calibration,0,-54.70177603098839,impostor
calibration,0,-66.17378787803847,impostor
calibration,0,-193.4303624118919,impostor
calibration,0,-155.6613759658138,impostor
calibration,0,-94.44693546146753,impostor
calibration,0,-119.98197048411659,impostor
calibration,0,-103.11058624683528,impostor
calibration,0,-225.76769892209668,impostor
calibration,0,-327.3887213231077,impostor
calibration,0,-157.33100215785558,impostor
calibration,0,-158.1506354852484,impostor
calibration,0,-125.17010348205226,impostor
calibration,0,-332.01913101059495,impostor
calibration,0,-186.4916695771825,impostor
calibration,0,-218.29374793689442,impostor
calibration,0,-220.16806371537328,impostor
calibration,0,-202.61161927203202,impostor
calibration,0,-277.96358894675734,impostor
calibration,0,-107.89562284709346,impostor
calibration,0,-152.33272640819973,impostor
calibration,0,-106.5170060589601,impostor
calibration,0,-157.51920949047738,impostor
calibration,0,-180.41906078688098,impostor
calibration,0,-209.9027138417772,impostor
calibration,0,-170.39658422100777,impostor
calibration,0,-229.68684203661826,impostor
calibration,0,-166.6216080083878,impostor
calibration,0,-99.7143045380169,impostor
calibration,0,-46.42346347891855,impostor
calibration,0,-88.05708496928004,impostor
calibration,0,-104.27477524852976,impostor
calibration,0,-72.6167063687359,impostor
calibration,0,-62.164783397589304,impostor
calibration,0,-97.00196836649228,impostor
calibration,0,-86.0071182856597,impostor
calibration,0,-61.3570198808282,impostor
calibration,0,-49.20388665948517,impostor
calibration,0,-174.34914715671619,impostor
calibration,0,-124.71532579299262,impostor
calibration,0,-111.3259483867899,impostor
calibration,0,-97.9246165629558,impostor
calibration,0,-68.62781892866764,impostor
calibration,0,-223.8549315491997,impostor
calibration,0,-208.12701437165092,impostor
calibration,0,-86.32999319573679,impostor
calibration,0,-88.95965980920069,impostor
calibration,0,-89.70139324624249,impostor
calibration,0,-302.77985321443,impostor
calibration,0,-225.75500847202397,impostor
calibration,0,-391.03454637647656,impostor
calibration,0,-227.41479334455846,impostor
calibration,0,-203.49264317873056,impostor
calibration,0,-53.86569425697266,impostor
calibration,0,-57.03160744134052,impostor
calibration,0,-43.05004913632857,impostor
calibration,0,-93.14514002835956,impostor
calibration,0,-57.9535903535766,impostor
calibration,0,-236.9989763459682,impostor
calibration,0,-160.2902416579496,impostor
calibration,0,-99.76953506469454,impostor
calibration,0,-75.44349761486104,impostor
calibration,0,-79.83379196062086,impostor
calibration,0,-277.20517783256787,impostor
calibration,0,-217.53326461515016,impostor
calibration,0,-213.45814009273144,impostor
calibration,0,-252.74462865942323,impostor
calibration,0,-166.08048082406805,impostor
calibration,0,-114.89253647317994,impostor
calibration,0,-199.1654028952469,impostor
calibration,0,-92.50227855010007,impostor
calibration,0,-116.73710184385394,impostor
calibration,0,-88.06276132039845,impostor
calibration,0,-92.76324529370508,impostor
calibration,0,-73.02974931747768,impostor
calibration,0,-65.9419361677704,impostor
calibration,0,-69.45191555156886,impostor
calibration,0,-92.85172889411045,impostor
calibration,0,-98.49868492087049,impostor
calibration,0,-83.27045221469508,impostor
calibration,0,-76.92149663314149,impostor
calibration,0,-90.24469150688812,impostor
calibration,0,-83.6442997573927,impostor
calibration,0,-154.425450511643,impostor
calibration,0,-125.10255833964729,impostor
calibration,0,-114.65840222527696,impostor
calibration,0,-108.71321658783216,impostor
calibration,0,-87.12510399672686,impostor
calibration,1,-24.808332290050743,genuine
calibration,1,-22.89162480105368,genuine
calibration,1,-22.413206224962646,genuine
calibration,1,-27.37945221894498,genuine
calibration,1,-29.49497315105085,genuine
calibration,1,-23.573815801903695,genuine
calibration,1,-21.48361343689231,genuine
calibration,1,-21.009588763698293,genuine
calibration,1,-24.213660210479546,genuine
calibration,1,-20.920175217080732,genuine
calibration,1,-23.014813141316953,genuine
calibration,1,-24.07627787451779,genuine
calibration,1,-24.829115966340296,genuine
calibration,1,-20.07112502151636,genuine
calibration,1,-28.26646298755617,genuine
calibration,1,-23.43613952861811,genuine
calibration,1,-28.5121347883872,genuine
calibration,1,-27.555186141390912,genuine
calibration,1,-26.168122397982263,genuine
calibration,1,-30.838876744104763,genuine
calibration,1,-28.458726484208945,genuine
calibration,1,-30.283422511141783,genuine
calibration,1,-32.19574690967282,genuine
calibration,1,-35.51865332303834,genuine
calibration,1,-20.709648250613114,genuine
calibration,1,-30.005831078063324,genuine
calibration,1,-26.922151387399623,genuine
calibration,1,-25.24316189548879,genuine
calibration,1,-29.508597760048033,genuine
calibration,1,-27.374594455365383,genuine
calibration,1,-22.025990953098077,genuine
calibration,1,-28.068415146486064,genuine
calibration,1,-23.273247682779726,genuine
calibration,1,-27.39120514110966,genuine
calibration,1,-29.966516176130526,genuine
calibration,1,-36.993832223570415,genuine
calibration,1,-30.93991940096202,genuine
calibration,1,-23.756893489027345,genuine
calibration,1,-26.556574288784557,genuine
calibration,1,-21.099166936743764,genuine
calibration,1,-25.069869594209738,genuine
calibration,1,-26.429801896837354,genuine
calibration,1,-29.317246358378434,genuine
calibration,1,-30.073445637086635,genuine
calibration,1,-27.99942166278853,genuine
calibration,1,-27.80677373957028,genuine
calibration,1,-30.656027907575165,genuine
calibration,1,-32.702767711742894,genuine
calibration,1,-34.11085093705554,genuine
calibration,1,-27.683743837684002,genuine
calibration,1,-32.975133632168266,genuine
calibration,1,-36.30919793965512,genuine
calibration,1,-24.711494570198546,genuine
calibration,1,-25.40015746878381,genuine
calibration,1,-34.36840612930655,genuine
calibration,1,-28.364123894496984,genuine
calibration,1,-29.574748222184045,genuine
calibration,1,-32.18652238395914,genuine
calibration,1,-28.133301227814172,genuine
calibration,1,-33.903503901227374,genuine
calibration,1,-29.465339789071475,genuine
calibration,1,-24.005559889346397,genuine
calibration,1,-33.324573354536305,genuine
calibration,1,-36.04039312218857,genuine
calibration,1,-34.938389178452944,genuine
calibration,1,-31.770709921564684,genuine
calibration,1,-33.22165920336174,genuine
calibration,1,-38.000353280171794,genuine
calibration,1,-39.244926204836325,genuine
calibration,1,-36.100164553342864,genuine
calibration,1,-29.79003384371556,genuine
calibration,1,-38.42481092440061,genuine
calibration,1,-33.25164160524405,genuine
calibration,1,-28.762861140559732,genuine
calibration,1,-28.062268570284786,genuine
calibration,1,-28.90758067328839,genuine
calibration,1,-32.28259498661809,genuine
calibration,1,-30.850552630304392,genuine
calibration,1,-22.497366091847447,genuine
calibration,1,-33.496967630717926,genuine
calibration,1,-27.72769677528212,genuine
calibration,1,-25.830152952388485,genuine
calibration,1,-27.35127095334155,genuine
calibration,1,-29.085428689841237,genuine
calibration,1,-31.53861496915645,genuine
calibration,1,-29.53178038686854,genuine
calibration,1,-23.385367630064493,genuine
calibration,1,-27.896542152184782,genuine
calibration,1,-29.29712796434365,genuine
calibration,1,-29.507639824935502,genuine
calibration,1,-27.913261052851016,genuine
calibration,1,-33.48163622781784,genuine
calibration,1,-30.27001302022221,genuine
calibration,1,-28.441598675179264,genuine
calibration,1,-39.226970045265844,genuine
calibration,1,-26.3469592409381,genuine
calibration,1,-28.428952306564653,genuine
calibration,1,-30.336107913602806,genuine
calibration,1,-26.01701021334027,genuine
calibration,1,-23.42707078955639,genuine
calibration,1,-27.112953414643115,genuine
calibration,1,-25.79841671583397,genuine
calibration,1,-23.672796417593446,genuine
calibration,1,-23.565436142626186,genuine
calibration,1,-26.925359483007625,genuine
calibration,1,-26.582986326850932,genuine
calibration,1,-27.028467919751638,genuine
calibration,1,-39.287860358540094,genuine
calibration,1,-32.08162324851271,genuine
calibration,1,-27.805120623386326,genuine
calibration,1,-30.462067205257114,genuine
calibration,1,-28.054684226211727,genuine
calibration,1,-31.10547188141952,genuine
calibration,1,-27.47111195848178,genuine
calibration,1,-26.693805871108466,genuine
calibration,1,-25.909341484125367,genuine
calibration,1,-22.6915594939132,genuine
calibration,1,-26.052254785727694,genuine
calibration,1,-24.929107619810605,genuine
calibration,1,-21.022376127543637,genuine
calibration,1,-29.392002726644755,genuine
calibration,1,-20.261033021144502,genuine
calibration,1,-24.68372765575521,genuine
calibration,1,-25.529782040286452,genuine
calibration,1,-29.022316494823798,genuine
calibration,1,-29.16572665987462,genuine
calibration,1,-27.253413591767913,genuine
calibration,1,-26.72591186651233,genuine
calibration,1,-26.66713310543569,genuine
calibration,1,-32.58518745887282,genuine
calibration,1,-24.760320663436627,genuine
calibration,1,-21.614590849739013,genuine
calibration,1,-31.189051387488192,genuine
calibration,1,-32.20775276015747,genuine
calibration,1,-27.866766764031375,genuine
calibration,1,-25.829753216796455,genuine
calibration,1,-32.34641688501613,genuine
calibration,1,-32.00798925726558,genuine
calibration,1,-34.0498638991463,genuine
calibration,1,-27.976689287251673,genuine
calibration,1,-29.85503070053863,genuine
calibration,1,-30.229178008940885,genuine
calibration,1,-25.079800882908533,genuine
calibration,1,-33.033270986529274,genuine
calibration,1,-24.54514253652455,genuine
calibration,1,-27.09243035179706,genuine
calibration,1,-26.199436162312384,genuine
calibration,1,-29.78234581136951,genuine
calibration,1,-26.99412204419652,genuine
calibration,1,-31.7575398462769,genuine
calibration,1,-34.93322773463083,genuine
calibration,1,-32.44839163143957,genuine
calibration,1,-40.21016493665851,genuine
calibration,1,-53.90756770138273,genuine
calibration,1,-36.971594877386025,genuine
calibration,1,-26.14173179051504,genuine
calibration,1,-62.56772114942948,genuine
calibration,1,-34.80469565798476,genuine
calibration,1,-43.02273584082459,genuine
calibration,1,-55.99140176419161,genuine
calibration,1,-61.48790452541671,genuine
calibration,1,-52.33306721053275,genuine
calibration,1,-31.791612841691418,genuine
calibration,1,-33.718822386322536,genuine
calibration,1,-43.02875067704094,genuine
calibration,1,-49.11085411756466,genuine
calibration,1,-38.44926265506592,genuine
calibration,1,-37.769090476008344,genuine
calibration,1,-36.46325263229411,genuine
calibration,1,-30.148848031796085,genuine
calibration,1,-27.601042212011173,genuine
calibration,1,-33.343210122711376,genuine
calibration,1,-31.608602005454603,genuine
calibration,1,-42.01869509405468,genuine
calibration,1,-29.096335537854074,genuine
calibration,1,-38.45920479350645,genuine
calibration,1,-36.94402743757342,genuine
calibration,1,-29.032681861417924,genuine
calibration,1,-39.16520060198323,genuine
calibration,1,-32.56196551637057,genuine
calibration,1,-38.29428319231688,genuine
calibration,1,-28.729123064051073,genuine
calibration,1,-34.64448928333248,genuine
calibration,1,-26.615446714662077,genuine
calibration,1,-28.35607218316754,genuine
calibration,1,-34.848224366210594,genuine
calibration,1,-37.02805303166107,genuine
calibration,1,-30.361941111426972,genuine
calibration,1,-33.71465480641266,genuine
calibration,1,-34.54600982222116,genuine
calibration,1,-31.51138486124226,genuine
calibration,1,-32.791211279843765,genuine
calibration,1,-33.42076795227322,genuine
calibration,1,-33.67289120010601,genuine
calibration,1,-29.92031615091873,genuine
calibration,1,-30.226176738064257,genuine
calibration,1,-27.988381526603604,genuine
calibration,1,-33.278737758903986,genuine
calibration,1,-42.74668605545459,genuine
calibration,1,-33.25174729342277,genuine
calibration,0,-138.21965690652254,impostor
calibration,0,-156.81110736095556,impostor
calibration,0,-127.32221926493955,impostor
calibration,0,-160.8532496502111,impostor
calibration,0,-158.89749417175804,impostor
calibration,0,-178.19153448726243,impostor
calibration,0,-157.44872246148617,impostor
calibration,0,-163.57479521375924,impostor
calibration,0,-162.6948623289276,impostor
calibration,0,-165.56359411300969,impostor
calibration,0,-95.66692730701034,impostor
calibration,0,-83.94215586337609,impostor
calibration,0,-60.61651185683447,impostor
calibration,0,-59.08679612206315,impostor
calibration,0,-64.08448068938804,impostor
calibration,0,-113.67526451289129,impostor
calibration,0,-128.93708154372547,impostor
calibration,0,-125.30885556312023,impostor
calibration,0,-118.67030974325661,impostor
calibration,0,-127.97679605677725,impostor
calibration,0,-114.27775206150895,impostor
calibration,0,-99.36990795617506,impostor
calibration,0,-94.01226902193726,impostor
calibration,0,-115.54082155334783,impostor
calibration,0,-95.27157998553056,impostor
calibration,0,-99.39967185398515,impostor
calibration,0,-100.00306715300393,impostor
calibration,0,-112.57431049312697,impostor
calibration,0,-95.62622439637036,impostor
calibration,0,-103.11562553720027,impostor
calibration,0,-240.3292862536442,impostor
calibration,0,-207.8619082886064,impostor
calibration,0,-186.35975325549032,impostor
calibration,0,-157.33395982272245,impostor
calibration,0,-177.8650536555694,impostor
calibration,0,-125.76722838959326,impostor
calibration,0,-116.87662906790167,impostor
calibration,0,-113.97449832389715,impostor
calibration,0,-126.95828687999804,impostor
calibration,0,-112.55777944048147,impostor
calibration,0,-179.49198825254368,impostor
calibration,0,-124.54714112750442,impostor
calibration,0,-97.46052671090987,impostor
calibration,0,-111.13282789922535,impostor
calibration,0,-119.45017495888506,impostor
calibration,0,-122.51970311295831,impostor
calibration,0,-106.67875381585061,impostor
calibration,0,-136.82374571597876,impostor
calibration,0,-123.62474982682417,impostor
calibration,0,-133.50817916371005,impostor
calibration,0,-169.29438251969074,impostor
calibration,0,-163.58873432820863,impostor
calibration,0,-156.7245097900635,impostor
calibration,0,-172.45847793277653,impostor
calibration,0,-156.5058711168934,impostor
calibration,0,-124.59312205559175,impostor
calibration,0,-134.39105412402083,impostor
calibration,0,-159.3205691381279,impostor
calibration,0,-138.90896729203175,impostor
calibration,0,-150.0691742110807,impostor
calibration,0,-98.72644025888444,impostor
calibration,0,-83.0681886857684,impostor
calibration,0,-71.99708282767516,impostor
calibration,0,-59.327975920869335,impostor
calibration,0,-80.59932107404907,impostor
calibration,0,-134.61094795201936,impostor
calibration,0,-128.36168353314588,impostor
calibration,0,-123.7698888786562,impostor
calibration,0,-120.72667761444534,impostor
calibration,0,-108.92091272741482,impostor
calibration,0,-100.54853058358971,impostor
calibration,0,-81.17747804104914,impostor
calibration,0,-88.08773486519003,impostor
calibration,0,-73.87259398385639,impostor
calibration,0,-85.66682984675006,impostor
calibration,0,-135.10718326639477,impostor
calibration,0,-129.35296484972872,impostor
calibration,0,-114.58152259293172,impostor
calibration,0,-128.6728408138021,impostor
calibration,0,-103.91885014313796,impostor
calibration,0,-183.62634344613895,impostor
calibration,0,-173.31611268731882,impostor
calibration,0,-196.84670793273776,impostor
calibration,0,-198.0190922851887,impostor
calibration,0,-188.041108636161,impostor
calibration,0,-84.68896605482497,impostor
calibration,0,-68.37350525486829,impostor
calibration,0,-65.74704479328287,impostor
calibration,0,-88.27442611000878,impostor
calibration,0,-70.3355732501659,impostor
calibration,0,-82.02280157895335,impostor
calibration,0,-90.28718964062664,impostor
calibration,0,-84.83134021428604,impostor
calibration,0,-83.10012858612399,impostor
calibration,0,-78.02518401979844,impostor
calibration,0,-122.62898632321809,impostor
calibration,0,-109.47711759515653,impostor
calibration,0,-112.88768070167205,impostor
calibration,0,-132.90769380281102,impostor
calibration,0,-130.2173962835186,impostor
calibration,0,-190.9113071343887,impostor
calibration,0,-186.79300331581098,impostor
calibration,0,-221.84860647080686,impostor
calibration,0,-208.4827899867156,impostor
calibration,0,-179.82513572585867,impostor
calibration,0,-144.42134065373477,impostor
calibration,0,-139.95023194120762,impostor
calibration,0,-134.68469714044915,impostor
calibration,0,-165.4098686244758,impostor
calibration,0,-150.1257074205653,impostor
calibration,0,-76.05329736160846,impostor
calibration,0,-66.54220655327588,impostor
calibration,0,-91.65195604715471,impostor
calibration,0,-76.0464764014095,impostor
calibration,0,-61.78817272854128,impostor
calibration,0,-211.4581794322127,impostor
calibration,0,-195.24149840769138,impostor
calibration,0,-183.58515837113197,impostor
calibration,0,-184.64242999929587,impostor
calibration,0,-150.1158345697954,impostor
calibration,0,-122.8905285944831,impostor
calibration,0,-137.75827868931756,impostor
calibration,0,-128.36493608200453,impostor
calibration,0,-123.47881310494,impostor
calibration,0,-127.49769372949775,impostor
calibration,0,-193.08864068251236,impostor
calibration,0,-124.24599587598023,impostor
calibration,0,-120.77036438288496,impostor
calibration,0,-138.91094349029797,impostor
calibration,0,-114.66304262776734,impostor
calibration,0,-230.37343306472698,impostor
calibration,0,-199.10533580798852,impostor
calibration,0,-200.2449578288103,impostor
calibration,0,-201.6655031936773,impostor
calibration,0,-200.78114082611484,impostor
calibration,0,-206.82817026980453,impostor
calibration,0,-168.66149174786477,impostor
calibration,0,-193.7598031892017,impostor
calibration,0,-180.89839634114787,impostor
calibration,0,-145.1863301378868,impostor
calibration,0,-97.63489743279735,impostor
calibration,0,-105.77916020076682,impostor
calibration,0,-143.48445682539113,impostor
calibration,0,-149.61676148792372,impostor
calibration,0,-129.82614873858597,impostor
calibration,0,-143.0709322922937,impostor
calibration,0,-156.29454292916688,impostor
calibration,0,-163.35971503705838,impostor
calibration,0,-154.72479715940085,impostor
calibration,0,-169.83431771963896,impostor
calibration,0,-168.0186294847247,impostor
calibration,0,-151.67245862119418,impostor
calibration,0,-148.9410131503851,impostor
calibration,0,-153.18335284710716,impostor
calibration,0,-172.69211770268342,impostor
calibration,0,-115.50048344374922,impostor
calibration,0,-122.68086452628935,impostor
calibration,0,-115.61722140474289,impostor
calibration,0,-109.48014436716763,impostor
calibration,0,-121.50365383093806,impostor
calibration,0,-141.43292573204536,impostor
calibration,0,-122.2172054732577,impostor
calibration,0,-122.86161485087212,impostor
calibration,0,-123.45534463351922,impostor
calibration,0,-122.62740324621917,impostor
calibration,0,-215.81381139339481,impostor
calibration,0,-219.23371023061225,impostor
calibration,0,-214.5623060917986,impostor
calibration,0,-178.05536434488835,impostor
calibration,0,-192.92314656632462,impostor
calibration,0,-126.8074156456233,impostor
calibration,0,-152.6203749651832,impostor
calibration,0,-123.02982143552298,impostor
calibration,0,-134.67505377112872,impostor
calibration,0,-114.76332704954699,impostor
calibration,0,-268.42199586005,impostor
calibration,0,-252.4501357637541,impostor
calibration,0,-261.0482076907954,impostor
calibration,0,-207.0170552954341,impostor
calibration,0,-236.44669159660683,impostor
calibration,0,-109.41344991518696,impostor
calibration,0,-85.48669102546882,impostor
calibration,0,-89.51068110945262,impostor
calibration,0,-76.98747576222803,impostor
calibration,0,-77.63750667983606,impostor
calibration,0,-268.8943384685603,impostor
calibration,0,-316.21994052922645,impostor
calibration,0,-269.9907449846556,impostor
calibration,0,-273.10086969237574,impostor
calibration,0,-245.5877915229442,impostor
calibration,0,-138.2966107574814,impostor
calibration,0,-125.4381180946682,impostor
calibration,0,-101.752919573865,impostor
calibration,0,-101.4400239669675,impostor
calibration,0,-110.65877206047081,impostor
calibration,0,-108.87447467998713,impostor
calibration,0,-103.78290996640418,impostor
calibration,0,-105.53983240970267,impostor
calibration,0,-119.0834115980125,impostor
calibration,0,-104.10429027563845,impostor
calibration,0,-127.75167044674971,impostor
calibration,0,-128.73889997288305,impostor
calibration,0,-119.74395482559494,impostor
calibration,0,-120.9781543963217,impostor
calibration,0,-118.70899153861558,impostor
calibration,0,-142.98597736689743,impostor
calibration,0,-153.0412913218443,impostor
calibration,0,-120.03281500101187,impostor
calibration,0,-139.45808006591224,impostor
calibration,0,-138.07566039356962,impostor
calibration,0,-180.54167647353322,impostor
calibration,0,-250.71827360100133,impostor
calibration,0,-300.41090839180674,impostor
calibration,0,-247.39832085178816,impostor
calibration,0,-210.0769952132745,impostor
calibration,0,-139.84644518983546,impostor
calibration,0,-145.34872349121378,impostor
calibration,0,-141.03477189390077,impostor
calibration,0,-151.78962600327498,impostor
calibration,0,-153.57067997078903,impostor
calibration,0,-119.05567215274876,impostor
calibration,0,-118.36308360985403,impostor
calibration,0,-119.03742501520878,impostor
calibration,0,-121.33578948969705,impostor
calibration,0,-115.03340397983479,impostor
calibration,0,-172.8584120693294,impostor
calibration,0,-145.67805135644556,impostor
calibration,0,-126.09065198738034,impostor
calibration,0,-134.43349180733978,impostor
calibration,0,-135.2529548972501,impostor
calibration,0,-80.99892558072719,impostor
calibration,0,-89.65968496982951,impostor
calibration,0,-104.24226699084939,impostor
calibration,0,-86.03489745505978,impostor
calibration,0,-102.624820581457,impostor
calibration,0,-169.1848241304516,impostor
calibration,0,-147.42138369167805,impostor
calibration,0,-167.3104190934082,impostor
calibration,0,-166.36530857058887,impostor
calibration,0,-204.22055493783364,impostor
calibration,0,-156.51976315050683,impostor
calibration,0,-163.7568452103454,impostor
calibration,0,-160.9853575473151,impostor
calibration,0,-159.1048036492931,impostor
calibration,0,-169.84864915706055,impostor
calibration,0,-121.25054131514814,impostor
calibration,0,-108.73921831094755,impostor
calibration,0,-106.5292820278035,impostor
calibration,0,-97.09888479747619,impostor
calibration,0,-115.04578149605993,impostor
calibration,1,-24.75456502471661,genuine
calibration,1,-26.251770291688764,genuine
calibration,1,-28.24125831705732,genuine
calibration,1,-31.30714457856694,genuine
calibration,1,-23.328136099875138,genuine
calibration,1,-21.123282104146053,genuine
calibration,1,-24.762569746948383,genuine
calibration,1,-19.953483303740448,genuine
calibration,1,-31.54368529668512,genuine
calibration,1,-23.616075055242355,genuine
calibration,1,-38.966659792560236,genuine
calibration,1,-36.54382629741781,genuine
calibration,1,-29.401052209620378,genuine
calibration,1,-27.977431254726987,genuine
calibration,1,-26.799972673531567,genuine
calibration,1,-25.135038867032495,genuine
calibration,1,-28.01445906546423,genuine
calibration,1,-30.503996943865953,genuine
calibration,1,-30.295109692959343,genuine
calibration,1,-36.018250198925195,genuine
calibration,1,-31.369512003146202,genuine
calibration,1,-24.63078167539383,genuine
calibration,1,-28.623450227855148,genuine
calibration,1,-30.252440799727353,genuine
calibration,1,-34.874706045840796,genuine
calibration,1,-29.692178471828548,genuine
calibration,1,-25.857504601094437,genuine
calibration,1,-31.73882702321775,genuine
calibration,1,-28.023471559094045,genuine
calibration,1,-26.867751129591355,genuine
calibration,1,-29.691862279686106,genuine
calibration,1,-31.021775710385647,genuine
calibration,1,-28.9080761607179,genuine
calibration,1,-29.488915438822698,genuine
calibration,1,-30.004353967064016,genuine
calibration,1,-24.17115998069444,genuine
calibration,1,-28.751212981390008,genuine
calibration,1,-24.498613638260853,genuine
calibration,1,-31.308230604260554,genuine
calibration,1,-25.459584144872654,genuine
calibration,1,-28.14645201349464,genuine
calibration,1,-22.761909825562256,genuine
calibration,1,-27.008156115148214,genuine
calibration,1,-31.519743269590208,genuine
calibration,1,-30.995107138261176,genuine
calibration,1,-29.641502240178557,genuine
calibration,1,-55.853634375996165,genuine
calibration,1,-22.673747350341685,genuine
calibration,1,-29.866386680988583,genuine
calibration,1,-27.45857080209362,genuine
calibration,1,-19.03322372773611,genuine
calibration,1,-22.462518054481915,genuine
calibration,1,-23.438843166087892,genuine
calibration,1,-23.698622734876253,genuine
calibration,1,-23.02261599176393,genuine
calibration,1,-28.903158316223337,genuine
calibration,1,-26.134438817776843,genuine
calibration,1,-28.81168983903216,genuine
calibration,1,-28.420225422303513,genuine
calibration,1,-26.636988268787753,genuine
calibration,1,-25.811231796027325,genuine
calibration,1,-29.376324434405596,genuine
calibration,1,-33.689812208822,genuine
calibration,1,-37.98270161600584,genuine
calibration,1,-28.104252701973035,genuine
calibration,1,-25.948846665128254,genuine
calibration,1,-29.69336167494629,genuine
calibration,1,-30.888939648344525,genuine
calibration,1,-26.498909323485034,genuine
calibration,1,-27.58803988597476,genuine
calibration,1,-25.847120199597008,genuine
calibration,1,-33.979155966348515,genuine
calibration,1,-55.00018664543537,genuine
calibration,1,-32.70313436489849,genuine
calibration,1,-26.102944497756376,genuine
calibration,1,-37.33876732733203,genuine
calibration,1,-27.185416808221426,genuine
calibration,1,-28.511105645537796,genuine
calibration,1,-29.12821907601366,genuine
calibration,1,-23.68083877616761,genuine
calibration,1,-27.616412759141895,genuine
calibration,1,-29.30754019901028,genuine
calibration,1,-26.730870623777626,genuine
calibration,1,-27.25654302059783,genuine
calibration,1,-31.54250419635757,genuine
calibration,1,-29.487516610498343,genuine
calibration,1,-28.346474124147864,genuine
calibration,1,-28.738080589701397,genuine
calibration,1,-26.505580166259115,genuine
calibration,1,-28.455093784359637,genuine
calibration,1,-29.636527215031922,genuine
calibration,1,-22.025094055565997,genuine
calibration,1,-33.13723499966869,genuine
calibration,1,-26.207713521593153,genuine
calibration,1,-30.197859020599314,genuine
calibration,1,-25.21564934324014,genuine
calibration,1,-29.46992817267769,genuine
calibration,1,-27.41997977372026,genuine
calibration,1,-27.128089855350748,genuine
calibration,1,-27.71519313334087,genuine
calibration,1,-22.765051069993415,genuine
calibration,1,-27.376664666577977,genuine
calibration,1,-26.234702345639416,genuine
calibration,1,-31.878971706253164,genuine
calibration,1,-28.21066016097763,genuine
calibration,1,-27.35299769762901,genuine
calibration,1,-35.15940868519062,genuine
calibration,1,-39.60865927877789,genuine
calibration,1,-25.321551183024265,genuine
calibration,1,-30.83361184105387,genuine
calibration,1,-49.47504740233054,genuine
calibration,1,-45.505487625164875,genuine
calibration,1,-44.46050633088856,genuine
calibration,1,-29.18305429631977,genuine
calibration,1,-23.595140398154154,genuine
calibration,1,-31.91749698794465,genuine
calibration,1,-25.992730796381604,genuine
calibration,1,-32.89964842793565,genuine
calibration,1,-24.1509035936833,genuine
calibration,1,-26.117692096774245,genuine
calibration,1,-28.708017714981207,genuine
calibration,1,-32.57763662808905,genuine
calibration,1,-43.09618709103734,genuine
calibration,1,-31.500550402647317,genuine
calibration,1,-29.42803259073316,genuine
calibration,1,-25.884315998807626,genuine
calibration,1,-26.200005681868177,genuine
calibration,1,-30.36757557773199,genuine
calibration,1,-27.006681616862146,genuine
calibration,1,-26.7659208923517,genuine
calibration,1,-26.864255033788844,genuine
calibration,1,-32.71074968097309,genuine
calibration,1,-31.299470230863573,genuine
calibration,1,-28.98735847823161,genuine
calibration,1,-25.461789577183072,genuine
calibration,1,-30.5907737828044,genuine
calibration,1,-33.25627935212594,genuine
calibration,1,-26.223396244807326,genuine
calibration,1,-31.52761615853221,genuine
calibration,1,-35.15419060063976,genuine
calibration,1,-28.426053279688333,genuine
calibration,1,-31.308214390997865,genuine
calibration,1,-30.47640097579805,genuine
calibration,1,-32.52817491973541,genuine
calibration,1,-58.18652869129064,genuine
calibration,1,-28.943904550751377,genuine
calibration,1,-28.553597916587496,genuine
calibration,1,-28.53200974576621,genuine
calibration,1,-29.88833245136445,genuine
calibration,1,-31.80957948825824,genuine
calibration,1,-19.669929198060338,genuine
calibration,1,-27.18678964693484,genuine
calibration,1,-30.65790961291365,genuine
calibration,1,-27.71151898084512,genuine
calibration,1,-34.69919230574628,genuine
calibration,1,-31.76724775515171,genuine
calibration,1,-34.1317589893695,genuine
calibration,1,-33.119532461012305,genuine
calibration,1,-31.01471133342294,genuine
calibration,1,-20.01491317656448,genuine
calibration,1,-24.360708985695872,genuine
calibration,1,-31.673936826980174,genuine
calibration,1,-31.983219920440067,genuine
calibration,1,-23.244456970351308,genuine
calibration,1,-32.672034739255196,genuine
calibration,1,-29.93337194800398,genuine
calibration,1,-31.552286238478768,genuine
calibration,1,-32.07709749785345,genuine
calibration,1,-35.18981015949199,genuine
calibration,1,-32.34355751710244,genuine
calibration,1,-26.743974652413126,genuine
calibration,1,-28.370530023662706,genuine
calibration,1,-30.030510617676402,genuine
calibration,1,-29.751048758410608,genuine
calibration,1,-26.00995480706973,genuine
calibration,1,-28.123612989584128,genuine
calibration,1,-34.78836636272835,genuine
calibration,1,-28.839542411522146,genuine
calibration,1,-25.739274635030814,genuine
calibration,1,-25.268661834185057,genuine
calibration,1,-29.0439176544371,genuine
calibration,1,-30.441635919397953,genuine
calibration,1,-29.566168172587638,genuine
calibration,1,-27.52175546643837,genuine
calibration,1,-34.47654135089061,genuine
calibration,1,-31.714181433259903,genuine
calibration,1,-32.186922990294775,genuine
calibration,1,-27.93511343295562,genuine
calibration,1,-28.416725371683572,genuine
calibration,1,-30.349873103384027,genuine
calibration,1,-29.144834379298135,genuine
calibration,1,-28.66610019607061,genuine
calibration,1,-31.477516258672168,genuine
calibration,1,-30.8513600083404,genuine
calibration,1,-29.477739742066653,genuine
calibration,1,-28.250024009048495,genuine
calibration,1,-29.517853961038814,genuine
calibration,1,-29.670376656634716,genuine
calibration,1,-27.55858709173721,genuine
calibration,1,-27.455141088611118,genuine
calibration,0,-39.19781708543573,impostor
calibration,0,-49.89034928381549,impostor
calibration,0,-44.39527520850989,impostor
calibration,0,-40.95673071953801,impostor
calibration,0,-44.45515026059419,impostor
calibration,0,-55.51278077899869,impostor
calibration,0,-45.052413622796706,impostor
calibration,0,-47.95758142044171,impostor
calibration,0,-52.991814785565175,impostor
calibration,0,-48.127136658006215,impostor
calibration,0,-48.93484461489357,impostor
calibration,0,-54.68866356307837,impostor
calibration,0,-56.091938718124844,impostor
calibration,0,-61.11086277366288,impostor
calibration,0,-59.49609256748733,impostor
calibration,0,-51.043967031665815,impostor
calibration,0,-43.813051449829096,impostor
calibration,0,-58.29007354626098,impostor
calibration,0,-40.173966851414185,impostor
calibration,0,-45.11003804657122,impostor
calibration,0,-50.60400107535962,impostor
calibration,0,-46.35332692797479,impostor
calibration,0,-50.54082275856784,impostor
calibration,0,-52.35859157231353,impostor
calibration,0,-56.46664685442942,impostor
calibration,0,-53.151006700315065,impostor
calibration,0,-53.51813021246353,impostor
calibration,0,-55.464903034401196,impostor
calibration,0,-56.397738442016134,impostor
calibration,0,-52.477858140330724,impostor
calibration,0,-77.32212556643826,impostor
calibration,0,-83.35079333764745,impostor
calibration,0,-93.02969103425856,impostor
calibration,0,-87.49976588369955,impostor
calibration,0,-81.2769691893129,impostor
calibration,0,-48.050127697548135,impostor
calibration,0,-49.92416516614379,impostor
calibration,0,-47.49308000719137,impostor
calibration,0,-46.279593549580596,impostor
calibration,0,-48.948185760266945,impostor
calibration,0,-91.460548572829,impostor
calibration,0,-45.83366377829007,impostor
calibration,0,-49.67081085788908,impostor
calibration,0,-46.17495786779548,impostor
calibration,0,-45.09015778582425,impostor
calibration,0,-46.25075297776705,impostor
calibration,0,-43.684303874549315,impostor
calibration,0,-46.42272383662829,impostor
calibration,0,-44.352263820793944,impostor
calibration,0,-51.682229229184834,impostor
calibration,0,-32.77888295497276,impostor
calibration,0,-28.287339205327626,impostor
calibration,0,-33.99092459708382,impostor
calibration,0,-29.636381943115822,impostor
calibration,0,-33.25924039127262,impostor
calibration,0,-46.262866290527285,impostor
calibration,0,-46.899491571924955,impostor
calibration,0,-44.94029447328244,impostor
calibration,0,-44.693215028776805,impostor
calibration,0,-49.67436528689219,impostor
calibration,0,-65.30789671992558,impostor
calibration,0,-76.73339904283858,impostor
calibration,0,-68.13308169291712,impostor
calibration,0,-58.73843631733239,impostor
calibration,0,-56.85817383330715,impostor
calibration,0,-58.63176329364928,impostor
calibration,0,-48.4490997954437,impostor
calibration,0,-53.86131284998114,impostor
calibration,0,-53.96952771013988,impostor
calibration,0,-41.22222565524958,impostor
calibration,0,-47.83892725304072,impostor
calibration,0,-51.562923315112286,impostor
calibration,0,-49.24864169233288,impostor
calibration,0,-47.26695531923935,impostor
calibration,0,-54.78041903279832,impostor
calibration,0,-58.499896933478105,impostor
calibration,0,-52.66598903653102,impostor
calibration,0,-38.59027314425325,impostor
calibration,0,-52.674590072947986,impostor
calibration,0,-51.67750698617339,impostor
calibration,0,-49.495911776903604,impostor
calibration,0,-57.935594241523766,impostor
calibration,0,-61.03916989035745,impostor
calibration,0,-48.41588538329383,impostor
calibration,0,-51.04533139149709,impostor
calibration,0,-56.2010695574034,impostor
calibration,0,-57.23425390270892,impostor
calibration,0,-62.11201847153347,impostor
calibration,0,-61.027620072199575,impostor
calibration,0,-60.457048152201786,impostor
calibration,0,-57.81424942235218,impostor
calibration,0,-52.503366371465525,impostor
calibration,0,-54.77359740496753,impostor
calibration,0,-60.181907170026214,impostor
calibration,0,-59.99593810219049,impostor
calibration,0,-58.879067347113576,impostor
calibration,0,-53.42932114642672,impostor
calibration,0,-61.74474513523043,impostor
calibration,0,-59.88582050229086,impostor
calibration,0,-62.00455603759891,impostor
calibration,0,-49.93811725930831,impostor
calibration,0,-40.38083929987035,impostor
calibration,0,-56.02496178358008,impostor
calibration,0,-51.981453559480265,impostor
calibration,0,-44.74118261691786,impostor
calibration,0,-47.02772395223199,impostor
calibration,0,-49.73180801653855,impostor
calibration,0,-48.78603673532316,impostor
calibration,0,-47.394037053531044,impostor
calibration,0,-36.059589856937,impostor
calibration,0,-66.3770829529919,impostor
calibration,0,-56.648081281241645,impostor
calibration,0,-65.65904054198431,impostor
calibration,0,-48.18514297868946,impostor
calibration,0,-53.70737269671306,impostor
calibration,0,-62.48986976928624,impostor
calibration,0,-54.57200186352286,impostor
calibration,0,-48.82625207524166,impostor
calibration,0,-56.93016969068448,impostor
calibration,0,-43.97420857526208,impostor
calibration,0,-50.45191298788064,impostor
calibration,0,-54.67593631617169,impostor
calibration,0,-52.72298345319958,impostor
calibration,0,-51.50770123294183,impostor
calibration,0,-51.55990757224824,impostor
calibration,0,-114.63269155616442,impostor
calibration,0,-42.21825425851304,impostor
calibration,0,-36.95624360926647,impostor
calibration,0,-53.44598855831213,impostor
calibration,0,-43.39172142608517,impostor
calibration,0,-70.12913224658485,impostor
calibration,0,-62.19442483016152,impostor
calibration,0,-60.08570563832984,impostor
calibration,0,-57.21091462468671,impostor
calibration,0,-55.640868091146416,impostor
calibration,0,-45.395289789645666,impostor
calibration,0,-45.4643067740535,impostor
calibration,0,-51.433137502196644,impostor
calibration,0,-35.16549435397515,impostor
calibration,0,-43.324762799548004,impostor
calibration,0,-38.18833473368222,impostor
calibration,0,-55.841868764455384,impostor
calibration,0,-34.48970423862932,impostor
calibration,0,-44.49287161858086,impostor
calibration,0,-44.58800013414443,impostor
calibration,0,-53.276499061888565,impostor
calibration,0,-51.98092321525493,impostor
calibration,0,-48.16450850822648,impostor
calibration,0,-60.297070126992324,impostor
calibration,0,-61.31984974830592,impostor
calibration,0,-60.94519796564731,impostor
calibration,0,-67.5386296988661,impostor
calibration,0,-68.17269938424388,impostor
calibration,0,-65.61417954124714,impostor
calibration,0,-69.6559186306645,impostor
calibration,0,-45.279597066920054,impostor
calibration,0,-46.38624757215675,impostor
calibration,0,-50.312512151443684,impostor
calibration,0,-58.827523609534964,impostor
calibration,0,-49.43793506985281,impostor
calibration,0,-38.43113534246634,impostor
calibration,0,-47.76291170141554,impostor
calibration,0,-51.08520290211866,impostor
calibration,0,-45.049725838441866,impostor
calibration,0,-49.73129656786753,impostor
calibration,0,-58.946489935920674,impostor
calibration,0,-56.008101538014415,impostor
calibration,0,-50.619313198543715,impostor
calibration,0,-55.75239873164408,impostor
calibration,0,-59.342255020510414,impostor
calibration,0,-43.287536797781044,impostor
calibration,0,-61.890682565444166,impostor
calibration,0,-54.77214035773073,impostor
calibration,0,-52.322681559921826,impostor
calibration,0,-50.46127480810428,impostor
calibration,0,-74.16638691271702,impostor
calibration,0,-66.18055539681825,impostor
calibration,0,-63.515200313515905,impostor
calibration,0,-40.54358596936679,impostor
calibration,0,-57.988355495101125,impostor
calibration,0,-55.96239794690109,impostor
calibration,0,-50.10244917359657,impostor
calibration,0,-47.68631608195144,impostor
calibration,0,-53.26173753189266,impostor
calibration,0,-40.20668773010822,impostor
calibration,0,-68.71695738116432,impostor
calibration,0,-87.44732877775812,impostor
calibration,0,-71.32259038036604,impostor
calibration,0,-80.15684999094206,impostor
calibration,0,-68.32028533550911,impostor
calibration,0,-52.15085882457757,impostor
calibration,0,-52.46290396451322,impostor
calibration,0,-49.052654663141475,impostor
calibration,0,-48.17250920521139,impostor
calibration,0,-55.97228806257851,impostor
calibration,0,-50.750709440152114,impostor
calibration,0,-52.07536777520435,impostor
calibration,0,-49.340992850429615,impostor
calibration,0,-45.15733824967238,impostor
calibration,0,-56.6088517689152,impostor
calibration,0,-33.753859698213745,impostor
calibration,0,-30.39709269813854,impostor
calibration,0,-39.34552869574037,impostor
calibration,0,-35.57727281085724,impostor
calibration,0,-41.58430044018585,impostor
calibration,0,-35.99806134137489,impostor
calibration,0,-39.41024848246188,impostor
calibration,0,-41.039098539689654,impostor
calibration,0,-41.44306143664153,impostor
calibration,0,-43.861243145358266,impostor
calibration,0,-52.65181106926623,impostor
calibration,0,-58.74071800548691,impostor
calibration,0,-81.83429471173129,impostor
calibration,0,-62.46718737301892,impostor
calibration,0,-48.808880567936804,impostor
calibration,0,-42.62642770845264,impostor
calibration,0,-40.25240610188491,impostor
calibration,0,-44.20896666358343,impostor
calibration,0,-43.58631248109714,impostor
calibration,0,-44.97380513926964,impostor
calibration,0,-44.69873719220313,impostor
calibration,0,-49.31028698491445,impostor
calibration,0,-45.007149842248914,impostor
calibration,0,-47.83253656404691,impostor
calibration,0,-45.16971350721753,impostor
calibration,0,-34.97061276593136,impostor
calibration,0,-25.860264995221062,impostor
calibration,0,-30.90152432309379,impostor
calibration,0,-25.889598770555562,impostor
calibration,0,-27.914670200718575,impostor
calibration,0,-50.82336496837267,impostor
calibration,0,-53.535141560792525,impostor
calibration,0,-48.227031489124926,impostor
calibration,0,-49.69686330894114,impostor
calibration,0,-50.65191051986633,impostor
calibration,0,-41.906436500231806,impostor
calibration,0,-41.763526564885595,impostor
calibration,0,-49.11206949745772,impostor
calibration,0,-47.8421758791949,impostor
calibration,0,-53.90218630551366,impostor
calibration,0,-45.123287463257846,impostor
calibration,0,-46.72233280845446,impostor
calibration,0,-49.73672995031876,impostor
calibration,0,-48.66107172462019,impostor
calibration,0,-44.837394297322994,impostor
calibration,0,-37.57091977950741,impostor
calibration,0,-38.033732410405406,impostor
calibration,0,-43.30266936978198,impostor
calibration,0,-40.78844690212198,impostor
calibration,0,-48.23735004879223,impostor
calibration,1,-23.9446021210669,genuine
calibration,1,-20.77490111396529,genuine
calibration,1,-17.700946215392136,genuine
calibration,1,-23.371389106825053,genuine
calibration,1,-21.742242561084144,genuine
calibration,1,-22.630624550169838,genuine
calibration,1,-32.403022837649424,genuine
calibration,1,-16.457433156127955,genuine
calibration,1,-20.88592836986764,genuine
calibration,1,-17.757931976185144,genuine
calibration,1,-46.63277445873056,genuine
calibration,1,-25.5587964588865,genuine
calibration,1,-20.964607244351388,genuine
calibration,1,-22.188752823416518,genuine
calibration,1,-29.356287302798297,genuine
calibration,1,-18.28348576719876,genuine
calibration,1,-17.459280497290347,genuine
calibration,1,-24.860324096180847,genuine
calibration,1,-70.53184867994443,genuine
calibration,1,-27.687645424290242,genuine
calibration,1,-43.3194467839541,genuine
calibration,1,-46.78576414294544,genuine
calibration,1,-24.51643657856877,genuine
calibration,1,-21.08444373150799,genuine
calibration,1,-26.8862959817374,genuine
calibration,1,-19.843740217048246,genuine
calibration,1,-25.802718313460836,genuine
calibration,1,-22.407317649576758,genuine
calibration,1,-26.258904254907883,genuine
calibration,1,-30.763412375765768,genuine
calibration,1,-22.93050723966764,genuine
calibration,1,-22.59456278982601,genuine
calibration,1,-23.807174887953682,genuine
calibration,1,-19.88278591418871,genuine
calibration,1,-18.899800666481447,genuine
calibration,1,-33.35867373000151,genuine
calibration,1,-25.21256921013108,genuine
calibration,1,-29.560618699124415,genuine
calibration,1,-23.640673443524296,genuine
calibration,1,-62.85885864544232,genuine
calibration,1,-36.641214418785935,genuine
calibration,1,-48.36632474567717,genuine
calibration,1,-25.388334063303848,genuine
calibration,1,-34.29951428836139,genuine
calibration,1,-35.13666275596937,genuine
calibration,1,-26.83995136553288,genuine
calibration,1,-30.85487181418104,genuine
calibration,1,-20.69721128517977,genuine
calibration,1,-24.108350260953074,genuine
calibration,1,-24.215427941032207,genuine
calibration,1,-35.50611921733316,genuine
calibration,1,-26.075500382511766,genuine
calibration,1,-21.568941550668708,genuine
calibration,1,-17.1654962975041,genuine
calibration,1,-24.062345318108598,genuine
calibration,1,-17.23777053213704,genuine
calibration,1,-20.838064375027432,genuine
calibration,1,-40.15082328479494,genuine
calibration,1,-19.07202031112837,genuine
calibration,1,-20.879063477360358,genuine
calibration,1,-22.353661296001352,genuine
calibration,1,-21.945316588809423,genuine
calibration,1,-28.677572221875902,genuine
calibration,1,-32.51187265121861,genuine
calibration,1,-25.99634625754689,genuine
calibration,1,-30.126870955735857,genuine
calibration,1,-22.28152501374831,genuine
calibration,1,-31.534502083729173,genuine
calibration,1,-28.910839207238944,genuine
calibration,1,-23.36066130237778,genuine
calibration,1,-28.11576479067719,genuine
calibration,1,-29.110117290103236,genuine
calibration,1,-31.666605189043246,genuine
calibration,1,-28.400162311553547,genuine
calibration,1,-29.63310532699662,genuine
calibration,1,-33.94912782862895,genuine
calibration,1,-25.631316136326973,genuine
calibration,1,-25.27260024146305,genuine
calibration,1,-23.3480720697715,genuine
calibration,1,-25.331803033439478,genuine
calibration,1,-73.77621205038888,genuine
calibration,1,-28.838106123879832,genuine
calibration,1,-38.354436297362824,genuine
calibration,1,-45.40796607010126,genuine
calibration,1,-34.03038113185591,genuine
calibration,1,-27.709283115373587,genuine
calibration,1,-29.9722107590794,genuine
calibration,1,-55.997821882218936,genuine
calibration,1,-26.830166497234064,genuine
calibration,1,-35.014707389135474,genuine
calibration,1,-29.05200856021518,genuine
calibration,1,-32.167324939451184,genuine
calibration,1,-32.974786290751794,genuine
calibration,1,-35.314448889849295,genuine
calibration,1,-34.29142876700418,genuine
calibration,1,-41.076018099823635,genuine
calibration,1,-43.9851398469652,genuine
calibration,1,-59.87841846396814,genuine
calibration,1,-24.591602571253745,genuine
calibration,1,-26.408486792428914,genuine
calibration,1,-24.72064399132492,genuine
calibration,1,-23.41823315635911,genuine
calibration,1,-25.372764472379956,genuine
calibration,1,-18.87766485478133,genuine
calibration,1,-24.991925912157857,genuine
calibration,1,-22.606278078434272,genuine
calibration,1,-28.830326887672598,genuine
calibration,1,-26.843935046064463,genuine
calibration,1,-25.897006597987986,genuine
calibration,1,-44.34554896841665,genuine
calibration,1,-31.144709931543943,genuine
calibration,1,-32.839992282729554,genuine
calibration,1,-33.97445827587598,genuine
calibration,1,-38.196297156504656,genuine
calibration,1,-34.437739139989425,genuine
calibration,1,-36.69190087502452,genuine
calibration,1,-34.70285202599489,genuine
calibration,1,-49.52195197475951,genuine
calibration,1,-29.854787445679264,genuine
calibration,1,-28.945020846754137,genuine
calibration,1,-29.510183897350117,genuine
calibration,1,-34.380755913839536,genuine
calibration,1,-29.25020008947893,genuine
calibration,1,-36.228527798005956,genuine
calibration,1,-41.39664672140792,genuine
calibration,1,-31.740254451534295,genuine
calibration,1,-46.16969374012577,genuine
calibration,1,-53.52977127869817,genuine
calibration,1,-39.4223799567498,genuine
calibration,1,-39.61546784940976,genuine
calibration,1,-51.5363163818779,genuine
calibration,1,-38.00657419225046,genuine
calibration,1,-45.478610527066216,genuine
calibration,1,-35.027156567773545,genuine
calibration,1,-38.62768274761433,genuine
calibration,1,-32.86261664443647,genuine
calibration,1,-39.790293335870494,genuine
calibration,1,-24.28439653308547,genuine
calibration,1,-51.428448551277256,genuine
calibration,1,-66.37336276995558,genuine
calibration,1,-38.82932619061621,genuine
calibration,1,-40.41123134037639,genuine
calibration,1,-33.89778547684003,genuine
calibration,1,-39.39856232002488,genuine
calibration,1,-35.13869725512729,genuine
calibration,1,-34.88066347491058,genuine
calibration,1,-39.137041251262445,genuine
calibration,1,-54.15484234067482,genuine
calibration,1,-38.1366786350447,genuine
calibration,1,-40.441771039733894,genuine
calibration,1,-31.20813372041294,genuine
calibration,1,-27.498973729720763,genuine
calibration,1,-32.02360263161103,genuine
calibration,1,-27.646646059552157,genuine
calibration,1,-32.53119421291605,genuine
calibration,1,-35.944563325442545,genuine
calibration,1,-34.34110601439978,genuine
calibration,1,-28.864727548361518,genuine
calibration,1,-35.961528204612925,genuine
calibration,1,-34.36025217681263,genuine
calibration,1,-32.5097001758464,genuine
calibration,1,-36.87806761812715,genuine
calibration,1,-26.187411885470784,genuine
calibration,1,-31.032775384615192,genuine
calibration,1,-28.771691658904373,genuine
calibration,1,-40.93008282282852,genuine
calibration,1,-37.11667053733732,genuine
calibration,1,-45.027523941465645,genuine
calibration,1,-55.06667770709526,genuine
calibration,1,-40.12930047599548,genuine
calibration,1,-40.35657135893172,genuine
calibration,1,-42.56928393912714,genuine
calibration,1,-31.280821254235846,genuine
calibration,1,-52.863164845736144,genuine
calibration,1,-44.13888965395885,genuine
calibration,1,-40.052496918666826,genuine
calibration,1,-40.89966886893408,genuine
calibration,1,-40.47709532681064,genuine
calibration,1,-35.80747996510239,genuine
calibration,1,-39.64897991073409,genuine
calibration,1,-29.584677571924527,genuine
calibration,1,-35.50546419356097,genuine
calibration,1,-31.898949748127,genuine
calibration,1,-38.129285369693704,genuine
calibration,1,-29.889536818325094,genuine
calibration,1,-42.82513504207026,genuine
calibration,1,-41.99258530805502,genuine
calibration,1,-30.438376424133498,genuine
calibration,1,-36.34119124014176,genuine
calibration,1,-36.9933702835113,genuine
calibration,1,-38.25220327590221,genuine
calibration,1,-39.34873575187547,genuine
calibration,1,-43.57207188846103,genuine
calibration,1,-45.27389473999287,genuine
calibration,1,-46.29852703542657,genuine
calibration,1,-42.88319054042315,genuine
calibration,1,-46.79764367830943,genuine
calibration,1,-72.34310890812387,genuine
calibration,1,-45.24558028215115,genuine
calibration,1,-44.50083132273096,genuine
calibration,0,-26.505047384159727,impostor
calibration,0,-47.44048824900567,impostor
calibration,0,-49.581070812068894,impostor
calibration,0,-35.7296367094403,impostor
calibration,0,-29.091509915394138,impostor
calibration,0,-104.37087948224344,impostor
calibration,0,-91.54783768615115,impostor
calibration,0,-77.37423214447476,impostor
calibration,0,-105.3770123527014,impostor
calibration,0,-80.95407955527642,impostor
calibration,0,-175.48637550866803,impostor
calibration,0,-146.76271583193227,impostor
calibration,0,-142.33950399942688,impostor
calibration,0,-165.01473578596355,impostor
calibration,0,-124.01753420992674,impostor
calibration,0,-49.31450830834818,impostor
calibration,0,-24.27769257233793,impostor
calibration,0,-71.78305951091465,impostor
calibration,0,-41.96467086503583,impostor
calibration,0,-29.0464318488846,impostor
calibration,0,-75.06403910153476,impostor
calibration,0,-54.07921398234227,impostor
calibration,0,-77.42653428603167,impostor
calibration,0,-21.82980559165269,impostor
calibration,0,-51.922705198601946,impostor
calibration,0,-33.02271207216056,impostor
calibration,0,-30.35824948045571,impostor
calibration,0,-61.64171765130514,impostor
calibration,0,-31.451050863392723,impostor
calibration,0,-41.396439085911176,impostor
calibration,0,-223.0715413728677,impostor
calibration,0,-200.5311801540499,impostor
calibration,0,-217.49283230639404,impostor
calibration,0,-220.9833303295484,impostor
calibration,0,-180.52767624017784,impostor
calibration,0,-327.20710928520447,impostor
calibration,0,-243.04426780076963,impostor
calibration,0,-212.76586807955206,impostor
calibration,0,-117.71629262060452,impostor
calibration,0,-227.25713608961658,impostor
calibration,0,-294.2142410040481,impostor
calibration,0,-115.68787799092063,impostor
calibration,0,-83.56714455905441,impostor
calibration,0,-84.43900869891569,impostor
calibration,0,-75.2021978203254,impostor
calibration,0,-57.26664461064923,impostor
calibration,0,-48.871415942399594,impostor
calibration,0,-45.24681222012534,impostor
calibration,0,-38.23680205786462,impostor
calibration,0,-33.39866976149431,impostor
calibration,0,-145.94009396172518,impostor
calibration,0,-102.0468533305856,impostor
calibration,0,-123.70109874809089,impostor
calibration,0,-77.68059188422303,impostor
calibration,0,-55.9657851502147,impostor
calibration,0,-62.58241545997625,impostor
calibration,0,-41.43252710131109,impostor
calibration,0,-28.745102713276836,impostor
calibration,0,-28.19825465624699,impostor
calibration,0,-24.93687779410015,impostor
calibration,0,-146.06789957132767,impostor
calibration,0,-121.4658664137668,impostor
calibration,0,-101.66282866489983,impostor
calibration,0,-100.94642630070543,impostor
calibration,0,-126.27054039567784,impostor
calibration,0,-98.4459692436857,impostor
calibration,0,-76.92737944833637,impostor
calibration,0,-75.2364496851075,impostor
calibration,0,-43.777760595003976,impostor
calibration,0,-67.16606099868399,impostor
calibration,0,-33.88101969006429,impostor
calibration,0,-62.483152219722705,impostor
calibration,0,-54.53478420682215,impostor
calibration,0,-61.4951965085908,impostor
calibration,0,-42.6397760924551,impostor
calibration,0,-35.25269160338451,impostor
calibration,0,-32.21618627297156,impostor
calibration,0,-46.35316204028038,impostor
calibration,0,-23.913235956234264,impostor
calibration,0,-25.533379675058818,impostor
calibration,0,-46.15523235439185,impostor
calibration,0,-67.76911198895571,impostor
calibration,0,-79.21572827038416,impostor
calibration,0,-65.32124717814672,impostor
calibration,0,-45.603778268974814,impostor
calibration,0,-58.11544932649207,impostor
calibration,0,-48.10993235454135,impostor
calibration,0,-49.38180227498941,impostor
calibration,0,-39.965648709128025,impostor
calibration,0,-41.81594025107921,impostor
calibration,0,-35.350473541115534,impostor
calibration,0,-44.21581337929532,impostor
calibration,0,-34.74441892230777,impostor
calibration,0,-31.99667652228545,impostor
calibration,0,-44.42301024921071,impostor
calibration,0,-57.26492692719407,impostor
calibration,0,-33.462327648416384,impostor
calibration,0,-39.675613166466896,impostor
calibration,0,-37.133312851276784,impostor
calibration,0,-50.7954733301205,impostor
calibration,0,-45.97914568105681,impostor
calibration,0,-44.032790549191944,impostor
calibration,0,-53.10234314886476,impostor
calibration,0,-66.94551656904308,impostor
calibration,0,-53.359985029929234,impostor
calibration,0,-71.60867668067084,impostor
calibration,0,-75.5028127482871,impostor
calibration,0,-58.78972915670824,impostor
calibration,0,-60.566733842787215,impostor
calibration,0,-46.92138380065534,impostor
calibration,0,-134.31981942228285,impostor
calibration,0,-117.63778206300285,impostor
calibration,0,-153.47804402735818,impostor
calibration,0,-49.128742188279276,impostor
calibration,0,-102.32533335815799,impostor
calibration,0,-83.68499379412602,impostor
calibration,0,-65.39852141436275,impostor
calibration,0,-97.40619901306034,impostor
calibration,0,-66.61511815447689,impostor
calibration,0,-36.920323071068935,impostor
calibration,0,-27.440078530986803,impostor
calibration,0,-38.89605598696066,impostor
calibration,0,-29.32688512591063,impostor
calibration,0,-32.42183161963529,impostor
calibration,0,-29.859477345948353,impostor
calibration,0,-217.33099260993663,impostor
calibration,0,-50.79207096465308,impostor
calibration,0,-30.111368033361483,impostor
calibration,0,-86.9965616416856,impostor
calibration,0,-38.41992255183848,impostor
calibration,0,-179.42895306568658,impostor
calibration,0,-53.71484261938914,impostor
calibration,0,-53.323570880647026,impostor
calibration,0,-41.87817895422279,impostor
calibration,0,-46.15913639834494,impostor
calibration,0,-77.06285315064888,impostor
calibration,0,-49.79380611956852,impostor
calibration,0,-56.583276298051594,impostor
calibration,0,-53.34811679245684,impostor
calibration,0,-45.35386847461529,impostor
calibration,0,-73.44366550715861,impostor
calibration,0,-89.90799973827761,impostor
calibration,0,-60.064047496538144,impostor
calibration,0,-79.7135005404346,impostor
calibration,0,-54.81859157163242,impostor
calibration,0,-47.921686424933206,impostor
calibration,0,-56.97810357258348,impostor
calibration,0,-26.45122237621359,impostor
calibration,0,-84.63268454763889,impostor
calibration,0,-34.89800214294542,impostor
calibration,0,-42.84159054432819,impostor
calibration,0,-45.65946742238695,impostor
calibration,0,-46.458943363335834,impostor
calibration,0,-47.78600383972533,impostor
calibration,0,-49.237371948890186,impostor
calibration,0,-35.82320129695913,impostor
calibration,0,-33.14245247690669,impostor
calibration,0,-33.40637818106642,impostor
calibration,0,-29.40917279318014,impostor
calibration,0,-37.48305299327346,impostor
calibration,0,-32.72689045834392,impostor
calibration,0,-32.633398987097564,impostor
calibration,0,-48.27902471281779,impostor
calibration,0,-31.81908300004838,impostor
calibration,0,-33.78803079553873,impostor
calibration,0,-79.9475919165304,impostor
calibration,0,-64.01728790917386,impostor
calibration,0,-45.12204715233036,impostor
calibration,0,-53.36681152394024,impostor
calibration,0,-51.971067277890135,impostor
calibration,0,-101.60973746290935,impostor
calibration,0,-159.44947549569238,impostor
calibration,0,-78.10998869270317,impostor
calibration,0,-67.59806448772191,impostor
calibration,0,-58.20885123008168,impostor
calibration,0,-147.3755172266395,impostor
calibration,0,-84.9219778293685,impostor
calibration,0,-101.78547973472757,impostor
calibration,0,-90.57232356616731,impostor
calibration,0,-92.18213075421903,impostor
calibration,0,-136.45213524940218,impostor
calibration,0,-34.170410390216446,impostor
calibration,0,-60.64708573612171,impostor
calibration,0,-40.0155147905139,impostor
calibration,0,-51.83467015619671,impostor
calibration,0,-82.7021950908692,impostor
calibration,0,-105.58261896401996,impostor
calibration,0,-77.46696726070549,impostor
calibration,0,-96.75912462946022,impostor
calibration,0,-84.1367387722221,impostor
calibration,0,-47.3570353645092,impostor
calibration,0,-39.39508996739649,impostor
calibration,0,-43.11066886518602,impostor
calibration,0,-46.06625145100319,impostor
calibration,0,-38.26163066554827,impostor
calibration,0,-30.708980662316932,impostor
calibration,0,-42.345994111782645,impostor
calibration,0,-36.19127640384703,impostor
calibration,0,-31.18759260443448,impostor
calibration,0,-34.94811116078423,impostor
calibration,0,-56.810532377940326,impostor
calibration,0,-45.249034901485444,impostor
calibration,0,-55.988616538860974,impostor
calibration,0,-29.51848304293636,impostor
calibration,0,-27.5388094640824,impostor
calibration,0,-80.32408811452257,impostor
calibration,0,-67.67436493218777,impostor
calibration,0,-40.85549453582471,impostor
calibration,0,-27.552595666321203,impostor
calibration,0,-26.012628644023557,impostor
calibration,0,-127.8932490259697,impostor
calibration,0,-93.95308797414555,impostor
calibration,0,-181.66321235371157,impostor
calibration,0,-103.58088353465237,impostor
calibration,0,-80.11144790533379,impostor
calibration,0,-35.118713395456446,impostor
calibration,0,-33.825318489689955,impostor
calibration,0,-31.50779751405839,impostor
calibration,0,-40.83133860232113,impostor
calibration,0,-38.89316693357559,impostor
calibration,0,-87.0404210689879,impostor
calibration,0,-46.3931178268164,impostor
calibration,0,-33.65187227385897,impostor
calibration,0,-27.266321811004516,impostor
calibration,0,-35.028668374272925,impostor
calibration,0,-119.70330725105185,impostor
calibration,0,-76.61558932516807,impostor
calibration,0,-79.1232771350965,impostor
calibration,0,-89.23289450739213,impostor
calibration,0,-51.28371150688756,impostor
calibration,0,-43.898909854071526,impostor
calibration,0,-76.86704602344474,impostor
calibration,0,-35.10197317790726,impostor
calibration,0,-41.83797731589903,impostor
calibration,0,-31.122459016515695,impostor
calibration,0,-38.966697620352676,impostor
calibration,0,-33.37100087761891,impostor
calibration,0,-31.93661967847696,impostor
calibration,0,-36.95443643899523,impostor
calibration,0,-58.965792510800924,impostor
calibration,0,-37.39044221552757,impostor
calibration,0,-36.74410866497888,impostor
calibration,0,-33.3300563247924,impostor
calibration,0,-29.620883863813578,impostor
calibration,0,-37.33616235756282,impostor
calibration,0,-57.80455630412945,impostor
calibration,0,-40.49676806332297,impostor
calibration,0,-41.23963155926175,impostor
calibration,0,-42.56819864077624,impostor
calibration,0,-31.412122310453206,impostor
calibration,1,-32.927803855676686,genuine
calibration,1,-27.515884239099286,genuine
calibration,1,-32.32348975267257,genuine
calibration,1,-27.029723525264394,genuine
calibration,1,-27.462976246701373,genuine
calibration,1,-27.020418609533063,genuine
calibration,1,-28.559639447611517,genuine
calibration,1,-24.337769598136255,genuine
calibration,1,-26.519647359177792,genuine
calibration,1,-26.785682674128143,genuine
calibration,1,-28.35388856936998,genuine
calibration,1,-25.4367036672515,genuine
calibration,1,-44.412301619293444,genuine
calibration,1,-44.60649278691696,genuine
calibration,1,-34.90829408085434,genuine
calibration,1,-34.50629435443959,genuine
calibration,1,-24.024292519007275,genuine
calibration,1,-22.022703327838336,genuine
calibration,1,-26.589226567361955,genuine
calibration,1,-73.33167924884813,genuine
calibration,1,-34.227677872536425,genuine
calibration,1,-30.80929359513605,genuine
calibration,1,-39.04513152197488,genuine
calibration,1,-37.273502126681876,genuine
calibration,1,-38.145914842280334,genuine
calibration,1,-37.118969210191594,genuine
calibration,1,-32.56681400441677,genuine
calibration,1,-34.41800828789097,genuine
calibration,1,-39.89209059653027,genuine
calibration,1,-32.389693664425785,genuine
calibration,1,-36.70476221292728,genuine
calibration,1,-32.920355758448096,genuine
calibration,1,-36.71053382010766,genuine
calibration,1,-33.32271327845799,genuine
calibration,1,-31.00681077333796,genuine
calibration,1,-42.068728661837866,genuine
calibration,1,-44.47208119801848,genuine
calibration,1,-43.003022670819455,genuine
calibration,1,-36.525147387900326,genuine
calibration,1,-26.53793383226143,genuine
calibration,1,-27.304944743279712,genuine
calibration,1,-41.49654261032462,genuine
calibration,1,-30.233255804068648,genuine
calibration,1,-34.478049648105376,genuine
calibration,1,-35.08545490784884,genuine
calibration,1,-38.734312368195695,genuine
calibration,1,-33.66613778882886,genuine
calibration,1,-36.88391206736827,genuine
calibration,1,-33.582343199465214,genuine
calibration,1,-40.60633204636086,genuine
calibration,1,-23.606683224842815,genuine
calibration,1,-33.270582871348225,genuine
calibration,1,-33.17203862022823,genuine
calibration,1,-31.606931936910136,genuine
calibration,1,-30.49915088984882,genuine
calibration,1,-30.247230071427218,genuine
calibration,1,-27.482832810684663,genuine
calibration,1,-37.91989226292357,genuine
calibration,1,-29.56781454247049,genuine
calibration,1,-30.823744774992694,genuine
calibration,1,-28.44814842399548,genuine
calibration,1,-32.25425026374935,genuine
calibration,1,-35.81221401811804,genuine
calibration,1,-34.09127993046796,genuine
calibration,1,-28.65688588490246,genuine
calibration,1,-37.51774143211019,genuine
calibration,1,-38.821524004528214,genuine
calibration,1,-33.13434816717332,genuine
calibration,1,-26.502796365487917,genuine
calibration,1,-128.04952752185582,genuine
calibration,1,-29.47650770821359,genuine
calibration,1,-32.70588394143816,genuine
calibration,1,-36.33116288034772,genuine
calibration,1,-27.27532077500541,genuine
calibration,1,-37.91201840986826,genuine
calibration,1,-33.49049323607601,genuine
calibration,1,-32.885959168491034,genuine
calibration,1,-41.19480554370863,genuine
calibration,1,-43.54245278924679,genuine
calibration,1,-40.90281035314022,genuine
calibration,1,-30.412841555969024,genuine
calibration,1,-36.490916630695885,genuine
calibration,1,-34.273052526824785,genuine
calibration,1,-34.225712469545584,genuine
calibration,1,-36.22093558976698,genuine
calibration,1,-39.84266340823891,genuine
calibration,1,-37.20408353371309,genuine
calibration,1,-31.62356594772212,genuine
calibration,1,-37.0428012032599,genuine
calibration,1,-49.42576843340554,genuine
calibration,1,-31.063374906865707,genuine
calibration,1,-38.73901630464051,genuine
calibration,1,-35.72167501820079,genuine
calibration,1,-32.448817701978534,genuine
calibration,1,-45.29185480099974,genuine
calibration,1,-30.160048090548187,genuine
calibration,1,-31.531210770726844,genuine
calibration,1,-29.622831530430254,genuine
calibration,1,-25.81028411701324,genuine
calibration,1,-35.78366204016989,genuine
calibration,1,-26.57057396385997,genuine
calibration,1,-28.224422391374404,genuine
calibration,1,-34.791280092212496,genuine
calibration,1,-31.890911506699084,genuine
calibration,1,-30.75710232900861,genuine
calibration,1,-30.43762663207305,genuine
calibration,1,-35.144614157085286,genuine
calibration,1,-35.81777836120086,genuine
calibration,1,-41.685135433910986,genuine
calibration,1,-42.30475825117288,genuine
calibration,1,-37.87882336729553,genuine
calibration,1,-68.75608131582099,genuine
calibration,1,-31.590838098448998,genuine
calibration,1,-69.90221902007013,genuine
calibration,1,-81.06781918618933,genuine
calibration,1,-43.48990076466732,genuine
calibration,1,-41.57540625536911,genuine
calibration,1,-35.343632049249436,genuine
calibration,1,-39.19093155098486,genuine
calibration,1,-67.93678899358899,genuine
calibration,1,-42.47098409297383,genuine
calibration,1,-40.16366777372684,genuine
calibration,1,-48.75996274537962,genuine
calibration,1,-38.280812066773116,genuine
calibration,1,-55.92244765050296,genuine
calibration,1,-43.570269601904634,genuine
calibration,1,-48.40304878264593,genuine
calibration,1,-52.69034502771228,genuine
calibration,1,-36.09096556886068,genuine
calibration,1,-42.013007096852434,genuine
calibration,1,-37.38517578359071,genuine
calibration,1,-45.35608115630826,genuine
calibration,1,-42.55928955106187,genuine
calibration,1,-35.64862675497722,genuine
calibration,1,-38.62001406669672,genuine
calibration,1,-42.5340394603334,genuine
calibration,1,-39.08657459543192,genuine
calibration,1,-38.199700244386136,genuine
calibration,1,-37.03924610396906,genuine
calibration,1,-71.17900257964114,genuine
calibration,1,-67.93048454575418,genuine
calibration,1,-43.93405137744645,genuine
calibration,1,-77.82885804125621,genuine
calibration,1,-44.20124216283973,genuine
calibration,1,-47.13554082082844,genuine
calibration,1,-37.642668199737386,genuine
calibration,1,-43.18541134786185,genuine
calibration,1,-36.54222302938956,genuine
calibration,1,-45.08493898985552,genuine
calibration,1,-37.74395876980407,genuine
calibration,1,-35.88883902324592,genuine
calibration,1,-28.46986926765849,genuine
calibration,1,-32.96841903257072,genuine
calibration,1,-31.720175388840488,genuine
calibration,1,-33.366208782604645,genuine
calibration,1,-34.29006851051878,genuine
calibration,1,-41.07453740735876,genuine
calibration,1,-44.42957649426568,genuine
calibration,1,-39.99299658103268,genuine
calibration,1,-47.31262324172613,genuine
calibration,1,-50.306765659474095,genuine
calibration,1,-40.78636083609831,genuine
calibration,1,-69.60933134789288,genuine
calibration,1,-61.23679684494316,genuine
calibration,1,-40.52999262143536,genuine
calibration,1,-44.25507508320695,genuine
calibration,1,-33.743424871738206,genuine
calibration,1,-44.53933771197162,genuine
calibration,1,-37.99476132493071,genuine
calibration,1,-61.87230053096893,genuine
calibration,1,-38.72434851725504,genuine
calibration,1,-42.348165629367095,genuine
calibration,1,-39.540808928239294,genuine
calibration,1,-32.203016124465684,genuine
calibration,1,-34.2690194667474,genuine
calibration,1,-37.50327809103656,genuine
calibration,1,-37.24956264631336,genuine
calibration,1,-32.87089678696506,genuine
calibration,1,-37.61083873272904,genuine
calibration,1,-33.81770333611976,genuine
calibration,1,-40.04266743778306,genuine
calibration,1,-35.07208107700421,genuine
calibration,1,-38.60932204280255,genuine
calibration,1,-34.42265156951959,genuine
calibration,1,-40.14582507215859,genuine
calibration,1,-39.9666371350247,genuine
calibration,1,-35.67416557859278,genuine
calibration,1,-36.55714128082924,genuine
calibration,1,-61.5766911749179,genuine
calibration,1,-41.54007237368706,genuine
calibration,1,-42.841450807503925,genuine
calibration,1,-43.84438313452106,genuine
calibration,1,-31.801258185131157,genuine
calibration,1,-28.957255669526386,genuine
calibration,1,-45.769428810996175,genuine
calibration,1,-36.88713938305192,genuine
calibration,1,-33.9756633189667,genuine
calibration,1,-31.823679403320533,genuine
calibration,1,-37.918059283737435,genuine
calibration,1,-29.618922572369435,genuine
calibration,0,-25.404622914382937,impostor
calibration,0,-44.254945999877926,impostor
calibration,0,-38.26909999654763,impostor
calibration,0,-36.85647739855776,impostor
calibration,0,-34.10428490522094,impostor
calibration,0,-79.93589584080493,impostor
calibration,0,-88.69634786751912,impostor
calibration,0,-58.86952361743062,impostor
calibration,0,-66.50013387425751,impostor
calibration,0,-69.84430540681844,impostor
calibration,0,-138.3763464692438,impostor
calibration,0,-88.79053073798693,impostor
calibration,0,-90.40523162156629,impostor
calibration,0,-123.41023446466315,impostor
calibration,0,-82.35828986261821,impostor
calibration,0,-41.209476228511306,impostor
calibration,0,-29.513208392645343,impostor
calibration,0,-50.760009555859526,impostor
calibration,0,-43.36424426517372,impostor
calibration,0,-29.42865065209584,impostor
calibration,0,-68.08006649182683,impostor
calibration,0,-76.0524213476925,impostor
calibration,0,-76.23729328265986,impostor
calibration,0,-39.12963360044227,impostor
calibration,0,-45.338958102049034,impostor
calibration,0,-33.61742075783951,impostor
calibration,0,-36.663303859500544,impostor
calibration,0,-49.77673320224124,impostor
calibration,0,-38.14308796962272,impostor
calibration,0,-36.06973000068402,impostor
calibration,0,-155.49317710670937,impostor
calibration,0,-185.25878515900087,impostor
calibration,0,-153.13325668237692,impostor
calibration,0,-162.89038587245386,impostor
calibration,0,-129.41268987010042,impostor
calibration,0,-228.81962726786904,impostor
calibration,0,-178.765028349616,impostor
calibration,0,-195.14810363349133,impostor
calibration,0,-92.9470673407791,impostor
calibration,0,-170.05940065731772,impostor
calibration,0,-33.55060973899473,impostor
calibration,0,-33.0133688630397,impostor
calibration,0,-35.236340083969004,impostor
calibration,0,-27.446991935414253,impostor
calibration,0,-26.12639247285221,impostor
calibration,0,-49.03699031658859,impostor
calibration,0,-44.31048019094919,impostor
calibration,0,-45.72981997281336,impostor
calibration,0,-33.799500435969506,impostor
calibration,0,-33.61322647628191,impostor
calibration,0,-161.67043972657217,impostor
calibration,0,-74.04476872994063,impostor
calibration,0,-101.03667659848566,impostor
calibration,0,-60.02928500830635,impostor
calibration,0,-36.268389982972614,impostor
calibration,0,-43.30208101766561,impostor
calibration,0,-36.63503809342693,impostor
calibration,0,-35.42925117964212,impostor
calibration,0,-34.63263683387398,impostor
calibration,0,-27.327793419231238,impostor
calibration,0,-86.94830690343099,impostor
calibration,0,-76.03850495338801,impostor
calibration,0,-65.32554421548173,impostor
calibration,0,-71.67970490376565,impostor
calibration,0,-80.47500574362456,impostor
calibration,0,-59.7593526315893,impostor
calibration,0,-51.567937457542506,impostor
calibration,0,-47.43940291524828,impostor
calibration,0,-38.19537748316476,impostor
calibration,0,-61.858487476442754,impostor
calibration,0,-31.004473420215692,impostor
calibration,0,-44.922921253651594,impostor
calibration,0,-39.713451593798816,impostor
calibration,0,-54.22722377584036,impostor
calibration,0,-35.75954623243232,impostor
calibration,0,-38.732191698151645,impostor
calibration,0,-40.14483012378934,impostor
calibration,0,-46.38242150484406,impostor
calibration,0,-26.983184829240333,impostor
calibration,0,-31.51151362993983,impostor
calibration,0,-56.70934100621155,impostor
calibration,0,-70.57167361338195,impostor
calibration,0,-87.5494952492279,impostor
calibration,0,-71.14684088650033,impostor
calibration,0,-49.924648511807156,impostor
calibration,0,-65.56217485538652,impostor
calibration,0,-41.44994015295126,impostor
calibration,0,-47.01900195036561,impostor
calibration,0,-43.71097689179352,impostor
calibration,0,-42.14535473612478,impostor
calibration,0,-43.87792460332044,impostor
calibration,0,-42.098461829756076,impostor
calibration,0,-38.30987869490864,impostor
calibration,0,-41.4508592806336,impostor
calibration,0,-44.07775566936439,impostor
calibration,0,-49.92206604477713,impostor
calibration,0,-39.11624997999563,impostor
calibration,0,-42.21344378602104,impostor
calibration,0,-39.52302749095801,impostor
calibration,0,-45.32474365091456,impostor
calibration,0,-36.70894200525013,impostor
calibration,0,-34.516416578940486,impostor
calibration,0,-55.09839259627274,impostor
calibration,0,-65.88063981534307,impostor
calibration,0,-61.162550252446394,impostor
calibration,0,-66.21869544585101,impostor
calibration,0,-73.57830241655405,impostor
calibration,0,-65.34905551138701,impostor
calibration,0,-58.19787709769255,impostor
calibration,0,-53.195848908761015,impostor
calibration,0,-83.04685874760038,impostor
calibration,0,-99.15119738461973,impostor
calibration,0,-107.15155800002039,impostor
calibration,0,-45.87931422147315,impostor
calibration,0,-76.2615749231172,impostor
calibration,0,-65.79820984019604,impostor
calibration,0,-50.28075012970782,impostor
calibration,0,-76.73092974243298,impostor
calibration,0,-51.49737841362895,impostor
calibration,0,-32.779146713840504,impostor
calibration,0,-31.49863580864072,impostor
calibration,0,-39.397547458182316,impostor
calibration,0,-36.382050059681234,impostor
calibration,0,-36.906772263467595,impostor
calibration,0,-34.75324800295854,impostor
calibration,0,-145.19268587674864,impostor
calibration,0,-44.220149608748684,impostor
calibration,0,-28.509034303122395,impostor
calibration,0,-55.78283027925975,impostor
calibration,0,-33.5674540143008,impostor
calibration,0,-125.02430066930744,impostor
calibration,0,-57.53317334178809,impostor
calibration,0,-48.16795488220476,impostor
calibration,0,-43.49059297158434,impostor
calibration,0,-49.53826159913604,impostor
calibration,0,-60.46936035330534,impostor
calibration,0,-48.608242447349724,impostor
calibration,0,-48.58934832732807,impostor
calibration,0,-50.27486803253286,impostor
calibration,0,-40.15041212211952,impostor
calibration,0,-68.4423491257652,impostor
calibration,0,-59.06806533086939,impostor
calibration,0,-58.344077543489554,impostor
calibration,0,-84.7979171408542,impostor
calibration,0,-37.84323665562519,impostor
calibration,0,-37.16632990583235,impostor
calibration,0,-50.67451607087947,impostor
calibration,0,-32.971058975143094,impostor
calibration,0,-56.493157066271124,impostor
calibration,0,-38.7394233510554,impostor
calibration,0,-42.00303388718479,impostor
calibration,0,-53.19005871570117,impostor
calibration,0,-51.899152052986686,impostor
calibration,0,-52.213687236017826,impostor
calibration,0,-53.5166321221816,impostor
calibration,0,-35.97678389379198,impostor
calibration,0,-33.92304718862322,impostor
calibration,0,-39.55167435466027,impostor
calibration,0,-39.43996979973282,impostor
calibration,0,-34.5136713831957,impostor
calibration,0,-34.419558035290635,impostor
calibration,0,-25.08489877151491,impostor
calibration,0,-36.11343641223308,impostor
calibration,0,-31.661571596747883,impostor
calibration,0,-26.7979133354551,impostor
calibration,0,-70.85132935802423,impostor
calibration,0,-64.1502333333025,impostor
calibration,0,-58.519649981605,impostor
calibration,0,-46.24706140295698,impostor
calibration,0,-67.85931449812468,impostor
calibration,0,-70.89250906209433,impostor
calibration,0,-126.3310363492885,impostor
calibration,0,-59.51674296399157,impostor
calibration,0,-51.326636959604535,impostor
calibration,0,-49.17614481576944,impostor
calibration,0,-105.44132685719528,impostor
calibration,0,-79.72350266452558,impostor
calibration,0,-96.32155008328232,impostor
calibration,0,-68.77276902112497,impostor
calibration,0,-84.30215267402814,impostor
calibration,0,-104.48236544860043,impostor
calibration,0,-33.78748443580442,impostor
calibration,0,-49.561546544828985,impostor
calibration,0,-36.61945190384202,impostor
calibration,0,-42.53599440250108,impostor
calibration,0,-71.02111140491567,impostor
calibration,0,-91.67399627083442,impostor
calibration,0,-65.09142197858829,impostor
calibration,0,-80.80310795766614,impostor
calibration,0,-77.42075196285246,impostor
calibration,0,-41.174825859616185,impostor
calibration,0,-43.030620970877344,impostor
calibration,0,-41.13959876956491,impostor
calibration,0,-48.838564687082275,impostor
calibration,0,-43.21509495450905,impostor
calibration,0,-39.632104151913694,impostor
calibration,0,-36.32630730179156,impostor
calibration,0,-36.922793954792766,impostor
calibration,0,-34.203247948420454,impostor
calibration,0,-44.76877274180927,impostor
calibration,0,-41.772207245140585,impostor
calibration,0,-33.386823846651346,impostor
calibration,0,-56.99961789299038,impostor
calibration,0,-30.48721089920644,impostor
calibration,0,-34.77302150848033,impostor
calibration,0,-76.52002353872902,impostor
calibration,0,-65.64843777847084,impostor
calibration,0,-43.05660846937483,impostor
calibration,0,-34.84661820364798,impostor
calibration,0,-47.484275543404124,impostor
calibration,0,-105.8424734586615,impostor
calibration,0,-89.50451537206389,impostor
calibration,0,-127.19300554401268,impostor
calibration,0,-96.66502479948262,impostor
calibration,0,-63.88213937848485,impostor
calibration,0,-44.27713323264064,impostor
calibration,0,-36.053024329201655,impostor
calibration,0,-39.17864027856081,impostor
calibration,0,-46.14298875303517,impostor
calibration,0,-48.585820942162755,impostor
calibration,0,-95.28047161824284,impostor
calibration,0,-39.273935543756856,impostor
calibration,0,-36.913031042169884,impostor
calibration,0,-35.26691250377251,impostor
calibration,0,-38.17768312921661,impostor
calibration,0,-98.77170124003129,impostor
calibration,0,-55.719745166116596,impostor
calibration,0,-67.23005333042323,impostor
calibration,0,-74.04029195381558,impostor
calibration,0,-43.585473101834715,impostor
calibration,0,-36.851813161858495,impostor
calibration,0,-47.58516721307345,impostor
calibration,0,-25.967817927590023,impostor
calibration,0,-35.729524731207306,impostor
calibration,0,-23.732757923865115,impostor
calibration,0,-40.606209357207284,impostor
calibration,0,-44.3011457732476,impostor
calibration,0,-39.84493000464034,impostor
calibration,0,-38.58950698863718,impostor
calibration,0,-50.90607502758888,impostor
calibration,0,-38.335287229106385,impostor
calibration,0,-41.059103302302184,impostor
calibration,0,-36.27531062875378,impostor
calibration,0,-38.778387999559044,impostor
calibration,0,-44.46435011168787,impostor
calibration,0,-48.355092523330924,impostor
calibration,0,-31.58023805722737,impostor
calibration,0,-28.081096958810114,impostor
calibration,0,-32.89944430956611,impostor
calibration,0,-28.873864106034763,impostor
calibration,1,-29.806622090890087,genuine
calibration,1,-30.177515470219564,genuine
calibration,1,-36.10453084670888,genuine
calibration,1,-33.834833926708406,genuine
calibration,1,-30.111076128382383,genuine
calibration,1,-33.52114965833381,genuine
calibration,1,-30.023552031502028,genuine
calibration,1,-28.541025459335188,genuine
calibration,1,-33.53072256716855,genuine
calibration,1,-37.361192728706165,genuine
calibration,1,-31.645695729162444,genuine
calibration,1,-37.66225699429542,genuine
calibration,1,-40.78020889452645,genuine
calibration,1,-35.467265426230824,genuine
calibration,1,-42.568888628176865,genuine
calibration,1,-45.677602441633816,genuine
calibration,1,-30.22816253661441,genuine
calibration,1,-34.9780314555988,genuine
calibration,1,-40.17234603736043,genuine
calibration,1,-44.83794952043838,genuine
calibration,1,-45.02992492343453,genuine
calibration,1,-44.438303501394806,genuine
calibration,1,-41.590717007821894,genuine
calibration,1,-48.99317852773822,genuine
calibration,1,-45.19092154153058,genuine
calibration,1,-48.33823970526709,genuine
calibration,1,-44.32991401738719,genuine
calibration,1,-69.75270109080246,genuine
calibration,1,-64.31106179892109,genuine
calibration,1,-47.562324941033495,genuine
calibration,1,-60.23207154592081,genuine
calibration,1,-59.096245958952814,genuine
calibration,1,-41.55700757505034,genuine
calibration,1,-48.555601135340936,genuine
calibration,1,-38.1933841692294,genuine
calibration,1,-42.3829410255941,genuine
calibration,1,-39.51282674402587,genuine
calibration,1,-56.43168130758219,genuine
calibration,1,-45.3492308686149,genuine
calibration,1,-44.2705917092437,genuine
calibration,1,-51.008778706226835,genuine
calibration,1,-50.98769238606654,genuine
calibration,1,-49.27364738016442,genuine
calibration,1,-46.459574012885405,genuine
calibration,1,-46.34899097616319,genuine
calibration,1,-55.09255771264649,genuine
calibration,1,-50.86425349223908,genuine
calibration,1,-45.47618072183315,genuine
calibration,1,-61.52366347989135,genuine
calibration,1,-46.16369917366735,genuine
calibration,1,-40.77740622012116,genuine
calibration,1,-34.45274813711357,genuine
calibration,1,-30.36505005728732,genuine
calibration,1,-33.66751707996371,genuine
calibration,1,-42.283669213192745,genuine
calibration,1,-49.88491837874483,genuine
calibration,1,-37.59894087922706,genuine
calibration,1,-44.259966431265944,genuine
calibration,1,-44.59581493041265,genuine
calibration,1,-42.01047947649917,genuine
calibration,1,-33.614761587040434,genuine
calibration,1,-38.975316843385656,genuine
calibration,1,-54.61919183738233,genuine
calibration,1,-38.61556072714018,genuine
calibration,1,-54.36291390432325,genuine
calibration,1,-46.68248893306238,genuine
calibration,1,-44.005903262858595,genuine
calibration,1,-38.435427437070345,genuine
calibration,1,-52.749934685934946,genuine
calibration,1,-37.208502427258665,genuine
calibration,1,-51.197362079641714,genuine
calibration,1,-43.30238730724031,genuine
calibration,1,-51.13526743713556,genuine
calibration,1,-35.91218274875272,genuine
calibration,1,-38.83327836411013,genuine
calibration,1,-48.45967128464301,genuine
calibration,1,-42.20774791581308,genuine
calibration,1,-41.77186543229127,genuine
calibration,1,-51.148833631202216,genuine
calibration,1,-52.98203634837131,genuine
calibration,1,-51.810646682936095,genuine
calibration,1,-49.15772979661743,genuine
calibration,1,-39.7601911056729,genuine
calibration,1,-34.88496351903502,genuine
calibration,1,-54.36804173884965,genuine
calibration,1,-45.73492758694959,genuine
calibration,1,-39.546588140235436,genuine
calibration,1,-46.516448834835906,genuine
calibration,1,-43.49708021204212,genuine
calibration,1,-36.06970463395276,genuine
calibration,1,-48.23637651507332,genuine
calibration,1,-56.133658808020925,genuine
calibration,1,-51.16835425240679,genuine
calibration,1,-46.488305175372425,genuine
calibration,1,-27.986465385163708,genuine
calibration,1,-43.03392480425799,genuine
calibration,1,-54.17314835528251,genuine
calibration,1,-51.40672242160971,genuine
calibration,1,-45.64645103589643,genuine
calibration,1,-47.32188167996016,genuine
calibration,1,-32.38279766317549,genuine
calibration,1,-36.00961022616141,genuine
calibration,1,-36.68787652615429,genuine
calibration,1,-30.893014956260952,genuine
calibration,1,-37.558979997284894,genuine
calibration,1,-36.11195499223746,genuine
calibration,1,-38.01068648428827,genuine
calibration,1,-42.49902637041475,genuine
calibration,1,-30.09326352968713,genuine
calibration,1,-40.917688744991295,genuine
calibration,1,-37.68756024322149,genuine
calibration,1,-37.62281039360018,genuine
calibration,1,-39.33105344682335,genuine
calibration,1,-43.24413376580905,genuine
calibration,1,-46.07470460849777,genuine
calibration,1,-45.37832736701405,genuine
calibration,1,-39.81266006273271,genuine
calibration,1,-44.38249710002545,genuine
calibration,1,-43.72198701208412,genuine
calibration,1,-47.7189176622875,genuine
calibration,1,-43.96975445701548,genuine
calibration,1,-43.28317653210906,genuine
calibration,1,-47.69660045291202,genuine
calibration,1,-45.91620803144114,genuine
calibration,1,-64.1324477836336,genuine
calibration,1,-41.71871397368188,genuine
calibration,1,-43.26933369664519,genuine
calibration,1,-42.10467391688084,genuine
calibration,1,-45.93809717847333,genuine
calibration,1,-51.1054926020394,genuine
calibration,1,-44.707431794178895,genuine
calibration,1,-41.55429544601837,genuine
calibration,1,-41.21742539520605,genuine
calibration,1,-30.46537945459773,genuine
calibration,1,-45.11656117323511,genuine
calibration,1,-50.301049458097324,genuine
calibration,1,-38.57894305899695,genuine
calibration,1,-43.85089717858822,genuine
calibration,1,-36.28432870254693,genuine
calibration,1,-41.599741528628385,genuine
calibration,1,-42.267611010095436,genuine
calibration,1,-37.45144144389796,genuine
calibration,1,-27.727465732718127,genuine
calibration,1,-45.20900753521004,genuine
calibration,1,-50.512156620096384,genuine
calibration,1,-45.97965269305509,genuine
calibration,1,-38.99287589988913,genuine
calibration,1,-65.93756070768042,genuine
calibration,1,-44.86593496160355,genuine
calibration,1,-94.38272888219868,genuine
calibration,1,-33.10323883282443,genuine
calibration,1,-37.38714173189039,genuine
calibration,1,-40.40652375975676,genuine
calibration,1,-32.29964829466805,genuine
calibration,1,-39.41694511327531,genuine
calibration,1,-41.58342575019839,genuine
calibration,1,-36.36709069514726,genuine
calibration,1,-34.09405848841472,genuine
calibration,1,-42.191900031528206,genuine
calibration,1,-34.02852841694871,genuine
calibration,1,-37.801014205199046,genuine
calibration,1,-34.615251966890305,genuine
calibration,1,-33.884051541719856,genuine
calibration,1,-38.242790918018585,genuine
calibration,1,-34.958929998312,genuine
calibration,1,-32.35313851671019,genuine
calibration,1,-37.237049478119815,genuine
calibration,1,-41.251946200687094,genuine
calibration,1,-32.97634608315848,genuine
calibration,1,-46.53870212568583,genuine
calibration,1,-47.845370894356016,genuine
calibration,1,-38.00244847572832,genuine
calibration,1,-37.05467369050208,genuine
calibration,1,-48.96388263715905,genuine
calibration,1,-48.675620090521605,genuine
calibration,1,-47.00143838110996,genuine
calibration,1,-42.37321068305742,genuine
calibration,1,-42.598837995159464,genuine
calibration,1,-40.24862952408637,genuine
calibration,1,-46.098547267381555,genuine
calibration,1,-39.070931640499644,genuine
calibration,1,-48.38113504637512,genuine
calibration,1,-59.49892728652041,genuine
calibration,1,-44.84813882524599,genuine
calibration,1,-42.72932286699378,genuine
calibration,1,-45.48037113376235,genuine
calibration,1,-40.132433287483934,genuine
calibration,1,-93.5853136449291,genuine
calibration,1,-43.2950522411823,genuine
calibration,1,-59.36327114985374,genuine
calibration,1,-53.887636992023396,genuine
calibration,1,-57.64929474573413,genuine
calibration,1,-48.53331949677573,genuine
calibration,1,-60.028388200976124,genuine
calibration,1,-52.59901079848263,genuine
calibration,1,-60.38830137179549,genuine
calibration,1,-48.31470932532632,genuine
calibration,1,-57.820185873624965,genuine
calibration,1,-50.10356847981013,genuine
calibration,1,-40.869753811539816,genuine
calibration,0,-73.17324687016911,impostor
calibration,0,-89.86456810365831,impostor
calibration,0,-113.182928683335,impostor
calibration,0,-62.663937438768,impostor
calibration,0,-57.52062008935477,impostor
calibration,0,-190.35574530201083,impostor
calibration,0,-185.69054925459574,impostor
calibration,0,-146.1582506621397,impostor
calibration,0,-176.72881811731813,impostor
calibration,0,-160.2254133997354,impostor
calibration,0,-310.4000614126603,impostor
calibration,0,-323.6371579568083,impostor
calibration,0,-273.7877894585082,impostor
calibration,0,-301.8825923583958,impostor
calibration,0,-243.3197305621991,impostor
calibration,0,-79.8601264851124,impostor
calibration,0,-60.88283895505165,impostor
calibration,0,-110.52884695217293,impostor
calibration,0,-82.36410567167107,impostor
calibration,0,-65.53261693942072,impostor
calibration,0,-144.67418579292251,impostor
calibration,0,-120.631935404366,impostor
calibration,0,-172.2522350442705,impostor
calibration,0,-56.99385546102593,impostor
calibration,0,-93.05968949084968,impostor
calibration,0,-53.576681640542894,impostor
calibration,0,-44.9051888226976,impostor
calibration,0,-73.558233988064,impostor
calibration,0,-38.17800186976166,impostor
calibration,0,-58.75843068177824,impostor
calibration,0,-411.1995415891112,impostor
calibration,0,-389.98181530558924,impostor
calibration,0,-409.23001696097884,impostor
calibration,0,-414.73524357683135,impostor
calibration,0,-332.0139037242382,impostor
calibration,0,-598.7998062031259,impostor
calibration,0,-430.0266050358388,impostor
calibration,0,-403.353369148651,impostor
calibration,0,-236.9799961661701,impostor
calibration,0,-413.0391125883138,impostor
calibration,0,-81.10743577308548,impostor
calibration,0,-77.88397120859214,impostor
calibration,0,-81.36005936832858,impostor
calibration,0,-73.80133734363508,impostor
calibration,0,-74.5935362912195,impostor
calibration,0,-520.5864837026969,impostor
calibration,0,-205.55545574789429,impostor
calibration,0,-208.3094109421991,impostor
calibration,0,-179.82826430352213,impostor
calibration,0,-153.2782743163266,impostor
calibration,0,-292.55309847056355,impostor
calibration,0,-217.0504129093909,impostor
calibration,0,-269.29596534193456,impostor
calibration,0,-171.92247684705782,impostor
calibration,0,-143.9351691732857,impostor
calibration,0,-119.24555927251042,impostor
calibration,0,-97.50878023745904,impostor
calibration,0,-70.5539946835458,impostor
calibration,0,-58.79055456202573,impostor
calibration,0,-47.584038000188976,impostor
calibration,0,-332.93511476438306,impostor
calibration,0,-320.74834284049825,impostor
calibration,0,-248.34850748058204,impostor
calibration,0,-225.51030737864858,impostor
calibration,0,-251.78255020163274,impostor
calibration,0,-162.99958036324963,impostor
calibration,0,-124.91401741784567,impostor
calibration,0,-130.009438337434,impostor
calibration,0,-73.0998007042867,impostor
calibration,0,-139.9398036382619,impostor
calibration,0,-84.56248108528807,impostor
calibration,0,-161.32826759339812,impostor
calibration,0,-129.74418194627583,impostor
calibration,0,-131.54202150912104,impostor
calibration,0,-83.06224129597278,impostor
calibration,0,-44.040679660986484,impostor
calibration,0,-56.70633547517455,impostor
calibration,0,-77.03506449154244,impostor
calibration,0,-35.104264912759675,impostor
calibration,0,-48.317145038094694,impostor
calibration,0,-68.09961573899827,impostor
calibration,0,-108.08082665697381,impostor
calibration,0,-136.0204347024377,impostor
calibration,0,-117.29699889039586,impostor
calibration,0,-75.99481816974354,impostor
calibration,0,-111.38685899033017,impostor
calibration,0,-95.89795340514162,impostor
calibration,0,-90.81838986060178,impostor
calibration,0,-72.32445594715314,impostor
calibration,0,-78.28274195411636,impostor
calibration,0,-53.15888917947214,impostor
calibration,0,-84.39712753096742,impostor
calibration,0,-54.337087810208224,impostor
calibration,0,-46.69170561859419,impostor
calibration,0,-72.75533668257806,impostor
calibration,0,-70.69756368258217,impostor
calibration,0,-51.32041407124843,impostor
calibration,0,-59.02141687481039,impostor
calibration,0,-49.62720548787869,impostor
calibration,0,-65.2174196027889,impostor
calibration,0,-89.13231288191312,impostor
calibration,0,-92.56272406743659,impostor
calibration,0,-82.7944396965362,impostor
calibration,0,-165.9892594013417,impostor
calibration,0,-96.8939313006078,impostor
calibration,0,-120.04154453529014,impostor
calibration,0,-143.41016556691918,impostor
calibration,0,-115.59845591094678,impostor
calibration,0,-92.23504282831091,impostor
calibration,0,-86.65832843751627,impostor
calibration,0,-293.0375580800502,impostor
calibration,0,-217.816180075322,impostor
calibration,0,-272.49123732114697,impostor
calibration,0,-109.04780470764014,impostor
calibration,0,-205.5890435566267,impostor
calibration,0,-182.06828084559643,impostor
calibration,0,-156.78278409548582,impostor
calibration,0,-159.55965471093972,impostor
calibration,0,-149.15458503748997,impostor
calibration,0,-83.55504854748878,impostor
calibration,0,-60.15923121734695,impostor
calibration,0,-46.85504332888873,impostor
calibration,0,-33.362542231144175,impostor
calibration,0,-30.5340794070744,impostor
calibration,0,-24.542443553673657,impostor
calibration,0,-640.6143948719282,impostor
calibration,0,-95.73774875945045,impostor
calibration,0,-79.00181285962994,impostor
calibration,0,-162.88093808564116,impostor
calibration,0,-75.93453537854411,impostor
calibration,0,-223.34425375844097,impostor
calibration,0,-78.80778960682534,impostor
calibration,0,-85.11337817613884,impostor
calibration,0,-59.333710809438664,impostor
calibration,0,-55.46053623332071,impostor
calibration,0,-157.73672152907346,impostor
calibration,0,-99.573846532196,impostor
calibration,0,-103.93310986683109,impostor
calibration,0,-122.73779170727168,impostor
calibration,0,-98.76973291513127,impostor
calibration,0,-166.37312397329805,impostor
calibration,0,-196.054191791548,impostor
calibration,0,-136.76694094782482,impostor
calibration,0,-173.79004073595394,impostor
calibration,0,-118.48253008853375,impostor
calibration,0,-101.757138346459,impostor
calibration,0,-95.66884707413287,impostor
calibration,0,-44.49683971096168,impostor
calibration,0,-123.21956379217639,impostor
calibration,0,-45.07159452812074,impostor
calibration,0,-67.01917881619639,impostor
calibration,0,-51.99674521544894,impostor
calibration,0,-50.9977321667949,impostor
calibration,0,-49.19883476612698,impostor
calibration,0,-64.32158418357744,impostor
calibration,0,-69.04646404919589,impostor
calibration,0,-65.18881767648227,impostor
calibration,0,-54.69344244594006,impostor
calibration,0,-55.01689980019837,impostor
calibration,0,-62.39041608125642,impostor
calibration,0,-63.541356806268354,impostor
calibration,0,-69.67424922941964,impostor
calibration,0,-84.60545045990493,impostor
calibration,0,-52.73814402025323,impostor
calibration,0,-59.316229594217916,impostor
calibration,0,-190.10769065788955,impostor
calibration,0,-114.49079191238324,impostor
calibration,0,-69.62277260679579,impostor
calibration,0,-88.05474972043098,impostor
calibration,0,-89.04602053932656,impostor
calibration,0,-171.10672612640585,impostor
calibration,0,-233.87101351407046,impostor
calibration,0,-106.89772930518437,impostor
calibration,0,-109.95512731050931,impostor
calibration,0,-86.58928037871549,impostor
calibration,0,-252.4893370586046,impostor
calibration,0,-155.26413197023592,impostor
calibration,0,-187.20372364749207,impostor
calibration,0,-172.65119938568955,impostor
calibration,0,-168.31305431174079,impostor
calibration,0,-231.24529890268394,impostor
calibration,0,-82.34804967606435,impostor
calibration,0,-116.3832915526191,impostor
calibration,0,-85.40499596388425,impostor
calibration,0,-128.16025236746773,impostor
calibration,0,-148.84802296475232,impostor
calibration,0,-161.9135531849069,impostor
calibration,0,-125.541559460088,impostor
calibration,0,-155.86631194037847,impostor
calibration,0,-151.15938328445114,impostor
calibration,0,-80.92967267905932,impostor
calibration,0,-38.231926785828506,impostor
calibration,0,-67.79425982163316,impostor
calibration,0,-68.07490127821286,impostor
calibration,0,-55.07137976337852,impostor
calibration,0,-56.863348391760674,impostor
calibration,0,-83.99354906657378,impostor
calibration,0,-62.33183926710174,impostor
calibration,0,-58.62104363669316,impostor
calibration,0,-44.982260005720995,impostor
calibration,0,-139.1156254835878,impostor
calibration,0,-107.60692150409523,impostor
calibration,0,-115.19133060483705,impostor
calibration,0,-80.92298230057939,impostor
calibration,0,-72.23182464713709,impostor
calibration,0,-137.89990121704724,impostor
calibration,0,-121.79846998342322,impostor
calibration,0,-66.22008724951294,impostor
calibration,0,-66.08395546701084,impostor
calibration,0,-58.109325056123296,impostor
calibration,0,-224.06266900820773,impostor
calibration,0,-158.25691016498484,impostor
calibration,0,-311.9189349952141,impostor
calibration,0,-182.81513000149477,impostor
calibration,0,-148.42371643192803,impostor
calibration,0,-47.24868673995936,impostor
calibration,0,-47.04224874584389,impostor
calibration,0,-38.064849015800604,impostor
calibration,0,-69.54095977876683,impostor
calibration,0,-49.50870237099275,impostor
calibration,0,-205.97089015859342,impostor
calibration,0,-137.5889466205206,impostor
calibration,0,-70.80093378532291,impostor
calibration,0,-54.61784730492274,impostor
calibration,0,-56.67527895062312,impostor
calibration,0,-245.51601892415982,impostor
calibration,0,-165.20814531089044,impostor
calibration,0,-177.22516512755564,impostor
calibration,0,-196.0953887341842,impostor
calibration,0,-132.9148799542762,impostor
calibration,0,-101.81747460478906,impostor
calibration,0,-178.48013929134478,impostor
calibration,0,-81.95383621710513,impostor
calibration,0,-99.47068003141683,impostor
calibration,0,-77.61965523728752,impostor
calibration,0,-71.82433728664066,impostor
calibration,0,-65.96751568544857,impostor
calibration,0,-54.03135885434942,impostor
calibration,0,-52.0861830380771,impostor
calibration,0,-78.25173415742147,impostor
calibration,0,-73.20210752566092,impostor
calibration,0,-71.76489545334967,impostor
calibration,0,-54.20609955610054,impostor
calibration,0,-68.56829828549454,impostor
calibration,0,-57.9974840028858,impostor
calibration,0,-104.40006385961664,impostor
calibration,0,-106.0547620375883,impostor
calibration,0,-92.50726621963408,impostor
calibration,0,-86.3216283401635,impostor
calibration,0,-74.47218345017681,impostor
calibration,1,-28.653921256925976,genuine
calibration,1,-23.775358402293023,genuine
calibration,1,-34.07626308324318,genuine
calibration,1,-29.471620985998896,genuine
calibration,1,-25.37415111722993,genuine
calibration,1,-37.54937056602862,genuine
calibration,1,-37.342134651348886,genuine
calibration,1,-30.859204142416544,genuine
calibration,1,-33.78513296459662,genuine
calibration,1,-29.197139157112172,genuine
calibration,1,-26.50713923279628,genuine
calibration,1,-25.43583266521876,genuine
calibration,1,-24.363518010003236,genuine
calibration,1,-31.36487471865343,genuine
calibration,1,-30.731857411790198,genuine
calibration,1,-39.27355741928301,genuine
calibration,1,-27.556470785839903,genuine
calibration,1,-33.189678255508255,genuine
calibration,1,-31.018593478982037,genuine
calibration,1,-42.846549287597924,genuine
calibration,1,-29.972621064494945,genuine
calibration,1,-38.29203945153262,genuine
calibration,1,-29.212224227080135,genuine
calibration,1,-27.091625781365895,genuine
calibration,1,-25.720280287642694,genuine
calibration,1,-25.3061170285767,genuine
calibration,1,-35.13628753063902,genuine
calibration,1,-29.92830429045344,genuine
calibration,1,-31.269236980233117,genuine
calibration,1,-31.36770049015756,genuine
calibration,1,-29.041802189902427,genuine
calibration,1,-33.340184821667236,genuine
calibration,1,-30.243847144427125,genuine
calibration,1,-34.54602558491341,genuine
calibration,1,-81.65689539179243,genuine
calibration,1,-33.62368527413164,genuine
calibration,1,-28.676233347050314,genuine
calibration,1,-25.357506087486133,genuine
calibration,1,-25.70010303008301,genuine
calibration,1,-41.13327401731289,genuine
calibration,1,-26.7764743705292,genuine
calibration,1,-27.98209457419782,genuine
calibration,1,-30.236402711668916,genuine
calibration,1,-29.317642649228286,genuine
calibration,1,-38.1352036225319,genuine
calibration,1,-28.905601250051276,genuine
calibration,1,-36.82685259087338,genuine
calibration,1,-37.333205070193266,genuine
calibration,1,-36.18025307290221,genuine
calibration,1,-49.77231834707791,genuine
calibration,1,-29.967034602992268,genuine
calibration,1,-29.224109179288213,genuine
calibration,1,-27.680214643209155,genuine
calibration,1,-29.161465255424396,genuine
calibration,1,-37.89715677393981,genuine
calibration,1,-55.107356361233535,genuine
calibration,1,-24.11613118997749,genuine
calibration,1,-24.171925816960144,genuine
calibration,1,-26.407057763722186,genuine
calibration,1,-23.56400632963983,genuine
calibration,1,-22.552650652152344,genuine
calibration,1,-35.20977004389006,genuine
calibration,1,-27.92326401262014,genuine
calibration,1,-27.694126711897535,genuine
calibration,1,-34.407716588169485,genuine
calibration,1,-25.342463442305604,genuine
calibration,1,-31.936241526305096,genuine
calibration,1,-28.122152970563473,genuine
calibration,1,-51.32342381660628,genuine
calibration,1,-25.455060939411233,genuine
calibration,1,-28.583849778433404,genuine
calibration,1,-33.29874677920923,genuine
calibration,1,-29.952875074552402,genuine
calibration,1,-27.758450721625024,genuine
calibration,1,-35.58739397135428,genuine
calibration,1,-33.7551398421779,genuine
calibration,1,-30.21157495442325,genuine
calibration,1,-28.980253359879995,genuine
calibration,1,-27.44414009952187,genuine
calibration,1,-29.968869047775915,genuine
calibration,1,-34.22210267795525,genuine
calibration,1,-58.99072237325362,genuine
calibration,1,-42.57133092380851,genuine
calibration,1,-45.13849067248152,genuine
calibration,1,-30.464726377956723,genuine
calibration,1,-28.628701965651917,genuine
calibration,1,-30.811539990555726,genuine
calibration,1,-28.314775284984965,genuine
calibration,1,-31.186774120735443,genuine
calibration,1,-32.04885187741742,genuine
calibration,1,-35.44753905051536,genuine
calibration,1,-37.516049558149696,genuine
calibration,1,-28.365113951117184,genuine
calibration,1,-25.199022711795042,genuine
calibration,1,-30.638262531667596,genuine
calibration,1,-34.65659941006268,genuine
calibration,1,-29.514261010643537,genuine
calibration,1,-29.59058649512527,genuine
calibration,1,-30.995370244524253,genuine
calibration,1,-29.88065999627282,genuine
calibration,1,-28.64368856211191,genuine
calibration,1,-26.37488602211896,genuine
calibration,1,-48.24321215196529,genuine
calibration,1,-29.039659747218465,genuine
calibration,1,-28.281106546981697,genuine
calibration,1,-31.293011815903782,genuine
calibration,1,-45.39278663926312,genuine
calibration,1,-33.7746721765442,genuine
calibration,1,-48.57995291602923,genuine
calibration,1,-32.046590606395384,genuine
calibration,1,-30.87696622984697,genuine
calibration,1,-28.876084042358436,genuine
calibration,1,-34.34866346703234,genuine
calibration,1,-33.058955064453805,genuine
calibration,1,-32.449043277566005,genuine
calibration,1,-37.37869871975286,genuine
calibration,1,-34.16749368478729,genuine
calibration,1,-33.02455248133193,genuine
calibration,1,-33.259753532383186,genuine
calibration,1,-37.72300468942052,genuine
calibration,1,-34.773649727595426,genuine
calibration,1,-36.07832724032569,genuine
calibration,1,-34.315330288623436,genuine
calibration,1,-42.06625703780046,genuine
calibration,1,-31.744658813117923,genuine
calibration,1,-31.89165881905245,genuine
calibration,1,-36.106018637307585,genuine
calibration,1,-33.71911530292118,genuine
calibration,1,-36.42512155602325,genuine
calibration,1,-33.119913519933995,genuine
calibration,1,-42.45333338950037,genuine
calibration,1,-41.84640587506052,genuine
calibration,1,-41.77127013904696,genuine
calibration,1,-42.85072062758214,genuine
calibration,1,-35.604907902765866,genuine
calibration,1,-28.59898934841853,genuine
calibration,1,-42.0906227326842,genuine
calibration,1,-35.2703056789651,genuine
calibration,1,-33.420846377596746,genuine
calibration,1,-35.293397354213916,genuine
calibration,1,-38.47588054677372,genuine
calibration,1,-38.510250920780685,genuine
calibration,1,-31.128916958041614,genuine
calibration,1,-36.9904416791919,genuine
calibration,1,-57.07707035024894,genuine
calibration,1,-41.576947680234916,genuine
calibration,1,-39.254752659506565,genuine
calibration,1,-42.95229090367219,genuine
calibration,1,-36.198681750870975,genuine
calibration,1,-41.445700190101675,genuine
calibration,1,-35.06795615627952,genuine
calibration,1,-31.34385634308885,genuine
calibration,1,-25.007400857252584,genuine
calibration,1,-43.200610379029584,genuine
calibration,1,-34.9453448947541,genuine
calibration,1,-31.909403514918946,genuine
calibration,1,-42.077494693672946,genuine
calibration,1,-31.137636583880422,genuine
calibration,1,-39.53471175708273,genuine
calibration,1,-30.303563517416265,genuine
calibration,1,-31.229995482722543,genuine
calibration,1,-33.638627046932704,genuine
calibration,1,-31.58487330921923,genuine
calibration,1,-32.10604435128159,genuine
calibration,1,-37.13182443807317,genuine
calibration,1,-34.335499845898184,genuine
calibration,1,-39.3224403719299,genuine
calibration,1,-35.07138836215752,genuine
calibration,1,-38.66041897238873,genuine
calibration,1,-34.82075337631544,genuine
calibration,1,-26.382879540381346,genuine
calibration,1,-36.06019921000702,genuine
calibration,1,-28.781051791125876,genuine
calibration,1,-28.46825941767395,genuine
calibration,1,-34.10924298963581,genuine
calibration,1,-30.378257901163398,genuine
calibration,1,-38.70843201573119,genuine
calibration,1,-31.353512135346442,genuine
calibration,1,-58.99442898730809,genuine
calibration,1,-37.93185358636147,genuine
calibration,1,-30.80936252230374,genuine
calibration,1,-36.75248921515295,genuine
calibration,1,-44.40843683899082,genuine
calibration,1,-39.201083069961825,genuine
calibration,1,-34.85944222723708,genuine
calibration,1,-45.453881152870224,genuine
calibration,1,-36.96178502440383,genuine
calibration,1,-38.683116547043085,genuine
calibration,1,-31.283913499643237,genuine
calibration,1,-34.57997723522636,genuine
calibration,1,-29.013330562426653,genuine
calibration,1,-35.81723797459129,genuine
calibration,1,-37.99916193778013,genuine
calibration,1,-34.97060905084593,genuine
calibration,1,-38.202388367729874,genuine
calibration,1,-44.734052499957116,genuine
calibration,1,-37.52263332630972,genuine
calibration,1,-37.37469649472011,genuine
calibration,1,-62.118220532902505,genuine
calibration,1,-37.631671897605855,genuine
calibration,0,-47.02485609324775,impostor
calibration,0,-74.15446607023159,impostor
calibration,0,-74.9098807164484,impostor
calibration,0,-61.9157386764804,impostor
calibration,0,-53.697869237882465,impostor
calibration,0,-109.4910063927119,impostor
calibration,0,-105.49704544743179,impostor
calibration,0,-79.6406130260802,impostor
calibration,0,-106.66305945972512,impostor
calibration,0,-90.03048533321021,impostor
calibration,0,-216.43181587189684,impostor
calibration,0,-192.70694338410752,impostor
calibration,0,-176.303471186359,impostor
calibration,0,-204.4112079212146,impostor
calibration,0,-166.91716452349925,impostor
calibration,0,-85.42744016777257,impostor
calibration,0,-48.63504886396358,impostor
calibration,0,-99.42409384220481,impostor
calibration,0,-75.04120925272284,impostor
calibration,0,-56.00029810298367,impostor
calibration,0,-93.04553081960786,impostor
calibration,0,-111.6969532156669,impostor
calibration,0,-136.79507791315137,impostor
calibration,0,-52.03879038150268,impostor
calibration,0,-83.88473779575969,impostor
calibration,0,-67.08268468102409,impostor
calibration,0,-68.3496675918399,impostor
calibration,0,-85.30991199900461,impostor
calibration,0,-73.45051207739398,impostor
calibration,0,-76.54423849477644,impostor
calibration,0,-300.4353449940418,impostor
calibration,0,-268.30617131493176,impostor
calibration,0,-281.44166440898806,impostor
calibration,0,-296.1361486571078,impostor
calibration,0,-223.2849409390669,impostor
calibration,0,-368.7913580678428,impostor
calibration,0,-263.72711014439375,impostor
calibration,0,-255.27707164665918,impostor
calibration,0,-125.87320104122306,impostor
calibration,0,-254.12854301031257,impostor
calibration,0,-64.75028815146396,impostor
calibration,0,-76.28739616867996,impostor
calibration,0,-65.03926844533262,impostor
calibration,0,-53.3803933340227,impostor
calibration,0,-59.912308600932,impostor
calibration,0,-354.0806626946913,impostor
calibration,0,-131.0993362298348,impostor
calibration,0,-118.3106393492735,impostor
calibration,0,-103.01853554742237,impostor
calibration,0,-102.72054444178507,impostor
calibration,0,-67.99490310245974,impostor
calibration,0,-55.03591088962046,impostor
calibration,0,-68.21513848399681,impostor
calibration,0,-62.452196907531814,impostor
calibration,0,-60.26428753237044,impostor
calibration,0,-81.02734259489084,impostor
calibration,0,-53.01589568575036,impostor
calibration,0,-41.03911289097134,impostor
calibration,0,-54.73943928581624,impostor
calibration,0,-53.88965733156358,impostor
calibration,0,-226.4218615867628,impostor
calibration,0,-204.77871779698467,impostor
calibration,0,-158.2943331268896,impostor
calibration,0,-148.10995957169618,impostor
calibration,0,-162.94414542446577,impostor
calibration,0,-103.11381884365696,impostor
calibration,0,-85.95423496229012,impostor
calibration,0,-98.86987852361834,impostor
calibration,0,-56.04915448170666,impostor
calibration,0,-96.46141772018173,impostor
calibration,0,-58.25711689630694,impostor
calibration,0,-103.75485798864254,impostor
calibration,0,-89.66257926072625,impostor
calibration,0,-79.31718432708796,impostor
calibration,0,-65.95079467947261,impostor
calibration,0,-74.59289364392026,impostor
calibration,0,-60.47352156606522,impostor
calibration,0,-73.49565826942492,impostor
calibration,0,-60.03289904286541,impostor
calibration,0,-58.157377398752175,impostor
calibration,0,-64.01275929874087,impostor
calibration,0,-93.25583003473892,impostor
calibration,0,-92.25515791492363,impostor
calibration,0,-75.56801653697671,impostor
calibration,0,-47.23853687485554,impostor
calibration,0,-88.20307339048473,impostor
calibration,0,-84.52012405612807,impostor
calibration,0,-93.93051230905542,impostor
calibration,0,-82.4791114888582,impostor
calibration,0,-76.67270047936215,impostor
calibration,0,-66.700684955824,impostor
calibration,0,-84.3124339887031,impostor
calibration,0,-74.84827154863027,impostor
calibration,0,-74.75347580891369,impostor
calibration,0,-81.01613750504404,impostor
calibration,0,-79.79536471918571,impostor
calibration,0,-63.77803603469449,impostor
calibration,0,-70.62936745331395,impostor
calibration,0,-73.52404335885848,impostor
calibration,0,-84.43214153823727,impostor
calibration,0,-52.19255935518455,impostor
calibration,0,-44.841410479179174,impostor
calibration,0,-65.78453436059634,impostor
calibration,0,-96.47928498113961,impostor
calibration,0,-62.672930806555826,impostor
calibration,0,-93.60118550094202,impostor
calibration,0,-88.65259693124871,impostor
calibration,0,-87.72685440117085,impostor
calibration,0,-76.75397785956814,impostor
calibration,0,-57.0672003611573,impostor
calibration,0,-200.3371416152923,impostor
calibration,0,-154.7521518123641,impostor
calibration,0,-194.2791696118983,impostor
calibration,0,-90.04512419758227,impostor
calibration,0,-144.87072533058065,impostor
calibration,0,-119.54766866158222,impostor
calibration,0,-91.37469654340511,impostor
calibration,0,-113.2642620593972,impostor
calibration,0,-95.70742377849258,impostor
calibration,0,-64.70203127317524,impostor
calibration,0,-44.58438150714326,impostor
calibration,0,-69.85950728180704,impostor
calibration,0,-59.92149312316215,impostor
calibration,0,-68.83702013797756,impostor
calibration,0,-58.9195921684849,impostor
calibration,0,-397.39425592864166,impostor
calibration,0,-75.59433298492671,impostor
calibration,0,-43.66614773903812,impostor
calibration,0,-144.18274810931953,impostor
calibration,0,-68.94736697364918,impostor
calibration,0,-175.97111528340034,impostor
calibration,0,-68.38924337660981,impostor
calibration,0,-69.17960019246617,impostor
calibration,0,-61.06730177485466,impostor
calibration,0,-68.18097553235036,impostor
calibration,0,-81.7171952123745,impostor
calibration,0,-70.41913335077156,impostor
calibration,0,-70.90521811326069,impostor
calibration,0,-61.177454577119704,impostor
calibration,0,-64.9103444185765,impostor
calibration,0,-107.067327341157,impostor
calibration,0,-124.38647681132305,impostor
calibration,0,-65.97255687831947,impostor
calibration,0,-86.76777775787014,impostor
calibration,0,-68.54436664473687,impostor
calibration,0,-76.56377644519046,impostor
calibration,0,-79.3409484599981,impostor
calibration,0,-49.266978341151045,impostor
calibration,0,-114.33403638803891,impostor
calibration,0,-63.35828757616741,impostor
calibration,0,-71.36506259787502,impostor
calibration,0,-76.98463958914655,impostor
calibration,0,-79.8999766657983,impostor
calibration,0,-82.35078815439694,impostor
calibration,0,-73.49346829156273,impostor
calibration,0,-61.73903595061664,impostor
calibration,0,-57.734664044855855,impostor
calibration,0,-58.1220658414219,impostor
calibration,0,-66.2810970603431,impostor
calibration,0,-71.51276860266368,impostor
calibration,0,-58.26262196877332,impostor
calibration,0,-58.236225572971215,impostor
calibration,0,-69.71870684469319,impostor
calibration,0,-62.09373046623693,impostor
calibration,0,-71.75442209398419,impostor
calibration,0,-100.013644384856,impostor
calibration,0,-60.457642075989725,impostor
calibration,0,-53.96034813955022,impostor
calibration,0,-57.475326471167605,impostor
calibration,0,-65.44319716135061,impostor
calibration,0,-113.84204591242371,impostor
calibration,0,-177.96278265195085,impostor
calibration,0,-108.41475570523646,impostor
calibration,0,-97.63895570516098,impostor
calibration,0,-94.18111105706245,impostor
calibration,0,-136.7492343774659,impostor
calibration,0,-86.72075523458729,impostor
calibration,0,-98.307544330694,impostor
calibration,0,-79.70760142090494,impostor
calibration,0,-86.22532369997388,impostor
calibration,0,-158.66429441348828,impostor
calibration,0,-67.43602797312853,impostor
calibration,0,-79.5684753560677,impostor
calibration,0,-76.63978762733069,impostor
calibration,0,-72.8245350412332,impostor
calibration,0,-78.22248016802084,impostor
calibration,0,-106.67222180400833,impostor
calibration,0,-79.75485683106065,impostor
calibration,0,-94.37371065282458,impostor
calibration,0,-93.11830867662678,impostor
calibration,0,-81.41721335734951,impostor
calibration,0,-74.23161203065735,impostor
calibration,0,-79.20708881978244,impostor
calibration,0,-73.16839636536275,impostor
calibration,0,-73.39529556744822,impostor
calibration,0,-60.845609579140344,impostor
calibration,0,-75.51887382793467,impostor
calibration,0,-56.49817318803585,impostor
calibration,0,-55.81393318360243,impostor
calibration,0,-72.29455261142881,impostor
calibration,0,-73.16149998609544,impostor
calibration,0,-55.36307923559516,impostor
calibration,0,-72.70575494155028,impostor
calibration,0,-42.718961432564925,impostor
calibration,0,-58.857423592880174,impostor
calibration,0,-90.55167198878708,impostor
calibration,0,-76.30068069921423,impostor
calibration,0,-62.25164879475068,impostor
calibration,0,-46.80161503588196,impostor
calibration,0,-61.06480187262838,impostor
calibration,0,-156.68500413102728,impostor
calibration,0,-121.55985521971694,impostor
calibration,0,-192.393901424995,impostor
calibration,0,-118.9265914515862,impostor
calibration,0,-84.74078400917638,impostor
calibration,0,-57.20805135942928,impostor
calibration,0,-59.05833977295821,impostor
calibration,0,-63.272116153871465,impostor
calibration,0,-70.14046042441157,impostor
calibration,0,-63.975512509267055,impostor
calibration,0,-122.28874404159423,impostor
calibration,0,-81.76663143675019,impostor
calibration,0,-50.91705273588122,impostor
calibration,0,-50.99882132555944,impostor
calibration,0,-54.142824808675726,impostor
calibration,0,-116.64085965937059,impostor
calibration,0,-77.22103291656298,impostor
calibration,0,-90.4036819505839,impostor
calibration,0,-102.60313301503172,impostor
calibration,0,-45.78487128259154,impostor
calibration,0,-76.90332052292376,impostor
calibration,0,-114.00865326910586,impostor
calibration,0,-66.03959861865476,impostor
calibration,0,-70.75286860493198,impostor
calibration,0,-55.54482936220246,impostor
calibration,0,-46.384587687386066,impostor
calibration,0,-46.67870613093836,impostor
calibration,0,-51.63965024156646,impostor
calibration,0,-53.19909225571364,impostor
calibration,0,-69.63960220263442,impostor
calibration,0,-56.25838794692015,impostor
calibration,0,-67.27402892691629,impostor
calibration,0,-57.76174569199462,impostor
calibration,0,-49.698034640235306,impostor
calibration,0,-61.84134860006605,impostor
calibration,0,-80.1253061614676,impostor
calibration,0,-65.12667828245549,impostor
calibration,0,-68.75860097660077,impostor
calibration,0,-62.42416877419771,impostor
calibration,0,-63.32224176299669,impostor
calibration,1,-40.888728485084116,genuine
calibration,1,-23.103240556900893,genuine
calibration,1,-24.223531103723733,genuine
calibration,1,-41.80654349739695,genuine
calibration,1,-21.589334540042696,genuine
calibration,1,-22.77865980834387,genuine
calibration,1,-36.6599503094244,genuine
calibration,1,-24.652119593098142,genuine
calibration,1,-26.522428671204956,genuine
calibration,1,-68.55877774573382,genuine
calibration,1,-28.01741302577419,genuine
calibration,1,-26.986966422930436,genuine
calibration,1,-26.08709704472505,genuine
calibration,1,-17.053406616292527,genuine
calibration,1,-34.382764680958374,genuine
calibration,1,-29.17659669236568,genuine
calibration,1,-37.13223426048128,genuine
calibration,1,-27.285912054774816,genuine
calibration,1,-23.03377175368473,genuine
calibration,1,-24.073234374177773,genuine
calibration,1,-25.834166270992274,genuine
calibration,1,-26.78243741781149,genuine
calibration,1,-35.18402716624067,genuine
calibration,1,-33.53541095587959,genuine
calibration,1,-37.6039795234241,genuine
calibration,1,-38.39088829386643,genuine
calibration,1,-22.717660157431503,genuine
calibration,1,-23.229505699771597,genuine
calibration,1,-32.03063336126046,genuine
calibration,1,-36.675403499844066,genuine
calibration,1,-31.119427018444295,genuine
calibration,1,-45.44363286067871,genuine
calibration,1,-26.894625967710645,genuine
calibration,1,-29.95731191379822,genuine
calibration,1,-28.398266727062616,genuine
calibration,1,-27.83800188883892,genuine
calibration,1,-31.20460779983432,genuine
calibration,1,-34.57441416959137,genuine
calibration,1,-25.986923245669097,genuine
calibration,1,-30.518580073728135,genuine
calibration,1,-53.200307877252115,genuine
calibration,1,-21.132236971582095,genuine
calibration,1,-50.3621692183757,genuine
calibration,1,-22.628667083299504,genuine
calibration,1,-33.20793142989514,genuine
calibration,1,-25.851901550317773,genuine
calibration,1,-20.21732407418767,genuine
calibration,1,-28.39053183751193,genuine
calibration,1,-59.74433961450076,genuine
calibration,1,-24.28278684015562,genuine
calibration,1,-32.7360102327129,genuine
calibration,1,-27.028442917249166,genuine
calibration,1,-30.37268825003186,genuine
calibration,1,-26.975829200513807,genuine
calibration,1,-19.982188197957004,genuine
calibration,1,-20.976776954963185,genuine
calibration,1,-30.52392689853789,genuine
calibration,1,-36.50762037282249,genuine
calibration,1,-38.10018194524066,genuine
calibration,1,-30.794788851847194,genuine
calibration,1,-31.05345126189093,genuine
calibration,1,-27.699399676032098,genuine
calibration,1,-35.0074749174002,genuine
calibration,1,-34.98020770644139,genuine
calibration,1,-33.06245198505023,genuine
calibration,1,-46.27588488600461,genuine
calibration,1,-30.156321253021623,genuine
calibration,1,-33.33012334596632,genuine
calibration,1,-35.04948654316682,genuine
calibration,1,-35.35772774308184,genuine
calibration,1,-62.477902759802134,genuine
calibration,1,-37.45643717994568,genuine
calibration,1,-30.69624811357412,genuine
calibration,1,-31.59142500673126,genuine
calibration,1,-24.94063544358922,genuine
calibration,1,-32.07598180192475,genuine
calibration,1,-28.8834500902756,genuine
calibration,1,-41.20846691473501,genuine
calibration,1,-34.67285424635638,genuine
calibration,1,-30.307276068912607,genuine
calibration,1,-26.58567536400769,genuine
calibration,1,-43.067833040957865,genuine
calibration,1,-30.70410710333169,genuine
calibration,1,-27.701325122159705,genuine
calibration,1,-34.64861844469732,genuine
calibration,1,-40.96178106438582,genuine
calibration,1,-23.628995275234598,genuine
calibration,1,-30.34759341133737,genuine
calibration,1,-28.636475789910598,genuine
calibration,1,-25.441813998769387,genuine
calibration,1,-36.189548349034816,genuine
calibration,1,-36.49950817830719,genuine
calibration,1,-27.045381890947894,genuine
calibration,1,-35.755505712390864,genuine
calibration,1,-29.08456115156935,genuine
calibration,1,-32.60981850735349,genuine
calibration,1,-32.30270747463197,genuine
calibration,1,-50.08832008810947,genuine
calibration,1,-24.902173826504324,genuine
calibration,1,-34.057455240947256,genuine
calibration,1,-28.954639181671396,genuine
calibration,1,-25.62376414482039,genuine
calibration,1,-26.294212037355102,genuine
calibration,1,-25.22550583924148,genuine
calibration,1,-27.798153402503473,genuine
calibration,1,-31.98183500122152,genuine
calibration,1,-22.08069767596967,genuine
calibration,1,-28.15899295557546,genuine
calibration,1,-29.240935666819066,genuine
calibration,1,-34.00201366517801,genuine
calibration,1,-43.04595802020138,genuine
calibration,1,-33.056274848138955,genuine
calibration,1,-31.32112683412011,genuine
calibration,1,-40.9162335763761,genuine
calibration,1,-35.91233840633197,genuine
calibration,1,-37.185996813644174,genuine
calibration,1,-36.92306253162074,genuine
calibration,1,-41.974324940721274,genuine
calibration,1,-43.6378633440283,genuine
calibration,1,-39.328863519967385,genuine
calibration,1,-34.77498711913364,genuine
calibration,1,-33.358335239861425,genuine
calibration,1,-31.207653661857172,genuine
calibration,1,-41.10379995566137,genuine
calibration,1,-52.73395972874888,genuine
calibration,1,-35.55269059054906,genuine
calibration,1,-25.083678774268176,genuine
calibration,1,-25.1638060044746,genuine
calibration,1,-35.62544444658612,genuine
calibration,1,-29.558620701038304,genuine
calibration,1,-42.47852606067756,genuine
calibration,1,-41.876026354201066,genuine
calibration,1,-39.31537550862061,genuine
calibration,1,-77.7988176627391,genuine
calibration,1,-36.16335012206823,genuine
calibration,1,-32.66904732849727,genuine
calibration,1,-28.91506070055274,genuine
calibration,1,-32.43351458297806,genuine
calibration,1,-44.54924354409912,genuine
calibration,1,-43.22215421696525,genuine
calibration,1,-44.445937308485625,genuine
calibration,1,-31.383796017598744,genuine
calibration,1,-48.77653752339671,genuine
calibration,1,-33.470965568790554,genuine
calibration,1,-27.44910977882229,genuine
calibration,1,-42.64988461642157,genuine
calibration,1,-49.67087347338621,genuine
calibration,1,-37.27071805101109,genuine
calibration,1,-25.65638700525042,genuine
calibration,1,-42.832362230913304,genuine
calibration,1,-41.15683347792772,genuine
calibration,1,-37.410390939909085,genuine
calibration,1,-55.09183101762443,genuine
calibration,1,-30.972134727338194,genuine
calibration,1,-34.097572206935816,genuine
calibration,1,-51.338944980365866,genuine
calibration,1,-38.93299730144123,genuine
calibration,1,-36.66143880116557,genuine
calibration,1,-25.92031891476759,genuine
calibration,1,-29.181817468863837,genuine
calibration,1,-33.641560168429535,genuine
calibration,1,-29.922019138053482,genuine
calibration,1,-39.59637842595988,genuine
calibration,1,-42.412888016085944,genuine
calibration,1,-42.75596142072804,genuine
calibration,1,-41.09304108060124,genuine
calibration,1,-47.25841770849044,genuine
calibration,1,-44.108471150275086,genuine
calibration,1,-83.24294061062108,genuine
calibration,1,-53.933349087785594,genuine
calibration,1,-36.23836690876256,genuine
calibration,1,-64.02222595329899,genuine
calibration,1,-35.519138479075025,genuine
calibration,1,-28.439397239101417,genuine
calibration,1,-28.906133196843456,genuine
calibration,1,-24.91008109253673,genuine
calibration,1,-38.92952044973149,genuine
calibration,1,-47.473756903789905,genuine
calibration,1,-25.783166277101095,genuine
calibration,1,-35.296148139157275,genuine
calibration,1,-20.38965760743601,genuine
calibration,1,-30.949846959488767,genuine
calibration,1,-30.996891864189255,genuine
calibration,1,-35.43681594277067,genuine
calibration,1,-60.40683765154452,genuine
calibration,1,-21.508502389704056,genuine
calibration,1,-27.522541902413657,genuine
calibration,1,-30.323059906653214,genuine
calibration,1,-28.017157087266355,genuine
calibration,1,-31.383716447165526,genuine
calibration,1,-39.28068370266102,genuine
calibration,1,-28.397522418669276,genuine
calibration,1,-28.062402263075878,genuine
calibration,1,-35.52340914870753,genuine
calibration,1,-38.2874715459307,genuine
calibration,1,-38.22778267604317,genuine
calibration,1,-29.282088883211074,genuine
calibration,1,-30.020708774273356,genuine
calibration,1,-31.13388113783145,genuine
calibration,1,-27.913053845784496,genuine
calibration,0,-47.80541473302044,impostor
calibration,0,-73.36979650410917,impostor
calibration,0,-91.27005464634524,impostor
calibration,0,-53.99701276182749,impostor
calibration,0,-40.70202831691064,impostor
calibration,0,-134.9450733007431,impostor
calibration,0,-131.99068639051285,impostor
calibration,0,-100.65472736925503,impostor
calibration,0,-130.04270657554017,impostor
calibration,0,-115.15991957064223,impostor
calibration,0,-247.78688974046955,impostor
calibration,0,-239.15553225498365,impostor
calibration,0,-208.44113367576037,impostor
calibration,0,-248.34322808275647,impostor
calibration,0,-204.64432955933606,impostor
calibration,0,-80.55202809292275,impostor
calibration,0,-45.40212722500371,impostor
calibration,0,-94.19229816254777,impostor
calibration,0,-69.88703121759448,impostor
calibration,0,-57.82810716154382,impostor
calibration,0,-114.00628431193711,impostor
calibration,0,-89.52659729307648,impostor
calibration,0,-144.26006982480615,impostor
calibration,0,-41.29025709654718,impostor
calibration,0,-71.7284459087783,impostor
calibration,0,-48.49153582875271,impostor
calibration,0,-51.43515210000543,impostor
calibration,0,-73.65462324708786,impostor
calibration,0,-47.66419481479006,impostor
calibration,0,-58.36750170219865,impostor
calibration,0,-335.31654665106726,impostor
calibration,0,-292.306037913566,impostor
calibration,0,-332.9970805218121,impostor
calibration,0,-324.2504355912064,impostor
calibration,0,-234.27521002845867,impostor
calibration,0,-480.8317471876117,impostor
calibration,0,-346.68866571146725,impostor
calibration,0,-318.16629359344154,impostor
calibration,0,-175.86620964581877,impostor
calibration,0,-326.7891645594097,impostor
calibration,0,-67.31430652362566,impostor
calibration,0,-68.19287042333141,impostor
calibration,0,-59.46050306768194,impostor
calibration,0,-58.16317018562277,impostor
calibration,0,-59.986777350442615,impostor
calibration,0,-458.40130596109003,impostor
calibration,0,-160.3849386529856,impostor
calibration,0,-143.2537589080638,impostor
calibration,0,-143.32928293779872,impostor
calibration,0,-118.05286425274302,impostor
calibration,0,-86.80784854155591,impostor
calibration,0,-61.19082353734034,impostor
calibration,0,-64.8106979493416,impostor
calibration,0,-53.029533774879305,impostor
calibration,0,-43.2167747714753,impostor
calibration,0,-201.3265557753905,impostor
calibration,0,-146.28014076269133,impostor
calibration,0,-190.0092340544492,impostor
calibration,0,-110.81231374443614,impostor
calibration,0,-85.26157469986319,impostor
calibration,0,-225.6623459146154,impostor
calibration,0,-181.5824879753768,impostor
calibration,0,-149.0593544391285,impostor
calibration,0,-152.11295245704122,impostor
calibration,0,-196.28576330083834,impostor
calibration,0,-121.44452742823242,impostor
calibration,0,-89.52515198358336,impostor
calibration,0,-79.07525390654801,impostor
calibration,0,-56.9818647490092,impostor
calibration,0,-89.35613848098629,impostor
calibration,0,-63.90001192757578,impostor
calibration,0,-111.19350264339273,impostor
calibration,0,-108.81601181015934,impostor
calibration,0,-99.64031534838587,impostor
calibration,0,-62.94298237176705,impostor
calibration,0,-58.37564050237448,impostor
calibration,0,-48.25046989856929,impostor
calibration,0,-70.61667889640832,impostor
calibration,0,-32.85492518265512,impostor
calibration,0,-45.53121631256258,impostor
calibration,0,-52.30618183701914,impostor
calibration,0,-85.78539859213734,impostor
calibration,0,-88.78225501394019,impostor
calibration,0,-86.56017340853023,impostor
calibration,0,-64.56754577171414,impostor
calibration,0,-89.63485967837133,impostor
calibration,0,-88.99383088622525,impostor
calibration,0,-89.65135543025646,impostor
calibration,0,-68.85307908005963,impostor
calibration,0,-68.70524195125253,impostor
calibration,0,-48.584049566755056,impostor
calibration,0,-76.71774888281944,impostor
calibration,0,-50.824154672538036,impostor
calibration,0,-47.3416444979978,impostor
calibration,0,-62.39106653190869,impostor
calibration,0,-60.5050163808529,impostor
calibration,0,-50.49328539073578,impostor
calibration,0,-52.61660491390356,impostor
calibration,0,-49.19433679687675,impostor
calibration,0,-62.31652700283721,impostor
calibration,0,-73.9297917563953,impostor
calibration,0,-67.63934166610724,impostor
calibration,0,-71.03995141353597,impostor
calibration,0,-95.34793381612272,impostor
calibration,0,-66.8850012402256,impostor
calibration,0,-106.61346188374436,impostor
calibration,0,-106.43051756341228,impostor
calibration,0,-92.78189127522712,impostor
calibration,0,-86.71516323475905,impostor
calibration,0,-60.23634042737468,impostor
calibration,0,-227.254427664825,impostor
calibration,0,-174.671636886829,impostor
calibration,0,-229.96491057386177,impostor
calibration,0,-82.57870716073214,impostor
calibration,0,-163.98575094960538,impostor
calibration,0,-118.63143117111326,impostor
calibration,0,-92.80503965838001,impostor
calibration,0,-127.24751792466445,impostor
calibration,0,-87.27675517895966,impostor
calibration,0,-48.61857593199956,impostor
calibration,0,-39.601125980099944,impostor
calibration,0,-40.32226218675254,impostor
calibration,0,-39.42663720687954,impostor
calibration,0,-38.5982292383061,impostor
calibration,0,-27.5828509100352,impostor
calibration,0,-285.3072657942259,impostor
calibration,0,-79.93169253732658,impostor
calibration,0,-56.66714935499838,impostor
calibration,0,-139.27185863078756,impostor
calibration,0,-51.725023664490614,impostor
calibration,0,-190.41536905263405,impostor
calibration,0,-76.65439816157796,impostor
calibration,0,-72.63419019792507,impostor
calibration,0,-52.300545320612216,impostor
calibration,0,-59.409637800043896,impostor
calibration,0,-126.65381649538442,impostor
calibration,0,-78.083988382288,impostor
calibration,0,-85.44208016288718,impostor
calibration,0,-88.22746001458097,impostor
calibration,0,-76.35007230091621,impostor
calibration,0,-111.18041603232965,impostor
calibration,0,-152.68661614418457,impostor
calibration,0,-95.01015706451456,impostor
calibration,0,-105.85054320717474,impostor
calibration,0,-76.06980422990966,impostor
calibration,0,-72.85993807622427,impostor
calibration,0,-82.66666164954255,impostor
calibration,0,-34.14941081189878,impostor
calibration,0,-119.65340766625135,impostor
calibration,0,-37.712534799203006,impostor
calibration,0,-66.52550649637094,impostor
calibration,0,-56.476891500222024,impostor
calibration,0,-60.4530350129117,impostor
calibration,0,-57.231948022133615,impostor
calibration,0,-69.51026078979244,impostor
calibration,0,-60.049975129346166,impostor
calibration,0,-50.535858529775545,impostor
calibration,0,-50.19554474539209,impostor
calibration,0,-44.167592974928866,impostor
calibration,0,-56.64130875282871,impostor
calibration,0,-54.19692670534134,impostor
calibration,0,-50.64142251409414,impostor
calibration,0,-65.25755256633626,impostor
calibration,0,-52.297465687640866,impostor
calibration,0,-53.72929756171317,impostor
calibration,0,-113.21944183628145,impostor
calibration,0,-91.70085634129613,impostor
calibration,0,-60.030024373525336,impostor
calibration,0,-70.68173845154097,impostor
calibration,0,-72.76280172515831,impostor
calibration,0,-139.51354315676426,impostor
calibration,0,-190.40600675593618,impostor
calibration,0,-110.53333628642842,impostor
calibration,0,-103.07281821788412,impostor
calibration,0,-86.44245256959599,impostor
calibration,0,-200.97011525285606,impostor
calibration,0,-125.40549093029813,impostor
calibration,0,-146.21383667216682,impostor
calibration,0,-139.4647081733902,impostor
calibration,0,-138.10198846267872,impostor
calibration,0,-184.3833272142401,impostor
calibration,0,-69.46771586580206,impostor
calibration,0,-94.03269274580914,impostor
calibration,0,-79.50996371785897,impostor
calibration,0,-86.12138723594005,impostor
calibration,0,-131.30744738513457,impostor
calibration,0,-151.67334725715781,impostor
calibration,0,-110.97841153933138,impostor
calibration,0,-116.41114105438064,impostor
calibration,0,-129.35362753132534,impostor
calibration,0,-67.49370345182163,impostor
calibration,0,-42.984569334631765,impostor
calibration,0,-57.422244185147164,impostor
calibration,0,-60.086516761741656,impostor
calibration,0,-53.18898862037959,impostor
calibration,0,-41.37738672154618,impostor
calibration,0,-60.803638260519726,impostor
calibration,0,-46.56536696668863,impostor
calibration,0,-43.62398261857576,impostor
calibration,0,-38.08284511066454,impostor
calibration,0,-100.59656138052654,impostor
calibration,0,-74.79001483161221,impostor
calibration,0,-80.29098524294287,impostor
calibration,0,-58.11475837026023,impostor
calibration,0,-51.269693403907134,impostor
calibration,0,-115.0174360572958,impostor
calibration,0,-101.81569394937077,impostor
calibration,0,-48.11695974338972,impostor
calibration,0,-51.238868030880525,impostor
calibration,0,-30.693006802189835,impostor
calibration,0,-203.30293447159548,impostor
calibration,0,-152.22952206244253,impostor
calibration,0,-261.9546771715011,impostor
calibration,0,-155.55057280941543,impostor
calibration,0,-127.94998843665923,impostor
calibration,0,-40.64123589228798,impostor
calibration,0,-42.813988225666876,impostor
calibration,0,-33.58799778233943,impostor
calibration,0,-53.885490738336905,impostor
calibration,0,-42.44388430761179,impostor
calibration,0,-123.30438015368267,impostor
calibration,0,-71.0236065804059,impostor
calibration,0,-42.03340762616763,impostor
calibration,0,-35.428663537206795,impostor
calibration,0,-43.94613766754302,impostor
calibration,0,-169.40467637741065,impostor
calibration,0,-113.41450891750465,impostor
calibration,0,-116.17752802572075,impostor
calibration,0,-134.42033387056495,impostor
calibration,0,-85.14341192342593,impostor
calibration,0,-85.17761410814494,impostor
calibration,0,-156.03400556608085,impostor
calibration,0,-62.49190431550361,impostor
calibration,0,-78.95442482879298,impostor
calibration,0,-51.57325661743914,impostor
calibration,0,-59.86193571678161,impostor
calibration,0,-39.81078906899829,impostor
calibration,0,-42.89905572764084,impostor
calibration,0,-59.92624522572907,impostor
calibration,0,-81.07559227164094,impostor
calibration,0,-58.529470565890556,impostor
calibration,0,-53.42399211970729,impostor
calibration,0,-44.087224815045516,impostor
calibration,0,-38.8304436386822,impostor
calibration,0,-46.6951259535348,impostor
calibration,0,-94.34097590916774,impostor
calibration,0,-85.82112685644425,impostor
calibration,0,-84.9241605534731,impostor
calibration,0,-76.05179538715112,impostor
calibration,0,-60.03793408326776,impostor
calibration,1,-38.81970290325604,genuine
calibration,1,-34.5446259130355,genuine
calibration,1,-43.55020405727736,genuine
calibration,1,-25.341819434852784,genuine
calibration,1,-40.85782785287353,genuine
calibration,1,-25.003931878564643,genuine
calibration,1,-22.90056181242802,genuine
calibration,1,-33.185075244796444,genuine
calibration,1,-31.22991608884758,genuine
calibration,1,-26.498300154299702,genuine
calibration,1,-35.559687667413215,genuine
calibration,1,-36.84201157595329,genuine
calibration,1,-20.29940525335512,genuine
calibration,1,-43.00807631870509,genuine
calibration,1,-36.30736061121003,genuine
calibration,1,-23.82368845031256,genuine
calibration,1,-22.841955362762487,genuine
calibration,1,-25.66470541961889,genuine
calibration,1,-39.325889311865055,genuine
calibration,1,-45.50265119208618,genuine
calibration,1,-32.34791590413736,genuine
calibration,1,-27.419688194151046,genuine
calibration,1,-26.35584577119994,genuine
calibration,1,-26.27975510573933,genuine
calibration,1,-21.88239705076234,genuine
calibration,1,-29.82436352913556,genuine
calibration,1,-39.22316570685181,genuine
calibration,1,-23.127638177897843,genuine
calibration,1,-25.297982657052543,genuine
calibration,1,-36.14120649348755,genuine
calibration,1,-24.12218772811864,genuine
calibration,1,-29.585362307074945,genuine
calibration,1,-27.60504336777118,genuine
calibration,1,-26.409509865798285,genuine
calibration,1,-24.53722570827862,genuine
calibration,1,-27.217882135197375,genuine
calibration,1,-19.933587479959037,genuine
calibration,1,-26.719280483133723,genuine
calibration,1,-23.3559636619296,genuine
calibration,1,-29.472203515371092,genuine
calibration,1,-24.669356263514707,genuine
calibration,1,-36.35556974119395,genuine
calibration,1,-45.18944305079619,genuine
calibration,1,-27.399018544699313,genuine
calibration,1,-27.428967491500764,genuine
calibration,1,-30.329130441035907,genuine
calibration,1,-24.937615332632635,genuine
calibration,1,-31.330569502965684,genuine
calibration,1,-30.261245862770277,genuine
calibration,1,-24.727363191576988,genuine
calibration,1,-41.18087957438482,genuine
calibration,1,-32.32650377378667,genuine
calibration,1,-25.610040817248684,genuine
calibration,1,-24.65461304801497,genuine
calibration,1,-19.365242784521673,genuine
calibration,1,-41.46594039266465,genuine
calibration,1,-26.05777331477574,genuine
calibration,1,-27.27741160301133,genuine
calibration,1,-37.13324555602956,genuine
calibration,1,-29.48717476629153,genuine
calibration,1,-26.059892374404626,genuine
calibration,1,-24.089031011712372,genuine
calibration,1,-31.75093247312804,genuine
calibration,1,-25.66996116068004,genuine
calibration,1,-28.167943238858243,genuine
calibration,1,-27.342264379467725,genuine
calibration,1,-29.880697112528086,genuine
calibration,1,-34.363005963841935,genuine
calibration,1,-26.945446474532634,genuine
calibration,1,-29.16307220065772,genuine
calibration,1,-32.90281216274175,genuine
calibration,1,-28.468739212797928,genuine
calibration,1,-35.08300379199105,genuine
calibration,1,-27.524957254013604,genuine
calibration,1,-29.764808749766136,genuine
calibration,1,-30.757022316694744,genuine
calibration,1,-31.03248568042399,genuine
calibration,1,-31.31940896911077,genuine
calibration,1,-35.424421665707555,genuine
calibration,1,-27.520270392868206,genuine
calibration,1,-32.06262361474058,genuine
calibration,1,-34.20470611163122,genuine
calibration,1,-25.127801986995717,genuine
calibration,1,-39.573460385458816,genuine
calibration,1,-28.41004575813528,genuine
calibration,1,-26.948002282162882,genuine
calibration,1,-26.779291905982486,genuine
calibration,1,-29.437540202975235,genuine
calibration,1,-35.198285332683696,genuine
calibration,1,-40.01223967058781,genuine
calibration,1,-32.54991362736672,genuine
calibration,1,-24.158835872613977,genuine
calibration,1,-32.40686399726331,genuine
calibration,1,-29.25246187944362,genuine
calibration,1,-34.319594121244116,genuine
calibration,1,-32.994090704468015,genuine
calibration,1,-38.69440170861388,genuine
calibration,1,-32.17900326962781,genuine
calibration,1,-26.295927223612757,genuine
calibration,1,-29.691359781965417,genuine
calibration,1,-27.369299918162444,genuine
calibration,1,-38.15160481706148,genuine
calibration,1,-24.247428625308324,genuine
calibration,1,-24.544663898292587,genuine
calibration,1,-24.847002328189213,genuine
calibration,1,-42.413996214636754,genuine
calibration,1,-25.795587948098163,genuine
calibration,1,-30.32539615570091,genuine
calibration,1,-28.417208934187112,genuine
calibration,1,-26.86291594174337,genuine
calibration,1,-29.458182514318654,genuine
calibration,1,-45.86094972835628,genuine
calibration,1,-30.03965271879481,genuine
calibration,1,-36.88218391658464,genuine
calibration,1,-30.744836718585734,genuine
calibration,1,-32.730186284280386,genuine
calibration,1,-27.286351699351645,genuine
calibration,1,-29.470729849784618,genuine
calibration,1,-39.169200451721004,genuine
calibration,1,-39.26106307757078,genuine
calibration,1,-35.46576042611539,genuine
calibration,1,-30.855029855472292,genuine
calibration,1,-31.468593635382575,genuine
calibration,1,-38.7892930281287,genuine
calibration,1,-29.73036889421985,genuine
calibration,1,-28.10425512655652,genuine
calibration,1,-29.438516711322492,genuine
calibration,1,-25.472415122526456,genuine
calibration,1,-28.172690353955524,genuine
calibration,1,-31.747577307672973,genuine
calibration,1,-32.12943010396394,genuine
calibration,1,-30.932413363383038,genuine
calibration,1,-30.62620951659083,genuine
calibration,1,-27.62623922567767,genuine
calibration,1,-52.15689879508927,genuine
calibration,1,-61.05442296135191,genuine
calibration,1,-36.48504184640466,genuine
calibration,1,-30.333924242807083,genuine
calibration,1,-31.011631458333554,genuine
calibration,1,-45.112453015607954,genuine
calibration,1,-33.931563450500406,genuine
calibration,1,-31.68914771775453,genuine
calibration,1,-26.380172253327597,genuine
calibration,1,-29.782594052595286,genuine
calibration,1,-35.63217437688951,genuine
calibration,1,-27.425448604066897,genuine
calibration,1,-34.15963935207705,genuine
calibration,1,-27.275209622257783,genuine
calibration,1,-26.2161002825186,genuine
calibration,1,-26.77755218115121,genuine
calibration,1,-22.69966252032976,genuine
calibration,1,-35.47165070681664,genuine
calibration,1,-31.721223500013437,genuine
calibration,1,-19.722157251094977,genuine
calibration,1,-27.576822240896433,genuine
calibration,1,-21.31807418451102,genuine
calibration,1,-26.937827721348498,genuine
calibration,1,-29.55597906384886,genuine
calibration,1,-24.20603239569319,genuine
calibration,1,-19.29329715541089,genuine
calibration,1,-44.01570754437887,genuine
calibration,1,-27.490055928737114,genuine
calibration,1,-25.55437502732896,genuine
calibration,1,-19.682878949421198,genuine
calibration,1,-44.50517949641443,genuine
calibration,1,-29.5174651672845,genuine
calibration,1,-30.9792294780526,genuine
calibration,1,-39.85397165134504,genuine
calibration,1,-29.605214873373196,genuine
calibration,1,-26.543198072955875,genuine
calibration,1,-22.931617480456573,genuine
calibration,1,-28.300959251803352,genuine
calibration,1,-43.411701534547234,genuine
calibration,1,-27.551894240545245,genuine
calibration,1,-30.17149263090324,genuine
calibration,1,-31.960742687298776,genuine
calibration,1,-129.84517348826998,genuine
calibration,1,-19.982622030840965,genuine
calibration,1,-32.008801989814174,genuine
calibration,1,-30.27485013752861,genuine
calibration,1,-27.507871115130342,genuine
calibration,1,-28.801636169624825,genuine
calibration,1,-37.29322095144857,genuine
calibration,1,-29.55821818575116,genuine
calibration,1,-33.52095898289549,genuine
calibration,1,-25.96359873742635,genuine
calibration,1,-26.166026782437044,genuine
calibration,1,-42.10404003872212,genuine
calibration,1,-26.559870737091067,genuine
calibration,1,-26.715178454829488,genuine
calibration,1,-36.93729205793761,genuine
calibration,1,-24.806584631087443,genuine
calibration,1,-31.18876549970628,genuine
calibration,1,-25.702408000956964,genuine
calibration,1,-36.12501260761045,genuine
calibration,1,-32.27976428985621,genuine
calibration,1,-30.063084008066983,genuine
calibration,1,-25.68714153622249,genuine
calibration,1,-34.5279968133363,genuine
calibration,1,-35.27722600403549,genuine
calibration,0,-79.8635242307882,impostor
calibration,0,-95.9648161625626,impostor
calibration,0,-96.89862935143991,impostor
calibration,0,-87.41942737871116,impostor
calibration,0,-89.91716508303405,impostor
calibration,0,-152.5089080322987,impostor
calibration,0,-148.67530892079503,impostor
calibration,0,-120.25701677123196,impostor
calibration,0,-128.02529859844097,impostor
calibration,0,-130.60063651533002,impostor
calibration,0,-157.99569503034706,impostor
calibration,0,-120.89599618568509,impostor
calibration,0,-99.05169467692792,impostor
calibration,0,-155.52656841706272,impostor
calibration,0,-99.83640474135125,impostor
calibration,0,-74.40414165332392,impostor
calibration,0,-64.00769062784967,impostor
calibration,0,-106.64987341219911,impostor
calibration,0,-70.9633402929694,impostor
calibration,0,-61.53469012268031,impostor
calibration,0,-94.81894080731125,impostor
calibration,0,-75.11145047184151,impostor
calibration,0,-96.31499629875765,impostor
calibration,0,-57.71030304973486,impostor
calibration,0,-53.97432973537176,impostor
calibration,0,-60.22205581285502,impostor
calibration,0,-61.58561530407355,impostor
calibration,0,-83.24926007427881,impostor
calibration,0,-60.80385989617981,impostor
calibration,0,-68.90155191902583,impostor
calibration,0,-181.92885322162545,impostor
calibration,0,-210.49336919043307,impostor
calibration,0,-199.03060065180304,impostor
calibration,0,-190.87216368319443,impostor
calibration,0,-129.21945196433276,impostor
calibration,0,-355.7786692238643,impostor
calibration,0,-264.176602963179,impostor
calibration,0,-246.80093038887713,impostor
calibration,0,-133.74637702425872,impostor
calibration,0,-220.83460021617316,impostor
calibration,0,-77.10094872143861,impostor
calibration,0,-64.85051343043304,impostor
calibration,0,-58.75246649610443,impostor
calibration,0,-62.770233562546764,impostor
calibration,0,-68.0898691420067,impostor
calibration,0,-302.71020012114116,impostor
calibration,0,-126.02554098401342,impostor
calibration,0,-79.54984432636896,impostor
calibration,0,-97.750440176338,impostor
calibration,0,-97.18577391561563,impostor
calibration,0,-81.99563003106196,impostor
calibration,0,-75.81839544490899,impostor
calibration,0,-78.74668532789909,impostor
calibration,0,-67.74088645870324,impostor
calibration,0,-74.33541732421112,impostor
calibration,0,-211.9375472298877,impostor
calibration,0,-114.72333370770251,impostor
calibration,0,-143.8130852174047,impostor
calibration,0,-111.68341444918363,impostor
calibration,0,-81.21978605967756,impostor
calibration,0,-85.87670828990511,impostor
calibration,0,-79.91517861381162,impostor
calibration,0,-94.97605708193933,impostor
calibration,0,-83.91843314569634,impostor
calibration,0,-86.23652578259373,impostor
calibration,0,-117.63343342381518,impostor
calibration,0,-91.5428454854384,impostor
calibration,0,-103.19107337784042,impostor
calibration,0,-72.5788046875612,impostor
calibration,0,-88.91489882075652,impostor
calibration,0,-63.97182107494567,impostor
calibration,0,-65.60298985874536,impostor
calibration,0,-64.41059613798595,impostor
calibration,0,-77.85043503211834,impostor
calibration,0,-63.93931301521452,impostor
calibration,0,-83.2617599565129,impostor
calibration,0,-83.40324856375199,impostor
calibration,0,-76.76606454644093,impostor
calibration,0,-74.89264503405396,impostor
calibration,0,-64.12313007642224,impostor
calibration,0,-126.52473538873282,impostor
calibration,0,-142.12566522024258,impostor
calibration,0,-168.21925226113487,impostor
calibration,0,-154.04385181946245,impostor
calibration,0,-119.27101764968114,impostor
calibration,0,-87.35626739360252,impostor
calibration,0,-56.610125786665506,impostor
calibration,0,-47.490052205900206,impostor
calibration,0,-60.91792881401774,impostor
calibration,0,-41.89322694504396,impostor
calibration,0,-59.62417706693815,impostor
calibration,0,-55.51868603615017,impostor
calibration,0,-52.89618943424782,impostor
calibration,0,-53.42317321486577,impostor
calibration,0,-55.40801954629749,impostor
calibration,0,-81.41061737664764,impostor
calibration,0,-68.47318654085676,impostor
calibration,0,-75.416508612023,impostor
calibration,0,-87.10032147203931,impostor
calibration,0,-87.61126766664886,impostor
calibration,0,-106.42803387045944,impostor
calibration,0,-103.93419018036096,impostor
calibration,0,-129.9997688169072,impostor
calibration,0,-136.7634604186959,impostor
calibration,0,-113.82100547235083,impostor
calibration,0,-128.97839440097061,impostor
calibration,0,-137.0311525515006,impostor
calibration,0,-128.27624270792347,impostor
calibration,0,-124.1797923232292,impostor
calibration,0,-107.59828544687103,impostor
calibration,0,-115.33308117679263,impostor
calibration,0,-115.86968255959168,impostor
calibration,0,-145.56508687026727,impostor
calibration,0,-64.32346316955797,impostor
calibration,0,-82.95398703372979,impostor
calibration,0,-128.86162855064887,impostor
calibration,0,-110.76521567047004,impostor
calibration,0,-139.32481520678144,impostor
calibration,0,-107.51655982108949,impostor
calibration,0,-78.12039702332221,impostor
calibration,0,-71.8299879504748,impostor
calibration,0,-78.29764471211138,impostor
calibration,0,-69.05249205199641,impostor
calibration,0,-71.70404017676131,impostor
calibration,0,-69.34293803986638,impostor
calibration,0,-163.74707664418358,impostor
calibration,0,-95.72369584371462,impostor
calibration,0,-64.79207819799744,impostor
calibration,0,-99.43888022069825,impostor
calibration,0,-67.4796082409636,impostor
calibration,0,-212.36491115182778,impostor
calibration,0,-121.33296025255683,impostor
calibration,0,-118.10625695081416,impostor
calibration,0,-116.76256163534889,impostor
calibration,0,-117.19556034706855,impostor
calibration,0,-133.32420402753831,impostor
calibration,0,-95.79334118480826,impostor
calibration,0,-122.06912065763014,impostor
calibration,0,-106.81999302984443,impostor
calibration,0,-95.65074941798416,impostor
calibration,0,-80.33867222152476,impostor
calibration,0,-109.21710102760979,impostor
calibration,0,-99.91981248785898,impostor
calibration,0,-143.54164048403564,impostor
calibration,0,-91.48255339301889,impostor
calibration,0,-83.06074725356419,impostor
calibration,0,-120.36950750875377,impostor
calibration,0,-85.66298025388723,impostor
calibration,0,-126.87169150630996,impostor
calibration,0,-100.73372605982509,impostor
calibration,0,-96.27862098967013,impostor
calibration,0,-103.01436562470968,impostor
calibration,0,-99.4233377490463,impostor
calibration,0,-100.40467101646476,impostor
calibration,0,-111.8452107283123,impostor
calibration,0,-74.80457450486881,impostor
calibration,0,-65.99485282284779,impostor
calibration,0,-72.52584216123338,impostor
calibration,0,-65.07450670223878,impostor
calibration,0,-74.60600423887298,impostor
calibration,0,-74.07148065594669,impostor
calibration,0,-65.54682756717982,impostor
calibration,0,-88.56778033966177,impostor
calibration,0,-76.35780955878717,impostor
calibration,0,-80.78650082091309,impostor
calibration,0,-150.87671029255884,impostor
calibration,0,-138.15254555989094,impostor
calibration,0,-122.16243861152095,impostor
calibration,0,-97.53295329861906,impostor
calibration,0,-131.68225055133107,impostor
calibration,0,-121.74478229282003,impostor
calibration,0,-178.4123261079413,impostor
calibration,0,-95.77668135684428,impostor
calibration,0,-82.0590710634183,impostor
calibration,0,-80.9168168951457,impostor
calibration,0,-180.356672997072,impostor
calibration,0,-171.46769565561956,impostor
calibration,0,-192.23274382451135,impostor
calibration,0,-142.5249459706363,impostor
calibration,0,-170.03985510036117,impostor
calibration,0,-144.21156748567788,impostor
calibration,0,-47.95829444896631,impostor
calibration,0,-58.34949726895553,impostor
calibration,0,-54.8608825805991,impostor
calibration,0,-49.502849946281934,impostor
calibration,0,-158.5788320861181,impostor
calibration,0,-201.77679829237007,impostor
calibration,0,-159.02586717499042,impostor
calibration,0,-172.25201152803814,impostor
calibration,0,-182.1154871070857,impostor
calibration,0,-85.65697676384663,impostor
calibration,0,-74.16676591717034,impostor
calibration,0,-57.48896613661849,impostor
calibration,0,-65.71536822211503,impostor
calibration,0,-70.75163532169347,impostor
calibration,0,-67.85292576278836,impostor
calibration,0,-65.03006405063346,impostor
calibration,0,-69.16930330801702,impostor
calibration,0,-70.15369976624264,impostor
calibration,0,-69.62651430008366,impostor
calibration,0,-79.7810689084479,impostor
calibration,0,-75.06488382749609,impostor
calibration,0,-100.22509153171733,impostor
calibration,0,-66.69971160861851,impostor
calibration,0,-82.57403037121061,impostor
calibration,0,-112.6650740697151,impostor
calibration,0,-120.34476963150179,impostor
calibration,0,-65.07822038404953,impostor
calibration,0,-71.40032722377681,impostor
calibration,0,-82.95888176628944,impostor
calibration,0,-193.84345663209953,impostor
calibration,0,-166.4910841941181,impostor
calibration,0,-242.85199865910937,impostor
calibration,0,-189.04192241138037,impostor
calibration,0,-130.0699420469162,impostor
calibration,0,-72.76467762775259,impostor
calibration,0,-78.6455698105912,impostor
calibration,0,-83.1899909123754,impostor
calibration,0,-90.43202283064917,impostor
calibration,0,-87.90270017635167,impostor
calibration,0,-118.76334030721549,impostor
calibration,0,-65.97728471913791,impostor
calibration,0,-65.54625176471268,impostor
calibration,0,-62.91968413075069,impostor
calibration,0,-65.61052744764507,impostor
calibration,0,-154.70138277522966,impostor
calibration,0,-95.21434804422877,impostor
calibration,0,-96.23714012784639,impostor
calibration,0,-114.31170397340995,impostor
calibration,0,-74.58087290145644,impostor
calibration,0,-54.085118866872506,impostor
calibration,0,-90.43442860038729,impostor
calibration,0,-65.75030168516415,impostor
calibration,0,-62.966287031763535,impostor
calibration,0,-62.59231451043183,impostor
calibration,0,-91.37621006000388,impostor
calibration,0,-89.50099573079166,impostor
calibration,0,-86.24958596003088,impostor
calibration,0,-87.48892432860863,impostor
calibration,0,-135.5805426524175,impostor
calibration,0,-89.36974680271733,impostor
calibration,0,-91.42628058399049,impostor
calibration,0,-83.3924447196675,impostor
calibration,0,-81.72271771074412,impostor
calibration,0,-95.57689201224993,impostor
calibration,0,-77.6495889988928,impostor
calibration,0,-58.84137644279967,impostor
calibration,0,-64.1721740763693,impostor
calibration,0,-57.16974228885679,impostor
calibration,0,-64.31178069323359,impostor
calibration,1,-19.31993020860807,genuine
calibration,1,-27.663209736829938,genuine
calibration,1,-26.0616562078398,genuine
calibration,1,-32.13670677816371,genuine
calibration,1,-26.721078469070616,genuine
calibration,1,-34.507627595478304,genuine
calibration,1,-45.66960097857447,genuine
calibration,1,-27.87225594151449,genuine
calibration,1,-36.266510584984154,genuine
calibration,1,-32.630744201330195,genuine
calibration,1,-30.820958673316017,genuine
calibration,1,-33.572408836869315,genuine
calibration,1,-30.41971378107065,genuine
calibration,1,-31.954836136878974,genuine
calibration,1,-28.20136417449185,genuine
calibration,1,-35.36127903608003,genuine
calibration,1,-39.80410261198572,genuine
calibration,1,-28.84865181022876,genuine
calibration,1,-41.67992249400225,genuine
calibration,1,-30.65473261201725,genuine
calibration,1,-31.964341148327545,genuine
calibration,1,-29.309268308417504,genuine
calibration,1,-33.85243510571037,genuine
calibration,1,-40.95513030087372,genuine
calibration,1,-40.35018412135911,genuine
calibration,1,-34.01658502223498,genuine
calibration,1,-39.35792737426008,genuine
calibration,1,-38.03261480393047,genuine
calibration,1,-30.448040277557514,genuine
calibration,1,-35.39607304288371,genuine
calibration,1,-30.086434439903567,genuine
calibration,1,-34.65672247693097,genuine
calibration,1,-33.7146908964522,genuine
calibration,1,-27.50635948802088,genuine
calibration,1,-29.775010043490635,genuine
calibration,1,-29.963821051254907,genuine
calibration,1,-36.53630886935872,genuine
calibration,1,-32.866594409421076,genuine
calibration,1,-40.89166653515042,genuine
calibration,1,-35.274020033837694,genuine
calibration,1,-34.846853189844516,genuine
calibration,1,-41.41694941248498,genuine
calibration,1,-40.261223030198735,genuine
calibration,1,-29.74270643983983,genuine
calibration,1,-38.09231893322345,genuine
calibration,1,-38.47142018797782,genuine
calibration,1,-36.82327513568384,genuine
calibration,1,-52.67228771686896,genuine
calibration,1,-54.96237989041684,genuine
calibration,1,-41.79547537069925,genuine
calibration,1,-57.29954702316614,genuine
calibration,1,-32.16981712812473,genuine
calibration,1,-29.588082964491768,genuine
calibration,1,-24.390075591368937,genuine
calibration,1,-29.878647002751443,genuine
calibration,1,-27.982169648216047,genuine
calibration,1,-28.798614006809522,genuine
calibration,1,-29.885598652124337,genuine
calibration,1,-33.37655717186483,genuine
calibration,1,-34.31211388827322,genuine
calibration,1,-30.012859566768064,genuine
calibration,1,-33.81095507023888,genuine
calibration,1,-22.957533610765964,genuine
calibration,1,-25.852714387849083,genuine
calibration,1,-33.42214281843709,genuine
calibration,1,-30.720512664933445,genuine
calibration,1,-30.06859513783115,genuine
calibration,1,-24.1286047412869,genuine
calibration,1,-28.69214922173591,genuine
calibration,1,-33.06465425102862,genuine
calibration,1,-51.898428158180195,genuine
calibration,1,-33.912065200834455,genuine
calibration,1,-25.928238741909986,genuine
calibration,1,-25.43712681991365,genuine
calibration,1,-27.213101937910594,genuine
calibration,1,-38.51630119668291,genuine
calibration,1,-30.4507421628215,genuine
calibration,1,-30.708024260183247,genuine
calibration,1,-28.151725442892463,genuine
calibration,1,-27.16527570473354,genuine
calibration,1,-28.251750527287243,genuine
calibration,1,-27.589996779554706,genuine
calibration,1,-27.07807348486901,genuine
calibration,1,-31.98745376062034,genuine
calibration,1,-36.82111589884887,genuine
calibration,1,-31.662166123359572,genuine
calibration,1,-36.837341726190616,genuine
calibration,1,-27.185621676277403,genuine
calibration,1,-33.82985343939016,genuine
calibration,1,-56.580375863342155,genuine
calibration,1,-36.06714119844476,genuine
calibration,1,-33.69712726255243,genuine
calibration,1,-26.868350700461747,genuine
calibration,1,-39.752953074687,genuine
calibration,1,-33.96698009807519,genuine
calibration,1,-51.289663431415796,genuine
calibration,1,-75.78132757597304,genuine
calibration,1,-40.07580545412875,genuine
calibration,1,-30.211443198561824,genuine
calibration,1,-32.20710173460787,genuine
calibration,1,-34.13442046637974,genuine
calibration,1,-33.345651927964504,genuine
calibration,1,-34.767482546865054,genuine
calibration,1,-35.51340962524997,genuine
calibration,1,-32.40498142293812,genuine
calibration,1,-36.98303787844128,genuine
calibration,1,-36.07434324038824,genuine
calibration,1,-41.19701140470674,genuine
calibration,1,-47.926905884739526,genuine
calibration,1,-30.808557209099753,genuine
calibration,1,-32.13143596304177,genuine
calibration,1,-29.950785155862803,genuine
calibration,1,-31.818269103912197,genuine
calibration,1,-29.333090469716574,genuine
calibration,1,-33.40328269611052,genuine
calibration,1,-32.91424629650965,genuine
calibration,1,-35.67116968698823,genuine
calibration,1,-34.28772687756573,genuine
calibration,1,-32.49731547402424,genuine
calibration,1,-37.83723002979658,genuine
calibration,1,-37.23895232635143,genuine
calibration,1,-29.219491563708893,genuine
calibration,1,-29.81798617630694,genuine
calibration,1,-33.49377565570609,genuine
calibration,1,-27.63049054635656,genuine
calibration,1,-27.055292697403775,genuine
calibration,1,-32.46434887198521,genuine
calibration,1,-33.70829213756724,genuine
calibration,1,-36.485310190259725,genuine
calibration,1,-31.423890824239994,genuine
calibration,1,-34.26000217507873,genuine
calibration,1,-28.021536170062866,genuine
calibration,1,-31.114398754996255,genuine
calibration,1,-79.6403673968015,genuine
calibration,1,-29.480080680067594,genuine
calibration,1,-29.09813483251091,genuine
calibration,1,-58.410998627745506,genuine
calibration,1,-26.75097307854584,genuine
calibration,1,-31.691904613480293,genuine
calibration,1,-33.459031317466376,genuine
calibration,1,-34.7931285279235,genuine
calibration,1,-42.258166618307214,genuine
calibration,1,-33.162919810799785,genuine
calibration,1,-34.91620117822158,genuine
calibration,1,-36.02532404413659,genuine
calibration,1,-32.77273079891096,genuine
calibration,1,-33.36858715988087,genuine
calibration,1,-30.016270815677046,genuine
calibration,1,-41.794338551494604,genuine
calibration,1,-33.29957269830545,genuine
calibration,1,-31.373125003252294,genuine
calibration,1,-30.420088498216426,genuine
calibration,1,-32.667613439614925,genuine
calibration,1,-34.86159723844825,genuine
calibration,1,-33.30306066455692,genuine
calibration,1,-30.48393561667138,genuine
calibration,1,-32.2750535836715,genuine
calibration,1,-34.288287913322826,genuine
calibration,1,-28.845713896741675,genuine
calibration,1,-29.76497346091447,genuine
calibration,1,-33.8077628523222,genuine
calibration,1,-32.188432646492274,genuine
calibration,1,-31.76914037021587,genuine
calibration,1,-38.07886224915395,genuine
calibration,1,-35.63322317126971,genuine
calibration,1,-28.919061350655426,genuine
calibration,1,-32.34007408344502,genuine
calibration,1,-37.6264761720623,genuine
calibration,1,-36.023175858993255,genuine
calibration,1,-36.89573379962656,genuine
calibration,1,-34.16276632133629,genuine
calibration,1,-33.76312927444024,genuine
calibration,1,-34.36961141428886,genuine
calibration,1,-39.62136070168013,genuine
calibration,1,-38.85511424497837,genuine
calibration,1,-38.713460197385025,genuine
calibration,1,-33.01089664425745,genuine
calibration,1,-27.5695923360967,genuine
calibration,1,-30.358482589795578,genuine
calibration,1,-38.24351528983553,genuine
calibration,1,-37.790303843845685,genuine
calibration,1,-31.2161069222345,genuine
calibration,1,-42.80806592390762,genuine
calibration,1,-37.351382559623815,genuine
calibration,1,-34.70531476142814,genuine
calibration,1,-37.812195985429184,genuine
calibration,1,-37.25427428071581,genuine
calibration,1,-31.92448321453034,genuine
calibration,1,-31.830644986458775,genuine
calibration,1,-30.963317189680335,genuine
calibration,1,-39.115672105734006,genuine
calibration,1,-30.0058221473348,genuine
calibration,1,-32.658193625112396,genuine
calibration,1,-29.784389685465857,genuine
calibration,1,-37.687756016123636,genuine
calibration,1,-42.592595822802814,genuine
calibration,1,-32.78640776191678,genuine
calibration,1,-35.217746917200024,genuine
calibration,1,-30.198692735284272,genuine
calibration,1,-35.04672251747246,genuine
calibration,0,-60.46379286000747,impostor
calibration,0,-86.25483738864897,impostor
calibration,0,-73.66229679036405,impostor
calibration,0,-51.94850783870078,impostor
calibration,0,-50.31495792253528,impostor
calibration,0,-154.56929053324455,impostor
calibration,0,-157.193169796941,impostor
calibration,0,-126.20071085377054,impostor
calibration,0,-152.85174495175158,impostor
calibration,0,-151.92693840035813,impostor
calibration,0,-310.8068522215382,impostor
calibration,0,-266.60026009175374,impostor
calibration,0,-250.83124791558419,impostor
calibration,0,-262.75112304033854,impostor
calibration,0,-227.49241421958206,impostor
calibration,0,-78.52131080505245,impostor
calibration,0,-59.83167783828171,impostor
calibration,0,-87.54730808565202,impostor
calibration,0,-69.06434610412045,impostor
calibration,0,-58.39790822605692,impostor
calibration,0,-141.44833278578412,impostor
calibration,0,-180.43714816921675,impostor
calibration,0,-194.64100188768833,impostor
calibration,0,-54.96910923844347,impostor
calibration,0,-85.21062114597218,impostor
calibration,0,-52.75798611162428,impostor
calibration,0,-48.61706355064154,impostor
calibration,0,-68.84926845177804,impostor
calibration,0,-45.01540539575158,impostor
calibration,0,-49.87605595259575,impostor
calibration,0,-414.4409774093454,impostor
calibration,0,-395.8857242132276,impostor
calibration,0,-360.0207926217618,impostor
calibration,0,-411.35195877301294,impostor
calibration,0,-299.0991072112893,impostor
calibration,0,-491.27512991208414,impostor
calibration,0,-391.2066176302024,impostor
calibration,0,-401.6105434616951,impostor
calibration,0,-236.92789919310817,impostor
calibration,0,-380.26226361910705,impostor
calibration,0,-69.19482783390674,impostor
calibration,0,-68.29109822140735,impostor
calibration,0,-82.72209735059509,impostor
calibration,0,-69.60892861416144,impostor
calibration,0,-65.61553022908387,impostor
calibration,0,-374.30184073438994,impostor
calibration,0,-160.27595296670836,impostor
calibration,0,-165.50199571542282,impostor
calibration,0,-153.7252711178165,impostor
calibration,0,-119.17238145837953,impostor
calibration,0,-79.53877440102775,impostor
calibration,0,-80.03616451708997,impostor
calibration,0,-62.971447859495974,impostor
calibration,0,-66.80932341727208,impostor
calibration,0,-36.549729358004534,impostor
calibration,0,-277.9628479343546,impostor
calibration,0,-180.18256864637203,impostor
calibration,0,-190.63763462217545,impostor
calibration,0,-140.060362504341,impostor
calibration,0,-117.14480727470499,impostor
calibration,0,-124.11190207972597,impostor
calibration,0,-90.20939503816194,impostor
calibration,0,-61.488403850033876,impostor
calibration,0,-64.42971888904071,impostor
calibration,0,-45.23448998959985,impostor
calibration,0,-307.8997937973054,impostor
calibration,0,-293.59879686835194,impostor
calibration,0,-233.68965591790595,impostor
calibration,0,-191.9513854035507,impostor
calibration,0,-197.85978971869145,impostor
calibration,0,-82.51390823765836,impostor
calibration,0,-154.2466139333355,impostor
calibration,0,-108.69438550616532,impostor
calibration,0,-113.9951551219722,impostor
calibration,0,-74.00699943408556,impostor
calibration,0,-50.30849423904121,impostor
calibration,0,-52.883967960873086,impostor
calibration,0,-63.32947421479048,impostor
calibration,0,-28.720143022267553,impostor
calibration,0,-42.45953300410802,impostor
calibration,0,-51.56164377995973,impostor
calibration,0,-83.10176009178294,impostor
calibration,0,-86.96650843880151,impostor
calibration,0,-81.55320441528201,impostor
calibration,0,-56.657597197741445,impostor
calibration,0,-92.61429282978703,impostor
calibration,0,-77.45527674928258,impostor
calibration,0,-94.03685181926357,impostor
calibration,0,-72.23593680455119,impostor
calibration,0,-66.98132483586429,impostor
calibration,0,-50.511344987131196,impostor
calibration,0,-91.33060087226681,impostor
calibration,0,-48.15593770747816,impostor
calibration,0,-47.16990737472983,impostor
calibration,0,-55.35985639395131,impostor
calibration,0,-46.22447116901804,impostor
calibration,0,-42.9682758547634,impostor
calibration,0,-51.3015168882282,impostor
calibration,0,-47.180202750788034,impostor
calibration,0,-41.8078890537632,impostor
calibration,0,-71.33124992537753,impostor
calibration,0,-68.84513566256332,impostor
calibration,0,-83.86508957865028,impostor
calibration,0,-171.89970941770926,impostor
calibration,0,-109.7020639147604,impostor
calibration,0,-109.7254948046426,impostor
calibration,0,-108.86101989475175,impostor
calibration,0,-89.06251972417705,impostor
calibration,0,-109.10974308950452,impostor
calibration,0,-64.06074879633479,impostor
calibration,0,-278.87569013078286,impostor
calibration,0,-205.83539466190285,impostor
calibration,0,-243.60833182296977,impostor
calibration,0,-128.74886774155334,impostor
calibration,0,-195.03233638316954,impostor
calibration,0,-163.99951851121122,impostor
calibration,0,-127.07629388905328,impostor
calibration,0,-130.0601388166806,impostor
calibration,0,-127.53244198936997,impostor
calibration,0,-69.86177058327789,impostor
calibration,0,-50.53769347535684,impostor
calibration,0,-42.2569950777583,impostor
calibration,0,-35.884718375167964,impostor
calibration,0,-35.179441982592145,impostor
calibration,0,-27.89700522082071,impostor
calibration,0,-621.0814832181086,impostor
calibration,0,-78.3711403593058,impostor
calibration,0,-66.83125891429893,impostor
calibration,0,-164.1953292275053,impostor
calibration,0,-66.57197272751506,impostor
calibration,0,-177.98736404691934,impostor
calibration,0,-89.00534533923147,impostor
calibration,0,-58.32851853276794,impostor
calibration,0,-43.76579433899809,impostor
calibration,0,-49.214632127845505,impostor
calibration,0,-138.89203416104553,impostor
calibration,0,-94.04616818681752,impostor
calibration,0,-98.27290709795899,impostor
calibration,0,-122.41406930313372,impostor
calibration,0,-94.36396374846555,impostor
calibration,0,-193.7984189923945,impostor
calibration,0,-137.42724325476232,impostor
calibration,0,-129.69324464976575,impostor
calibration,0,-129.95604383343954,impostor
calibration,0,-103.85130041315605,impostor
calibration,0,-89.67911477800807,impostor
calibration,0,-83.40485218204833,impostor
calibration,0,-35.56290024202083,impostor
calibration,0,-94.82252791480632,impostor
calibration,0,-42.1328426572879,impostor
calibration,0,-64.03809312418483,impostor
calibration,0,-51.71116917275042,impostor
calibration,0,-53.40813276703438,impostor
calibration,0,-50.15208145042023,impostor
calibration,0,-58.426867875115214,impostor
calibration,0,-69.86685880882557,impostor
calibration,0,-63.03855682835284,impostor
calibration,0,-42.518490625563274,impostor
calibration,0,-41.54493447882816,impostor
calibration,0,-66.29700675066373,impostor
calibration,0,-52.42087994978721,impostor
calibration,0,-47.32300215288205,impostor
calibration,0,-60.39063269366992,impostor
calibration,0,-54.34026921843269,impostor
calibration,0,-48.545224171223836,impostor
calibration,0,-171.44223410693758,impostor
calibration,0,-77.41379286985631,impostor
calibration,0,-55.52170330678823,impostor
calibration,0,-73.61664113182242,impostor
calibration,0,-67.48812452988214,impostor
calibration,0,-128.1020276168164,impostor
calibration,0,-181.74471239233893,impostor
calibration,0,-99.10660617133965,impostor
calibration,0,-92.98793366628551,impostor
calibration,0,-74.87523796411661,impostor
calibration,0,-205.68487081723933,impostor
calibration,0,-115.41440357702339,impostor
calibration,0,-157.2361290482998,impostor
calibration,0,-134.88646968799364,impostor
calibration,0,-132.8311231079004,impostor
calibration,0,-209.61016962336913,impostor
calibration,0,-83.30099425331896,impostor
calibration,0,-110.16027765229873,impostor
calibration,0,-85.51599196898157,impostor
calibration,0,-120.1366478446268,impostor
calibration,0,-128.54865485716434,impostor
calibration,0,-127.80213137435626,impostor
calibration,0,-91.85524682158234,impostor
calibration,0,-116.93508173389361,impostor
calibration,0,-108.16674631154912,impostor
calibration,0,-52.10676877797148,impostor
calibration,0,-33.4850760377905,impostor
calibration,0,-55.56508473171343,impostor
calibration,0,-69.6041901555822,impostor
calibration,0,-57.58492383625,impostor
calibration,0,-64.05934403869722,impostor
calibration,0,-85.0497675484285,impostor
calibration,0,-54.746653245004175,impostor
calibration,0,-61.169228940904645,impostor
calibration,0,-50.34736660472958,impostor
calibration,0,-135.87232054318375,impostor
calibration,0,-84.72290277581693,impostor
calibration,0,-96.57954730174109,impostor
calibration,0,-73.19709702094592,impostor
calibration,0,-69.09409212225907,impostor
calibration,0,-145.57097216330524,impostor
calibration,0,-104.74058450291977,impostor
calibration,0,-52.203421781419316,impostor
calibration,0,-56.95572438319897,impostor
calibration,0,-70.16096794164186,impostor
calibration,0,-168.55417190860354,impostor
calibration,0,-129.0694525343634,impostor
calibration,0,-259.2752138233324,impostor
calibration,0,-136.6082067883536,impostor
calibration,0,-119.61600851632402,impostor
calibration,0,-41.698149270871546,impostor
calibration,0,-41.193624153484755,impostor
calibration,0,-39.39413667690071,impostor
calibration,0,-83.67952251518582,impostor
calibration,0,-41.05695509961858,impostor
calibration,0,-223.3248864055347,impostor
calibration,0,-130.80419691083745,impostor
calibration,0,-67.46125354450581,impostor
calibration,0,-53.89214899664736,impostor
calibration,0,-51.123798966899734,impostor
calibration,0,-214.99173165009037,impostor
calibration,0,-147.93224991384596,impostor
calibration,0,-170.29839256567402,impostor
calibration,0,-192.39121676986767,impostor
calibration,0,-117.04309414177216,impostor
calibration,0,-103.99394709712018,impostor
calibration,0,-130.93390137831335,impostor
calibration,0,-85.77691163635399,impostor
calibration,0,-105.2432282624179,impostor
calibration,0,-76.4417897511396,impostor
calibration,0,-59.81258133235331,impostor
calibration,0,-64.18044205234682,impostor
calibration,0,-43.167569485104686,impostor
calibration,0,-54.43016627976477,impostor
calibration,0,-72.89188565348958,impostor
calibration,0,-60.69897011718928,impostor
calibration,0,-49.41366450485448,impostor
calibration,0,-31.38472823282841,impostor
calibration,0,-54.5684305488136,impostor
calibration,0,-41.90058826319224,impostor
calibration,0,-97.59694215091892,impostor
calibration,0,-93.49321647117617,impostor
calibration,0,-69.50628920946374,impostor
calibration,0,-74.44193774045266,impostor
calibration,0,-61.41365685362912,impostor
calibration,1,-38.11453396444308,genuine
calibration,1,-24.773660721552407,genuine
calibration,1,-26.448803940532198,genuine
calibration,1,-40.02683336965322,genuine
calibration,1,-43.26581773440037,genuine
calibration,1,-19.672466500622917,genuine
calibration,1,-22.59873955775327,genuine
calibration,1,-69.55431300691707,genuine
calibration,1,-37.19937040409848,genuine
calibration,1,-25.09045859100982,genuine
calibration,1,-28.8060227073327,genuine
calibration,1,-27.167208887392334,genuine
calibration,1,-28.69368114587524,genuine
calibration,1,-21.920574579654062,genuine
calibration,1,-29.01504027633595,genuine
calibration,1,-32.27014948269506,genuine
calibration,1,-28.04291523798899,genuine
calibration,1,-33.864038484331466,genuine
calibration,1,-30.733458571345377,genuine
calibration,1,-22.931658597991692,genuine
calibration,1,-26.101851243938903,genuine
calibration,1,-26.57285846802877,genuine
calibration,1,-26.415299990163632,genuine
calibration,1,-33.72782427264792,genuine
calibration,1,-30.237354655326943,genuine
calibration,1,-29.47075991161502,genuine
calibration,1,-33.30008369136528,genuine
calibration,1,-24.575930244008596,genuine
calibration,1,-26.493299316956545,genuine
calibration,1,-21.508391725444525,genuine
calibration,1,-27.469556812123393,genuine
calibration,1,-22.777712384858045,genuine
calibration,1,-28.15266817050381,genuine
calibration,1,-42.67075670683755,genuine
calibration,1,-33.06774544003502,genuine
calibration,1,-39.03393402445402,genuine
calibration,1,-34.066487680187386,genuine
calibration,1,-38.24469017528559,genuine
calibration,1,-36.136558257367895,genuine
calibration,1,-45.72811211946068,genuine
calibration,1,-36.033316805493286,genuine
calibration,1,-27.672582077792665,genuine
calibration,1,-53.591018131874755,genuine
calibration,1,-27.255489124975693,genuine
calibration,1,-28.6336213383954,genuine
calibration,1,-24.9659368144524,genuine
calibration,1,-27.8343503751372,genuine
calibration,1,-33.98562089382136,genuine
calibration,1,-31.34117934165367,genuine
calibration,1,-46.79278377334809,genuine
calibration,1,-52.09097245881574,genuine
calibration,1,-25.02708808758901,genuine
calibration,1,-16.19529922058232,genuine
calibration,1,-30.65297167195267,genuine
calibration,1,-17.216937135489776,genuine
calibration,1,-27.61406836165423,genuine
calibration,1,-26.11851188012196,genuine
calibration,1,-23.61666475141473,genuine
calibration,1,-22.253520528727698,genuine
calibration,1,-31.258418424812557,genuine
calibration,1,-29.70186133477368,genuine
calibration,1,-48.01884417352968,genuine
calibration,1,-29.118932366512485,genuine
calibration,1,-25.224176445340785,genuine
calibration,1,-18.09413102576118,genuine
calibration,1,-33.84192122207501,genuine
calibration,1,-30.276870772339233,genuine
calibration,1,-17.768597174038106,genuine
calibration,1,-19.52728329913192,genuine
calibration,1,-24.985069767443058,genuine
calibration,1,-25.010628390642996,genuine
calibration,1,-31.117481284937902,genuine
calibration,1,-33.733678045508974,genuine
calibration,1,-37.08317483124689,genuine
calibration,1,-22.641034154932875,genuine
calibration,1,-28.312078882833237,genuine
calibration,1,-22.481855055955506,genuine
calibration,1,-21.01377575695161,genuine
calibration,1,-56.22781975790186,genuine
calibration,1,-28.99996678587621,genuine
calibration,1,-24.869264666200692,genuine
calibration,1,-26.696700922682403,genuine
calibration,1,-35.00204312842277,genuine
calibration,1,-28.575304380514776,genuine
calibration,1,-25.77488793775066,genuine
calibration,1,-27.594791888119854,genuine
calibration,1,-49.625551719195876,genuine
calibration,1,-35.67648443811549,genuine
calibration,1,-31.945685939803976,genuine
calibration,1,-31.114932558407318,genuine
calibration,1,-31.598985673770752,genuine
calibration,1,-28.02809907167616,genuine
calibration,1,-48.631470161984765,genuine
calibration,1,-38.83354605794225,genuine
calibration,1,-32.575316785346494,genuine
calibration,1,-35.0530263354528,genuine
calibration,1,-24.76089979656104,genuine
calibration,1,-25.410422126055312,genuine
calibration,1,-21.912809987409126,genuine
calibration,1,-27.53449955133037,genuine
calibration,1,-57.41602869128058,genuine
calibration,1,-26.539618228604766,genuine
calibration,1,-49.475577926622385,genuine
calibration,1,-52.771446416825874,genuine
calibration,1,-24.323164010712016,genuine
calibration,1,-25.995838875007816,genuine
calibration,1,-27.62460917027788,genuine
calibration,1,-31.127794523422292,genuine
calibration,1,-30.863986842797367,genuine
calibration,1,-34.82290837728134,genuine
calibration,1,-43.66351266322639,genuine
calibration,1,-33.74994641101503,genuine
calibration,1,-46.40056469245147,genuine
calibration,1,-27.8841848678693,genuine
calibration,1,-26.561329283473857,genuine
calibration,1,-28.19804303954141,genuine
calibration,1,-33.75390699587808,genuine
calibration,1,-29.288134606770267,genuine
calibration,1,-28.592316081108354,genuine
calibration,1,-30.858594034575944,genuine
calibration,1,-27.094534067667055,genuine
calibration,1,-26.679744671524844,genuine
calibration,1,-33.91966501381375,genuine
calibration,1,-52.106591738975084,genuine
calibration,1,-52.01941213166254,genuine
calibration,1,-31.796087860644647,genuine
calibration,1,-27.655644655245602,genuine
calibration,1,-28.80326574653676,genuine
calibration,1,-32.689505988797876,genuine
calibration,1,-28.094923464221523,genuine
calibration,1,-24.172630535388688,genuine
calibration,1,-30.242932614159034,genuine
calibration,1,-34.209824405189124,genuine
calibration,1,-34.792886778383945,genuine
calibration,1,-36.790267658491075,genuine
calibration,1,-38.65027001884427,genuine
calibration,1,-24.01283644762238,genuine
calibration,1,-33.379800384158706,genuine
calibration,1,-28.662155517340842,genuine
calibration,1,-25.932684391146093,genuine
calibration,1,-34.0502330026917,genuine
calibration,1,-56.471212721948554,genuine
calibration,1,-41.02222600737412,genuine
calibration,1,-32.656138453649994,genuine
calibration,1,-21.235835380874057,genuine
calibration,1,-25.12285876043608,genuine
calibration,1,-34.7937757133964,genuine
calibration,1,-35.957943475345104,genuine
calibration,1,-27.111133264052825,genuine
calibration,1,-30.944563668833062,genuine
calibration,1,-43.50137645507936,genuine
calibration,1,-23.58621923612425,genuine
calibration,1,-23.194198175755336,genuine
calibration,1,-22.937033836635795,genuine
calibration,1,-20.798562725034504,genuine
calibration,1,-25.00957156698974,genuine
calibration,1,-23.50096585547258,genuine
calibration,1,-37.37624196230942,genuine
calibration,1,-28.332805510785715,genuine
calibration,1,-24.561133638059196,genuine
calibration,1,-29.957079547005762,genuine
calibration,1,-27.58029696328565,genuine
calibration,1,-20.900182893339142,genuine
calibration,1,-26.994007026388683,genuine
calibration,1,-24.980599850437326,genuine
calibration,1,-28.565009619398896,genuine
calibration,1,-26.637674891982012,genuine
calibration,1,-29.334636858602227,genuine
calibration,1,-26.701613032357024,genuine
calibration,1,-24.528698250983407,genuine
calibration,1,-44.99679806244295,genuine
calibration,1,-33.84876440382791,genuine
calibration,1,-34.75476332432354,genuine
calibration,1,-25.152374862557604,genuine
calibration,1,-27.65191777516319,genuine
calibration,1,-49.29626552330682,genuine
calibration,1,-35.55699524950251,genuine
calibration,1,-34.37077874639849,genuine
calibration,1,-27.753572400797815,genuine
calibration,1,-25.683896168038135,genuine
calibration,1,-28.035686052996294,genuine
calibration,1,-27.938087956210314,genuine
calibration,1,-29.716245949259562,genuine
calibration,1,-35.595054828906825,genuine
calibration,1,-33.73393218067066,genuine
calibration,1,-28.447499660344796,genuine
calibration,1,-25.516765555703333,genuine
calibration,1,-26.833209035709412,genuine
calibration,1,-29.842207428554065,genuine
calibration,1,-31.134580583024754,genuine
calibration,1,-44.68563542448735,genuine
calibration,1,-35.732564211103174,genuine
calibration,1,-29.62689024546567,genuine
calibration,1,-28.188608504501154,genuine
calibration,1,-23.29209342062763,genuine
calibration,1,-36.10428281688732,genuine
calibration,1,-33.06635176533219,genuine
calibration,1,-31.961666965002124,genuine
calibration,1,-25.33472242697064,genuine
calibration,1,-25.076958682904053,genuine
calibration,0,-78.00961092990197,impostor
calibration,0,-99.57374524860086,impostor
calibration,0,-88.39460799685413,impostor
calibration,0,-99.86454557892198,impostor
calibration,0,-87.63965307276516,impostor
calibration,0,-166.46174337196194,impostor
calibration,0,-144.2677891778879,impostor
calibration,0,-134.61960387518786,impostor
calibration,0,-155.62871454905223,impostor
calibration,0,-155.86257685686562,impostor
calibration,0,-207.11575217746233,impostor
calibration,0,-177.28662248895242,impostor
calibration,0,-162.5362793982884,impostor
calibration,0,-166.75776483410453,impostor
calibration,0,-152.17722395859477,impostor
calibration,0,-75.25435130625638,impostor
calibration,0,-62.044402895577775,impostor
calibration,0,-101.50435175972964,impostor
calibration,0,-71.95020821468373,impostor
calibration,0,-63.85476407588819,impostor
calibration,0,-101.11901676035723,impostor
calibration,0,-101.54429839570764,impostor
calibration,0,-105.79304983160404,impostor
calibration,0,-54.76300078282702,impostor
calibration,0,-83.35767220717705,impostor
calibration,0,-39.50094267195209,impostor
calibration,0,-45.47521552652395,impostor
calibration,0,-80.82723943315406,impostor
calibration,0,-40.36130413861868,impostor
calibration,0,-59.34042034390607,impostor
calibration,0,-261.58336236624024,impostor
calibration,0,-233.24484154897283,impostor
calibration,0,-248.24409863136987,impostor
calibration,0,-247.95525276748162,impostor
calibration,0,-209.18432061416007,impostor
calibration,0,-446.2507032449337,impostor
calibration,0,-334.3774269811029,impostor
calibration,0,-321.75555625546224,impostor
calibration,0,-198.01046208972292,impostor
calibration,0,-314.1547958584182,impostor
calibration,0,-62.86067307200487,impostor
calibration,0,-68.72275096731329,impostor
calibration,0,-64.37637269555617,impostor
calibration,0,-64.72425873985715,impostor
calibration,0,-44.05117797017752,impostor
calibration,0,-318.8705768429087,impostor
calibration,0,-159.75316852399146,impostor
calibration,0,-123.40974529298073,impostor
calibration,0,-115.11704866952694,impostor
calibration,0,-126.2643876112594,impostor
calibration,0,-80.4434984662931,impostor
calibration,0,-66.08815144438567,impostor
calibration,0,-85.9360136036383,impostor
calibration,0,-74.48144062989955,impostor
calibration,0,-65.06344058281245,impostor
calibration,0,-233.5621697821699,impostor
calibration,0,-197.5370873391448,impostor
calibration,0,-208.3720775804503,impostor
calibration,0,-157.61146185174275,impostor
calibration,0,-131.07867485082957,impostor
calibration,0,-112.0768612390452,impostor
calibration,0,-85.83447771366835,impostor
calibration,0,-87.33987131046312,impostor
calibration,0,-75.76740833465284,impostor
calibration,0,-73.84653052411043,impostor
calibration,0,-202.67554090314366,impostor
calibration,0,-173.19625368010054,impostor
calibration,0,-134.7855342539762,impostor
calibration,0,-122.02953693903613,impostor
calibration,0,-145.0960890654062,impostor
calibration,0,-139.26867040123844,impostor
calibration,0,-113.98114965263788,impostor
calibration,0,-110.31924772569167,impostor
calibration,0,-70.91440994169498,impostor
calibration,0,-107.69729813420076,impostor
calibration,0,-67.32903300955132,impostor
calibration,0,-65.7909906840997,impostor
calibration,0,-84.53034446355863,impostor
calibration,0,-63.04823604507128,impostor
calibration,0,-55.50469363046477,impostor
calibration,0,-117.67680279229897,impostor
calibration,0,-132.30101096940157,impostor
calibration,0,-162.55710258059196,impostor
calibration,0,-142.7059095118454,impostor
calibration,0,-116.78562684759599,impostor
calibration,0,-72.45809357387907,impostor
calibration,0,-35.908161993216225,impostor
calibration,0,-46.446893465375126,impostor
calibration,0,-44.92901175682012,impostor
calibration,0,-40.609273784219,impostor
calibration,0,-40.2585101235647,impostor
calibration,0,-51.42065981569417,impostor
calibration,0,-34.641698322501384,impostor
calibration,0,-36.23733156261975,impostor
calibration,0,-44.11561922284666,impostor
calibration,0,-86.48336239256771,impostor
calibration,0,-54.04768143354249,impostor
calibration,0,-49.00935098467843,impostor
calibration,0,-67.49830463003457,impostor
calibration,0,-75.93446391710901,impostor
calibration,0,-112.40544626861173,impostor
calibration,0,-111.34354036802179,impostor
calibration,0,-141.76116177858185,impostor
calibration,0,-164.81050224663605,impostor
calibration,0,-123.91301892549026,impostor
calibration,0,-133.67955599189784,impostor
calibration,0,-122.78706026944033,impostor
calibration,0,-99.7291883067268,impostor
calibration,0,-139.35539490393202,impostor
calibration,0,-104.55418258971382,impostor
calibration,0,-167.73038255711592,impostor
calibration,0,-133.92248516020177,impostor
calibration,0,-177.9110699419972,impostor
calibration,0,-62.09468254757442,impostor
calibration,0,-119.07602020799125,impostor
calibration,0,-176.6018423833969,impostor
calibration,0,-149.67268952800254,impostor
calibration,0,-164.6747539265736,impostor
calibration,0,-151.08924797865984,impostor
calibration,0,-97.4812128280883,impostor
calibration,0,-55.700365735215485,impostor
calibration,0,-81.54863037639677,impostor
calibration,0,-60.79621034325497,impostor
calibration,0,-58.16459091893133,impostor
calibration,0,-62.162788564892146,impostor
calibration,0,-376.1751183981848,impostor
calibration,0,-80.54174954623169,impostor
calibration,0,-67.66391924165758,impostor
calibration,0,-169.53594310876554,impostor
calibration,0,-70.32894477428972,impostor
calibration,0,-225.1637687185421,impostor
calibration,0,-129.28743169749637,impostor
calibration,0,-125.2126251594462,impostor
calibration,0,-117.07771430542302,impostor
calibration,0,-123.98610618270425,impostor
calibration,0,-166.3727845496026,impostor
calibration,0,-129.91596224001978,impostor
calibration,0,-140.1553308603416,impostor
calibration,0,-138.7553763823246,impostor
calibration,0,-105.40842850109443,impostor
calibration,0,-114.56952044437824,impostor
calibration,0,-121.2484841314395,impostor
calibration,0,-122.9196793444839,impostor
calibration,0,-148.4352569150401,impostor
calibration,0,-111.98350385707307,impostor
calibration,0,-102.77364680189609,impostor
calibration,0,-103.05794205926978,impostor
calibration,0,-89.98799659857444,impostor
calibration,0,-110.57174591807033,impostor
calibration,0,-88.17140813130702,impostor
calibration,0,-95.82150714115059,impostor
calibration,0,-84.51632002190928,impostor
calibration,0,-82.75934827713405,impostor
calibration,0,-90.3474499211331,impostor
calibration,0,-95.67599761931842,impostor
calibration,0,-77.97495975415843,impostor
calibration,0,-73.79795071945941,impostor
calibration,0,-63.81986585796212,impostor
calibration,0,-57.79815681007184,impostor
calibration,0,-68.54090468525563,impostor
calibration,0,-84.8490549677509,impostor
calibration,0,-68.33337028108464,impostor
calibration,0,-88.05726870520871,impostor
calibration,0,-62.98488126147967,impostor
calibration,0,-71.37700893989667,impostor
calibration,0,-180.1308722563828,impostor
calibration,0,-155.59303326851605,impostor
calibration,0,-137.9580081641589,impostor
calibration,0,-113.63706390919874,impostor
calibration,0,-128.9456073043897,impostor
calibration,0,-143.63699659317032,impostor
calibration,0,-205.17347611711335,impostor
calibration,0,-113.35605894668002,impostor
calibration,0,-116.23795156079416,impostor
calibration,0,-96.80967432415547,impostor
calibration,0,-257.9090367965956,impostor
calibration,0,-186.44968932809545,impostor
calibration,0,-214.7317925713897,impostor
calibration,0,-175.45456300117908,impostor
calibration,0,-189.76946439318115,impostor
calibration,0,-174.54315555170928,impostor
calibration,0,-61.86659740100652,impostor
calibration,0,-90.00447861120028,impostor
calibration,0,-64.56334566194195,impostor
calibration,0,-83.58406806150701,impostor
calibration,0,-192.5227192452666,impostor
calibration,0,-217.91409347902666,impostor
calibration,0,-180.74778733219426,impostor
calibration,0,-208.38444820427299,impostor
calibration,0,-175.35823502571625,impostor
calibration,0,-80.97894471625503,impostor
calibration,0,-71.73377434955202,impostor
calibration,0,-63.040056295711516,impostor
calibration,0,-80.06481258276713,impostor
calibration,0,-63.55432155714857,impostor
calibration,0,-57.23833973251622,impostor
calibration,0,-64.21023902791603,impostor
calibration,0,-61.21099831010984,impostor
calibration,0,-61.7769209517885,impostor
calibration,0,-52.279377667858846,impostor
calibration,0,-117.41221481842115,impostor
calibration,0,-97.68567235572903,impostor
calibration,0,-90.86782882759866,impostor
calibration,0,-63.77907316884311,impostor
calibration,0,-63.95898229520555,impostor
calibration,0,-124.77451694633551,impostor
calibration,0,-120.07799220366199,impostor
calibration,0,-86.67516784614543,impostor
calibration,0,-79.43641289947614,impostor
calibration,0,-83.54189844631566,impostor
calibration,0,-178.73453041618518,impostor
calibration,0,-188.00906219868614,impostor
calibration,0,-323.3611461981005,impostor
calibration,0,-201.6987859428619,impostor
calibration,0,-162.58029325911107,impostor
calibration,0,-86.59614608460595,impostor
calibration,0,-81.3042215665334,impostor
calibration,0,-80.43964744116366,impostor
calibration,0,-99.71976033902816,impostor
calibration,0,-98.18628912900714,impostor
calibration,0,-147.2472398765052,impostor
calibration,0,-93.15555881072963,impostor
calibration,0,-77.36055540085681,impostor
calibration,0,-65.37152846404723,impostor
calibration,0,-65.52631594629221,impostor
calibration,0,-198.59891314519274,impostor
calibration,0,-139.7529443861651,impostor
calibration,0,-138.80624303842993,impostor
calibration,0,-149.8505979866813,impostor
calibration,0,-110.76762455209668,impostor
calibration,0,-61.25178055032826,impostor
calibration,0,-102.7144213994114,impostor
calibration,0,-67.78891133901504,impostor
calibration,0,-60.57308179097755,impostor
calibration,0,-65.15817205050388,impostor
calibration,0,-106.67065504985298,impostor
calibration,0,-96.16070262073448,impostor
calibration,0,-94.55311464102864,impostor
calibration,0,-103.6587048636802,impostor
calibration,0,-133.76613368172258,impostor
calibration,0,-96.95265170460976,impostor
calibration,0,-97.57194322619625,impostor
calibration,0,-88.5892514555144,impostor
calibration,0,-93.85451580414139,impostor
calibration,0,-104.52504240126144,impostor
calibration,0,-83.77915304970931,impostor
calibration,0,-70.95720476472749,impostor
calibration,0,-65.21020531322074,impostor
calibration,0,-53.821099865060496,impostor
calibration,0,-57.55192841129548,impostor
calibration,1,-21.261513455598312,genuine
calibration,1,-21.296286518365307,genuine
calibration,1,-24.710198707719933,genuine
calibration,1,-19.18216451334732,genuine
calibration,1,-24.695862695219525,genuine
calibration,1,-27.69302637709059,genuine
calibration,1,-36.477236605059616,genuine
calibration,1,-23.287985199317745,genuine
calibration,1,-32.550417727276674,genuine
calibration,1,-27.21110194504455,genuine
calibration,1,-26.04868098414822,genuine
calibration,1,-30.88390409320771,genuine
calibration,1,-46.21520980805729,genuine
calibration,1,-43.39417889958491,genuine
calibration,1,-27.89788853201035,genuine
calibration,1,-27.937619986451516,genuine
calibration,1,-27.596176828464817,genuine
calibration,1,-29.24348171610815,genuine
calibration,1,-31.107205825661964,genuine
calibration,1,-36.28662906414131,genuine
calibration,1,-24.22193015242066,genuine
calibration,1,-24.335033872330467,genuine
calibration,1,-25.07421044801773,genuine
calibration,1,-27.29015770530335,genuine
calibration,1,-30.940722568534483,genuine
calibration,1,-53.70394918036097,genuine
calibration,1,-45.31663591683611,genuine
calibration,1,-37.02227563797965,genuine
calibration,1,-34.393458568850015,genuine
calibration,1,-55.187774294744585,genuine
calibration,1,-37.04147193108902,genuine
calibration,1,-32.65032221240599,genuine
calibration,1,-50.046175114322374,genuine
calibration,1,-45.63724664092356,genuine
calibration,1,-33.75719354522601,genuine
calibration,1,-38.49699352200159,genuine
calibration,1,-41.005238762632146,genuine
calibration,1,-44.766029233890876,genuine
calibration,1,-39.694014362419004,genuine
calibration,1,-43.84324945117206,genuine
calibration,1,-49.337407896432794,genuine
calibration,1,-45.925681791593576,genuine
calibration,1,-48.42974496726657,genuine
calibration,1,-39.95044130012628,genuine
calibration,1,-37.15446226114805,genuine
calibration,1,-53.40925526150836,genuine
calibration,1,-40.88373733813084,genuine
calibration,1,-46.67039277747502,genuine
calibration,1,-48.899292987563996,genuine
calibration,1,-38.62246345402637,genuine
calibration,1,-32.113365033121724,genuine
calibration,1,-32.939457682841685,genuine
calibration,1,-34.541886067501615,genuine
calibration,1,-26.003789247373575,genuine
calibration,1,-22.917722309911657,genuine
calibration,1,-29.64584018016955,genuine
calibration,1,-34.388093204610776,genuine
calibration,1,-30.559485955392844,genuine
calibration,1,-36.741367981463824,genuine
calibration,1,-35.613420127480445,genuine
calibration,1,-39.314159255980286,genuine
calibration,1,-38.9815563905568,genuine
calibration,1,-36.13066450805545,genuine
calibration,1,-39.21610154409481,genuine
calibration,1,-41.109291961572715,genuine
calibration,1,-35.57393665962866,genuine
calibration,1,-43.439964507752705,genuine
calibration,1,-34.90961299358147,genuine
calibration,1,-38.27157738984613,genuine
calibration,1,-33.4128980258035,genuine
calibration,1,-34.80708272126513,genuine
calibration,1,-36.90706229911798,genuine
calibration,1,-32.465908252174245,genuine
calibration,1,-42.84227638794897,genuine
calibration,1,-33.50884034936038,genuine
calibration,1,-37.299933983349675,genuine
calibration,1,-35.80896297229126,genuine
calibration,1,-36.73686860855717,genuine
calibration,1,-33.87203790941938,genuine
calibration,1,-51.354399256880924,genuine
calibration,1,-33.170272840781756,genuine
calibration,1,-37.8516717408906,genuine
calibration,1,-48.4564185788562,genuine
calibration,1,-46.27859533489114,genuine
calibration,1,-44.73348010881106,genuine
calibration,1,-33.71400589419497,genuine
calibration,1,-39.06151941362888,genuine
calibration,1,-48.48218761764817,genuine
calibration,1,-39.42741244993899,genuine
calibration,1,-62.18978904416219,genuine
calibration,1,-37.794894344459635,genuine
calibration,1,-45.78004848789924,genuine
calibration,1,-40.031877227990144,genuine
calibration,1,-34.142159453589116,genuine
calibration,1,-41.84666915872433,genuine
calibration,1,-46.40679205400453,genuine
calibration,1,-35.61917950268598,genuine
calibration,1,-44.656972251336335,genuine
calibration,1,-47.51921284254628,genuine
calibration,1,-40.78435612041275,genuine
calibration,1,-31.572102974637296,genuine
calibration,1,-35.425025681426355,genuine
calibration,1,-38.20482033745194,genuine
calibration,1,-33.67126281792248,genuine
calibration,1,-31.145898274006147,genuine
calibration,1,-37.84417542166188,genuine
calibration,1,-29.86584956316481,genuine
calibration,1,-32.154722740095856,genuine
calibration,1,-29.52651165390829,genuine
calibration,1,-29.207365972375385,genuine
calibration,1,-38.82240780072631,genuine
calibration,1,-36.16635728365942,genuine
calibration,1,-27.711691934839262,genuine
calibration,1,-30.39456465598026,genuine
calibration,1,-37.602972653073955,genuine
calibration,1,-33.92052789874289,genuine
calibration,1,-42.7985872132731,genuine
calibration,1,-39.00794520240806,genuine
calibration,1,-38.280386287638045,genuine
calibration,1,-37.303540607398716,genuine
calibration,1,-37.15837553748522,genuine
calibration,1,-45.805444641071446,genuine
calibration,1,-38.87464496962991,genuine
calibration,1,-39.9872574777758,genuine
calibration,1,-42.27524116439725,genuine
calibration,1,-46.57529504140158,genuine
calibration,1,-36.29194570186883,genuine
calibration,1,-39.89008363983046,genuine
calibration,1,-41.02225323500616,genuine
calibration,1,-48.302875259048946,genuine
calibration,1,-45.06824053534538,genuine
calibration,1,-50.42904402291542,genuine
calibration,1,-42.169354087904466,genuine
calibration,1,-37.247464365989835,genuine
calibration,1,-57.11610029225727,genuine
calibration,1,-49.20834494889114,genuine
calibration,1,-38.67339472812361,genuine
calibration,1,-46.39442313359699,genuine
calibration,1,-63.725518793263745,genuine
calibration,1,-39.72930699514036,genuine
calibration,1,-42.13504137463888,genuine
calibration,1,-54.3957511387618,genuine
calibration,1,-39.88342639439131,genuine
calibration,1,-38.187680488649775,genuine
calibration,1,-48.40257831349282,genuine
calibration,1,-71.15534331022731,genuine
calibration,1,-51.25931306874139,genuine
calibration,1,-47.46903397396426,genuine
calibration,1,-43.69068874087605,genuine
calibration,1,-44.62872661598823,genuine
calibration,1,-36.56420186692522,genuine
calibration,1,-36.65438766720308,genuine
calibration,1,-38.31739705512059,genuine
calibration,1,-25.084747489423098,genuine
calibration,1,-41.00994269190791,genuine
calibration,1,-37.631439469454975,genuine
calibration,1,-51.810213888182346,genuine
calibration,1,-46.90623385083909,genuine
calibration,1,-42.10812277389795,genuine
calibration,1,-64.15667170280307,genuine
calibration,1,-29.759162565277805,genuine
calibration,1,-34.7322843236769,genuine
calibration,1,-48.301771559323875,genuine
calibration,1,-34.23912415149252,genuine
calibration,1,-46.083282171053405,genuine
calibration,1,-49.14076935760827,genuine
calibration,1,-39.48841591656259,genuine
calibration,1,-39.386983541498644,genuine
calibration,1,-39.62608570245339,genuine
calibration,1,-37.21091449141061,genuine
calibration,1,-44.39589825670078,genuine
calibration,1,-41.08973667981733,genuine
calibration,1,-44.70007627922983,genuine
calibration,1,-46.463373319669124,genuine
calibration,1,-55.49722808105667,genuine
calibration,1,-39.65578687051506,genuine
calibration,1,-34.88818404845727,genuine
calibration,1,-45.729873354782306,genuine
calibration,1,-43.92314281381022,genuine
calibration,1,-44.253696813808105,genuine
calibration,1,-43.11722446570371,genuine
calibration,1,-38.71322563886719,genuine
calibration,1,-47.60133938483121,genuine
calibration,1,-35.88631413586795,genuine
calibration,1,-39.33469262537399,genuine
calibration,1,-38.36798457033756,genuine
calibration,1,-36.66373090749098,genuine
calibration,1,-46.587321604289016,genuine
calibration,1,-44.540993976311306,genuine
calibration,1,-45.6777288916929,genuine
calibration,1,-42.70789435942204,genuine
calibration,1,-42.52848262748162,genuine
calibration,1,-34.90287634995244,genuine
calibration,1,-39.503080580655435,genuine
calibration,1,-35.93883523775486,genuine
calibration,1,-43.01656136985413,genuine
calibration,1,-42.32636746651731,genuine
calibration,1,-37.27856040075297,genuine
calibration,1,-42.98401357168267,genuine
calibration,1,-37.17231896420474,genuine
calibration,0,-70.18490188416607,impostor
calibration,0,-108.9711465640079,impostor
calibration,0,-86.50925826367293,impostor
calibration,0,-76.6913629904373,impostor
calibration,0,-58.19523082445278,impostor
calibration,0,-180.2993854317416,impostor
calibration,0,-166.13620248234912,impostor
calibration,0,-145.13110881298135,impostor
calibration,0,-172.55039155312505,impostor
calibration,0,-158.56552758924423,impostor
calibration,0,-317.7258646363754,impostor
calibration,0,-294.9054991282551,impostor
calibration,0,-280.0211649378218,impostor
calibration,0,-280.18880308850294,impostor
calibration,0,-244.64104453043478,impostor
calibration,0,-81.93890968256703,impostor
calibration,0,-56.83873978533051,impostor
calibration,0,-104.23735391771964,impostor
calibration,0,-85.08735265822851,impostor
calibration,0,-59.715881193664266,impostor
calibration,0,-142.79809132378693,impostor
calibration,0,-154.79392423088873,impostor
calibration,0,-183.41880854763104,impostor
calibration,0,-53.02463627844765,impostor
calibration,0,-101.97528247807121,impostor
calibration,0,-45.01355610804022,impostor
calibration,0,-43.55963738759773,impostor
calibration,0,-59.2108384485213,impostor
calibration,0,-31.984888874720063,impostor
calibration,0,-42.78640726864357,impostor
calibration,0,-431.08584277207785,impostor
calibration,0,-365.0865316415547,impostor
calibration,0,-371.46416635819895,impostor
calibration,0,-418.84994130516577,impostor
calibration,0,-353.031759767484,impostor
calibration,0,-546.0310227689563,impostor
calibration,0,-424.7549260192191,impostor
calibration,0,-417.98558601758174,impostor
calibration,0,-247.15366850547662,impostor
calibration,0,-439.91873332953503,impostor
calibration,0,-88.28735479240476,impostor
calibration,0,-88.93220040769197,impostor
calibration,0,-88.47277998459765,impostor
calibration,0,-78.1153651529176,impostor
calibration,0,-78.21773227538465,impostor
calibration,0,-480.94177560766633,impostor
calibration,0,-203.32193061461086,impostor
calibration,0,-181.45280367890513,impostor
calibration,0,-166.31111969390645,impostor
calibration,0,-144.83038855906713,impostor
calibration,0,-92.03162051651162,impostor
calibration,0,-84.17072448797865,impostor
calibration,0,-81.2787779504108,impostor
calibration,0,-89.82954584076944,impostor
calibration,0,-40.38555201263523,impostor
calibration,0,-241.31329606880138,impostor
calibration,0,-205.79430375566395,impostor
calibration,0,-226.89864909342094,impostor
calibration,0,-161.73663206424098,impostor
calibration,0,-136.18085723512183,impostor
calibration,0,-120.65257668292226,impostor
calibration,0,-93.84754993497396,impostor
calibration,0,-76.73120730553747,impostor
calibration,0,-68.28977302194184,impostor
calibration,0,-54.92740033680844,impostor
calibration,0,-315.6544286201642,impostor
calibration,0,-295.7954506665815,impostor
calibration,0,-234.7763222908507,impostor
calibration,0,-200.00997786306604,impostor
calibration,0,-241.0703926437699,impostor
calibration,0,-159.6763556698378,impostor
calibration,0,-124.15213229998832,impostor
calibration,0,-117.82201108896439,impostor
calibration,0,-63.36336656482899,impostor
calibration,0,-149.03748421569844,impostor
calibration,0,-86.95607225262765,impostor
calibration,0,-164.5888481393504,impostor
calibration,0,-123.68831723848496,impostor
calibration,0,-109.16181959383981,impostor
calibration,0,-71.6241596110568,impostor
calibration,0,-52.87167028461721,impostor
calibration,0,-92.64796413229294,impostor
calibration,0,-100.20035978067088,impostor
calibration,0,-105.80792147238083,impostor
calibration,0,-67.51056830999804,impostor
calibration,0,-77.03960864563813,impostor
calibration,0,-72.15296624187562,impostor
calibration,0,-84.42872928379951,impostor
calibration,0,-61.03759451544737,impostor
calibration,0,-63.77362774013305,impostor
calibration,0,-42.70562886925571,impostor
calibration,0,-86.15931832527644,impostor
calibration,0,-41.97811029433932,impostor
calibration,0,-43.36510738852846,impostor
calibration,0,-59.57416352409744,impostor
calibration,0,-53.08521165829056,impostor
calibration,0,-50.070719266026614,impostor
calibration,0,-55.09909009411709,impostor
calibration,0,-44.17145350348642,impostor
calibration,0,-47.946970798195814,impostor
calibration,0,-86.62517798123302,impostor
calibration,0,-90.9231471199061,impostor
calibration,0,-92.14054433265562,impostor
calibration,0,-151.44991041069537,impostor
calibration,0,-103.82631835609426,impostor
calibration,0,-104.79544193934885,impostor
calibration,0,-99.84409365771235,impostor
calibration,0,-88.78943052310976,impostor
calibration,0,-107.66499952472523,impostor
calibration,0,-57.117745036105276,impostor
calibration,0,-277.4181309475518,impostor
calibration,0,-222.0662154028831,impostor
calibration,0,-248.48577611818789,impostor
calibration,0,-114.9549473811335,impostor
calibration,0,-224.6735609735998,impostor
calibration,0,-176.8001883125547,impostor
calibration,0,-145.08722760192336,impostor
calibration,0,-171.03611673209193,impostor
calibration,0,-130.94022038047729,impostor
calibration,0,-77.36294608166735,impostor
calibration,0,-60.16549931516959,impostor
calibration,0,-59.967485850245936,impostor
calibration,0,-37.79171921674196,impostor
calibration,0,-33.935666128079575,impostor
calibration,0,-27.200548328503288,impostor
calibration,0,-615.3198228884938,impostor
calibration,0,-97.87261258568596,impostor
calibration,0,-71.96221955289822,impostor
calibration,0,-172.79568360919583,impostor
calibration,0,-87.23526958095732,impostor
calibration,0,-203.53384256688204,impostor
calibration,0,-89.60160234249943,impostor
calibration,0,-94.47366864536792,impostor
calibration,0,-59.391229757512626,impostor
calibration,0,-58.51664026178294,impostor
calibration,0,-162.15812557094824,impostor
calibration,0,-104.52961567440946,impostor
calibration,0,-100.00351690312786,impostor
calibration,0,-127.11456408227208,impostor
calibration,0,-95.04703725599633,impostor
calibration,0,-187.0756757469822,impostor
calibration,0,-161.12245969825142,impostor
calibration,0,-133.56096347602514,impostor
calibration,0,-142.3245795183041,impostor
calibration,0,-126.26089123895164,impostor
calibration,0,-113.57996163849182,impostor
calibration,0,-90.94330447594191,impostor
calibration,0,-50.45479321578394,impostor
calibration,0,-132.3195284074085,impostor
calibration,0,-50.04168335512314,impostor
calibration,0,-79.12039694902016,impostor
calibration,0,-53.08879280515419,impostor
calibration,0,-48.39667812975352,impostor
calibration,0,-45.0596917909011,impostor
calibration,0,-67.12955713720153,impostor
calibration,0,-63.49839540378617,impostor
calibration,0,-59.25231275497377,impostor
calibration,0,-37.02317731661229,impostor
calibration,0,-41.25217896944399,impostor
calibration,0,-66.74464101740568,impostor
calibration,0,-69.02388688584678,impostor
calibration,0,-59.235776129564805,impostor
calibration,0,-73.70585061742334,impostor
calibration,0,-43.0444303062462,impostor
calibration,0,-55.826623536786755,impostor
calibration,0,-164.59279342657388,impostor
calibration,0,-107.6289689436208,impostor
calibration,0,-59.62287701182167,impostor
calibration,0,-80.00042603829111,impostor
calibration,0,-67.66089307873045,impostor
calibration,0,-162.01868069898575,impostor
calibration,0,-234.14664291746342,impostor
calibration,0,-129.0569181785859,impostor
calibration,0,-128.1190809745204,impostor
calibration,0,-89.78436517808588,impostor
calibration,0,-266.0177770064267,impostor
calibration,0,-148.74964677501893,impostor
calibration,0,-167.9954471260794,impostor
calibration,0,-162.23468652337155,impostor
calibration,0,-151.365866980318,impostor
calibration,0,-208.72825752019972,impostor
calibration,0,-85.27537005054477,impostor
calibration,0,-115.67537759887502,impostor
calibration,0,-88.94541723874642,impostor
calibration,0,-116.44305942421595,impostor
calibration,0,-145.08161844544264,impostor
calibration,0,-156.1315689494491,impostor
calibration,0,-127.21187611614161,impostor
calibration,0,-174.372562714031,impostor
calibration,0,-131.76653616000903,impostor
calibration,0,-79.80212246044943,impostor
calibration,0,-35.70880797067771,impostor
calibration,0,-64.93318294289554,impostor
calibration,0,-68.80142223816266,impostor
calibration,0,-63.56355034645923,impostor
calibration,0,-51.9005572636,impostor
calibration,0,-77.42176812201295,impostor
calibration,0,-53.06299321408556,impostor
calibration,0,-52.617997968391826,impostor
calibration,0,-36.49947035664384,impostor
calibration,0,-142.7189811184146,impostor
calibration,0,-93.22629177498828,impostor
calibration,0,-84.66982267723168,impostor
calibration,0,-72.57997070185887,impostor
calibration,0,-65.57194454882355,impostor
calibration,0,-155.38534082566576,impostor
calibration,0,-126.4191809522139,impostor
calibration,0,-61.82904902320804,impostor
calibration,0,-66.39330453379735,impostor
calibration,0,-65.48255367430701,impostor
calibration,0,-226.73771479940456,impostor
calibration,0,-176.76325500631106,impostor
calibration,0,-307.3103797716701,impostor
calibration,0,-175.32399058502403,impostor
calibration,0,-152.29003701090255,impostor
calibration,0,-32.06997017552413,impostor
calibration,0,-43.49722434900884,impostor
calibration,0,-37.38886169668165,impostor
calibration,0,-80.34280689919555,impostor
calibration,0,-38.62000947086338,impostor
calibration,0,-190.4036630483212,impostor
calibration,0,-132.29196503400112,impostor
calibration,0,-72.63571604876415,impostor
calibration,0,-51.926051267235266,impostor
calibration,0,-52.86672980207782,impostor
calibration,0,-219.35728893489534,impostor
calibration,0,-157.39811789642047,impostor
calibration,0,-169.0688879026239,impostor
calibration,0,-193.01731108361395,impostor
calibration,0,-124.17456574305767,impostor
calibration,0,-97.41683382995855,impostor
calibration,0,-140.90163443491596,impostor
calibration,0,-83.30188762648021,impostor
calibration,0,-102.26294078234905,impostor
calibration,0,-77.04896899277271,impostor
calibration,0,-64.35873593917336,impostor
calibration,0,-60.128201722190134,impostor
calibration,0,-51.08160551871231,impostor
calibration,0,-51.09682777872628,impostor
calibration,0,-91.986948876624,impostor
calibration,0,-69.90295229977374,impostor
calibration,0,-57.828574947546514,impostor
calibration,0,-50.56681851951506,impostor
calibration,0,-69.13454293660945,impostor
calibration,0,-59.2527678546615,impostor
calibration,0,-110.73239358629013,impostor
calibration,0,-106.03165880564895,impostor
calibration,0,-77.83517407836186,impostor
calibration,0,-77.49579053199172,impostor
calibration,0,-70.02309372558847,impostor
calibration,1,-35.15175605712805,genuine
calibration,1,-32.210936921366056,genuine
calibration,1,-31.23119581230455,genuine
calibration,1,-66.5212278690604,genuine
calibration,1,-32.02255768360266,genuine
calibration,1,-29.519913324321063,genuine
calibration,1,-32.08589393886078,genuine
calibration,1,-31.892871129429583,genuine
calibration,1,-35.63763823272469,genuine
calibration,1,-29.974139066901394,genuine
calibration,1,-35.14877918016033,genuine
calibration,1,-27.73642716543325,genuine
calibration,1,-40.80313385003784,genuine
calibration,1,-35.55492428602129,genuine
calibration,1,-30.147142024854762,genuine
calibration,1,-33.070817813316594,genuine
calibration,1,-35.43157735494194,genuine
calibration,1,-31.25136115158392,genuine
calibration,1,-46.41614902647249,genuine
calibration,1,-33.89067595201068,genuine
calibration,1,-54.89943786714949,genuine
calibration,1,-21.49045171151982,genuine
calibration,1,-30.1226810661652,genuine
calibration,1,-35.54270752913877,genuine
calibration,1,-33.31331527148561,genuine
calibration,1,-30.146481827022633,genuine
calibration,1,-23.610227755474675,genuine
calibration,1,-32.2830919819736,genuine
calibration,1,-31.664236543390327,genuine
calibration,1,-30.089899323352864,genuine
calibration,1,-28.618396569027688,genuine
calibration,1,-38.52860781188849,genuine
calibration,1,-31.74032263709944,genuine
calibration,1,-30.262891735813454,genuine
calibration,1,-37.909567486809074,genuine
calibration,1,-33.40079314066285,genuine
calibration,1,-29.785922255255198,genuine
calibration,1,-31.444688568672415,genuine
calibration,1,-29.163128411553217,genuine
calibration,1,-30.45180297386029,genuine
calibration,1,-26.287274940416577,genuine
calibration,1,-31.488724638285174,genuine
calibration,1,-39.09477570686117,genuine
calibration,1,-26.114518626296615,genuine
calibration,1,-43.343121383052065,genuine
calibration,1,-24.73707426939775,genuine
calibration,1,-29.763046355647294,genuine
calibration,1,-51.93003595702975,genuine
calibration,1,-26.4419795968517,genuine
calibration,1,-32.24638170901182,genuine
calibration,1,-33.757530170791505,genuine
calibration,1,-36.018874051816994,genuine
calibration,1,-29.43419862589578,genuine
calibration,1,-30.130742974417057,genuine
calibration,1,-40.483001640688684,genuine
calibration,1,-37.52801850104677,genuine
calibration,1,-30.71700546977524,genuine
calibration,1,-36.59946284639245,genuine
calibration,1,-34.51343770138418,genuine
calibration,1,-36.02162697507021,genuine
calibration,1,-32.25341623951652,genuine
calibration,1,-36.414134763389086,genuine
calibration,1,-33.93037007377091,genuine
calibration,1,-38.7958535403588,genuine
calibration,1,-37.970393185133304,genuine
calibration,1,-31.45104871505864,genuine
calibration,1,-31.645995848487676,genuine
calibration,1,-34.28446245135956,genuine
calibration,1,-32.322467092608406,genuine
calibration,1,-32.094849867122655,genuine
calibration,1,-36.31467750548506,genuine
calibration,1,-35.92906379001234,genuine
calibration,1,-62.907635420890955,genuine
calibration,1,-34.19059814840181,genuine
calibration,1,-35.858610256797924,genuine
calibration,1,-39.45614917644949,genuine
calibration,1,-38.42824383489864,genuine
calibration,1,-39.61747334567481,genuine
calibration,1,-51.73837251501103,genuine
calibration,1,-34.02239012584583,genuine
calibration,1,-33.90526128929153,genuine
calibration,1,-34.25748793060427,genuine
calibration,1,-32.63826692765415,genuine
calibration,1,-38.98285746595566,genuine
calibration,1,-39.347210446021876,genuine
calibration,1,-36.73063811652152,genuine
calibration,1,-36.320203086442596,genuine
calibration,1,-89.29117198452245,genuine
calibration,1,-44.00255031100358,genuine
calibration,1,-40.01836325343967,genuine
calibration,1,-38.54550004438377,genuine
calibration,1,-49.12109911662881,genuine
calibration,1,-40.27038235708376,genuine
calibration,1,-42.25177922648543,genuine
calibration,1,-37.86021062290796,genuine
calibration,1,-36.203745850493114,genuine
calibration,1,-43.106550711979686,genuine
calibration,1,-44.21187048586201,genuine
calibration,1,-44.481378942056985,genuine
calibration,1,-35.221841014489165,genuine
calibration,1,-31.803379309206047,genuine
calibration,1,-32.846546539313366,genuine
calibration,1,-32.762374842479,genuine
calibration,1,-34.7592292642373,genuine
calibration,1,-28.699025254280347,genuine
calibration,1,-41.79422704550611,genuine
calibration,1,-29.57514489557101,genuine
calibration,1,-31.382902270536814,genuine
calibration,1,-28.97963875176477,genuine
calibration,1,-27.096291271614223,genuine
calibration,1,-27.298518559067983,genuine
calibration,1,-28.90309987655406,genuine
calibration,1,-31.210622969142875,genuine
calibration,1,-63.31057871701443,genuine
calibration,1,-30.439488717235875,genuine
calibration,1,-31.271889253577488,genuine
calibration,1,-47.17582859776194,genuine
calibration,1,-50.309396349265704,genuine
calibration,1,-30.954406463149546,genuine
calibration,1,-36.64790446033523,genuine
calibration,1,-36.874097214168295,genuine
calibration,1,-39.89847736011668,genuine
calibration,1,-30.19771562565764,genuine
calibration,1,-37.87300112092253,genuine
calibration,1,-39.556943911834246,genuine
calibration,1,-36.79861430566875,genuine
calibration,1,-41.951607759466896,genuine
calibration,1,-30.44594763520406,genuine
calibration,1,-34.77330888068786,genuine
calibration,1,-31.188018176775806,genuine
calibration,1,-29.135729071465523,genuine
calibration,1,-33.81395304643009,genuine
calibration,1,-30.765371477993675,genuine
calibration,1,-46.88163092713931,genuine
calibration,1,-35.66749857873271,genuine
calibration,1,-33.19676913178048,genuine
calibration,1,-35.07687315863432,genuine
calibration,1,-40.91898212983879,genuine
calibration,1,-38.94211853668218,genuine
calibration,1,-40.15876343943332,genuine
calibration,1,-40.699825055611356,genuine
calibration,1,-29.610890090338966,genuine
calibration,1,-39.664592953374786,genuine
calibration,1,-40.35267300078748,genuine
calibration,1,-36.662848756102775,genuine
calibration,1,-30.2375357743078,genuine
calibration,1,-35.68467902620755,genuine
calibration,1,-35.38195931034901,genuine
calibration,1,-62.305358143561286,genuine
calibration,1,-37.718902991528566,genuine
calibration,1,-40.69011860257112,genuine
calibration,1,-30.97144474589105,genuine
calibration,1,-29.366403902634442,genuine
calibration,1,-28.962215134473343,genuine
calibration,1,-33.05574264585426,genuine
calibration,1,-45.87852427382667,genuine
calibration,1,-33.85065351601704,genuine
calibration,1,-30.672618639115036,genuine
calibration,1,-34.92822342182659,genuine
calibration,1,-36.49854189155605,genuine
calibration,1,-36.93596977609002,genuine
calibration,1,-30.434018595983787,genuine
calibration,1,-32.512464927611724,genuine
calibration,1,-34.250737225730475,genuine
calibration,1,-36.176658002868756,genuine
calibration,1,-34.89434575644423,genuine
calibration,1,-33.47782563390291,genuine
calibration,1,-29.01163443707172,genuine
calibration,1,-36.48381367033926,genuine
calibration,1,-39.463804773953,genuine
calibration,1,-41.68734391326165,genuine
calibration,1,-38.629301568766024,genuine
calibration,1,-39.233945389062455,genuine
calibration,1,-31.17949734070488,genuine
calibration,1,-45.039842466872635,genuine
calibration,1,-43.13793248657954,genuine
calibration,1,-35.93396871187552,genuine
calibration,1,-40.544388449868045,genuine
calibration,1,-35.193990416760876,genuine
calibration,1,-36.56453800140463,genuine
calibration,1,-36.0841340979842,genuine
calibration,1,-29.140488779022885,genuine
calibration,1,-36.45198146758066,genuine
calibration,1,-35.4472250088206,genuine
calibration,1,-56.186283564097806,genuine
calibration,1,-35.780445342232994,genuine
calibration,1,-35.222640602802926,genuine
calibration,1,-50.29590235674358,genuine
calibration,1,-43.512813343325796,genuine
calibration,1,-62.63634752174881,genuine
calibration,1,-28.610257609558996,genuine
calibration,1,-27.892654237405097,genuine
calibration,1,-35.321991538393554,genuine
calibration,1,-39.8325358711395,genuine
calibration,1,-40.17915008572541,genuine
calibration,1,-39.66705230632147,genuine
calibration,1,-44.22328161175375,genuine
calibration,1,-44.01025199054556,genuine
calibration,1,-42.08719915703604,genuine
calibration,1,-37.453565257133576,genuine
calibration,0,-60.695272905537706,impostor
calibration,0,-82.7220349048643,impostor
calibration,0,-110.47343820792223,impostor
calibration,0,-57.220241764231474,impostor
calibration,0,-44.159231706380815,impostor
calibration,0,-165.0558140697634,impostor
calibration,0,-151.46151070567834,impostor
calibration,0,-128.4462404777872,impostor
calibration,0,-176.59396148638518,impostor
calibration,0,-140.93317878468721,impostor
calibration,0,-330.18014770437503,impostor
calibration,0,-313.3966589220128,impostor
calibration,0,-264.9061021757174,impostor
calibration,0,-279.12282937174297,impostor
calibration,0,-226.28458057748185,impostor
calibration,0,-83.29439239788245,impostor
calibration,0,-57.484949808477104,impostor
calibration,0,-122.85376182657279,impostor
calibration,0,-75.0249979857215,impostor
calibration,0,-62.438318612738996,impostor
calibration,0,-116.85643443647439,impostor
calibration,0,-136.64255201832998,impostor
calibration,0,-194.48137719352644,impostor
calibration,0,-55.496932059905085,impostor
calibration,0,-96.0943637870277,impostor
calibration,0,-46.127229873949,impostor
calibration,0,-50.235902591827625,impostor
calibration,0,-89.81453195387087,impostor
calibration,0,-39.800701449065436,impostor
calibration,0,-68.66796552105082,impostor
calibration,0,-409.01031464186354,impostor
calibration,0,-352.2910079155228,impostor
calibration,0,-421.4128688332756,impostor
calibration,0,-417.87548208237786,impostor
calibration,0,-338.4199065431648,impostor
calibration,0,-571.2699033923994,impostor
calibration,0,-415.9475761167655,impostor
calibration,0,-396.11293307845716,impostor
calibration,0,-217.21133061562085,impostor
calibration,0,-425.4222673390743,impostor
calibration,0,-80.17001935047676,impostor
calibration,0,-87.84511503821348,impostor
calibration,0,-87.79960263186797,impostor
calibration,0,-83.03271663028934,impostor
calibration,0,-74.49713636168283,impostor
calibration,0,-544.0660413204115,impostor
calibration,0,-199.13049591566661,impostor
calibration,0,-189.23983361639299,impostor
calibration,0,-155.8994401029868,impostor
calibration,0,-143.38903234989763,impostor
calibration,0,-99.98618759261443,impostor
calibration,0,-89.0865035885017,impostor
calibration,0,-85.5713250558789,impostor
calibration,0,-77.71002412593599,impostor
calibration,0,-51.01404757991837,impostor
calibration,0,-236.0159940257338,impostor
calibration,0,-188.21337386520952,impostor
calibration,0,-239.34765848945457,impostor
calibration,0,-145.61933936387587,impostor
calibration,0,-124.65260501808089,impostor
calibration,0,-107.1313632290938,impostor
calibration,0,-79.80083884549394,impostor
calibration,0,-58.255387713200975,impostor
calibration,0,-57.152414775669826,impostor
calibration,0,-44.519227864001955,impostor
calibration,0,-301.1980815861598,impostor
calibration,0,-288.3505729335805,impostor
calibration,0,-222.484347337606,impostor
calibration,0,-211.5209172713677,impostor
calibration,0,-242.82415044615024,impostor
calibration,0,-158.96172271720096,impostor
calibration,0,-125.17947256169346,impostor
calibration,0,-111.77989516724801,impostor
calibration,0,-71.58112941068129,impostor
calibration,0,-149.4754952247232,impostor
calibration,0,-73.84323355513953,impostor
calibration,0,-160.53963473964217,impostor
calibration,0,-122.69107685451225,impostor
calibration,0,-118.26534007228366,impostor
calibration,0,-76.47305312845565,impostor
calibration,0,-56.224930058582665,impostor
calibration,0,-48.556661669645436,impostor
calibration,0,-76.57718587976869,impostor
calibration,0,-38.23981751629896,impostor
calibration,0,-48.58820427340531,impostor
calibration,0,-83.07505299476875,impostor
calibration,0,-90.65709818168503,impostor
calibration,0,-79.92044654998224,impostor
calibration,0,-53.103587962977414,impostor
calibration,0,-70.88476580801382,impostor
calibration,0,-51.382282685645635,impostor
calibration,0,-81.30585101943002,impostor
calibration,0,-55.71389727124621,impostor
calibration,0,-47.32427735024906,impostor
calibration,0,-77.98258679912558,impostor
calibration,0,-64.91681425041689,impostor
calibration,0,-46.42183312354928,impostor
calibration,0,-50.84216986977564,impostor
calibration,0,-35.765055728120714,impostor
calibration,0,-56.78227490396541,impostor
calibration,0,-78.37546860452628,impostor
calibration,0,-69.80929967046751,impostor
calibration,0,-76.29853100031148,impostor
calibration,0,-137.58912305468243,impostor
calibration,0,-73.78535023711278,impostor
calibration,0,-102.48592435709817,impostor
calibration,0,-105.81461068035318,impostor
calibration,0,-72.68163532927545,impostor
calibration,0,-95.60959460321651,impostor
calibration,0,-57.598253004795,impostor
calibration,0,-267.2920202662157,impostor
calibration,0,-199.0832720885505,impostor
calibration,0,-293.9531095185933,impostor
calibration,0,-109.67293790867879,impostor
calibration,0,-217.00337519274504,impostor
calibration,0,-148.32324395164315,impostor
calibration,0,-115.27531379911987,impostor
calibration,0,-144.92802121412456,impostor
calibration,0,-117.66454871679198,impostor
calibration,0,-63.48454926714654,impostor
calibration,0,-50.21949685547597,impostor
calibration,0,-56.539261828929114,impostor
calibration,0,-31.77662160194253,impostor
calibration,0,-37.509552458466466,impostor
calibration,0,-25.11775033357528,impostor
calibration,0,-590.1164053606936,impostor
calibration,0,-91.63421442146209,impostor
calibration,0,-63.3214230419421,impostor
calibration,0,-144.8666813723759,impostor
calibration,0,-74.59866390418112,impostor
calibration,0,-242.7759037582784,impostor
calibration,0,-77.55089608027029,impostor
calibration,0,-76.43042172761015,impostor
calibration,0,-39.18036702136062,impostor
calibration,0,-45.354149300412004,impostor
calibration,0,-123.52649710978021,impostor
calibration,0,-92.29515510240607,impostor
calibration,0,-84.64181113034168,impostor
calibration,0,-96.03490350983908,impostor
calibration,0,-79.8288741850807,impostor
calibration,0,-176.07551251493027,impostor
calibration,0,-215.34975057832344,impostor
calibration,0,-113.34066475860104,impostor
calibration,0,-133.65330044273725,impostor
calibration,0,-100.78541445803376,impostor
calibration,0,-98.44475984591956,impostor
calibration,0,-87.76390687645464,impostor
calibration,0,-43.81614224195305,impostor
calibration,0,-125.81552013071257,impostor
calibration,0,-42.26843158534645,impostor
calibration,0,-68.92079001757621,impostor
calibration,0,-54.424806574832715,impostor
calibration,0,-52.941024515275906,impostor
calibration,0,-51.00813468758254,impostor
calibration,0,-62.246165626539735,impostor
calibration,0,-66.33711996085371,impostor
calibration,0,-59.13772725163843,impostor
calibration,0,-48.364222115157546,impostor
calibration,0,-53.20406885748445,impostor
calibration,0,-53.813979694024965,impostor
calibration,0,-58.607381940861075,impostor
calibration,0,-62.93621801379879,impostor
calibration,0,-84.41922511873565,impostor
calibration,0,-47.6241690797737,impostor
calibration,0,-57.419511182100486,impostor
calibration,0,-150.23819981021313,impostor
calibration,0,-94.77744533906225,impostor
calibration,0,-47.87374443203028,impostor
calibration,0,-77.09876330522823,impostor
calibration,0,-67.92475323521776,impostor
calibration,0,-159.85380872550522,impostor
calibration,0,-239.75473343073213,impostor
calibration,0,-128.34888705105357,impostor
calibration,0,-127.7900027376269,impostor
calibration,0,-103.35489061300864,impostor
calibration,0,-224.30026533987248,impostor
calibration,0,-123.64380943565737,impostor
calibration,0,-150.950433080362,impostor
calibration,0,-153.15026309624673,impostor
calibration,0,-136.42287019393967,impostor
calibration,0,-210.61933264079005,impostor
calibration,0,-79.59174507026822,impostor
calibration,0,-107.4586883788131,impostor
calibration,0,-81.93343890730345,impostor
calibration,0,-128.37441698223637,impostor
calibration,0,-107.87043234192815,impostor
calibration,0,-125.75960788712537,impostor
calibration,0,-99.82052752050382,impostor
calibration,0,-133.7372227669339,impostor
calibration,0,-111.07039339262224,impostor
calibration,0,-79.73716267174309,impostor
calibration,0,-31.196154690274593,impostor
calibration,0,-62.39614869854345,impostor
calibration,0,-71.91980622984599,impostor
calibration,0,-58.911036447212346,impostor
calibration,0,-52.03291097853713,impostor
calibration,0,-79.55356001547553,impostor
calibration,0,-67.26219864020078,impostor
calibration,0,-44.14760679520572,impostor
calibration,0,-43.84092314330569,impostor
calibration,0,-130.82033336832043,impostor
calibration,0,-96.36176711353312,impostor
calibration,0,-91.135917131712,impostor
calibration,0,-69.32645978690995,impostor
calibration,0,-58.5337942723087,impostor
calibration,0,-120.4235633979651,impostor
calibration,0,-104.19816193429517,impostor
calibration,0,-54.6059892633041,impostor
calibration,0,-50.79768148528521,impostor
calibration,0,-57.6305442163515,impostor
calibration,0,-195.28940615041444,impostor
calibration,0,-137.24485687052967,impostor
calibration,0,-275.73267904139124,impostor
calibration,0,-142.26122865504115,impostor
calibration,0,-131.11696326071444,impostor
calibration,0,-32.0713539621965,impostor
calibration,0,-31.867305720223076,impostor
calibration,0,-30.919683212711004,impostor
calibration,0,-58.83291075804503,impostor
calibration,0,-27.055894075002126,impostor
calibration,0,-181.66011180616255,impostor
calibration,0,-127.53491224890634,impostor
calibration,0,-76.06782131610952,impostor
calibration,0,-55.54628180585314,impostor
calibration,0,-51.95090322254209,impostor
calibration,0,-203.43518110285655,impostor
calibration,0,-160.65801191609884,impostor
calibration,0,-167.35506326580168,impostor
calibration,0,-184.1944092866242,impostor
calibration,0,-115.15687020529461,impostor
calibration,0,-95.31414737727316,impostor
calibration,0,-184.1992877945354,impostor
calibration,0,-83.25449329374048,impostor
calibration,0,-97.4434376324449,impostor
calibration,0,-76.11463188466897,impostor
calibration,0,-64.16937414746035,impostor
calibration,0,-52.17628229645623,impostor
calibration,0,-39.3045503759376,impostor
calibration,0,-61.40645649578352,impostor
calibration,0,-64.87936624499886,impostor
calibration,0,-56.733484156859355,impostor
calibration,0,-57.60309936982627,impostor
calibration,0,-49.03525774728896,impostor
calibration,0,-54.69466204378014,impostor
calibration,0,-49.571976150994665,impostor
calibration,0,-105.38742328571385,impostor
calibration,0,-97.46914009036905,impostor
calibration,0,-92.18122956307528,impostor
calibration,0,-83.97166536172456,impostor
calibration,0,-68.24777787408384,impostor
calibration,1,-32.48368081297754,genuine
calibration,1,-38.51086547194455,genuine
calibration,1,-42.83354678511073,genuine
calibration,1,-39.77579185123919,genuine
calibration,1,-31.410508125186244,genuine
calibration,1,-28.208850444883634,genuine
calibration,1,-38.97412897364381,genuine
calibration,1,-59.54232472319451,genuine
calibration,1,-34.8324263423609,genuine
calibration,1,-34.997363796959526,genuine
calibration,1,-31.381639796640563,genuine
calibration,1,-19.023782911926393,genuine
calibration,1,-85.65587138031208,genuine
calibration,1,-86.82454064067285,genuine
calibration,1,-33.41300032716424,genuine
calibration,1,-32.532905115907134,genuine
calibration,1,-35.879723976357255,genuine
calibration,1,-88.26854847953717,genuine
calibration,1,-25.69667853947339,genuine
calibration,1,-29.39257324399153,genuine
calibration,1,-35.98007696950201,genuine
calibration,1,-45.72210100194803,genuine
calibration,1,-36.17484894729333,genuine
calibration,1,-53.93599506047982,genuine
calibration,1,-66.62150292781865,genuine
calibration,1,-37.8730976043915,genuine
calibration,1,-48.61843376018186,genuine
calibration,1,-22.499115874971842,genuine
calibration,1,-35.87073365142531,genuine
calibration,1,-29.459713904222113,genuine
calibration,1,-27.998702551627122,genuine
calibration,1,-35.65626852173551,genuine
calibration,1,-28.658108103069655,genuine
calibration,1,-67.24278211766554,genuine
calibration,1,-23.740827840117454,genuine
calibration,1,-23.306775657392684,genuine
calibration,1,-46.23954684472728,genuine
calibration,1,-30.039016619470562,genuine
calibration,1,-65.65609896541787,genuine
calibration,1,-25.221855180021272,genuine
calibration,1,-30.229112673772367,genuine
calibration,1,-27.784929025654368,genuine
calibration,1,-23.716219135326217,genuine
calibration,1,-51.076671362464495,genuine
calibration,1,-36.420941185498414,genuine
calibration,1,-27.382500739267552,genuine
calibration,1,-39.76045993125377,genuine
calibration,1,-58.09790334225419,genuine
calibration,1,-44.913245844412785,genuine
calibration,1,-26.75295036409334,genuine
calibration,1,-48.217237954513465,genuine
calibration,1,-43.523569057969105,genuine
calibration,1,-42.41461586215871,genuine
calibration,1,-47.56326177080878,genuine
calibration,1,-48.772734319024295,genuine
calibration,1,-58.40086159275374,genuine
calibration,1,-53.40835126530002,genuine
calibration,1,-43.62202216934946,genuine
calibration,1,-79.70131646712697,genuine
calibration,1,-35.21984237191809,genuine
calibration,1,-37.97018264643761,genuine
calibration,1,-44.26396320674547,genuine
calibration,1,-73.15115562025882,genuine
calibration,1,-32.81688603055272,genuine
calibration,1,-71.36757836870402,genuine
calibration,1,-30.537933130192236,genuine
calibration,1,-39.09084799975756,genuine
calibration,1,-47.734500925378825,genuine
calibration,1,-43.92738675881324,genuine
calibration,1,-41.70870887742217,genuine
calibration,1,-38.21509766859827,genuine
calibration,1,-45.814919675659944,genuine
calibration,1,-52.86462028940116,genuine
calibration,1,-53.6161623025083,genuine
calibration,1,-61.578334881032745,genuine
calibration,1,-34.105999128429104,genuine
calibration,1,-44.358050818345184,genuine
calibration,1,-43.69917300932364,genuine
calibration,1,-45.06114881712714,genuine
calibration,1,-56.851713594629274,genuine
calibration,1,-50.810114982567875,genuine
calibration,1,-49.19597319519526,genuine
calibration,1,-52.722914143339274,genuine
calibration,1,-30.946525596646662,genuine
calibration,1,-61.55942533836328,genuine
calibration,1,-31.552525441346088,genuine
calibration,1,-31.905169903217786,genuine
calibration,1,-55.16609226140116,genuine
calibration,1,-31.542821735244193,genuine
calibration,1,-40.12528065502201,genuine
calibration,1,-30.269569736673052,genuine
calibration,1,-43.52025060579929,genuine
calibration,1,-49.4925083313592,genuine
calibration,1,-33.20318347621733,genuine
calibration,1,-32.66849320999473,genuine
calibration,1,-30.72274451662648,genuine
calibration,1,-35.31980413436522,genuine
calibration,1,-56.80978929738301,genuine
calibration,1,-39.973386462171206,genuine
calibration,1,-44.02337789652697,genuine
calibration,1,-84.55381054721403,genuine
calibration,1,-42.73567873477363,genuine
calibration,1,-37.239537040220824,genuine
calibration,1,-36.50860063547729,genuine
calibration,1,-32.34874621794338,genuine
calibration,1,-36.19879413584367,genuine
calibration,1,-30.438727843276975,genuine
calibration,1,-37.11036265811607,genuine
calibration,1,-29.908455611354185,genuine
calibration,1,-43.59736682876179,genuine
calibration,1,-29.703801598742114,genuine
calibration,1,-33.43154197599383,genuine
calibration,1,-43.98741541516577,genuine
calibration,1,-29.95141476251071,genuine
calibration,1,-31.048232966142148,genuine
calibration,1,-30.718483315297185,genuine
calibration,1,-32.870339068849376,genuine
calibration,1,-31.84109803154838,genuine
calibration,1,-85.02077461643212,genuine
calibration,1,-36.56239509866743,genuine
calibration,1,-30.199742065471888,genuine
calibration,1,-40.03672851039282,genuine
calibration,1,-30.777086971770977,genuine
calibration,1,-38.65566803548217,genuine
calibration,1,-29.380489142637227,genuine
calibration,1,-37.79451666314844,genuine
calibration,1,-63.61667677161508,genuine
calibration,1,-69.6874090040839,genuine
calibration,1,-37.326680876678346,genuine
calibration,1,-29.166036854388157,genuine
calibration,1,-34.10928409832486,genuine
calibration,1,-36.07174044765279,genuine
calibration,1,-35.47730490883093,genuine
calibration,1,-36.53200700773501,genuine
calibration,1,-33.249005016834836,genuine
calibration,1,-38.42330420643473,genuine
calibration,1,-27.17479520159076,genuine
calibration,1,-30.433560382264595,genuine
calibration,1,-38.3475565829071,genuine
calibration,1,-37.82441042944834,genuine
calibration,1,-32.12563130955541,genuine
calibration,1,-33.98496373544284,genuine
calibration,1,-57.915146322077064,genuine
calibration,1,-37.62092782576871,genuine
calibration,1,-31.48437637069722,genuine
calibration,1,-65.90437754536853,genuine
calibration,1,-28.129767276021347,genuine
calibration,1,-26.987725642896837,genuine
calibration,1,-30.994806235935023,genuine
calibration,1,-44.73661228320165,genuine
calibration,1,-51.0977333005345,genuine
calibration,1,-34.50274160626891,genuine
calibration,1,-30.45493610195898,genuine
calibration,1,-40.2644990027929,genuine
calibration,1,-30.57920578204579,genuine
calibration,1,-31.574997361380262,genuine
calibration,1,-25.651199336775306,genuine
calibration,1,-25.35171295030532,genuine
calibration,1,-32.752870879814814,genuine
calibration,1,-24.310169394586428,genuine
calibration,1,-25.62168093917698,genuine
calibration,1,-41.60547637775197,genuine
calibration,1,-79.68232227832998,genuine
calibration,1,-33.68608810026243,genuine
calibration,1,-33.138687566867695,genuine
calibration,1,-49.290932592711556,genuine
calibration,1,-31.713860033333752,genuine
calibration,1,-36.88494278928451,genuine
calibration,1,-28.414804472021995,genuine
calibration,1,-25.864814819184552,genuine
calibration,1,-31.65203443991991,genuine
calibration,1,-27.592526156949024,genuine
calibration,1,-38.67189893854476,genuine
calibration,1,-28.83295841502731,genuine
calibration,1,-30.889971292684912,genuine
calibration,1,-23.14708341920088,genuine
calibration,1,-31.84955828673266,genuine
calibration,1,-31.694345284882008,genuine
calibration,1,-111.49535634539755,genuine
calibration,1,-37.65794680821992,genuine
calibration,1,-31.193847261133577,genuine
calibration,1,-29.493102978155804,genuine
calibration,1,-30.563116156001804,genuine
calibration,1,-29.700604660937707,genuine
calibration,1,-37.91366272460864,genuine
calibration,1,-29.84105303089708,genuine
calibration,1,-36.70520061807983,genuine
calibration,1,-26.82568465498909,genuine
calibration,1,-42.22605183397388,genuine
calibration,1,-22.56150163827068,genuine
calibration,1,-25.98369084117085,genuine
calibration,1,-35.407971417054554,genuine
calibration,1,-30.801582395314764,genuine
calibration,1,-35.621027316628386,genuine
calibration,1,-26.975797323537776,genuine
calibration,1,-27.014259331928713,genuine
calibration,1,-22.03113660970049,genuine
calibration,1,-41.32658300119103,genuine
calibration,1,-50.451314611547005,genuine
calibration,1,-25.71912245631335,genuine
calibration,0,-110.45278670146637,impostor
calibration,0,-151.8807114598145,impostor
calibration,0,-132.08472276372026,impostor
calibration,0,-131.2088652876356,impostor
calibration,0,-114.73561088629364,impostor
calibration,0,-254.27380679139327,impostor
calibration,0,-216.77951695939063,impostor
calibration,0,-202.98002165758092,impostor
calibration,0,-234.1946236511374,impostor
calibration,0,-206.86125974056966,impostor
calibration,0,-318.84447194610834,impostor
calibration,0,-322.86633990634834,impostor
calibration,0,-268.0338612008089,impostor
calibration,0,-273.33255263612466,impostor
calibration,0,-223.7988272913244,impostor
calibration,0,-110.1127194642622,impostor
calibration,0,-81.91364571185008,impostor
calibration,0,-152.61254654147885,impostor
calibration,0,-106.72833723321327,impostor
calibration,0,-88.41671373990039,impostor
calibration,0,-160.61827982172403,impostor
calibration,0,-133.10424549026823,impostor
calibration,0,-169.63322577357567,impostor
calibration,0,-71.97746317251372,impostor
calibration,0,-111.51127089665897,impostor
calibration,0,-46.19918881983685,impostor
calibration,0,-60.38046175452269,impostor
calibration,0,-105.9321160196363,impostor
calibration,0,-41.647100198611966,impostor
calibration,0,-71.04468361055292,impostor
calibration,0,-424.12739804581696,impostor
calibration,0,-366.8527807021683,impostor
calibration,0,-395.1876380287052,impostor
calibration,0,-426.9271836905284,impostor
calibration,0,-369.1698320977074,impostor
calibration,0,-650.590321284016,impostor
calibration,0,-519.0236176238667,impostor
calibration,0,-467.16172348050964,impostor
calibration,0,-295.9011494994487,impostor
calibration,0,-509.91816736474397,impostor
calibration,0,-110.12240871751719,impostor
calibration,0,-105.64481269635704,impostor
calibration,0,-94.95696799826041,impostor
calibration,0,-101.19560091488685,impostor
calibration,0,-89.03756372596119,impostor
calibration,0,-592.3223725061431,impostor
calibration,0,-241.9601344809346,impostor
calibration,0,-206.70476486996077,impostor
calibration,0,-185.35294260040126,impostor
calibration,0,-173.95182743592173,impostor
calibration,0,-125.81761903834526,impostor
calibration,0,-117.59487592339458,impostor
calibration,0,-124.50443876622097,impostor
calibration,0,-119.83167881296579,impostor
calibration,0,-83.7864574822956,impostor
calibration,0,-281.5660861554168,impostor
calibration,0,-270.435821424933,impostor
calibration,0,-293.65129428057884,impostor
calibration,0,-236.53385401977607,impostor
calibration,0,-199.48743906154587,impostor
calibration,0,-147.51259980553158,impostor
calibration,0,-137.77432529573562,impostor
calibration,0,-128.78071636188142,impostor
calibration,0,-106.59793094511542,impostor
calibration,0,-96.5079858429205,impostor
calibration,0,-325.2224229403472,impostor
calibration,0,-315.4014949835642,impostor
calibration,0,-246.8219750866335,impostor
calibration,0,-221.1095050045907,impostor
calibration,0,-261.64538837683796,impostor
calibration,0,-205.342910230491,impostor
calibration,0,-154.9859451397145,impostor
calibration,0,-167.28827828077766,impostor
calibration,0,-110.05079009391503,impostor
calibration,0,-174.09806036601287,impostor
calibration,0,-86.25299022544588,impostor
calibration,0,-161.89728703794609,impostor
calibration,0,-121.66772582448331,impostor
calibration,0,-103.01398252811777,impostor
calibration,0,-67.82374772076174,impostor
calibration,0,-82.78045260384371,impostor
calibration,0,-68.88685163379446,impostor
calibration,0,-112.66477778647203,impostor
calibration,0,-70.98487250352677,impostor
calibration,0,-56.55404149081707,impostor
calibration,0,-123.85923378727188,impostor
calibration,0,-162.94049391469005,impostor
calibration,0,-192.60097252657826,impostor
calibration,0,-182.57713293161424,impostor
calibration,0,-147.06761868804043,impostor
calibration,0,-40.32153880917717,impostor
calibration,0,-78.37675047613351,impostor
calibration,0,-36.30933312469886,impostor
calibration,0,-32.0504892283869,impostor
calibration,0,-47.53297479774026,impostor
calibration,0,-105.17030179398027,impostor
calibration,0,-67.67550726029816,impostor
calibration,0,-63.885714434851344,impostor
calibration,0,-73.85298688478572,impostor
calibration,0,-86.5625029154135,impostor
calibration,0,-147.58999697573873,impostor
calibration,0,-148.0464429516195,impostor
calibration,0,-171.88891015201443,impostor
calibration,0,-231.64218962202102,impostor
calibration,0,-159.8273765479144,impostor
calibration,0,-149.02753785612734,impostor
calibration,0,-145.19476820456418,impostor
calibration,0,-118.26749645685844,impostor
calibration,0,-174.2273082957975,impostor
calibration,0,-116.66091917922556,impostor
calibration,0,-265.6081251841686,impostor
calibration,0,-197.29003024565137,impostor
calibration,0,-250.1474863556672,impostor
calibration,0,-87.22804569469221,impostor
calibration,0,-200.68385938746746,impostor
calibration,0,-264.4348287285993,impostor
calibration,0,-217.168404296123,impostor
calibration,0,-241.8988268436412,impostor
calibration,0,-212.42761895800686,impostor
calibration,0,-126.92608746915016,impostor
calibration,0,-71.32681160169182,impostor
calibration,0,-106.03237810327185,impostor
calibration,0,-68.33730161746918,impostor
calibration,0,-64.46493783742764,impostor
calibration,0,-60.251424013565774,impostor
calibration,0,-741.691178200763,impostor
calibration,0,-125.98048599357227,impostor
calibration,0,-91.79134341773126,impostor
calibration,0,-129.33171933822769,impostor
calibration,0,-101.4408978562634,impostor
calibration,0,-309.9278883450337,impostor
calibration,0,-164.322740424121,impostor
calibration,0,-164.53186521472549,impostor
calibration,0,-134.55943235634123,impostor
calibration,0,-135.56551627492536,impostor
calibration,0,-227.622667853319,impostor
calibration,0,-153.66586951094527,impostor
calibration,0,-162.67448369802486,impostor
calibration,0,-179.5116918567267,impostor
calibration,0,-131.52572216970765,impostor
calibration,0,-203.42815139943346,impostor
calibration,0,-203.86322132071737,impostor
calibration,0,-172.62784934499987,impostor
calibration,0,-202.9824064526508,impostor
calibration,0,-160.26957511029732,impostor
calibration,0,-143.76330369189074,impostor
calibration,0,-143.07859904151994,impostor
calibration,0,-107.84958920091367,impostor
calibration,0,-196.12325053321476,impostor
calibration,0,-109.40113811956934,impostor
calibration,0,-127.5115549009377,impostor
calibration,0,-103.28515008612636,impostor
calibration,0,-106.65740742035524,impostor
calibration,0,-107.43293260970918,impostor
calibration,0,-124.74466320636324,impostor
calibration,0,-87.06175261827185,impostor
calibration,0,-86.57101496212263,impostor
calibration,0,-66.10795848627994,impostor
calibration,0,-64.5518058253831,impostor
calibration,0,-80.92278849725521,impostor
calibration,0,-111.38383506064058,impostor
calibration,0,-90.44059062918825,impostor
calibration,0,-120.196691032762,impostor
calibration,0,-79.28694275149275,impostor
calibration,0,-92.04471425535301,impostor
calibration,0,-250.118969044109,impostor
calibration,0,-202.38505253409627,impostor
calibration,0,-145.43923801995442,impostor
calibration,0,-147.0216246596571,impostor
calibration,0,-140.52075490019163,impostor
calibration,0,-202.770925417527,impostor
calibration,0,-294.1607457930228,impostor
calibration,0,-172.20406259381687,impostor
calibration,0,-167.44340164109587,impostor
calibration,0,-132.35904844569453,impostor
calibration,0,-370.36097980951575,impostor
calibration,0,-245.77896198638948,impostor
calibration,0,-287.0585100804034,impostor
calibration,0,-252.80195650613564,impostor
calibration,0,-252.9378074451433,impostor
calibration,0,-209.48945091680963,impostor
calibration,0,-83.55340192173176,impostor
calibration,0,-121.10239613474741,impostor
calibration,0,-82.20628788429997,impostor
calibration,0,-130.5616272712327,impostor
calibration,0,-237.30981550173124,impostor
calibration,0,-287.35526440944227,impostor
calibration,0,-229.25870736585682,impostor
calibration,0,-283.5159033422989,impostor
calibration,0,-228.34643257681535,impostor
calibration,0,-109.59948742562244,impostor
calibration,0,-64.4591648059706,impostor
calibration,0,-72.68268829096989,impostor
calibration,0,-97.27543840876815,impostor
calibration,0,-74.8325848452206,impostor
calibration,0,-69.3696795237414,impostor
calibration,0,-90.42886282960839,impostor
calibration,0,-81.63935717748299,impostor
calibration,0,-73.96564679890633,impostor
calibration,0,-56.057133380623455,impostor
calibration,0,-161.8536242675095,impostor
calibration,0,-127.02799911544004,impostor
calibration,0,-108.06129166968073,impostor
calibration,0,-93.67717959041252,impostor
calibration,0,-77.93429660150956,impostor
calibration,0,-203.4016128098274,impostor
calibration,0,-191.54024140898247,impostor
calibration,0,-105.95684983474513,impostor
calibration,0,-97.85754090901084,impostor
calibration,0,-103.33153968688406,impostor
calibration,0,-281.66681565414467,impostor
calibration,0,-263.3669439261523,impostor
calibration,0,-416.86206410519577,impostor
calibration,0,-258.22301344791344,impostor
calibration,0,-223.56626461978692,impostor
calibration,0,-82.3489794340119,impostor
calibration,0,-79.88131728690652,impostor
calibration,0,-75.66074339269026,impostor
calibration,0,-122.84835264241514,impostor
calibration,0,-98.22561640025987,impostor
calibration,0,-217.6219410402411,impostor
calibration,0,-168.55202439437198,impostor
calibration,0,-114.71288407532002,impostor
calibration,0,-88.64244874015745,impostor
calibration,0,-89.29372518511693,impostor
calibration,0,-296.3811596194536,impostor
calibration,0,-215.7951091211478,impostor
calibration,0,-213.06438879979592,impostor
calibration,0,-243.51075229065123,impostor
calibration,0,-170.89959430674344,impostor
calibration,0,-83.45725532719003,impostor
calibration,0,-137.41009009693087,impostor
calibration,0,-85.73443927985018,impostor
calibration,0,-97.03920376598408,impostor
calibration,0,-84.07020341339003,impostor
calibration,0,-126.37060738060806,impostor
calibration,0,-103.43445003199739,impostor
calibration,0,-109.26063965038595,impostor
calibration,0,-123.4854203792802,impostor
calibration,0,-175.37577763370243,impostor
calibration,0,-114.08104942830069,impostor
calibration,0,-111.56490353235377,impostor
calibration,0,-104.16442180654106,impostor
calibration,0,-111.33223758159448,impostor
calibration,0,-116.86483490387225,impostor
calibration,0,-137.53599970378175,impostor
calibration,0,-120.70689617498789,impostor
calibration,0,-97.70794652837591,impostor
calibration,0,-91.38831960483832,impostor
calibration,0,-89.9109892757917,impostor
calibration,1,-44.9299503286736,genuine
calibration,1,-36.4862244611094,genuine
calibration,1,-21.27244765823123,genuine
calibration,1,-23.543347006361092,genuine
calibration,1,-25.946586057002943,genuine
calibration,1,-26.59465485042483,genuine
calibration,1,-22.66057051001392,genuine
calibration,1,-21.462971414868626,genuine
calibration,1,-30.471673282599486,genuine
calibration,1,-25.592221394700285,genuine
calibration,1,-20.0003382095475,genuine
calibration,1,-22.561876862479853,genuine
calibration,1,-21.217688826416904,genuine
calibration,1,-21.565821217219273,genuine
calibration,1,-45.114559810542346,genuine
calibration,1,-57.94268944677327,genuine
calibration,1,-24.52465517422566,genuine
calibration,1,-21.35515212917023,genuine
calibration,1,-32.74952949989359,genuine
calibration,1,-29.20365766369036,genuine
calibration,1,-27.103885828730988,genuine
calibration,1,-24.713383047502674,genuine
calibration,1,-30.24231202974007,genuine
calibration,1,-22.51004628249363,genuine
calibration,1,-24.093446805566966,genuine
calibration,1,-30.663534681234964,genuine
calibration,1,-61.58635264679692,genuine
calibration,1,-26.350761949454085,genuine
calibration,1,-21.535839025832527,genuine
calibration,1,-23.33535890005307,genuine
calibration,1,-23.860049380090288,genuine
calibration,1,-22.07653650258935,genuine
calibration,1,-66.0928673802229,genuine
calibration,1,-34.329093917987066,genuine
calibration,1,-38.19462289701936,genuine
calibration,1,-31.559537563985145,genuine
calibration,1,-27.82446130495842,genuine
calibration,1,-24.412452725321824,genuine
calibration,1,-24.15223592073093,genuine
calibration,1,-43.56468448525845,genuine
calibration,1,-28.788739168844433,genuine
calibration,1,-29.08896274050372,genuine
calibration,1,-30.37025012487463,genuine
calibration,1,-36.3243645190299,genuine
calibration,1,-39.72264674958009,genuine
calibration,1,-32.631990615309434,genuine
calibration,1,-37.516779497197476,genuine
calibration,1,-32.204799001554626,genuine
calibration,1,-31.55381406299002,genuine
calibration,1,-33.846838163610876,genuine
calibration,1,-31.316749650902107,genuine
calibration,1,-24.027999757872056,genuine
calibration,1,-25.1624004713573,genuine
calibration,1,-26.73745304497068,genuine
calibration,1,-24.06102817865134,genuine
calibration,1,-25.200489034505676,genuine
calibration,1,-80.05261431341127,genuine
calibration,1,-31.243212438755357,genuine
calibration,1,-29.3181143719634,genuine
calibration,1,-44.24763105842636,genuine
calibration,1,-29.59932339568507,genuine
calibration,1,-46.05003441631866,genuine
calibration,1,-35.3894763742908,genuine
calibration,1,-30.102285329693228,genuine
calibration,1,-45.93102034277942,genuine
calibration,1,-33.715176571289,genuine
calibration,1,-29.12698487984206,genuine
calibration,1,-34.50939001044928,genuine
calibration,1,-32.87508091600138,genuine
calibration,1,-29.91288842715603,genuine
calibration,1,-33.163411509248,genuine
calibration,1,-24.582416907865806,genuine
calibration,1,-30.38783372868157,genuine
calibration,1,-55.10691986863552,genuine
calibration,1,-42.31647075406566,genuine
calibration,1,-33.662628100558926,genuine
calibration,1,-44.230385284276714,genuine
calibration,1,-46.017302217437624,genuine
calibration,1,-55.23188268669234,genuine
calibration,1,-49.815118616940566,genuine
calibration,1,-28.028987965826392,genuine
calibration,1,-67.98674153032995,genuine
calibration,1,-42.08854846485585,genuine
calibration,1,-42.034327139156304,genuine
calibration,1,-40.59520518407928,genuine
calibration,1,-42.43461693997562,genuine
calibration,1,-50.56217481139124,genuine
calibration,1,-27.89110977468909,genuine
calibration,1,-30.42238352005253,genuine
calibration,1,-31.55687007044469,genuine
calibration,1,-36.380486614446774,genuine
calibration,1,-27.87842867030224,genuine
calibration,1,-35.434180435286706,genuine
calibration,1,-39.770592231231504,genuine
calibration,1,-64.42941909090494,genuine
calibration,1,-35.671876762923816,genuine
calibration,1,-38.990260766145724,genuine
calibration,1,-32.57428903634246,genuine
calibration,1,-34.51035101908212,genuine
calibration,1,-38.26153350519901,genuine
calibration,1,-31.327905966284582,genuine
calibration,1,-39.47163067312417,genuine
calibration,1,-30.328781314332193,genuine
calibration,1,-32.60662769330359,genuine
calibration,1,-29.489429907822327,genuine
calibration,1,-29.199036658383555,genuine
calibration,1,-37.1771161604962,genuine
calibration,1,-50.12938998246552,genuine
calibration,1,-34.23948749694277,genuine
calibration,1,-37.772927074330745,genuine
calibration,1,-41.586301654669896,genuine
calibration,1,-53.46460738429461,genuine
calibration,1,-33.42583626372281,genuine
calibration,1,-33.769432218394414,genuine
calibration,1,-33.834183132878806,genuine
calibration,1,-24.021189568316956,genuine
calibration,1,-30.76226152151573,genuine
calibration,1,-39.155103596524796,genuine
calibration,1,-39.904185311419795,genuine
calibration,1,-25.931561403423146,genuine
calibration,1,-29.456076123673167,genuine
calibration,1,-33.82057506948736,genuine
calibration,1,-36.17442284952714,genuine
calibration,1,-36.81210898485121,genuine
calibration,1,-29.28558990733523,genuine
calibration,1,-33.31240655725805,genuine
calibration,1,-35.241362411979416,genuine
calibration,1,-24.873025934236942,genuine
calibration,1,-28.652803664328484,genuine
calibration,1,-46.773523727190934,genuine
calibration,1,-34.9713795885178,genuine
calibration,1,-38.119508984262275,genuine
calibration,1,-39.97055740565614,genuine
calibration,1,-32.947781070048165,genuine
calibration,1,-32.93836316250211,genuine
calibration,1,-43.88949560503385,genuine
calibration,1,-38.86420008837213,genuine
calibration,1,-39.80070804048046,genuine
calibration,1,-42.13969661815338,genuine
calibration,1,-37.561340421662536,genuine
calibration,1,-31.755952940991904,genuine
calibration,1,-24.867828904594234,genuine
calibration,1,-68.33214017927415,genuine
calibration,1,-22.830020065528984,genuine
calibration,1,-33.031603442347034,genuine
calibration,1,-30.64562909008234,genuine
calibration,1,-38.626564678384305,genuine
calibration,1,-37.54821324886144,genuine
calibration,1,-34.56471078089558,genuine
calibration,1,-105.22714910175237,genuine
calibration,1,-32.9304930899196,genuine
calibration,1,-71.06036353459432,genuine
calibration,1,-32.66472116759007,genuine
calibration,1,-26.824296402023677,genuine
calibration,1,-42.233158868136606,genuine
calibration,1,-30.216045265198545,genuine
calibration,1,-32.31719939265866,genuine
calibration,1,-26.984616283982167,genuine
calibration,1,-29.346831043837973,genuine
calibration,1,-37.70586327239786,genuine
calibration,1,-25.360389929950767,genuine
calibration,1,-38.070957001756526,genuine
calibration,1,-26.33139980167751,genuine
calibration,1,-31.06515601557736,genuine
calibration,1,-25.711240329761562,genuine
calibration,1,-29.009900940235646,genuine
calibration,1,-27.691459842528452,genuine
calibration,1,-27.971646513648764,genuine
calibration,1,-26.45884794252001,genuine
calibration,1,-34.641399288214465,genuine
calibration,1,-36.23241749787814,genuine
calibration,1,-32.422900088156844,genuine
calibration,1,-49.25175215988408,genuine
calibration,1,-34.80063369186489,genuine
calibration,1,-29.934852543320947,genuine
calibration,1,-29.348612207918436,genuine
calibration,1,-24.887656625851204,genuine
calibration,1,-28.176893468097084,genuine
calibration,1,-31.854729074259463,genuine
calibration,1,-30.003212201178645,genuine
calibration,1,-34.628413138806444,genuine
calibration,1,-71.80339478915602,genuine
calibration,1,-32.94707601231232,genuine
calibration,1,-43.025235525903675,genuine
calibration,1,-35.54361094494294,genuine
calibration,1,-42.60144446374289,genuine
calibration,1,-43.15005824405893,genuine
calibration,1,-43.28614015750242,genuine
calibration,1,-35.23178460339914,genuine
calibration,1,-35.7753125656196,genuine
calibration,1,-38.68588070646615,genuine
calibration,1,-39.47605119317292,genuine
calibration,1,-40.38930717342697,genuine
calibration,1,-36.2248106614493,genuine
calibration,1,-39.12025584303327,genuine
calibration,1,-34.92625603005687,genuine
calibration,1,-41.831023766013125,genuine
calibration,1,-47.177521909379045,genuine
calibration,1,-48.71109074868441,genuine
calibration,1,-40.39093855807397,genuine
calibration,0,-118.97398526470514,impostor
calibration,0,-152.59117362394136,impostor
calibration,0,-170.72043371772887,impostor
calibration,0,-127.32366785426944,impostor
calibration,0,-115.07228781644709,impostor
calibration,0,-306.25806817200055,impostor
calibration,0,-290.5304352857856,impostor
calibration,0,-252.82870854362915,impostor
calibration,0,-298.4426038488907,impostor
calibration,0,-280.66789158773395,impostor
calibration,0,-461.3771048875992,impostor
calibration,0,-410.4782291231098,impostor
calibration,0,-342.2961708402322,impostor
calibration,0,-390.05105500431875,impostor
calibration,0,-326.30988899136463,impostor
calibration,0,-116.33615404804007,impostor
calibration,0,-98.87106416766758,impostor
calibration,0,-169.56536080756587,impostor
calibration,0,-114.356660826188,impostor
calibration,0,-111.4380468721599,impostor
calibration,0,-217.21151344183681,impostor
calibration,0,-205.89026756521326,impostor
calibration,0,-249.07000083564097,impostor
calibration,0,-77.23645220975796,impostor
calibration,0,-116.39554917429768,impostor
calibration,0,-54.71709257224712,impostor
calibration,0,-54.80735914333471,impostor
calibration,0,-118.77971667586348,impostor
calibration,0,-34.1796156163143,impostor
calibration,0,-78.16598434071618,impostor
calibration,0,-586.9692385328016,impostor
calibration,0,-533.6313226184077,impostor
calibration,0,-553.3580176748728,impostor
calibration,0,-570.0698779742814,impostor
calibration,0,-390.5942911478531,impostor
calibration,0,-896.3124923866276,impostor
calibration,0,-674.2097977637022,impostor
calibration,0,-597.9110682783676,impostor
calibration,0,-397.8264187401175,impostor
calibration,0,-616.2807734384645,impostor
calibration,0,-126.40259454212935,impostor
calibration,0,-100.3596799423081,impostor
calibration,0,-109.03921153944134,impostor
calibration,0,-119.00526241393362,impostor
calibration,0,-109.9143867724603,impostor
calibration,0,-755.2518731864033,impostor
calibration,0,-306.9731272426311,impostor
calibration,0,-273.8604400094677,impostor
calibration,0,-272.80041592337756,impostor
calibration,0,-214.98679270131686,impostor
calibration,0,-159.8173995768833,impostor
calibration,0,-144.61482478969654,impostor
calibration,0,-131.45637110628067,impostor
calibration,0,-108.07551140417765,impostor
calibration,0,-84.58883071308352,impostor
calibration,0,-446.69605855123524,impostor
calibration,0,-330.50608196555015,impostor
calibration,0,-355.4633159753309,impostor
calibration,0,-273.3763348569056,impostor
calibration,0,-229.1368957422346,impostor
calibration,0,-215.76979062213093,impostor
calibration,0,-159.46360784993524,impostor
calibration,0,-139.69321995899705,impostor
calibration,0,-115.72405809484871,impostor
calibration,0,-96.87554921712957,impostor
calibration,0,-426.49891102031825,impostor
calibration,0,-356.414409655984,impostor
calibration,0,-282.5933324581317,impostor
calibration,0,-275.04382771151415,impostor
calibration,0,-329.2482636317995,impostor
calibration,0,-268.3943448584059,impostor
calibration,0,-198.2384958419996,impostor
calibration,0,-166.7966013767032,impostor
calibration,0,-120.10917269612553,impostor
calibration,0,-201.38803088004914,impostor
calibration,0,-110.86841005550819,impostor
calibration,0,-190.297928249445,impostor
calibration,0,-150.83118249062395,impostor
calibration,0,-155.51203251407634,impostor
calibration,0,-92.87774577271058,impostor
calibration,0,-85.01594088957312,impostor
calibration,0,-91.07854255173338,impostor
calibration,0,-103.32766627591111,impostor
calibration,0,-69.92126748752426,impostor
calibration,0,-67.49958554422585,impostor
calibration,0,-133.81749178043978,impostor
calibration,0,-191.33766529347284,impostor
calibration,0,-220.66747148327985,impostor
calibration,0,-201.64928348280114,impostor
calibration,0,-159.25153859759683,impostor
calibration,0,-122.85260220785686,impostor
calibration,0,-93.70590722787293,impostor
calibration,0,-81.70766022352706,impostor
calibration,0,-77.41844569731086,impostor
calibration,0,-79.8156723697336,impostor
calibration,0,-113.93309355523496,impostor
calibration,0,-71.12770929368345,impostor
calibration,0,-74.60773976381869,impostor
calibration,0,-79.7035629283718,impostor
calibration,0,-96.62099989809931,impostor
calibration,0,-172.28138023970675,impostor
calibration,0,-167.0749687284376,impostor
calibration,0,-187.58283018096913,impostor
calibration,0,-274.9090287367003,impostor
calibration,0,-190.22245066580086,impostor
calibration,0,-206.31308499685775,impostor
calibration,0,-206.6069081003336,impostor
calibration,0,-152.12406602885846,impostor
calibration,0,-210.31400499527157,impostor
calibration,0,-127.3652699616903,impostor
calibration,0,-386.4517732231718,impostor
calibration,0,-275.5861702662098,impostor
calibration,0,-391.8235641684944,impostor
calibration,0,-143.36611103997825,impostor
calibration,0,-245.06112010558735,impostor
calibration,0,-281.4239447532663,impostor
calibration,0,-240.4287803347039,impostor
calibration,0,-266.8548392786459,impostor
calibration,0,-228.39738641134585,impostor
calibration,0,-136.00744560797713,impostor
calibration,0,-95.57836472347903,impostor
calibration,0,-82.61732864264896,impostor
calibration,0,-66.69488899748312,impostor
calibration,0,-55.25226687011476,impostor
calibration,0,-49.62269455950038,impostor
calibration,0,-710.8510543655323,impostor
calibration,0,-147.02350044896482,impostor
calibration,0,-115.12953679936925,impostor
calibration,0,-281.1209833327831,impostor
calibration,0,-84.11492054784283,impostor
calibration,0,-407.28294644418463,impostor
calibration,0,-176.28861554103193,impostor
calibration,0,-176.22310987671364,impostor
calibration,0,-133.59579591407626,impostor
calibration,0,-135.48576592047854,impostor
calibration,0,-279.83633388479393,impostor
calibration,0,-187.49479974236786,impostor
calibration,0,-199.54435331474946,impostor
calibration,0,-221.09854312491925,impostor
calibration,0,-178.35805436212598,impostor
calibration,0,-244.2560858982408,impostor
calibration,0,-257.00398081122944,impostor
calibration,0,-236.29593568581885,impostor
calibration,0,-251.56969593062794,impostor
calibration,0,-190.3796124341546,impostor
calibration,0,-161.36453710958364,impostor
calibration,0,-170.7871861065588,impostor
calibration,0,-110.2953335312672,impostor
calibration,0,-208.16037864772974,impostor
calibration,0,-107.41352985769018,impostor
calibration,0,-138.62461243929803,impostor
calibration,0,-98.80027515652841,impostor
calibration,0,-100.9197294240259,impostor
calibration,0,-97.25653275538686,impostor
calibration,0,-127.41764134529285,impostor
calibration,0,-125.46546761473893,impostor
calibration,0,-114.16142171754551,impostor
calibration,0,-79.0204137868619,impostor
calibration,0,-71.25799798161577,impostor
calibration,0,-95.61283516361715,impostor
calibration,0,-111.64051327118635,impostor
calibration,0,-102.51938707991177,impostor
calibration,0,-136.02469505353412,impostor
calibration,0,-85.27939342970846,impostor
calibration,0,-88.24813724406323,impostor
calibration,0,-284.6438123003611,impostor
calibration,0,-205.1370598526825,impostor
calibration,0,-145.5489522394849,impostor
calibration,0,-170.02672986283554,impostor
calibration,0,-158.30602646951155,impostor
calibration,0,-256.2772625133061,impostor
calibration,0,-330.00861181242556,impostor
calibration,0,-169.19660084781546,impostor
calibration,0,-161.4302222757166,impostor
calibration,0,-137.82925951422934,impostor
calibration,0,-394.81808360976993,impostor
calibration,0,-268.0686893520005,impostor
calibration,0,-314.073609463889,impostor
calibration,0,-301.2558090552754,impostor
calibration,0,-288.78449019264673,impostor
calibration,0,-348.7866277606285,impostor
calibration,0,-111.61786470652646,impostor
calibration,0,-181.54456100356606,impostor
calibration,0,-112.89726237577646,impostor
calibration,0,-177.1047399549578,impostor
calibration,0,-276.5839489737061,impostor
calibration,0,-301.8455992984916,impostor
calibration,0,-241.09803177090518,impostor
calibration,0,-258.9866920464027,impostor
calibration,0,-252.8560216202559,impostor
calibration,0,-117.15260102363307,impostor
calibration,0,-63.90229614400579,impostor
calibration,0,-85.43800498167141,impostor
calibration,0,-107.60637786495573,impostor
calibration,0,-76.78985746219243,impostor
calibration,0,-78.73726858931904,impostor
calibration,0,-113.90018054616054,impostor
calibration,0,-88.48373006912422,impostor
calibration,0,-80.35442985132791,impostor
calibration,0,-51.443156514859965,impostor
calibration,0,-221.8680134475058,impostor
calibration,0,-173.11263770643757,impostor
calibration,0,-162.17327712872387,impostor
calibration,0,-123.35357533584462,impostor
calibration,0,-91.44102486819065,impostor
calibration,0,-237.53038361802177,impostor
calibration,0,-205.10178702243195,impostor
calibration,0,-101.43118850630056,impostor
calibration,0,-102.29369109825404,impostor
calibration,0,-108.51666616778239,impostor
calibration,0,-325.5114529073962,impostor
calibration,0,-257.10962031119084,impostor
calibration,0,-513.3222679078219,impostor
calibration,0,-301.85646415470785,impostor
calibration,0,-259.1856659771615,impostor
calibration,0,-80.94088847149885,impostor
calibration,0,-87.21977136224001,impostor
calibration,0,-73.22889682150135,impostor
calibration,0,-132.06969764719062,impostor
calibration,0,-86.41333593926997,impostor
calibration,0,-305.4718347416432,impostor
calibration,0,-189.0670244362219,impostor
calibration,0,-124.3077610798345,impostor
calibration,0,-89.62485534135337,impostor
calibration,0,-88.87392446415988,impostor
calibration,0,-374.5259005266742,impostor
calibration,0,-260.3339855091505,impostor
calibration,0,-271.9167699996747,impostor
calibration,0,-306.363272887887,impostor
calibration,0,-208.1826808969286,impostor
calibration,0,-133.35216531978145,impostor
calibration,0,-231.2533693250283,impostor
calibration,0,-127.82709164892829,impostor
calibration,0,-133.62502541064396,impostor
calibration,0,-117.88484626553011,impostor
calibration,0,-140.65599751289105,impostor
calibration,0,-114.23301652298261,impostor
calibration,0,-106.75424529074283,impostor
calibration,0,-126.13508892933527,impostor
calibration,0,-170.7130773291745,impostor
calibration,0,-133.39932723668167,impostor
calibration,0,-119.80440731919751,impostor
calibration,0,-111.1152389364626,impostor
calibration,0,-122.37844523244534,impostor
calibration,0,-112.74082484831399,impostor
calibration,0,-174.3749591553224,impostor
calibration,0,-145.00791059745984,impostor
calibration,0,-137.16320214628126,impostor
calibration,0,-121.81059485826975,impostor
calibration,0,-98.51532748480514,impostor
calibration,1,-34.338793579823175,genuine
calibration,1,-39.85675033846853,genuine
calibration,1,-30.924485082738627,genuine
calibration,1,-26.75404376056607,genuine
calibration,1,-50.61188788399176,genuine
calibration,1,-32.5039834468479,genuine
calibration,1,-30.773346103438687,genuine
calibration,1,-28.873692117516462,genuine
calibration,1,-34.05188300430771,genuine
calibration,1,-23.34583451430024,genuine
calibration,1,-26.005050663418558,genuine
calibration,1,-30.59877047734765,genuine
calibration,1,-35.923449356611584,genuine
calibration,1,-40.01421114542535,genuine
calibration,1,-35.90849079265928,genuine
calibration,1,-32.38830061717835,genuine
calibration,1,-25.761644642530335,genuine
calibration,1,-30.48077901122377,genuine
calibration,1,-29.25062206541496,genuine
calibration,1,-28.329796215491704,genuine
calibration,1,-32.169878765361915,genuine
calibration,1,-28.647882182411802,genuine
calibration,1,-36.6041271628216,genuine
calibration,1,-30.739655650544982,genuine
calibration,1,-37.613102325027725,genuine
calibration,1,-29.506059024950304,genuine
calibration,1,-51.3127381198555,genuine
calibration,1,-57.46876006999677,genuine
calibration,1,-35.526923514301735,genuine
calibration,1,-29.26753914295857,genuine
calibration,1,-35.7713584611707,genuine
calibration,1,-30.885217604665062,genuine
calibration,1,-31.0759057641121,genuine
calibration,1,-37.58364276698637,genuine
calibration,1,-31.645522611932,genuine
calibration,1,-32.722524916921365,genuine
calibration,1,-57.07314243495494,genuine
calibration,1,-49.49817752079252,genuine
calibration,1,-35.04329994226065,genuine
calibration,1,-27.782588730259416,genuine
calibration,1,-35.575739918923716,genuine
calibration,1,-36.05713323144374,genuine
calibration,1,-31.88855963173742,genuine
calibration,1,-36.004096088220834,genuine
calibration,1,-36.67536122514785,genuine
calibration,1,-24.048967826209388,genuine
calibration,1,-30.404628412079497,genuine
calibration,1,-30.403962436911296,genuine
calibration,1,-25.585006295339856,genuine
calibration,1,-32.49612413256945,genuine
calibration,1,-34.18890081868059,genuine
calibration,1,-35.4809061752495,genuine
calibration,1,-34.97735169998954,genuine
calibration,1,-35.540156379852526,genuine
calibration,1,-26.69091832869205,genuine
calibration,1,-33.06840239355947,genuine
calibration,1,-34.351755985401404,genuine
calibration,1,-29.311480754490137,genuine
calibration,1,-33.07301369193377,genuine
calibration,1,-30.64519303215177,genuine
calibration,1,-32.95633038159342,genuine
calibration,1,-33.33540144547874,genuine
calibration,1,-29.932126564562733,genuine
calibration,1,-32.82328796314244,genuine
calibration,1,-49.152438975526174,genuine
calibration,1,-34.389888475731745,genuine
calibration,1,-57.612263404316586,genuine
calibration,1,-36.00051039264973,genuine
calibration,1,-39.72304086259905,genuine
calibration,1,-47.973939518565835,genuine
calibration,1,-37.72401797059616,genuine
calibration,1,-32.18470615686047,genuine
calibration,1,-28.564476298379315,genuine
calibration,1,-38.94310678460532,genuine
calibration,1,-31.013453160451505,genuine
calibration,1,-55.75031628151779,genuine
calibration,1,-34.95209103718743,genuine
calibration,1,-36.59619180076684,genuine
calibration,1,-31.15316780905069,genuine
calibration,1,-34.24973578282284,genuine
calibration,1,-26.680000936377038,genuine
calibration,1,-31.425179733842658,genuine
calibration,1,-39.458554784397826,genuine
calibration,1,-39.14031044479993,genuine
calibration,1,-34.38769152146822,genuine
calibration,1,-38.06801448346482,genuine
calibration,1,-36.86288048798183,genuine
calibration,1,-27.73281819197432,genuine
calibration,1,-32.9536543764151,genuine
calibration,1,-30.399815450659588,genuine
calibration,1,-40.77972716759228,genuine
calibration,1,-36.444187437504475,genuine
calibration,1,-28.131607432431366,genuine
calibration,1,-32.920386762741735,genuine
calibration,1,-26.05877973697117,genuine
calibration,1,-29.922648253575847,genuine
calibration,1,-24.482094390937014,genuine
calibration,1,-28.991526136105403,genuine
calibration,1,-38.347463083096734,genuine
calibration,1,-34.928333157233396,genuine
calibration,1,-32.257380564661354,genuine
calibration,1,-36.00977231662203,genuine
calibration,1,-33.739553190972124,genuine
calibration,1,-33.881983345520574,genuine
calibration,1,-31.59345841113549,genuine
calibration,1,-50.21560682451203,genuine
calibration,1,-33.18449457752831,genuine
calibration,1,-34.422397170013014,genuine
calibration,1,-29.654852292941616,genuine
calibration,1,-35.144260035670285,genuine
calibration,1,-40.093788316798445,genuine
calibration,1,-34.31250812844036,genuine
calibration,1,-41.184270396370664,genuine
calibration,1,-46.578940592950616,genuine
calibration,1,-39.49531912578127,genuine
calibration,1,-31.83393062605769,genuine
calibration,1,-35.855150707773404,genuine
calibration,1,-42.85908956379215,genuine
calibration,1,-43.39444189330799,genuine
calibration,1,-47.97929545443228,genuine
calibration,1,-37.31378987796125,genuine
calibration,1,-38.815288938514975,genuine
calibration,1,-40.032220405758665,genuine
calibration,1,-26.381187741146054,genuine
calibration,1,-35.98267892127306,genuine
calibration,1,-35.782613943285234,genuine
calibration,1,-37.86143582900841,genuine
calibration,1,-44.06322800046478,genuine
calibration,1,-37.77241974545901,genuine
calibration,1,-33.33671693064397,genuine
calibration,1,-41.391478737409905,genuine
calibration,1,-36.75984160539802,genuine
calibration,1,-45.66468241640354,genuine
calibration,1,-31.56663990597991,genuine
calibration,1,-35.47933829091837,genuine
calibration,1,-39.26388631995631,genuine
calibration,1,-39.89467323055093,genuine
calibration,1,-43.303693364991844,genuine
calibration,1,-39.195782916298796,genuine
calibration,1,-14.676184930623606,genuine
calibration,1,-38.419807975123035,genuine
calibration,1,-34.16755416794022,genuine
calibration,1,-39.07721377444005,genuine
calibration,1,-24.19832561159378,genuine
calibration,1,-39.00205147029936,genuine
calibration,1,-35.42799848937881,genuine
calibration,1,-23.522168930388368,genuine
calibration,1,-44.15420426828353,genuine
calibration,1,-32.29017228005553,genuine
calibration,1,-36.86038254335979,genuine
calibration,1,-37.27950801256563,genuine
calibration,1,-38.68559858042749,genuine
calibration,1,-44.479880456730555,genuine
calibration,1,-37.82906423353497,genuine
calibration,1,-64.88215048030025,genuine
calibration,1,-58.987781446110915,genuine
calibration,1,-43.74607633107316,genuine
calibration,1,-42.79042158744019,genuine
calibration,1,-32.29639799040407,genuine
calibration,1,-42.587958036716984,genuine
calibration,1,-39.867325700400386,genuine
calibration,1,-43.33028842440491,genuine
calibration,1,-46.94845310107341,genuine
calibration,1,-31.73125146226594,genuine
calibration,1,-47.684921451489345,genuine
calibration,1,-31.687868747842828,genuine
calibration,1,-40.50226422416899,genuine
calibration,1,-33.795962380717775,genuine
calibration,1,-42.74950789972546,genuine
calibration,1,-55.745439990143275,genuine
calibration,1,-44.019551081618935,genuine
calibration,1,-47.232548316555906,genuine
calibration,1,-41.001529582485595,genuine
calibration,1,-37.91960869474202,genuine
calibration,1,-46.26480922715222,genuine
calibration,1,-26.32187354476334,genuine
calibration,1,-30.53944877440447,genuine
calibration,1,-43.52712560619984,genuine
calibration,1,-46.99637207067477,genuine
calibration,1,-41.982741430726485,genuine
calibration,1,-35.7109584733868,genuine
calibration,1,-30.936924249131874,genuine
calibration,1,-41.959345117709894,genuine
calibration,1,-29.640401981616474,genuine
calibration,1,-37.223890872466704,genuine
calibration,1,-39.86747988261867,genuine
calibration,1,-41.87468884345114,genuine
calibration,1,-40.49354673976671,genuine
calibration,1,-38.01562930861765,genuine
calibration,1,-44.624973922744886,genuine
calibration,1,-38.81457002120607,genuine
calibration,1,-43.46941011429002,genuine
calibration,1,-36.591347626222415,genuine
calibration,1,-43.78620965708929,genuine
calibration,1,-47.001990981336775,genuine
calibration,1,-46.005767223915036,genuine
calibration,1,-51.6711720342668,genuine
calibration,1,-29.014799991916245,genuine
calibration,1,-34.34122584084267,genuine
calibration,1,-43.27213764173157,genuine
calibration,0,-68.11413521195682,impostor
calibration,0,-97.44583690124662,impostor
calibration,0,-70.18946871671557,impostor
calibration,0,-69.40076952403652,impostor
calibration,0,-61.014158781903994,impostor
calibration,0,-155.93346876962025,impostor
calibration,0,-153.43292899915986,impostor
calibration,0,-132.27195115988846,impostor
calibration,0,-160.2220042933985,impostor
calibration,0,-151.4002743134192,impostor
calibration,0,-271.18528164398356,impostor
calibration,0,-247.1505484501436,impostor
calibration,0,-244.18371738716485,impostor
calibration,0,-250.10490706476398,impostor
calibration,0,-218.26856527186223,impostor
calibration,0,-74.99116271331941,impostor
calibration,0,-57.338624640621354,impostor
calibration,0,-98.51829605737893,impostor
calibration,0,-74.11190164236861,impostor
calibration,0,-49.51898202861376,impostor
calibration,0,-136.2601926794921,impostor
calibration,0,-130.91454102949308,impostor
calibration,0,-147.51859904317024,impostor
calibration,0,-52.86777525002074,impostor
calibration,0,-85.954174068675,impostor
calibration,0,-44.8113703755585,impostor
calibration,0,-44.678570612786935,impostor
calibration,0,-68.57282201306704,impostor
calibration,0,-36.599011591421174,impostor
calibration,0,-47.52667875470527,impostor
calibration,0,-370.83035169971237,impostor
calibration,0,-322.7766118869712,impostor
calibration,0,-311.45648745069917,impostor
calibration,0,-351.3972651172685,impostor
calibration,0,-285.8978920583168,impostor
calibration,0,-455.18309729782317,impostor
calibration,0,-367.98014452963304,impostor
calibration,0,-357.61251365854514,impostor
calibration,0,-206.57765738254452,impostor
calibration,0,-359.47665554657016,impostor
calibration,0,-73.54195476704022,impostor
calibration,0,-78.72000165697189,impostor
calibration,0,-79.75744509318857,impostor
calibration,0,-73.49800767252623,impostor
calibration,0,-64.36334830013833,impostor
calibration,0,-363.35419150477065,impostor
calibration,0,-171.67716337659436,impostor
calibration,0,-149.8228649908059,impostor
calibration,0,-142.4542041566257,impostor
calibration,0,-131.9883314323254,impostor
calibration,0,-85.3960253327502,impostor
calibration,0,-76.19758337333167,impostor
calibration,0,-74.35345270913517,impostor
calibration,0,-74.40916708130574,impostor
calibration,0,-33.32986283512989,impostor
calibration,0,-230.95467161788136,impostor
calibration,0,-178.30340759809158,impostor
calibration,0,-189.64638022356067,impostor
calibration,0,-133.68911091033843,impostor
calibration,0,-113.8809089205912,impostor
calibration,0,-110.41070402216815,impostor
calibration,0,-85.5268888900569,impostor
calibration,0,-58.723952404571655,impostor
calibration,0,-56.018838091830624,impostor
calibration,0,-49.000756855838276,impostor
calibration,0,-278.5278467993277,impostor
calibration,0,-263.00066806450593,impostor
calibration,0,-213.84671169093207,impostor
calibration,0,-176.33100165869752,impostor
calibration,0,-193.8446893929981,impostor
calibration,0,-137.30884403801474,impostor
calibration,0,-103.43063592813563,impostor
calibration,0,-102.85759586103761,impostor
calibration,0,-51.17984675823217,impostor
calibration,0,-118.90031280929946,impostor
calibration,0,-76.54819542048585,impostor
calibration,0,-135.0256038337116,impostor
calibration,0,-108.09979714798163,impostor
calibration,0,-107.75647543906992,impostor
calibration,0,-67.93408409712474,impostor
calibration,0,-44.88436722782155,impostor
calibration,0,-45.96044383714292,impostor
calibration,0,-64.75803439805955,impostor
calibration,0,-31.269118020874156,impostor
calibration,0,-34.061953630308224,impostor
calibration,0,-56.495795085505,impostor
calibration,0,-91.7855538442402,impostor
calibration,0,-95.67952913716005,impostor
calibration,0,-88.48296854625741,impostor
calibration,0,-62.011340279615034,impostor
calibration,0,-86.1724215583619,impostor
calibration,0,-64.23387266824034,impostor
calibration,0,-86.41713875317576,impostor
calibration,0,-63.79462915825393,impostor
calibration,0,-59.03431404157186,impostor
calibration,0,-39.87241154589917,impostor
calibration,0,-82.20386036092609,impostor
calibration,0,-40.66123800497401,impostor
calibration,0,-41.67404830564289,impostor
calibration,0,-52.58524781993026,impostor
calibration,0,-77.83133865543,impostor
calibration,0,-76.1870012038399,impostor
calibration,0,-85.14838255188162,impostor
calibration,0,-131.47952004965447,impostor
calibration,0,-84.64453309934348,impostor
calibration,0,-107.86475984062913,impostor
calibration,0,-111.7883461572056,impostor
calibration,0,-87.8590947776291,impostor
calibration,0,-94.00128592127362,impostor
calibration,0,-58.52277549995689,impostor
calibration,0,-245.6861597498971,impostor
calibration,0,-193.74240036295265,impostor
calibration,0,-214.07223973697245,impostor
calibration,0,-104.31269732977456,impostor
calibration,0,-181.4427917790009,impostor
calibration,0,-164.41937490290508,impostor
calibration,0,-128.78947673815316,impostor
calibration,0,-150.25899228028987,impostor
calibration,0,-127.4263130451412,impostor
calibration,0,-72.99594012138422,impostor
calibration,0,-47.405751529400206,impostor
calibration,0,-46.69801807943572,impostor
calibration,0,-35.81114099519409,impostor
calibration,0,-31.97307256973358,impostor
calibration,0,-22.904364224949127,impostor
calibration,0,-527.5955508435587,impostor
calibration,0,-81.52822883836366,impostor
calibration,0,-67.6869758007576,impostor
calibration,0,-153.09050613910665,impostor
calibration,0,-71.07942505818576,impostor
calibration,0,-189.15562903211048,impostor
calibration,0,-81.71297203042091,impostor
calibration,0,-79.6954036495614,impostor
calibration,0,-52.335785338417146,impostor
calibration,0,-58.94789683079666,impostor
calibration,0,-145.08504042916374,impostor
calibration,0,-109.19520464390297,impostor
calibration,0,-98.19589259741858,impostor
calibration,0,-121.37674392911455,impostor
calibration,0,-95.71790087279322,impostor
calibration,0,-153.25905899883017,impostor
calibration,0,-120.8998152221529,impostor
calibration,0,-119.36809601516588,impostor
calibration,0,-129.77882628571032,impostor
calibration,0,-99.5224514351484,impostor
calibration,0,-93.54175319905525,impostor
calibration,0,-84.8541045002771,impostor
calibration,0,-39.14457198467402,impostor
calibration,0,-99.53543187128962,impostor
calibration,0,-38.43830430590989,impostor
calibration,0,-67.90358348578103,impostor
calibration,0,-46.638698397666985,impostor
calibration,0,-44.965958362874616,impostor
calibration,0,-41.74333906821208,impostor
calibration,0,-52.4299750727885,impostor
calibration,0,-65.81439658849831,impostor
calibration,0,-64.37737520082538,impostor
calibration,0,-37.599640821987265,impostor
calibration,0,-39.016246940526635,impostor
calibration,0,-63.04238864590919,impostor
calibration,0,-63.283988642375995,impostor
calibration,0,-59.0560242050902,impostor
calibration,0,-68.83372658179934,impostor
calibration,0,-51.877378063419066,impostor
calibration,0,-60.261902837221946,impostor
calibration,0,-159.14659077012763,impostor
calibration,0,-89.70720579233958,impostor
calibration,0,-63.277785809404186,impostor
calibration,0,-67.61624957002799,impostor
calibration,0,-75.28010001302135,impostor
calibration,0,-143.04323575284127,impostor
calibration,0,-212.32441304786576,impostor
calibration,0,-115.77646429630185,impostor
calibration,0,-112.82347888763384,impostor
calibration,0,-81.29162683607157,impostor
calibration,0,-218.17165927972482,impostor
calibration,0,-127.32795945937275,impostor
calibration,0,-161.1844337960979,impostor
calibration,0,-142.04668756860195,impostor
calibration,0,-138.36632797992888,impostor
calibration,0,-198.3518303090703,impostor
calibration,0,-80.69559947282569,impostor
calibration,0,-109.5383431275588,impostor
calibration,0,-82.93694548641346,impostor
calibration,0,-103.13179422369963,impostor
calibration,0,-130.64824272790568,impostor
calibration,0,-134.53056341813067,impostor
calibration,0,-107.90286299773925,impostor
calibration,0,-136.7756122923857,impostor
calibration,0,-118.5885995477098,impostor
calibration,0,-58.95988983841758,impostor
calibration,0,-28.88465299903808,impostor
calibration,0,-61.60005021661835,impostor
calibration,0,-63.504460048101976,impostor
calibration,0,-50.65571947513226,impostor
calibration,0,-47.3427081755143,impostor
calibration,0,-67.77136646860684,impostor
calibration,0,-49.67715599572323,impostor
calibration,0,-47.23935122633731,impostor
calibration,0,-36.09903882897556,impostor
calibration,0,-133.81289530386664,impostor
calibration,0,-91.7305254633956,impostor
calibration,0,-95.25697462774724,impostor
calibration,0,-70.76955128442783,impostor
calibration,0,-69.44944150541636,impostor
calibration,0,-123.8372510540725,impostor
calibration,0,-106.65226167787587,impostor
calibration,0,-59.05217304656952,impostor
calibration,0,-61.43521652676186,impostor
calibration,0,-58.81522617078973,impostor
calibration,0,-183.06432966922097,impostor
calibration,0,-150.69969183587614,impostor
calibration,0,-262.16398545080096,impostor
calibration,0,-148.2744203967515,impostor
calibration,0,-126.10304869188577,impostor
calibration,0,-37.53169796945836,impostor
calibration,0,-45.84335749183197,impostor
calibration,0,-37.39421367323549,impostor
calibration,0,-74.31663041138566,impostor
calibration,0,-39.03643641205707,impostor
calibration,0,-168.7605205053179,impostor
calibration,0,-111.80639919354009,impostor
calibration,0,-63.50986926414216,impostor
calibration,0,-43.57814901739079,impostor
calibration,0,-44.2548428689849,impostor
calibration,0,-200.92994657404608,impostor
calibration,0,-147.3756258095213,impostor
calibration,0,-160.01149580724714,impostor
calibration,0,-173.01188092547554,impostor
calibration,0,-112.87692418268846,impostor
calibration,0,-90.87826056534587,impostor
calibration,0,-117.94992028642629,impostor
calibration,0,-80.87192256854529,impostor
calibration,0,-95.96663901695253,impostor
calibration,0,-69.37073329150216,impostor
calibration,0,-70.59916859844611,impostor
calibration,0,-62.524505087008386,impostor
calibration,0,-45.70308406473924,impostor
calibration,0,-61.069831683383605,impostor
calibration,0,-86.53967390584326,impostor
calibration,0,-59.68121643888508,impostor
calibration,0,-58.199625788414465,impostor
calibration,0,-41.11734840250743,impostor
calibration,0,-58.1882870115392,impostor
calibration,0,-57.338933756716834,impostor
calibration,0,-97.26676125086874,impostor
calibration,0,-96.91097782460149,impostor
calibration,0,-64.15387010387143,impostor
calibration,0,-72.91178183720925,impostor
calibration,0,-62.309553386218,impostor
calibration,1,-19.866790091384672,genuine
calibration,1,-37.13641006929998,genuine
calibration,1,-36.20553602283814,genuine
calibration,1,-20.773789797714702,genuine
calibration,1,-27.596265202341115,genuine
calibration,1,-42.03323989955052,genuine
calibration,1,-32.342477937608834,genuine
calibration,1,-36.9504069998895,genuine
calibration,1,-29.52441226393707,genuine
calibration,1,-30.221351181006554,genuine
calibration,1,-30.713434024740828,genuine
calibration,1,-38.82136575015287,genuine
calibration,1,-32.696383277139155,genuine
calibration,1,-33.119088829946726,genuine
calibration,1,-41.302972707532696,genuine
calibration,1,-30.642912813743944,genuine
calibration,1,-34.85707135051139,genuine
calibration,1,-29.70247463138379,genuine
calibration,1,-26.709429466797086,genuine
calibration,1,-31.235213933664127,genuine
calibration,1,-41.544076421755996,genuine
calibration,1,-33.70398744892668,genuine
calibration,1,-34.11199437105962,genuine
calibration,1,-24.478499415338796,genuine
calibration,1,-29.86189646177287,genuine
calibration,1,-27.608693966949417,genuine
calibration,1,-31.619241868570732,genuine
calibration,1,-32.52489322804123,genuine
calibration,1,-32.740864457429225,genuine
calibration,1,-29.57396397009619,genuine
calibration,1,-38.81109024202472,genuine
calibration,1,-29.613458531760564,genuine
calibration,1,-26.719490513860343,genuine
calibration,1,-34.4815693098011,genuine
calibration,1,-30.12553931604385,genuine
calibration,1,-38.6960035755034,genuine
calibration,1,-36.511684763505556,genuine
calibration,1,-34.314597570847994,genuine
calibration,1,-38.02386246390213,genuine
calibration,1,-41.096436157595825,genuine
calibration,1,-50.441756654811435,genuine
calibration,1,-53.81978429332371,genuine
calibration,1,-32.98483722555195,genuine
calibration,1,-32.80407529289553,genuine
calibration,1,-29.723880103110183,genuine
calibration,1,-38.824864396722695,genuine
calibration,1,-34.39162377503335,genuine
calibration,1,-36.14715279367393,genuine
calibration,1,-51.07579557781145,genuine
calibration,1,-34.70644610222876,genuine
calibration,1,-21.093248408236025,genuine
calibration,1,-44.217302135772876,genuine
calibration,1,-37.628083246578534,genuine
calibration,1,-37.89416350403111,genuine
calibration,1,-33.986178106728914,genuine
calibration,1,-36.57450528502994,genuine
calibration,1,-29.53472931697926,genuine
calibration,1,-24.005654313674057,genuine
calibration,1,-33.376975933185655,genuine
calibration,1,-28.275621105392887,genuine
calibration,1,-35.78439421680352,genuine
calibration,1,-27.863169568891106,genuine
calibration,1,-27.1137033243455,genuine
calibration,1,-22.859249050835135,genuine
calibration,1,-27.67321701739676,genuine
calibration,1,-30.63922981856106,genuine
calibration,1,-30.92774754554375,genuine
calibration,1,-45.38119756483688,genuine
calibration,1,-50.23087468378331,genuine
calibration,1,-42.088728392949236,genuine
calibration,1,-36.57385873096633,genuine
calibration,1,-43.05026478975267,genuine
calibration,1,-38.98172002775338,genuine
calibration,1,-35.65960960428063,genuine
calibration,1,-33.64832877223442,genuine
calibration,1,-34.77307835821693,genuine
calibration,1,-36.981139895980824,genuine
calibration,1,-30.297645478962938,genuine
calibration,1,-31.814509747679715,genuine
calibration,1,-35.41754458701655,genuine
calibration,1,-32.377535189402124,genuine
calibration,1,-37.64117897956201,genuine
calibration,1,-42.492681041778326,genuine
calibration,1,-47.70981279301167,genuine
calibration,1,-43.48955175811126,genuine
calibration,1,-28.382892552536134,genuine
calibration,1,-40.77464336246911,genuine
calibration,1,-49.15056401570376,genuine
calibration,1,-37.121753815876964,genuine
calibration,1,-30.32883944681149,genuine
calibration,1,-27.08409103701502,genuine
calibration,1,-32.82450771243358,genuine
calibration,1,-32.61722697757201,genuine
calibration,1,-34.521574637794,genuine
calibration,1,-39.79105731066285,genuine
calibration,1,-44.819819599928124,genuine
calibration,1,-32.53054079438682,genuine
calibration,1,-51.14146018914002,genuine
calibration,1,-28.620790320926414,genuine
calibration,1,-48.90172580375769,genuine
calibration,1,-31.727956445972566,genuine
calibration,1,-34.39618214210807,genuine
calibration,1,-32.85984674603198,genuine
calibration,1,-49.956170729360565,genuine
calibration,1,-38.12963526289691,genuine
calibration,1,-53.24623869151818,genuine
calibration,1,-56.702992660684934,genuine
calibration,1,-45.78301786723361,genuine
calibration,1,-62.61059874399463,genuine
calibration,1,-40.50468252948287,genuine
calibration,1,-47.35551780099723,genuine
calibration,1,-38.66987223309294,genuine
calibration,1,-40.766678015768555,genuine
calibration,1,-40.711403571916385,genuine
calibration,1,-52.18024433987654,genuine
calibration,1,-54.63538754281878,genuine
calibration,1,-60.26201963587086,genuine
calibration,1,-49.02954261793658,genuine
calibration,1,-50.59545477984018,genuine
calibration,1,-48.84884695334558,genuine
calibration,1,-43.45710069987766,genuine
calibration,1,-45.25749579525715,genuine
calibration,1,-71.09368036626465,genuine
calibration,1,-44.48459854262159,genuine
calibration,1,-58.14791061276863,genuine
calibration,1,-59.63668858064023,genuine
calibration,1,-45.30320917121137,genuine
calibration,1,-57.56359515725224,genuine
calibration,1,-62.78510649132403,genuine
calibration,1,-49.44340783690667,genuine
calibration,1,-54.068715049103744,genuine
calibration,1,-46.86263459625965,genuine
calibration,1,-61.71108626244906,genuine
calibration,1,-50.026852375397745,genuine
calibration,1,-42.713511949408925,genuine
calibration,1,-42.782360735639585,genuine
calibration,1,-45.878848160637965,genuine
calibration,1,-46.85977442731266,genuine
calibration,1,-91.61140564904596,genuine
calibration,1,-47.04773895866256,genuine
calibration,1,-46.20448137689369,genuine
calibration,1,-58.70776795963644,genuine
calibration,1,-47.840444273045435,genuine
calibration,1,-41.41738043845105,genuine
calibration,1,-59.418474339589906,genuine
calibration,1,-52.50999816187784,genuine
calibration,1,-61.89655632673464,genuine
calibration,1,-77.92549470204578,genuine
calibration,1,-64.41971412861632,genuine
calibration,1,-54.314588177583346,genuine
calibration,1,-38.76731986035246,genuine
calibration,1,-56.83008673383536,genuine
calibration,1,-59.08509170377475,genuine
calibration,1,-64.17268715603983,genuine
calibration,1,-51.39812308439684,genuine
calibration,1,-81.40227892595038,genuine
calibration,1,-51.13866545086749,genuine
calibration,1,-50.791865523533644,genuine
calibration,1,-48.29369230810133,genuine
calibration,1,-44.47172172706633,genuine
calibration,1,-53.661058416026556,genuine
calibration,1,-52.95782653421353,genuine
calibration,1,-53.566534550230585,genuine
calibration,1,-48.44133034069222,genuine
calibration,1,-52.57176169640504,genuine
calibration,1,-42.832706876536506,genuine
calibration,1,-66.44090252992507,genuine
calibration,1,-64.70682431163743,genuine
calibration,1,-47.79725903842291,genuine
calibration,1,-36.5551727438582,genuine
calibration,1,-45.341337183306734,genuine
calibration,1,-66.35178546299585,genuine
calibration,1,-52.104035033286074,genuine
calibration,1,-53.44625785408551,genuine
calibration,1,-56.924682069546414,genuine
calibration,1,-40.982884826445044,genuine
calibration,1,-44.984034425631435,genuine
calibration,1,-47.07023641882686,genuine
calibration,1,-45.28908558094902,genuine
calibration,1,-50.315593054335096,genuine
calibration,1,-31.713846161526682,genuine
calibration,1,-40.48840430385049,genuine
calibration,1,-44.96286490543186,genuine
calibration,1,-41.61153341143455,genuine
calibration,1,-57.78367745656566,genuine
calibration,1,-68.39666582002606,genuine
calibration,1,-62.753530975611795,genuine
calibration,1,-48.05496573139281,genuine
calibration,1,-45.089591552750605,genuine
calibration,1,-40.569651089328616,genuine
calibration,1,-33.48771347395337,genuine
calibration,1,-73.72967829162697,genuine
calibration,1,-59.876275867863875,genuine
calibration,1,-45.91962688505164,genuine
calibration,1,-55.24578354145076,genuine
calibration,1,-46.12385580788259,genuine
calibration,1,-46.62081935659785,genuine
calibration,1,-41.1197221328921,genuine
calibration,1,-52.12769800954659,genuine
calibration,1,-44.38784343363796,genuine
calibration,0,-62.04829484671987,impostor
calibration,0,-79.52205436131936,impostor
calibration,0,-124.41704013528835,impostor
calibration,0,-48.60119651859013,impostor
calibration,0,-42.86164266955445,impostor
calibration,0,-147.84207802774398,impostor
calibration,0,-149.368747667857,impostor
calibration,0,-121.62452203374166,impostor
calibration,0,-159.34891055890745,impostor
calibration,0,-136.28927436106727,impostor
calibration,0,-303.8867617769295,impostor
calibration,0,-300.8144604687016,impostor
calibration,0,-256.97621336433747,impostor
calibration,0,-287.09350664842987,impostor
calibration,0,-248.1596113362229,impostor
calibration,0,-90.14338136709598,impostor
calibration,0,-67.33401124514391,impostor
calibration,0,-116.85096375309853,impostor
calibration,0,-83.42178531466051,impostor
calibration,0,-76.95788913834208,impostor
calibration,0,-131.3908514789878,impostor
calibration,0,-126.89139767920425,impostor
calibration,0,-190.01925960315083,impostor
calibration,0,-62.58550361910849,impostor
calibration,0,-103.1406867666975,impostor
calibration,0,-69.98976728077517,impostor
calibration,0,-60.96432836642768,impostor
calibration,0,-84.22702543389816,impostor
calibration,0,-56.62071818159188,impostor
calibration,0,-84.76434440536602,impostor
calibration,0,-393.8277823115357,impostor
calibration,0,-331.0708861909029,impostor
calibration,0,-403.4022781921974,impostor
calibration,0,-380.58948348455385,impostor
calibration,0,-285.7359825835815,impostor
calibration,0,-538.8805556880194,impostor
calibration,0,-368.51716447413594,impostor
calibration,0,-340.0477622214017,impostor
calibration,0,-194.38090779724055,impostor
calibration,0,-364.86157703872476,impostor
calibration,0,-89.9250740836754,impostor
calibration,0,-87.95604868792535,impostor
calibration,0,-84.67828320278389,impostor
calibration,0,-86.78952817460329,impostor
calibration,0,-85.53561771791323,impostor
calibration,0,-527.3607331705255,impostor
calibration,0,-202.59630670157574,impostor
calibration,0,-189.43768081850465,impostor
calibration,0,-178.50063568057698,impostor
calibration,0,-153.0411804536684,impostor
calibration,0,-102.63849190035613,impostor
calibration,0,-96.70751659769492,impostor
calibration,0,-79.92373055132755,impostor
calibration,0,-70.05162197641106,impostor
calibration,0,-64.26075612910759,impostor
calibration,0,-217.22797283006116,impostor
calibration,0,-168.7329682932987,impostor
calibration,0,-217.2603740744568,impostor
calibration,0,-117.3759055774182,impostor
calibration,0,-106.46159813714064,impostor
calibration,0,-124.73498136198792,impostor
calibration,0,-84.61089347985985,impostor
calibration,0,-61.077109563005976,impostor
calibration,0,-59.42306682768679,impostor
calibration,0,-48.022925985051145,impostor
calibration,0,-280.37225447200655,impostor
calibration,0,-236.11440170843935,impostor
calibration,0,-191.17767904379747,impostor
calibration,0,-197.68613549955919,impostor
calibration,0,-240.55590474997615,impostor
calibration,0,-155.17798858558697,impostor
calibration,0,-120.82991282503865,impostor
calibration,0,-105.0686317459108,impostor
calibration,0,-86.92447903868756,impostor
calibration,0,-132.03437225055245,impostor
calibration,0,-89.4006834909715,impostor
calibration,0,-150.30167388424695,impostor
calibration,0,-139.35922359416796,impostor
calibration,0,-131.3456378180102,impostor
calibration,0,-89.23584125795152,impostor
calibration,0,-56.186329662502295,impostor
calibration,0,-59.88437244352231,impostor
calibration,0,-72.61794339084278,impostor
calibration,0,-52.47316129828501,impostor
calibration,0,-63.01827319488552,impostor
calibration,0,-43.172535935997686,impostor
calibration,0,-81.37434055548654,impostor
calibration,0,-93.59542271205898,impostor
calibration,0,-80.87311319036635,impostor
calibration,0,-50.05402394490799,impostor
calibration,0,-110.5323896929905,impostor
calibration,0,-116.6246606722519,impostor
calibration,0,-106.50146942617306,impostor
calibration,0,-78.58817412920241,impostor
calibration,0,-91.80534919416648,impostor
calibration,0,-70.09035197615192,impostor
calibration,0,-95.9271546545512,impostor
calibration,0,-76.11706370149864,impostor
calibration,0,-62.25881404784019,impostor
calibration,0,-90.35720773452255,impostor
calibration,0,-77.72474909765047,impostor
calibration,0,-62.7125688715515,impostor
calibration,0,-71.968249034387,impostor
calibration,0,-48.69995780752358,impostor
calibration,0,-79.72697203157975,impostor
calibration,0,-105.84674969737351,impostor
calibration,0,-113.8668726131936,impostor
calibration,0,-96.34520031718546,impostor
calibration,0,-79.66154495377421,impostor
calibration,0,-65.26529233910712,impostor
calibration,0,-278.23132141098733,impostor
calibration,0,-210.39210629854753,impostor
calibration,0,-298.0932605247927,impostor
calibration,0,-122.03958886673638,impostor
calibration,0,-210.0969222952144,impostor
calibration,0,-103.18454159846661,impostor
calibration,0,-92.52153760470325,impostor
calibration,0,-120.23956448661916,impostor
calibration,0,-79.30634116578629,impostor
calibration,0,-56.3216562257663,impostor
calibration,0,-59.72367303248124,impostor
calibration,0,-50.012935551300515,impostor
calibration,0,-44.052012103758734,impostor
calibration,0,-46.13090713040668,impostor
calibration,0,-40.459578229693726,impostor
calibration,0,-351.1384061502771,impostor
calibration,0,-96.31926432356633,impostor
calibration,0,-71.73285884723234,impostor
calibration,0,-206.17639911755472,impostor
calibration,0,-68.62460618858049,impostor
calibration,0,-201.8489668366078,impostor
calibration,0,-46.084652999895866,impostor
calibration,0,-61.5502941074494,impostor
calibration,0,-31.2630848173489,impostor
calibration,0,-26.292006357786953,impostor
calibration,0,-113.65135548135109,impostor
calibration,0,-96.27157395470103,impostor
calibration,0,-85.03125228096631,impostor
calibration,0,-89.83559796893886,impostor
calibration,0,-87.11110310118697,impostor
calibration,0,-141.93607994029452,impostor
calibration,0,-208.23579220077244,impostor
calibration,0,-120.93500415503405,impostor
calibration,0,-134.02669658562408,impostor
calibration,0,-108.02227100997779,impostor
calibration,0,-94.23041635406602,impostor
calibration,0,-81.26096504823205,impostor
calibration,0,-39.540404468782725,impostor
calibration,0,-131.7984716745816,impostor
calibration,0,-48.75334084623536,impostor
calibration,0,-65.20586091805592,impostor
calibration,0,-53.14169151056059,impostor
calibration,0,-50.88132341846383,impostor
calibration,0,-47.712674881638044,impostor
calibration,0,-58.569702081160365,impostor
calibration,0,-82.80573841532363,impostor
calibration,0,-78.11933182726736,impostor
calibration,0,-65.60344691715935,impostor
calibration,0,-68.74063274706694,impostor
calibration,0,-74.10551242414434,impostor
calibration,0,-58.05738125692633,impostor
calibration,0,-73.47991843646022,impostor
calibration,0,-85.91741334028919,impostor
calibration,0,-58.72538649465827,impostor
calibration,0,-64.79735316907839,impostor
calibration,0,-113.51273147588469,impostor
calibration,0,-80.95252885098505,impostor
calibration,0,-27.284065514946263,impostor
calibration,0,-73.23436433650915,impostor
calibration,0,-57.596383977546544,impostor
calibration,0,-155.34201699802972,impostor
calibration,0,-197.66637051994027,impostor
calibration,0,-111.18510081564754,impostor
calibration,0,-100.5679402257106,impostor
calibration,0,-93.64736410422799,impostor
calibration,0,-185.56553512683874,impostor
calibration,0,-104.16392030251932,impostor
calibration,0,-116.66411854248392,impostor
calibration,0,-128.6022386026604,impostor
calibration,0,-110.17580319676661,impostor
calibration,0,-225.61574608229643,impostor
calibration,0,-91.83786469650262,impostor
calibration,0,-117.67707295931409,impostor
calibration,0,-98.91009550061673,impostor
calibration,0,-128.16680353609812,impostor
calibration,0,-90.08272523715883,impostor
calibration,0,-106.66429379761179,impostor
calibration,0,-79.03961579042823,impostor
calibration,0,-92.54575147269087,impostor
calibration,0,-101.41798440288288,impostor
calibration,0,-88.04792281562794,impostor
calibration,0,-49.963990462813626,impostor
calibration,0,-76.96069436907155,impostor
calibration,0,-71.70312880816354,impostor
calibration,0,-61.93758670902879,impostor
calibration,0,-59.29256943335789,impostor
calibration,0,-83.7149947400167,impostor
calibration,0,-76.12040903169303,impostor
calibration,0,-56.59310264877462,impostor
calibration,0,-59.73023131246366,impostor
calibration,0,-139.22116908292776,impostor
calibration,0,-108.82392833268871,impostor
calibration,0,-107.25882474160284,impostor
calibration,0,-81.08460174181499,impostor
calibration,0,-71.1489408502104,impostor
calibration,0,-110.64654378970233,impostor
calibration,0,-102.11459981444642,impostor
calibration,0,-64.62600346824308,impostor
calibration,0,-50.80830307431404,impostor
calibration,0,-51.635678183436426,impostor
calibration,0,-191.85176028832313,impostor
calibration,0,-109.14849540606879,impostor
calibration,0,-253.54957566352016,impostor
calibration,0,-127.77640700766382,impostor
calibration,0,-112.3788083995066,impostor
calibration,0,-42.721876471915344,impostor
calibration,0,-42.99492686553185,impostor
calibration,0,-44.49249334874784,impostor
calibration,0,-61.20122523037574,impostor
calibration,0,-43.43910633911771,impostor
calibration,0,-157.6987094821791,impostor
calibration,0,-104.9727207536126,impostor
calibration,0,-73.22405228899717,impostor
calibration,0,-59.92300422409152,impostor
calibration,0,-62.87558432097168,impostor
calibration,0,-175.2906130371836,impostor
calibration,0,-130.93014750929174,impostor
calibration,0,-142.54104961191993,impostor
calibration,0,-155.487719616959,impostor
calibration,0,-103.14940656216429,impostor
calibration,0,-116.63704669229544,impostor
calibration,0,-214.32466221595297,impostor
calibration,0,-96.91711953946002,impostor
calibration,0,-107.61988914381048,impostor
calibration,0,-84.89763597590267,impostor
calibration,0,-54.364098270687414,impostor
calibration,0,-43.86017148176236,impostor
calibration,0,-36.01693858959229,impostor
calibration,0,-47.04418846676689,impostor
calibration,0,-51.77305293666999,impostor
calibration,0,-66.60689238697441,impostor
calibration,0,-61.7425278206604,impostor
calibration,0,-52.70490859215872,impostor
calibration,0,-45.483699692097105,impostor
calibration,0,-44.0745502627743,impostor
calibration,0,-114.92493243336946,impostor
calibration,0,-110.74865814721582,impostor
calibration,0,-111.80089906197271,impostor
calibration,0,-99.32018691319038,impostor
calibration,0,-78.14465329648431,impostor
calibration,1,-28.866145951004814,genuine
calibration,1,-32.39529546751721,genuine
calibration,1,-28.62982445768795,genuine
calibration,1,-24.695711215720195,genuine
calibration,1,-21.918921516469926,genuine
calibration,1,-25.22809672025089,genuine
calibration,1,-25.24123644381478,genuine
calibration,1,-46.84862441732163,genuine
calibration,1,-24.421027884549137,genuine
calibration,1,-25.245929650541637,genuine
calibration,1,-23.853607733431943,genuine
calibration,1,-26.109192415411137,genuine
calibration,1,-28.88209943968817,genuine
calibration,1,-30.468821926607788,genuine
calibration,1,-25.940974130623022,genuine
calibration,1,-37.0415587626689,genuine
calibration,1,-27.610254161320217,genuine
calibration,1,-21.650059589085483,genuine
calibration,1,-36.87638200407207,genuine
calibration,1,-23.308656463654035,genuine
calibration,1,-34.39771719006633,genuine
calibration,1,-29.305708763639448,genuine
calibration,1,-30.93470751075422,genuine
calibration,1,-28.3335223468229,genuine
calibration,1,-33.748370778773136,genuine
calibration,1,-27.513096858998274,genuine
calibration,1,-29.71660136101396,genuine
calibration,1,-33.96532972672312,genuine
calibration,1,-29.516752549569,genuine
calibration,1,-33.09411626236565,genuine
calibration,1,-21.793903705285654,genuine
calibration,1,-33.757438080064425,genuine
calibration,1,-29.014080770412242,genuine
calibration,1,-31.687351607621828,genuine
calibration,1,-37.913277629290135,genuine
calibration,1,-23.580800549099724,genuine
calibration,1,-28.17540088295642,genuine
calibration,1,-44.58637130891631,genuine
calibration,1,-29.882423441061253,genuine
calibration,1,-26.696521245984265,genuine
calibration,1,-20.458761643369936,genuine
calibration,1,-26.58327935002133,genuine
calibration,1,-22.221620388000343,genuine
calibration,1,-23.929685051117996,genuine
calibration,1,-26.867157054490114,genuine
calibration,1,-27.942663690582407,genuine
calibration,1,-27.574335974031957,genuine
calibration,1,-24.17397061685738,genuine
calibration,1,-34.789151742600275,genuine
calibration,1,-27.198166225485224,genuine
calibration,1,-38.83148188250959,genuine
calibration,1,-26.839250247807755,genuine
calibration,1,-41.95741582797424,genuine
calibration,1,-24.35810422363926,genuine
calibration,1,-38.44975586193788,genuine
calibration,1,-28.106943806277233,genuine
calibration,1,-45.34645188839632,genuine
calibration,1,-45.118595164725306,genuine
calibration,1,-24.525431421175366,genuine
calibration,1,-31.508698647826705,genuine
calibration,1,-23.72653695045258,genuine
calibration,1,-28.178865882114675,genuine
calibration,1,-24.754616026010503,genuine
calibration,1,-25.25394803412484,genuine
calibration,1,-23.444890888814708,genuine
calibration,1,-26.57397018106408,genuine
calibration,1,-29.37882508910571,genuine
calibration,1,-27.824408581158753,genuine
calibration,1,-35.10471158381019,genuine
calibration,1,-33.24346880184361,genuine
calibration,1,-84.74551725642543,genuine
calibration,1,-31.171213178704217,genuine
calibration,1,-61.59412917045037,genuine
calibration,1,-31.65594573428634,genuine
calibration,1,-27.67409961531637,genuine
calibration,1,-25.967272607140927,genuine
calibration,1,-24.44769176994953,genuine
calibration,1,-27.027739178580717,genuine
calibration,1,-29.32869443755443,genuine
calibration,1,-28.888260553872538,genuine
calibration,1,-32.862938853759736,genuine
calibration,1,-42.964606490960435,genuine
calibration,1,-31.135300886970718,genuine
calibration,1,-28.34151897777296,genuine
calibration,1,-25.863737209491322,genuine
calibration,1,-29.93293808880883,genuine
calibration,1,-31.82746322291031,genuine
calibration,1,-34.933913002449714,genuine
calibration,1,-29.83222688655935,genuine
calibration,1,-26.755859271059983,genuine
calibration,1,-56.3785760479117,genuine
calibration,1,-26.12744057750063,genuine
calibration,1,-24.950297761380828,genuine
calibration,1,-19.957707073734152,genuine
calibration,1,-26.983289739284825,genuine
calibration,1,-27.02248157049,genuine
calibration,1,-23.580984157887094,genuine
calibration,1,-35.97998613454149,genuine
calibration,1,-33.397736364288384,genuine
calibration,1,-28.395158098088956,genuine
calibration,1,-49.63796157662971,genuine
calibration,1,-35.75343729504068,genuine
calibration,1,-45.23959309101103,genuine
calibration,1,-25.79612138521455,genuine
calibration,1,-26.73778522983003,genuine
calibration,1,-20.754325033492865,genuine
calibration,1,-26.60096944239649,genuine
calibration,1,-24.487337748648258,genuine
calibration,1,-32.46190172906839,genuine
calibration,1,-29.210511148423222,genuine
calibration,1,-37.66728723457101,genuine
calibration,1,-25.76313313280894,genuine
calibration,1,-27.663108086770567,genuine
calibration,1,-26.539994642675833,genuine
calibration,1,-29.94377243396703,genuine
calibration,1,-28.9057733679301,genuine
calibration,1,-21.3631311357833,genuine
calibration,1,-29.993381619222397,genuine
calibration,1,-27.22292573387892,genuine
calibration,1,-28.64271407820631,genuine
calibration,1,-34.32392495225088,genuine
calibration,1,-50.0566942475376,genuine
calibration,1,-39.793365100128234,genuine
calibration,1,-19.106271616470778,genuine
calibration,1,-37.49749692481175,genuine
calibration,1,-46.15539220795993,genuine
calibration,1,-23.49785547338665,genuine
calibration,1,-23.693437814158298,genuine
calibration,1,-32.99650243809503,genuine
calibration,1,-29.33927458178409,genuine
calibration,1,-27.699930016054562,genuine
calibration,1,-41.21326788362451,genuine
calibration,1,-29.540852379702173,genuine
calibration,1,-42.23620682510125,genuine
calibration,1,-32.46673657025737,genuine
calibration,1,-47.0039622833374,genuine
calibration,1,-42.083188339199815,genuine
calibration,1,-41.807060537182224,genuine
calibration,1,-29.950273302503035,genuine
calibration,1,-27.558889385455984,genuine
calibration,1,-25.853006659003928,genuine
calibration,1,-31.501933031665637,genuine
calibration,1,-30.864389524067867,genuine
calibration,1,-68.59492091824877,genuine
calibration,1,-34.46498312594193,genuine
calibration,1,-30.942385171920677,genuine
calibration,1,-29.836292548117136,genuine
calibration,1,-31.203473330248418,genuine
calibration,1,-32.26913401768159,genuine
calibration,1,-23.32132486403388,genuine
calibration,1,-29.802164731705286,genuine
calibration,1,-33.919061507864704,genuine
calibration,1,-23.429596711931104,genuine
calibration,1,-29.474813868628924,genuine
calibration,1,-25.20200632180942,genuine
calibration,1,-31.306325495417465,genuine
calibration,1,-23.559616869599573,genuine
calibration,1,-29.513636649538025,genuine
calibration,1,-25.131012838960505,genuine
calibration,1,-36.22435168767847,genuine
calibration,1,-32.31493789950704,genuine
calibration,1,-29.66001655293031,genuine
calibration,1,-25.88144949360964,genuine
calibration,1,-37.798789965605444,genuine
calibration,1,-43.83716374255283,genuine
calibration,1,-29.805325227226536,genuine
calibration,1,-26.42988991677557,genuine
calibration,1,-22.89347283525138,genuine
calibration,1,-34.235891484955125,genuine
calibration,1,-29.952048412965578,genuine
calibration,1,-50.67135883675404,genuine
calibration,1,-27.538853296963108,genuine
calibration,1,-29.154388187879842,genuine
calibration,1,-36.63658851806714,genuine
calibration,1,-36.69419061820047,genuine
calibration,1,-32.28526397248082,genuine
calibration,1,-31.003967016956523,genuine
calibration,1,-26.794986780712517,genuine
calibration,1,-31.99359945075682,genuine
calibration,1,-28.233544282025793,genuine
calibration,1,-31.342114990639026,genuine
calibration,1,-33.238520977085976,genuine
calibration,1,-33.53047992926395,genuine
calibration,1,-33.38018440686744,genuine
calibration,1,-32.82117649387663,genuine
calibration,1,-57.232233147690785,genuine
calibration,1,-47.182547947579046,genuine
calibration,1,-39.54105788623782,genuine
calibration,1,-32.25730220479479,genuine
calibration,1,-36.07950323134533,genuine
calibration,1,-28.865591084438535,genuine
calibration,1,-147.4948174504838,genuine
calibration,1,-36.117799203918175,genuine
calibration,1,-33.68247289336431,genuine
calibration,1,-38.06447613144014,genuine
calibration,1,-36.92588848520838,genuine
calibration,1,-41.84480189846947,genuine
calibration,1,-27.43926381760925,genuine
calibration,1,-29.03360751660256,genuine
calibration,1,-35.301934772483044,genuine
calibration,0,-40.69802913983929,impostor
calibration,0,-71.16818355527025,impostor
calibration,0,-55.18929182986312,impostor
calibration,0,-48.72035224138822,impostor
calibration,0,-34.462301127281606,impostor
calibration,0,-119.63989167795545,impostor
calibration,0,-108.71700167282313,impostor
calibration,0,-89.30610262392605,impostor
calibration,0,-119.30594682544343,impostor
calibration,0,-93.5762269355248,impostor
calibration,0,-213.53883052894295,impostor
calibration,0,-205.10500573887617,impostor
calibration,0,-203.22577092942282,impostor
calibration,0,-201.77636316434118,impostor
calibration,0,-168.8605253955418,impostor
calibration,0,-60.78858680656092,impostor
calibration,0,-36.660119678780525,impostor
calibration,0,-83.4134709158267,impostor
calibration,0,-61.8477713961126,impostor
calibration,0,-40.863245670465645,impostor
calibration,0,-93.30626918649376,impostor
calibration,0,-90.77657353470785,impostor
calibration,0,-108.97739111900958,impostor
calibration,0,-44.24919749527275,impostor
calibration,0,-86.84196489096531,impostor
calibration,0,-39.709963740030986,impostor
calibration,0,-41.081590769948924,impostor
calibration,0,-57.55176796641985,impostor
calibration,0,-35.47324963310469,impostor
calibration,0,-43.94801771201647,impostor
calibration,0,-293.94747381790654,impostor
calibration,0,-244.903748178512,impostor
calibration,0,-259.0233571053841,impostor
calibration,0,-293.9331894754528,impostor
calibration,0,-282.8570888874329,impostor
calibration,0,-357.5515031299982,impostor
calibration,0,-270.66185694683264,impostor
calibration,0,-255.11760102672528,impostor
calibration,0,-149.90787454739353,impostor
calibration,0,-297.50100564015355,impostor
calibration,0,-59.46183209938347,impostor
calibration,0,-67.03553286050904,impostor
calibration,0,-60.73275044921792,impostor
calibration,0,-49.973321430439974,impostor
calibration,0,-53.144652493686216,impostor
calibration,0,-343.96675588753914,impostor
calibration,0,-143.56358642810702,impostor
calibration,0,-123.36615381300778,impostor
calibration,0,-101.91105640582181,impostor
calibration,0,-97.46459004407815,impostor
calibration,0,-66.17163883896094,impostor
calibration,0,-63.74104072053238,impostor
calibration,0,-65.23673578205667,impostor
calibration,0,-68.854995187184,impostor
calibration,0,-37.57735792116173,impostor
calibration,0,-145.47567207048132,impostor
calibration,0,-130.64579188474113,impostor
calibration,0,-148.59783490697274,impostor
calibration,0,-103.83412678672477,impostor
calibration,0,-80.05396817028041,impostor
calibration,0,-72.7082269079371,impostor
calibration,0,-56.56276466242916,impostor
calibration,0,-44.899786047214604,impostor
calibration,0,-48.28492233049558,impostor
calibration,0,-38.2061298422834,impostor
calibration,0,-227.48137635112272,impostor
calibration,0,-227.842274862925,impostor
calibration,0,-178.34034504002582,impostor
calibration,0,-154.3417163428572,impostor
calibration,0,-181.00500509898913,impostor
calibration,0,-110.56555769123982,impostor
calibration,0,-100.17935036843514,impostor
calibration,0,-99.49074320678339,impostor
calibration,0,-49.22838495612073,impostor
calibration,0,-111.06621482861259,impostor
calibration,0,-60.81469293871599,impostor
calibration,0,-112.19606283153355,impostor
calibration,0,-82.00464580847752,impostor
calibration,0,-80.0617086776193,impostor
calibration,0,-58.982383612643574,impostor
calibration,0,-45.65719829681633,impostor
calibration,0,-36.76523528043889,impostor
calibration,0,-66.85317654170862,impostor
calibration,0,-29.06919318977194,impostor
calibration,0,-34.640742905829114,impostor
calibration,0,-35.96911134019602,impostor
calibration,0,-67.73979235051853,impostor
calibration,0,-68.89593126569902,impostor
calibration,0,-65.41537397879934,impostor
calibration,0,-46.04782887849197,impostor
calibration,0,-64.21326670073722,impostor
calibration,0,-55.875679044056135,impostor
calibration,0,-69.25859649692,impostor
calibration,0,-51.425418792095876,impostor
calibration,0,-56.150197331344756,impostor
calibration,0,-41.764878870953915,impostor
calibration,0,-62.556160414315606,impostor
calibration,0,-45.42136680831615,impostor
calibration,0,-43.22899934871185,impostor
calibration,0,-55.91568552770497,impostor
calibration,0,-58.45387054411508,impostor
calibration,0,-45.058895371164226,impostor
calibration,0,-51.13781526521263,impostor
calibration,0,-40.806446678467964,impostor
calibration,0,-43.698837145745145,impostor
calibration,0,-50.08867142380699,impostor
calibration,0,-51.848288344897895,impostor
calibration,0,-49.235142239036705,impostor
calibration,0,-84.7829131282035,impostor
calibration,0,-52.03472414030189,impostor
calibration,0,-189.9671561364384,impostor
calibration,0,-159.05388345409747,impostor
calibration,0,-166.1262235110424,impostor
calibration,0,-78.08038155272645,impostor
calibration,0,-161.21053863262725,impostor
calibration,0,-121.3909343848016,impostor
calibration,0,-94.1589439077445,impostor
calibration,0,-123.64867409302883,impostor
calibration,0,-87.23709217072295,impostor
calibration,0,-55.38507154879686,impostor
calibration,0,-39.49132909159546,impostor
calibration,0,-56.26946733237297,impostor
calibration,0,-33.001356282618445,impostor
calibration,0,-34.943360326105974,impostor
calibration,0,-28.25727609698679,impostor
calibration,0,-472.2847983630089,impostor
calibration,0,-76.05172971411417,impostor
calibration,0,-46.198999374400884,impostor
calibration,0,-105.07779135263483,impostor
calibration,0,-67.09267528752099,impostor
calibration,0,-161.49374590498664,impostor
calibration,0,-52.61882010387018,impostor
calibration,0,-63.31191785364899,impostor
calibration,0,-34.57682046130125,impostor
calibration,0,-34.617036243369945,impostor
calibration,0,-85.41827569068116,impostor
calibration,0,-65.50737000863607,impostor
calibration,0,-54.59933179101634,impostor
calibration,0,-70.2733681843272,impostor
calibration,0,-53.667512137228584,impostor
calibration,0,-124.3070553768764,impostor
calibration,0,-106.82275747023361,impostor
calibration,0,-74.4865903308581,impostor
calibration,0,-97.03155368390698,impostor
calibration,0,-82.1326133420935,impostor
calibration,0,-75.591279677977,impostor
calibration,0,-63.57916033987573,impostor
calibration,0,-35.339501559947706,impostor
calibration,0,-101.09699025863814,impostor
calibration,0,-40.663434052211066,impostor
calibration,0,-54.03611280805647,impostor
calibration,0,-42.712118367385344,impostor
calibration,0,-39.7066031021748,impostor
calibration,0,-38.030639521538234,impostor
calibration,0,-47.16580010040031,impostor
calibration,0,-46.89578909961684,impostor
calibration,0,-48.58398589357934,impostor
calibration,0,-42.49863321724787,impostor
calibration,0,-43.378810505101825,impostor
calibration,0,-50.47697475309704,impostor
calibration,0,-47.70393584458753,impostor
calibration,0,-44.93494489044246,impostor
calibration,0,-60.58233998338167,impostor
calibration,0,-34.66315669286999,impostor
calibration,0,-47.82653479157718,impostor
calibration,0,-107.64469129929856,impostor
calibration,0,-66.75742469017443,impostor
calibration,0,-41.5024595435643,impostor
calibration,0,-56.91500184130546,impostor
calibration,0,-47.27191063509976,impostor
calibration,0,-120.97463925658373,impostor
calibration,0,-187.3951350537441,impostor
calibration,0,-95.75696386014239,impostor
calibration,0,-101.39159793345618,impostor
calibration,0,-79.54133497479486,impostor
calibration,0,-179.6225281305126,impostor
calibration,0,-88.47430106024197,impostor
calibration,0,-100.54883740130207,impostor
calibration,0,-94.46015053299405,impostor
calibration,0,-87.73426757856143,impostor
calibration,0,-143.02499174827489,impostor
calibration,0,-63.6412667093177,impostor
calibration,0,-80.79748348892099,impostor
calibration,0,-65.75925214771259,impostor
calibration,0,-83.29733921777805,impostor
calibration,0,-81.79257064151554,impostor
calibration,0,-96.30355680354339,impostor
calibration,0,-79.19536368209975,impostor
calibration,0,-128.95860945332194,impostor
calibration,0,-71.8250675479763,impostor
calibration,0,-62.59556025272001,impostor
calibration,0,-36.48745992020881,impostor
calibration,0,-62.098699771915406,impostor
calibration,0,-61.03833447971767,impostor
calibration,0,-50.44269289999487,impostor
calibration,0,-42.94450483880146,impostor
calibration,0,-63.566528813549894,impostor
calibration,0,-47.80165887321136,impostor
calibration,0,-39.28412443350054,impostor
calibration,0,-41.61324328596352,impostor
calibration,0,-92.35419162140553,impostor
calibration,0,-57.445656398727856,impostor
calibration,0,-58.185661919310746,impostor
calibration,0,-44.857262412828455,impostor
calibration,0,-42.05212384154508,impostor
calibration,0,-103.21359294301571,impostor
calibration,0,-88.39409379065651,impostor
calibration,0,-57.11393575527689,impostor
calibration,0,-41.90232122178501,impostor
calibration,0,-43.22628508205184,impostor
calibration,0,-156.8172828829201,impostor
calibration,0,-117.07613332122673,impostor
calibration,0,-203.64560612792897,impostor
calibration,0,-116.93572242713664,impostor
calibration,0,-96.81050694105589,impostor
calibration,0,-27.538510631504497,impostor
calibration,0,-30.622376603260115,impostor
calibration,0,-29.972238535436162,impostor
calibration,0,-48.38538383082082,impostor
calibration,0,-28.04745333601554,impostor
calibration,0,-125.68891540096585,impostor
calibration,0,-98.03403117881257,impostor
calibration,0,-57.08230680719499,impostor
calibration,0,-47.78331828775138,impostor
calibration,0,-51.116176655613174,impostor
calibration,0,-138.95177369631622,impostor
calibration,0,-101.33062960283092,impostor
calibration,0,-106.59619997092514,impostor
calibration,0,-118.16257499646103,impostor
calibration,0,-73.44149186130619,impostor
calibration,0,-69.4442911219118,impostor
calibration,0,-92.6645722476615,impostor
calibration,0,-55.724640015692216,impostor
calibration,0,-71.70943183903611,impostor
calibration,0,-54.40794093546234,impostor
calibration,0,-42.66291920992254,impostor
calibration,0,-32.38291332147021,impostor
calibration,0,-32.72271913985605,impostor
calibration,0,-25.729636548045967,impostor
calibration,0,-40.802772087385655,impostor
calibration,0,-45.92920214610087,impostor
calibration,0,-42.71050984823542,impostor
calibration,0,-40.133370894971364,impostor
calibration,0,-49.94454849365251,impostor
calibration,0,-46.01216051186584,impostor
calibration,0,-84.03153424378723,impostor
calibration,0,-73.44228877336285,impostor
calibration,0,-54.74034521216043,impostor
calibration,0,-59.170983276784,impostor
calibration,0,-56.82288169054145,impostor
calibration,1,-43.71350557618756,genuine
calibration,1,-35.073418434928875,genuine
calibration,1,-18.28356633266884,genuine
calibration,1,-44.47545012296548,genuine
calibration,1,-28.882746368416235,genuine
calibration,1,-24.020926579801323,genuine
calibration,1,-42.671414450147815,genuine
calibration,1,-28.83048097923438,genuine
calibration,1,-30.15392127279646,genuine
calibration,1,-29.06389463683662,genuine
calibration,1,-29.91497216652095,genuine
calibration,1,-31.95855222443575,genuine
calibration,1,-29.519507739959177,genuine
calibration,1,-39.56912321388823,genuine
calibration,1,-39.582011419763035,genuine
calibration,1,-25.54274807489168,genuine
calibration,1,-39.48197871737312,genuine
calibration,1,-24.89249434987121,genuine
calibration,1,-27.228310151115767,genuine
calibration,1,-27.804400044570205,genuine
calibration,1,-31.81606829992868,genuine
calibration,1,-40.12712522614039,genuine
calibration,1,-30.074730320169497,genuine
calibration,1,-33.02802632935582,genuine
calibration,1,-32.75542659857524,genuine
calibration,1,-31.4462959191498,genuine
calibration,1,-32.36093741793649,genuine
calibration,1,-35.9619088392551,genuine
calibration,1,-32.092546150299306,genuine
calibration,1,-35.38220903946258,genuine
calibration,1,-35.4062918779157,genuine
calibration,1,-46.95320449443201,genuine
calibration,1,-31.442305810163997,genuine
calibration,1,-32.292298168123764,genuine
calibration,1,-26.67066252084847,genuine
calibration,1,-27.014387052954078,genuine
calibration,1,-30.916900518039956,genuine
calibration,1,-30.11853204885287,genuine
calibration,1,-30.640972315390567,genuine
calibration,1,-33.49941739401912,genuine
calibration,1,-43.719079904352355,genuine
calibration,1,-37.588212926742514,genuine
calibration,1,-31.06864900102591,genuine
calibration,1,-90.9237898708975,genuine
calibration,1,-31.497094578147298,genuine
calibration,1,-31.62111443692957,genuine
calibration,1,-29.557043374338516,genuine
calibration,1,-23.889110074772002,genuine
calibration,1,-29.319875390525333,genuine
calibration,1,-27.581069091120753,genuine
calibration,1,-35.217459740358954,genuine
calibration,1,-44.834589222302654,genuine
calibration,1,-28.247849646889303,genuine
calibration,1,-27.241632568768132,genuine
calibration,1,-28.878490004653052,genuine
calibration,1,-36.24304290987579,genuine
calibration,1,-41.20562353259425,genuine
calibration,1,-26.048947526830297,genuine
calibration,1,-24.81477560998352,genuine
calibration,1,-53.78632750481839,genuine
calibration,1,-24.889020837995385,genuine
calibration,1,-31.131958748082088,genuine
calibration,1,-81.51268224618163,genuine
calibration,1,-29.278284986552176,genuine
calibration,1,-32.29661812653385,genuine
calibration,1,-28.500588336839698,genuine
calibration,1,-22.772588734132807,genuine
calibration,1,-32.59759401943025,genuine
calibration,1,-29.82255112225716,genuine
calibration,1,-28.008370785015593,genuine
calibration,1,-34.683929667544426,genuine
calibration,1,-23.44009799098119,genuine
calibration,1,-30.63333797962144,genuine
calibration,1,-34.57923751122536,genuine
calibration,1,-26.635721187525093,genuine
calibration,1,-38.30858392462884,genuine
calibration,1,-27.873295294564684,genuine
calibration,1,-25.008863580943405,genuine
calibration,1,-31.481751673518872,genuine
calibration,1,-26.86442357088434,genuine
calibration,1,-31.35912063533376,genuine
calibration,1,-33.75854395908895,genuine
calibration,1,-27.329164864801125,genuine
calibration,1,-29.274585724533132,genuine
calibration,1,-30.453628964274913,genuine
calibration,1,-30.934617712100987,genuine
calibration,1,-34.51372693422328,genuine
calibration,1,-32.03237703535568,genuine
calibration,1,-27.877144351655257,genuine
calibration,1,-27.187544336093982,genuine
calibration,1,-34.885672510312055,genuine
calibration,1,-23.682842004559117,genuine
calibration,1,-19.512920119263406,genuine
calibration,1,-34.11770821812786,genuine
calibration,1,-26.40951393419821,genuine
calibration,1,-21.993152870846135,genuine
calibration,1,-30.434488296741904,genuine
calibration,1,-26.45887624690839,genuine
calibration,1,-29.479350175487497,genuine
calibration,1,-24.694620902532293,genuine
calibration,1,-32.26354168538586,genuine
calibration,1,-36.82085031198517,genuine
calibration,1,-19.792833163461143,genuine
calibration,1,-26.74061153934541,genuine
calibration,1,-23.09559529252643,genuine
calibration,1,-26.709842420837962,genuine
calibration,1,-34.8052618448314,genuine
calibration,1,-23.247845923499472,genuine
calibration,1,-34.786217298930026,genuine
calibration,1,-52.6108581850456,genuine
calibration,1,-36.82790135216371,genuine
calibration,1,-63.38661592405208,genuine
calibration,1,-46.82319314113542,genuine
calibration,1,-38.479671280116904,genuine
calibration,1,-38.93745440307465,genuine
calibration,1,-29.791935230229054,genuine
calibration,1,-45.324306767356276,genuine
calibration,1,-38.6856978689278,genuine
calibration,1,-33.74069692294114,genuine
calibration,1,-25.604168212493423,genuine
calibration,1,-37.34344101730695,genuine
calibration,1,-41.09666710157724,genuine
calibration,1,-39.69997257270251,genuine
calibration,1,-31.076802203333553,genuine
calibration,1,-34.56066201747929,genuine
calibration,1,-27.29361746662603,genuine
calibration,1,-37.677771329702324,genuine
calibration,1,-33.53922560888549,genuine
calibration,1,-27.622862461066347,genuine
calibration,1,-24.763197098482287,genuine
calibration,1,-34.62279838401506,genuine
calibration,1,-32.747979882797694,genuine
calibration,1,-32.09281537673133,genuine
calibration,1,-32.78575661666938,genuine
calibration,1,-37.538167029198796,genuine
calibration,1,-44.14544323069732,genuine
calibration,1,-31.438466150284334,genuine
calibration,1,-38.93484337090391,genuine
calibration,1,-32.70324536450995,genuine
calibration,1,-27.88294680310048,genuine
calibration,1,-29.903416574822813,genuine
calibration,1,-33.56217316705496,genuine
calibration,1,-32.409221483888444,genuine
calibration,1,-30.52049331448982,genuine
calibration,1,-26.189108550836345,genuine
calibration,1,-30.22299082725329,genuine
calibration,1,-32.55439439531578,genuine
calibration,1,-48.81826804655323,genuine
calibration,1,-33.42291938355731,genuine
calibration,1,-26.842595879668014,genuine
calibration,1,-26.65617386826426,genuine
calibration,1,-32.1905018454544,genuine
calibration,1,-93.0364939216482,genuine
calibration,1,-32.026380942164394,genuine
calibration,1,-24.819171488136377,genuine
calibration,1,-31.722978300269844,genuine
calibration,1,-31.04922975112414,genuine
calibration,1,-42.069523432891046,genuine
calibration,1,-43.49284798890548,genuine
calibration,1,-41.61326271014672,genuine
calibration,1,-25.1008406123386,genuine
calibration,1,-30.526050408621238,genuine
calibration,1,-34.616550517773376,genuine
calibration,1,-36.88745122382704,genuine
calibration,1,-45.148123707765734,genuine
calibration,1,-23.551333242501354,genuine
calibration,1,-32.606869287472364,genuine
calibration,1,-25.651694650217124,genuine
calibration,1,-26.08402723368022,genuine
calibration,1,-31.039469937020467,genuine
calibration,1,-21.73687230188289,genuine
calibration,1,-28.776899029382207,genuine
calibration,1,-24.289819142878933,genuine
calibration,1,-19.0548054304362,genuine
calibration,1,-27.67436800803632,genuine
calibration,1,-26.528302390396686,genuine
calibration,1,-24.00913927761644,genuine
calibration,1,-22.629642994601568,genuine
calibration,1,-27.92146214740321,genuine
calibration,1,-21.206816914918686,genuine
calibration,1,-30.402800204471646,genuine
calibration,1,-27.22903172646587,genuine
calibration,1,-19.891767968060623,genuine
calibration,1,-46.25943969869685,genuine
calibration,1,-41.584515773710265,genuine
calibration,1,-27.996799420433714,genuine
calibration,1,-29.049411770167918,genuine
calibration,1,-22.60123070618712,genuine
calibration,1,-25.38973922169879,genuine
calibration,1,-30.03207666248716,genuine
calibration,1,-23.55287418758844,genuine
calibration,1,-23.118492892697606,genuine
calibration,1,-24.841727637284247,genuine
calibration,1,-24.787189337005728,genuine
calibration,1,-22.58032884906247,genuine
calibration,1,-22.818403511740932,genuine
calibration,1,-29.65119045643009,genuine
calibration,1,-29.903195191098956,genuine
calibration,1,-29.852450620863298,genuine
calibration,1,-28.741200753824092,genuine
calibration,0,-63.243797668035256,impostor
calibration,0,-75.48176967864545,impostor
calibration,0,-79.31568353587603,impostor
calibration,0,-78.38670280380823,impostor
calibration,0,-72.48010912306698,impostor
calibration,0,-137.16088068879122,impostor
calibration,0,-116.20649883309139,impostor
calibration,0,-106.39213096780989,impostor
calibration,0,-128.4424254547506,impostor
calibration,0,-108.14553259985041,impostor
calibration,0,-179.02043737016484,impostor
calibration,0,-160.77461738982385,impostor
calibration,0,-126.18964353260243,impostor
calibration,0,-145.6414561050513,impostor
calibration,0,-109.95937142002444,impostor
calibration,0,-77.0857988601059,impostor
calibration,0,-61.14044577274741,impostor
calibration,0,-91.28921683059889,impostor
calibration,0,-71.92484743969041,impostor
calibration,0,-56.653513826705016,impostor
calibration,0,-70.29145044838222,impostor
calibration,0,-65.05702858657197,impostor
calibration,0,-78.47307652506876,impostor
calibration,0,-43.244040624360295,impostor
calibration,0,-48.694343281446436,impostor
calibration,0,-41.619180417269355,impostor
calibration,0,-47.71172142292599,impostor
calibration,0,-75.51721266178775,impostor
calibration,0,-43.393724689230126,impostor
calibration,0,-48.39864578331944,impostor
calibration,0,-215.73082204499286,impostor
calibration,0,-197.85515595511055,impostor
calibration,0,-222.80189309435914,impostor
calibration,0,-223.1915916540801,impostor
calibration,0,-167.9208207727677,impostor
calibration,0,-364.9180354702346,impostor
calibration,0,-286.2144924547003,impostor
calibration,0,-243.58121304260953,impostor
calibration,0,-155.12358349317498,impostor
calibration,0,-257.9963873938521,impostor
calibration,0,-51.704857305029854,impostor
calibration,0,-53.13997871605599,impostor
calibration,0,-50.992015917273285,impostor
calibration,0,-48.37266920501056,impostor
calibration,0,-44.867652198426015,impostor
calibration,0,-335.98020760179924,impostor
calibration,0,-119.34989313792451,impostor
calibration,0,-115.73896968245688,impostor
calibration,0,-81.72780404639857,impostor
calibration,0,-77.74174129684774,impostor
calibration,0,-71.10627499317445,impostor
calibration,0,-60.004108630921884,impostor
calibration,0,-71.89399461343096,impostor
calibration,0,-55.543265635128144,impostor
calibration,0,-55.890451652865785,impostor
calibration,0,-178.76546229223578,impostor
calibration,0,-151.3921642762996,impostor
calibration,0,-168.35768848699067,impostor
calibration,0,-135.41544599071725,impostor
calibration,0,-106.33888745928917,impostor
calibration,0,-69.01558871400617,impostor
calibration,0,-73.55130900441631,impostor
calibration,0,-72.19563334052224,impostor
calibration,0,-60.145425273813984,impostor
calibration,0,-55.9522274181405,impostor
calibration,0,-180.93216093732198,impostor
calibration,0,-181.9914444144498,impostor
calibration,0,-135.03608008054448,impostor
calibration,0,-125.74333392164262,impostor
calibration,0,-140.37419083914463,impostor
calibration,0,-99.62567340442962,impostor
calibration,0,-89.56402354762709,impostor
calibration,0,-98.56402823926703,impostor
calibration,0,-58.12254021889129,impostor
calibration,0,-80.11508153903107,impostor
calibration,0,-41.15183867947647,impostor
calibration,0,-74.30066357160632,impostor
calibration,0,-51.13209345020552,impostor
calibration,0,-58.22703320477916,impostor
calibration,0,-39.20215919608282,impostor
calibration,0,-56.46424710011569,impostor
calibration,0,-52.757138179774394,impostor
calibration,0,-70.98947623395793,impostor
calibration,0,-50.478108602485186,impostor
calibration,0,-39.69531508159559,impostor
calibration,0,-97.23740303353851,impostor
calibration,0,-93.57194187373362,impostor
calibration,0,-116.57103568779667,impostor
calibration,0,-117.25047876328158,impostor
calibration,0,-96.4755739136516,impostor
calibration,0,-57.99396044654403,impostor
calibration,0,-42.209403812181996,impostor
calibration,0,-36.71227726943542,impostor
calibration,0,-42.654647533645324,impostor
calibration,0,-41.1066231294343,impostor
calibration,0,-37.28161261877173,impostor
calibration,0,-51.212339463896406,impostor
calibration,0,-37.50329586922891,impostor
calibration,0,-33.40051986516858,impostor
calibration,0,-44.076207193805416,impostor
calibration,0,-67.62896420048483,impostor
calibration,0,-46.18500475354962,impostor
calibration,0,-45.6727328744909,impostor
calibration,0,-51.64506696052023,impostor
calibration,0,-61.2105650769673,impostor
calibration,0,-92.96321276201897,impostor
calibration,0,-93.45736192338022,impostor
calibration,0,-115.63968871922542,impostor
calibration,0,-159.33368414326335,impostor
calibration,0,-100.09130293078941,impostor
calibration,0,-88.02421096663576,impostor
calibration,0,-101.06454383884747,impostor
calibration,0,-78.2145473710434,impostor
calibration,0,-101.80836512690193,impostor
calibration,0,-84.71879889131782,impostor
calibration,0,-168.256366301949,impostor
calibration,0,-138.67646585312718,impostor
calibration,0,-147.74296904950555,impostor
calibration,0,-142.5080594402299,impostor
calibration,0,-81.99278977910382,impostor
calibration,0,-44.08526782133028,impostor
calibration,0,-57.44482296495852,impostor
calibration,0,-50.30453051592152,impostor
calibration,0,-52.44561837384748,impostor
calibration,0,-49.492047066528706,impostor
calibration,0,-428.54078767522503,impostor
calibration,0,-76.05602651153583,impostor
calibration,0,-58.65984018007902,impostor
calibration,0,-58.98718559103172,impostor
calibration,0,-50.87857942074757,impostor
calibration,0,-215.6217713803369,impostor
calibration,0,-96.92475524500826,impostor
calibration,0,-100.23885127821924,impostor
calibration,0,-97.57704738087655,impostor
calibration,0,-101.38880484697385,impostor
calibration,0,-126.4876447207985,impostor
calibration,0,-83.20907122954982,impostor
calibration,0,-95.99289991782284,impostor
calibration,0,-101.51335906396963,impostor
calibration,0,-77.12781068515383,impostor
calibration,0,-103.85830882858036,impostor
calibration,0,-100.22258563462141,impostor
calibration,0,-91.60104887552316,impostor
calibration,0,-104.5450341516316,impostor
calibration,0,-68.76764762463345,impostor
calibration,0,-62.73723381712325,impostor
calibration,0,-83.13981108399624,impostor
calibration,0,-68.42646572459591,impostor
calibration,0,-105.14050650742585,impostor
calibration,0,-72.29673430313706,impostor
calibration,0,-71.95967694238523,impostor
calibration,0,-62.40448411143333,impostor
calibration,0,-71.55398991455186,impostor
calibration,0,-68.05600544959248,impostor
calibration,0,-82.01893322333859,impostor
calibration,0,-51.23303013973522,impostor
calibration,0,-48.00969842333736,impostor
calibration,0,-49.899925082635484,impostor
calibration,0,-51.694970206215196,impostor
calibration,0,-48.182554200848855,impostor
calibration,0,-66.53442693571465,impostor
calibration,0,-57.76028100394552,impostor
calibration,0,-69.18779380296056,impostor
calibration,0,-53.76844098063921,impostor
calibration,0,-57.45300231581357,impostor
calibration,0,-153.3674813901161,impostor
calibration,0,-132.6862684641868,impostor
calibration,0,-106.88222234684044,impostor
calibration,0,-85.30301066933202,impostor
calibration,0,-103.43482658801454,impostor
calibration,0,-116.59542071241081,impostor
calibration,0,-172.6540577928335,impostor
calibration,0,-95.13487750152409,impostor
calibration,0,-94.67609273013643,impostor
calibration,0,-82.27076614820814,impostor
calibration,0,-200.79702068255253,impostor
calibration,0,-146.51813913003986,impostor
calibration,0,-174.4201001885926,impostor
calibration,0,-144.6867247096326,impostor
calibration,0,-153.9888053771594,impostor
calibration,0,-121.36374310271776,impostor
calibration,0,-53.27713644338454,impostor
calibration,0,-75.44586420636074,impostor
calibration,0,-51.43048111570094,impostor
calibration,0,-67.41080288998856,impostor
calibration,0,-157.98292080868106,impostor
calibration,0,-188.32121163469296,impostor
calibration,0,-155.3122328771703,impostor
calibration,0,-162.44313429124782,impostor
calibration,0,-146.0606347736699,impostor
calibration,0,-67.43436745178415,impostor
calibration,0,-58.35680897056312,impostor
calibration,0,-44.82058017730525,impostor
calibration,0,-56.10633101676099,impostor
calibration,0,-52.5157407726814,impostor
calibration,0,-42.09322159155117,impostor
calibration,0,-61.66885138447269,impostor
calibration,0,-43.94817932412926,impostor
calibration,0,-53.411613760729,impostor
calibration,0,-36.456158306600756,impostor
calibration,0,-82.68899431950207,impostor
calibration,0,-72.12564593161913,impostor
calibration,0,-75.78784984409657,impostor
calibration,0,-64.97534786176583,impostor
calibration,0,-56.12359195056248,impostor
calibration,0,-117.88123500049043,impostor
calibration,0,-112.68760914449953,impostor
calibration,0,-63.41482967065294,impostor
calibration,0,-67.0728027364883,impostor
calibration,0,-65.44807004250556,impostor
calibration,0,-169.2890773476119,impostor
calibration,0,-163.81624018891964,impostor
calibration,0,-226.81592432654483,impostor
calibration,0,-158.02361584800974,impostor
calibration,0,-124.83478291953686,impostor
calibration,0,-65.29285599069398,impostor
calibration,0,-67.78884263058171,impostor
calibration,0,-65.82780540872189,impostor
calibration,0,-81.95562929930468,impostor
calibration,0,-82.69356939718062,impostor
calibration,0,-126.36568937693372,impostor
calibration,0,-86.7909298382613,impostor
calibration,0,-61.05981556273414,impostor
calibration,0,-45.81966485641099,impostor
calibration,0,-51.48906961995125,impostor
calibration,0,-168.79332185947405,impostor
calibration,0,-131.22040253710358,impostor
calibration,0,-122.47872013631688,impostor
calibration,0,-141.60074681185242,impostor
calibration,0,-100.40031162677843,impostor
calibration,0,-38.44309949270423,impostor
calibration,0,-75.62207301599058,impostor
calibration,0,-36.64354035050746,impostor
calibration,0,-44.00944982217754,impostor
calibration,0,-32.174999559551715,impostor
calibration,0,-85.71796348821927,impostor
calibration,0,-80.6770509415495,impostor
calibration,0,-76.2848827847409,impostor
calibration,0,-80.5499299416587,impostor
calibration,0,-113.95279268994166,impostor
calibration,0,-70.93464914353802,impostor
calibration,0,-78.4148885964797,impostor
calibration,0,-70.73079242056895,impostor
calibration,0,-75.75096275599859,impostor
calibration,0,-83.6205613009456,impostor
calibration,0,-76.18565893203485,impostor
calibration,0,-56.93363001686731,impostor
calibration,0,-55.773691300799314,impostor
calibration,0,-53.8910295485952,impostor
calibration,0,-47.735985911442356,impostor
calibration,1,-29.947301284173278,genuine
calibration,1,-35.92049984469819,genuine
calibration,1,-27.790425054976286,genuine
calibration,1,-23.182907187993237,genuine
calibration,1,-22.105866341139894,genuine
calibration,1,-49.27174448594937,genuine
calibration,1,-26.634747757846057,genuine
calibration,1,-22.233717985859407,genuine
calibration,1,-31.84207448836447,genuine
calibration,1,-35.50628308854758,genuine
calibration,1,-139.73540652693086,genuine
calibration,1,-34.99692059639469,genuine
calibration,1,-27.521694728730864,genuine
calibration,1,-27.34494286629875,genuine
calibration,1,-27.70461608861435,genuine
calibration,1,-27.498421627910744,genuine
calibration,1,-35.25935629228098,genuine
calibration,1,-29.681758033220824,genuine
calibration,1,-29.573832513979674,genuine
calibration,1,-31.704252913959433,genuine
calibration,1,-51.405078637585085,genuine
calibration,1,-39.92136384669782,genuine
calibration,1,-24.73857911689051,genuine
calibration,1,-29.550403707899417,genuine
calibration,1,-30.76860596627574,genuine
calibration,1,-26.80020224989124,genuine
calibration,1,-27.21349668234454,genuine
calibration,1,-32.633288325411755,genuine
calibration,1,-27.91303470808964,genuine
calibration,1,-25.620187929316415,genuine
calibration,1,-30.996405561965943,genuine
calibration,1,-31.685087910366473,genuine
calibration,1,-28.278976740078598,genuine
calibration,1,-100.7244543454045,genuine
calibration,1,-28.29793151738867,genuine
calibration,1,-33.01768046704729,genuine
calibration,1,-28.98717513894092,genuine
calibration,1,-22.757010741294977,genuine
calibration,1,-30.667828644766818,genuine
calibration,1,-25.102369857362927,genuine
calibration,1,-25.843470540813556,genuine
calibration,1,-26.32264844376082,genuine
calibration,1,-27.917471357486235,genuine
calibration,1,-30.94905347943865,genuine
calibration,1,-29.95259849628324,genuine
calibration,1,-32.5555091623612,genuine
calibration,1,-71.2936417187899,genuine
calibration,1,-30.156679738844627,genuine
calibration,1,-27.8535722269573,genuine
calibration,1,-25.954112155642616,genuine
calibration,1,-70.01034965217086,genuine
calibration,1,-63.726954062481354,genuine
calibration,1,-44.518905238167484,genuine
calibration,1,-37.774291041190644,genuine
calibration,1,-39.578398231791866,genuine
calibration,1,-29.34934967202738,genuine
calibration,1,-18.409868690393875,genuine
calibration,1,-24.966818487507762,genuine
calibration,1,-31.416350385274555,genuine
calibration,1,-45.97103747744856,genuine
calibration,1,-40.9726784861524,genuine
calibration,1,-32.65194738080916,genuine
calibration,1,-30.186024213002828,genuine
calibration,1,-29.957090865129565,genuine
calibration,1,-33.72453389709176,genuine
calibration,1,-34.43280364284485,genuine
calibration,1,-23.771684199568465,genuine
calibration,1,-30.149114406627614,genuine
calibration,1,-31.66503108644485,genuine
calibration,1,-33.17107774004977,genuine
calibration,1,-24.28690247838413,genuine
calibration,1,-28.72762179747971,genuine
calibration,1,-24.64708939395342,genuine
calibration,1,-33.54641705028004,genuine
calibration,1,-33.44920709268747,genuine
calibration,1,-29.357597336711923,genuine
calibration,1,-31.800575633417473,genuine
calibration,1,-36.45280304988435,genuine
calibration,1,-36.85662646084587,genuine
calibration,1,-42.59894999923479,genuine
calibration,1,-33.180508500955064,genuine
calibration,1,-29.873492402111136,genuine
calibration,1,-54.744788876282925,genuine
calibration,1,-32.920715452420566,genuine
calibration,1,-36.54425284693834,genuine
calibration,1,-32.807138491976104,genuine
calibration,1,-31.649073135400236,genuine
calibration,1,-23.598283626324484,genuine
calibration,1,-33.13530115917206,genuine
calibration,1,-36.90043718136522,genuine
calibration,1,-37.4744682109993,genuine
calibration,1,-31.39384557107862,genuine
calibration,1,-40.73208939630515,genuine
calibration,1,-38.10197529616916,genuine
calibration,1,-35.23623773711259,genuine
calibration,1,-34.824065167008435,genuine
calibration,1,-21.779482921027668,genuine
calibration,1,-37.718037519116194,genuine
calibration,1,-33.279338770351366,genuine
calibration,1,-33.46602398923008,genuine
calibration,1,-32.08955829074746,genuine
calibration,1,-36.41271727584288,genuine
calibration,1,-26.925817002367076,genuine
calibration,1,-45.72439036307173,genuine
calibration,1,-40.54308267345351,genuine
calibration,1,-26.799269925124573,genuine
calibration,1,-32.77601252940114,genuine
calibration,1,-29.58620049835423,genuine
calibration,1,-32.90557673624687,genuine
calibration,1,-49.41161588517293,genuine
calibration,1,-30.63753230685245,genuine
calibration,1,-28.978033075326824,genuine
calibration,1,-40.90846964923392,genuine
calibration,1,-31.586900037370626,genuine
calibration,1,-32.46038012522338,genuine
calibration,1,-40.953104499235984,genuine
calibration,1,-37.28038104591038,genuine
calibration,1,-55.68890234754366,genuine
calibration,1,-47.082994851285235,genuine
calibration,1,-42.149772973232594,genuine
calibration,1,-31.405720167151895,genuine
calibration,1,-36.095389288638785,genuine
calibration,1,-39.69555834490671,genuine
calibration,1,-39.971144687395494,genuine
calibration,1,-43.98770598012435,genuine
calibration,1,-55.016711667532356,genuine
calibration,1,-39.89661103606127,genuine
calibration,1,-41.01093530142899,genuine
calibration,1,-33.04597409718465,genuine
calibration,1,-39.738329680653734,genuine
calibration,1,-36.837272189584205,genuine
calibration,1,-29.926516594836173,genuine
calibration,1,-32.23204572144141,genuine
calibration,1,-32.444722650811244,genuine
calibration,1,-42.84234081285187,genuine
calibration,1,-40.73883620896592,genuine
calibration,1,-32.69365056607514,genuine
calibration,1,-33.340432231973516,genuine
calibration,1,-40.56560114578704,genuine
calibration,1,-42.043716346932946,genuine
calibration,1,-43.734122540350924,genuine
calibration,1,-59.22130593360825,genuine
calibration,1,-37.729223895968445,genuine
calibration,1,-27.121701739850444,genuine
calibration,1,-42.51023685614882,genuine
calibration,1,-42.71126492536216,genuine
calibration,1,-31.488927092561898,genuine
calibration,1,-32.05012829860069,genuine
calibration,1,-34.55807301154372,genuine
calibration,1,-34.07157865482224,genuine
calibration,1,-77.53354189334709,genuine
calibration,1,-33.0834916507823,genuine
calibration,1,-47.013068884014466,genuine
calibration,1,-28.15331705462902,genuine
calibration,1,-42.812145648034225,genuine
calibration,1,-31.180458058902165,genuine
calibration,1,-45.18447171170232,genuine
calibration,1,-30.71595677575587,genuine
calibration,1,-39.26264410054483,genuine
calibration,1,-38.97332432138122,genuine
calibration,1,-34.34645049621306,genuine
calibration,1,-36.83084590488987,genuine
calibration,1,-38.38537301541138,genuine
calibration,1,-42.362672053594885,genuine
calibration,1,-37.49677023220686,genuine
calibration,1,-39.08862830846827,genuine
calibration,1,-55.619593287354064,genuine
calibration,1,-35.01451277611787,genuine
calibration,1,-42.03318120010523,genuine
calibration,1,-39.03875595695471,genuine
calibration,1,-27.96468111445397,genuine
calibration,1,-39.06737485740426,genuine
calibration,1,-38.3859221506819,genuine
calibration,1,-33.26900234055052,genuine
calibration,1,-65.99420037663727,genuine
calibration,1,-34.29990870165858,genuine
calibration,1,-33.88465258431549,genuine
calibration,1,-39.30038572615263,genuine
calibration,1,-32.945176221392735,genuine
calibration,1,-36.974977388557825,genuine
calibration,1,-34.06248321708062,genuine
calibration,1,-44.60342891389157,genuine
calibration,1,-33.45624173680527,genuine
calibration,1,-41.33294007318644,genuine
calibration,1,-34.05771907715674,genuine
calibration,1,-32.72291037949834,genuine
calibration,1,-31.496821551495646,genuine
calibration,1,-42.53604044429028,genuine
calibration,1,-34.12156346538795,genuine
calibration,1,-36.68008268875437,genuine
calibration,1,-35.210596759420504,genuine
calibration,1,-32.68024847025298,genuine
calibration,1,-58.09436512198063,genuine
calibration,1,-33.56283152508692,genuine
calibration,1,-37.28193981817863,genuine
calibration,1,-42.212331232787264,genuine
calibration,1,-36.653285455528696,genuine
calibration,1,-72.33853405432733,genuine
calibration,1,-34.961330392934165,genuine
calibration,1,-35.53719954070586,genuine
calibration,0,-57.74108758135406,impostor
calibration,0,-66.781038898032,impostor
calibration,0,-95.15490229707198,impostor
calibration,0,-44.56890546398857,impostor
calibration,0,-37.95637592070005,impostor
calibration,0,-144.13316124891563,impostor
calibration,0,-172.79249009987214,impostor
calibration,0,-106.1431090822853,impostor
calibration,0,-119.21721444619529,impostor
calibration,0,-133.90694864661137,impostor
calibration,0,-314.04319404726533,impostor
calibration,0,-248.18118236061636,impostor
calibration,0,-227.54636974129363,impostor
calibration,0,-294.42362067615767,impostor
calibration,0,-230.2736399625955,impostor
calibration,0,-95.37233832881732,impostor
calibration,0,-61.80863847301811,impostor
calibration,0,-102.13471474194115,impostor
calibration,0,-78.58884200139377,impostor
calibration,0,-65.77446097712152,impostor
calibration,0,-139.65309342973214,impostor
calibration,0,-185.71642636384126,impostor
calibration,0,-207.13907486204553,impostor
calibration,0,-69.14812271168695,impostor
calibration,0,-97.31933976645988,impostor
calibration,0,-63.751225726717635,impostor
calibration,0,-67.14230817796955,impostor
calibration,0,-69.95991605156593,impostor
calibration,0,-64.08993929889387,impostor
calibration,0,-76.83934243227286,impostor
calibration,0,-404.49554957259517,impostor
calibration,0,-422.51577123416735,impostor
calibration,0,-379.97808173657876,impostor
calibration,0,-410.45367873271135,impostor
calibration,0,-309.7498071501117,impostor
calibration,0,-545.2798320523868,impostor
calibration,0,-379.96958021732496,impostor
calibration,0,-421.27213879114635,impostor
calibration,0,-225.5082937797599,impostor
calibration,0,-400.9731347026775,impostor
calibration,0,-80.7267461263072,impostor
calibration,0,-71.64741615315904,impostor
calibration,0,-85.00178037735132,impostor
calibration,0,-74.1773634674553,impostor
calibration,0,-73.9630951755549,impostor
calibration,0,-479.36438367153784,impostor
calibration,0,-164.2560405944107,impostor
calibration,0,-142.86390280266144,impostor
calibration,0,-140.8265916993669,impostor
calibration,0,-131.4102162591698,impostor
calibration,0,-106.07540856922313,impostor
calibration,0,-96.47236392701869,impostor
calibration,0,-82.04962532441283,impostor
calibration,0,-69.03584756249946,impostor
calibration,0,-58.28007078481905,impostor
calibration,0,-313.0795329316468,impostor
calibration,0,-172.0666866948537,impostor
calibration,0,-215.95492237711647,impostor
calibration,0,-128.81319061480104,impostor
calibration,0,-98.51897780167229,impostor
calibration,0,-114.59854316736757,impostor
calibration,0,-80.85999830583879,impostor
calibration,0,-74.56555234425913,impostor
calibration,0,-73.71307545917001,impostor
calibration,0,-53.527761231441,impostor
calibration,0,-238.0845373098414,impostor
calibration,0,-180.26210058026052,impostor
calibration,0,-140.0407976800868,impostor
calibration,0,-161.23513719315304,impostor
calibration,0,-209.25541768138217,impostor
calibration,0,-126.99545181887464,impostor
calibration,0,-88.68388848944065,impostor
calibration,0,-81.05188142598669,impostor
calibration,0,-75.00098088400028,impostor
calibration,0,-152.59864771482162,impostor
calibration,0,-84.13235828145467,impostor
calibration,0,-136.2033150188979,impostor
calibration,0,-106.46221680098985,impostor
calibration,0,-126.54207785912672,impostor
calibration,0,-69.76774276994071,impostor
calibration,0,-64.49195944477066,impostor
calibration,0,-62.304754784238504,impostor
calibration,0,-87.83378377949134,impostor
calibration,0,-48.11622538625913,impostor
calibration,0,-67.00303575232427,impostor
calibration,0,-68.2484644961633,impostor
calibration,0,-101.98388220415767,impostor
calibration,0,-119.43244622336539,impostor
calibration,0,-111.92278209966108,impostor
calibration,0,-69.35764298585079,impostor
calibration,0,-122.97596901355345,impostor
calibration,0,-94.92548665548418,impostor
calibration,0,-94.72330843870084,impostor
calibration,0,-69.25980722965176,impostor
calibration,0,-68.40754430693248,impostor
calibration,0,-78.61111066754242,impostor
calibration,0,-95.76713884421842,impostor
calibration,0,-73.0207156222042,impostor
calibration,0,-62.2025296746812,impostor
calibration,0,-82.89628010145674,impostor
calibration,0,-65.57870800130222,impostor
calibration,0,-60.99613128626187,impostor
calibration,0,-76.50320936022766,impostor
calibration,0,-47.95449035738407,impostor
calibration,0,-74.48218023055426,impostor
calibration,0,-61.58993750488813,impostor
calibration,0,-58.34959041187831,impostor
calibration,0,-70.2880126531217,impostor
calibration,0,-128.9872571362301,impostor
calibration,0,-106.95630655202386,impostor
calibration,0,-122.36992916496288,impostor
calibration,0,-130.38351303785802,impostor
calibration,0,-129.35433217979642,impostor
calibration,0,-137.3495610676537,impostor
calibration,0,-92.83185603453171,impostor
calibration,0,-258.50195224606904,impostor
calibration,0,-244.8547835060835,impostor
calibration,0,-253.67280291196826,impostor
calibration,0,-133.3481683969586,impostor
calibration,0,-201.92456033650146,impostor
calibration,0,-67.78508273007104,impostor
calibration,0,-62.10763160665844,impostor
calibration,0,-45.38327668036088,impostor
calibration,0,-54.37822629773427,impostor
calibration,0,-53.65454604994446,impostor
calibration,0,-305.46919790440876,impostor
calibration,0,-104.8948894545283,impostor
calibration,0,-64.30096887257965,impostor
calibration,0,-179.4222547897126,impostor
calibration,0,-64.88433541218622,impostor
calibration,0,-161.0035714260604,impostor
calibration,0,-69.77435197446492,impostor
calibration,0,-57.92906538056906,impostor
calibration,0,-40.46964435123333,impostor
calibration,0,-38.6130842075739,impostor
calibration,0,-122.81270513608335,impostor
calibration,0,-82.12164940391105,impostor
calibration,0,-93.03192988818977,impostor
calibration,0,-92.73219018898118,impostor
calibration,0,-91.11299716523696,impostor
calibration,0,-191.92955751816476,impostor
calibration,0,-168.20450732257078,impostor
calibration,0,-138.26816579827093,impostor
calibration,0,-173.4004861012425,impostor
calibration,0,-107.32218919965563,impostor
calibration,0,-82.14740346424027,impostor
calibration,0,-95.25753962039879,impostor
calibration,0,-49.018488459288186,impostor
calibration,0,-131.00579821345661,impostor
calibration,0,-56.423133965415666,impostor
calibration,0,-61.56747383761365,impostor
calibration,0,-55.43189354855215,impostor
calibration,0,-61.72568696130504,impostor
calibration,0,-62.130132273676416,impostor
calibration,0,-60.01891799951997,impostor
calibration,0,-79.61808247595663,impostor
calibration,0,-65.52392636288786,impostor
calibration,0,-65.76551170423747,impostor
calibration,0,-68.36164002535092,impostor
calibration,0,-67.76872761818201,impostor
calibration,0,-49.169692219116385,impostor
calibration,0,-55.40176384947892,impostor
calibration,0,-72.6035985836977,impostor
calibration,0,-60.682314519586804,impostor
calibration,0,-62.21480888781105,impostor
calibration,0,-130.66689191562168,impostor
calibration,0,-96.59231795422126,impostor
calibration,0,-53.45524810273485,impostor
calibration,0,-79.46860120722384,impostor
calibration,0,-84.27099581678846,impostor
calibration,0,-149.78785089488068,impostor
calibration,0,-203.21218079173053,impostor
calibration,0,-93.84810095610204,impostor
calibration,0,-78.91595474468905,impostor
calibration,0,-77.33139855724792,impostor
calibration,0,-191.03547269503144,impostor
calibration,0,-128.5167291557194,impostor
calibration,0,-149.32827360479735,impostor
calibration,0,-128.98085968245704,impostor
calibration,0,-142.03346195586846,impostor
calibration,0,-227.07923515689845,impostor
calibration,0,-86.95101777527881,impostor
calibration,0,-96.89851726742609,impostor
calibration,0,-91.0748607567054,impostor
calibration,0,-118.2629522387764,impostor
calibration,0,-89.28292574222709,impostor
calibration,0,-117.61767347477638,impostor
calibration,0,-80.41904267974745,impostor
calibration,0,-107.74219446451939,impostor
calibration,0,-108.12408916659312,impostor
calibration,0,-61.821238812278466,impostor
calibration,0,-56.20390415270675,impostor
calibration,0,-59.37605101089641,impostor
calibration,0,-90.21455421128586,impostor
calibration,0,-75.33682529940884,impostor
calibration,0,-72.54049746442352,impostor
calibration,0,-80.82641440858478,impostor
calibration,0,-83.96532132509635,impostor
calibration,0,-66.0584806103148,impostor
calibration,0,-73.90537020225953,impostor
calibration,0,-130.5743282649313,impostor
calibration,0,-92.86625207504684,impostor
calibration,0,-118.72738738975464,impostor
calibration,0,-83.62277667081517,impostor
calibration,0,-79.17924071217745,impostor
calibration,0,-163.71721895026806,impostor
calibration,0,-151.12829531972216,impostor
calibration,0,-59.99148290895206,impostor
calibration,0,-54.80057840578876,impostor
calibration,0,-86.23642519704232,impostor
calibration,0,-221.89513480314446,impostor
calibration,0,-124.32486328020207,impostor
calibration,0,-254.00727095005442,impostor
calibration,0,-162.06664236743424,impostor
calibration,0,-129.12780613143005,impostor
calibration,0,-49.05931936405393,impostor
calibration,0,-40.93931408559192,impostor
calibration,0,-57.77818113198602,impostor
calibration,0,-85.44619273183883,impostor
calibration,0,-61.46034791664453,impostor
calibration,0,-221.83578819174275,impostor
calibration,0,-98.49666134423806,impostor
calibration,0,-75.43448695667774,impostor
calibration,0,-62.90835385090819,impostor
calibration,0,-64.67827544241551,impostor
calibration,0,-212.20439370660074,impostor
calibration,0,-131.9415422273439,impostor
calibration,0,-157.09148468211592,impostor
calibration,0,-189.28103887179657,impostor
calibration,0,-115.8368795154796,impostor
calibration,0,-101.96760022639053,impostor
calibration,0,-161.12375019208596,impostor
calibration,0,-91.81200937953258,impostor
calibration,0,-109.08975369152486,impostor
calibration,0,-86.30200908583699,impostor
calibration,0,-59.92651768117217,impostor
calibration,0,-63.7097130609461,impostor
calibration,0,-36.3802469003903,impostor
calibration,0,-52.58690357792468,impostor
calibration,0,-66.88033766469955,impostor
calibration,0,-59.81186718849999,impostor
calibration,0,-51.56567080766575,impostor
calibration,0,-44.46132072489039,impostor
calibration,0,-46.66217032977122,impostor
calibration,0,-50.44516125643586,impostor
calibration,0,-103.95546432911355,impostor
calibration,0,-94.21907926131195,impostor
calibration,0,-89.01421228479298,impostor
calibration,0,-86.54247291866517,impostor
calibration,0,-63.28977637057432,impostor
test,1,-134.03772268022337,genuine
test,1,-17.43329462218152,genuine
test,1,-48.254668783328825,genuine
test,1,-22.956314784856747,genuine
test,1,-23.04334270798362,genuine
test,1,-29.701933634843297,genuine
test,1,-22.348439716834086,genuine
test,1,-24.703024557191412,genuine
test,1,-21.02092604328806,genuine
test,1,-43.74198022998901,genuine
test,1,-28.08292392261713,genuine
test,1,-21.246914847495955,genuine
test,1,-34.04370658341424,genuine
test,1,-33.45182192884905,genuine
test,1,-27.865581535277975,genuine
test,1,-23.728862193554683,genuine
test,1,-25.83552762763105,genuine
test,1,-27.41573403276846,genuine
test,1,-32.53650271041448,genuine
test,1,-31.96462248821925,genuine
test,1,-33.50705635324709,genuine
test,1,-65.76651864883411,genuine
test,1,-33.819575923544136,genuine
test,1,-25.761780719559084,genuine
test,1,-36.18260128948216,genuine
test,1,-29.142447500901593,genuine
test,1,-42.469135222591504,genuine
test,1,-37.67192485732363,genuine
test,1,-26.714383299624703,genuine
test,1,-27.374140949667314,genuine
test,1,-28.11814568407749,genuine
test,1,-33.35865914485812,genuine
test,1,-27.169849404503303,genuine
test,1,-32.72583485679953,genuine
test,1,-30.15722201830685,genuine
test,1,-36.92117134003249,genuine
test,1,-40.43915340991691,genuine
test,1,-32.69343160510921,genuine
test,1,-37.689375154088594,genuine
test,1,-22.21969085213327,genuine
test,1,-25.028234744466687,genuine
test,1,-28.431667583139593,genuine
test,1,-33.489846464878944,genuine
test,1,-22.204116916952895,genuine
test,1,-107.00765382049985,genuine
test,1,-18.1047191181641,genuine
test,1,-29.437902933160622,genuine
test,1,-19.283246960683,genuine
test,1,-36.33101106422842,genuine
test,1,-72.44703434775894,genuine
test,1,-52.05126518628968,genuine
test,1,-20.034072817439107,genuine
test,1,-31.380805235004996,genuine
test,1,-27.64132874307501,genuine
test,1,-25.180701550461254,genuine
test,1,-25.074621538955704,genuine
test,1,-50.923451729610036,genuine
test,1,-25.315023562546962,genuine
test,1,-23.66045182627978,genuine
test,1,-23.7456088296712,genuine
test,1,-32.40651714565587,genuine
test,1,-26.593726710724965,genuine
test,1,-24.504712437705205,genuine
test,1,-21.554639304938704,genuine
test,1,-29.191968339674943,genuine
test,1,-23.902994615814585,genuine
test,1,-24.518730796566185,genuine
test,1,-24.587870026196697,genuine
test,1,-27.096676189985203,genuine
test,1,-25.455241101786036,genuine
test,1,-32.93390166482776,genuine
test,1,-26.425659185265012,genuine
test,1,-40.21293425220135,genuine
test,1,-22.610630905385882,genuine
test,1,-26.074326578867357,genuine
test,1,-25.949993246041803,genuine
test,1,-22.392941372846543,genuine
test,1,-25.61228447352181,genuine
test,1,-79.65958592406504,genuine
test,1,-25.14891849884478,genuine
test,1,-23.08795197872808,genuine
test,1,-24.216511686299075,genuine
test,1,-37.28466129569403,genuine
test,1,-40.45456064739357,genuine
test,1,-38.71522423842758,genuine
test,1,-29.41739233706112,genuine
test,1,-33.206580838832686,genuine
test,1,-34.71085135454208,genuine
test,1,-28.629040977265074,genuine
test,1,-34.97884491430462,genuine
test,1,-32.346146594239876,genuine
test,1,-32.69010475653132,genuine
test,1,-29.66626028303788,genuine
test,1,-31.900453590031862,genuine
test,1,-37.20087055058041,genuine
test,1,-35.08381850486525,genuine
test,1,-35.18131592783507,genuine
test,1,-37.48759207329984,genuine
test,1,-51.69060401141668,genuine
test,1,-25.26561965840648,genuine
test,1,-39.79412893681197,genuine
test,1,-23.480555748503974,genuine
test,1,-31.081736501359234,genuine
test,1,-15.902909113463439,genuine
test,1,-21.285106380609925,genuine
test,1,-18.45861343765391,genuine
test,1,-17.117240272740467,genuine
test,1,-26.325571018777303,genuine
test,1,-26.89203686453974,genuine
test,1,-22.622130781991075,genuine
test,1,-25.983543335294424,genuine
test,1,-25.89937945149456,genuine
test,1,-29.798536362551072,genuine
test,1,-27.524653540636237,genuine
test,1,-26.94732932940572,genuine
test,1,-27.632054374942257,genuine
test,1,-27.626281840993663,genuine
test,1,-27.281230354933125,genuine
test,1,-30.635226813375002,genuine
test,1,-27.869516346828785,genuine
test,1,-37.90581143176508,genuine
test,1,-22.842745691614244,genuine
test,1,-29.539311528126085,genuine
test,1,-28.991102106181057,genuine
test,1,-48.24050053645605,genuine
test,1,-27.796738659261038,genuine
test,1,-28.149390682409454,genuine
test,1,-27.85481752070833,genuine
test,1,-26.506814177235,genuine
test,1,-37.9015800473238,genuine
test,1,-30.194859730589176,genuine
test,1,-28.11820439381728,genuine
test,1,-33.956968105054834,genuine
test,1,-27.371759749910066,genuine
test,1,-29.29564623491392,genuine
test,1,-21.08946763307334,genuine
test,1,-28.071392457300107,genuine
test,1,-30.7941964351807,genuine
test,1,-32.770273922198825,genuine
test,1,-30.030102619078246,genuine
test,1,-33.34892669091238,genuine
test,1,-30.288452597153107,genuine
test,1,-26.38669909150107,genuine
test,1,-32.810803319839195,genuine
test,1,-50.372750827295796,genuine
test,1,-41.06684400247478,genuine
test,1,-39.00288823866562,genuine
test,1,-30.565875881309935,genuine
test,1,-35.44855854673416,genuine
test,1,-24.954902316980345,genuine
test,1,-25.799048155685885,genuine
test,1,-33.32607614995899,genuine
test,1,-41.35287766421085,genuine
test,1,-49.1851420552393,genuine
test,1,-21.14144970823098,genuine
test,1,-39.597337062876335,genuine
test,1,-28.607126879373457,genuine
test,1,-23.40925897843997,genuine
test,1,-36.042046679983244,genuine
test,1,-39.86426342453028,genuine
test,1,-25.525639742910897,genuine
test,1,-25.056645328397483,genuine
test,1,-36.377669111383256,genuine
test,1,-31.827623882274533,genuine
test,1,-34.03784299740234,genuine
test,1,-34.503681905071836,genuine
test,1,-25.476239458295737,genuine
test,1,-25.240066766508125,genuine
test,1,-26.873123710949304,genuine
test,1,-25.50014961186486,genuine
test,1,-30.8471310788924,genuine
test,1,-28.226346831890748,genuine
test,1,-18.560257631885467,genuine
test,1,-35.48414943237106,genuine
test,1,-30.549638424366645,genuine
test,1,-32.77808738038679,genuine
test,1,-33.592125930714616,genuine
test,1,-24.98790243380516,genuine
test,1,-29.691967806206467,genuine
test,1,-47.72961255742947,genuine
test,1,-62.97866119682646,genuine
test,1,-34.17223817918337,genuine
test,1,-48.56322191318881,genuine
test,1,-28.56173447095171,genuine
test,1,-30.583860745782133,genuine
test,1,-29.939513836714447,genuine
test,1,-49.04343235454733,genuine
test,1,-36.988739372552814,genuine
test,1,-51.779511461324,genuine
test,1,-25.48515215805857,genuine
test,1,-22.20501255954789,genuine
test,1,-29.5364139611381,genuine
test,1,-32.564609098526034,genuine
test,1,-34.33724489265183,genuine
test,1,-30.402674172990817,genuine
test,1,-34.56205409663761,genuine
test,1,-31.52966894739074,genuine
test,1,-26.748045535464406,genuine
test,1,-31.567515556542332,genuine
test,1,-34.43752261221487,genuine
test,0,-58.004243508745176,impostor
test,0,-88.61402110770678,impostor
test,0,-85.45914731713565,impostor
test,0,-65.01358904486274,impostor
test,0,-57.89781536557466,impostor
test,0,-151.45227279338823,impostor
test,0,-144.05687681719306,impostor
test,0,-128.73686628447922,impostor
test,0,-166.21295044905239,impostor
test,0,-155.77839153686793,impostor
test,0,-292.93791365395384,impostor
test,0,-254.8935466501444,impostor
test,0,-248.79238090634195,impostor
test,0,-265.35956834526183,impostor
test,0,-238.58257071549616,impostor
test,0,-84.06797693643263,impostor
test,0,-64.20695286149838,impostor
test,0,-109.28149774331176,impostor
test,0,-72.23039017580346,impostor
test,0,-67.82366603473149,impostor
test,0,-132.47534217249097,impostor
test,0,-138.0854212518911,impostor
test,0,-171.56908411915634,impostor
test,0,-62.48759569446019,impostor
test,0,-84.5994326076179,impostor
test,0,-59.186787431312226,impostor
test,0,-54.40014560990684,impostor
test,0,-89.35443153404135,impostor
test,0,-51.90734492082935,impostor
test,0,-69.41446226294399,impostor
test,0,-387.69121271956783,impostor
test,0,-335.61307330480184,impostor
test,0,-373.51803850745085,impostor
test,0,-369.46946894997046,impostor
test,0,-257.11045674626837,impostor
test,0,-502.91566041752924,impostor
test,0,-397.8652266320433,impostor
test,0,-370.5341695899864,impostor
test,0,-219.7038470182757,impostor
test,0,-359.7468047173605,impostor
test,0,-78.66465432126233,impostor
test,0,-73.70668698816665,impostor
test,0,-85.1408701126228,impostor
test,0,-78.05836635983987,impostor
test,0,-65.08700485193926,impostor
test,0,-387.67278671884014,impostor
test,0,-176.39624875510648,impostor
test,0,-153.8328557329912,impostor
test,0,-160.63707937168547,impostor
test,0,-136.3475959274628,impostor
test,0,-90.03675117602495,impostor
test,0,-75.21291389380485,impostor
test,0,-67.80126980645461,impostor
test,0,-54.134056152690235,impostor
test,0,-39.30198481945472,impostor
test,0,-239.2645583575536,impostor
test,0,-186.3984081829834,impostor
test,0,-202.2146398561705,impostor
test,0,-139.24846774259584,impostor
test,0,-105.95398451599468,impostor
test,0,-121.1387468101331,impostor
test,0,-84.43031822384653,impostor
test,0,-53.52272129846216,impostor
test,0,-46.01372926861776,impostor
test,0,-43.74091982539673,impostor
test,0,-272.16512252599045,impostor
test,0,-237.97283104088098,impostor
test,0,-199.74649495015274,impostor
test,0,-181.26810760586295,impostor
test,0,-204.20031972289956,impostor
test,0,-159.21788557351698,impostor
test,0,-110.16057110290727,impostor
test,0,-98.27818717478549,impostor
test,0,-60.601627823060895,impostor
test,0,-106.06178191711838,impostor
test,0,-76.46168677760734,impostor
test,0,-133.09189176198592,impostor
test,0,-122.40837969027912,impostor
test,0,-119.1667760883642,impostor
test,0,-85.81751582687944,impostor
test,0,-60.73176767429633,impostor
test,0,-61.71438622670198,impostor
test,0,-64.26172416475055,impostor
test,0,-29.556922248703593,impostor
test,0,-53.123438601744525,impostor
test,0,-71.44099753017859,impostor
test,0,-92.28885939219217,impostor
test,0,-93.3544665515095,impostor
test,0,-91.91607772218111,impostor
test,0,-75.19223883176707,impostor
test,0,-100.55457605019785,impostor
test,0,-96.74897161400493,impostor
test,0,-115.44014538595796,impostor
test,0,-85.52888915168836,impostor
test,0,-84.03999974049957,impostor
test,0,-56.53517689546091,impostor
test,0,-91.6074036013075,impostor
test,0,-61.85177782689246,impostor
test,0,-55.496688303043,impostor
test,0,-74.32353602469095,impostor
test,0,-66.50115749167749,impostor
test,0,-46.790966427905204,impostor
test,0,-61.372150378621185,impostor
test,0,-51.651564861745555,impostor
test,0,-57.85527325716339,impostor
test,0,-91.23205577471991,impostor
test,0,-81.82568209025395,impostor
test,0,-98.93142178915583,impostor
test,0,-141.5664048722532,impostor
test,0,-97.18214827629002,impostor
test,0,-123.46415409338279,impostor
test,0,-123.91948439959253,impostor
test,0,-91.57943122907633,impostor
test,0,-100.08125125743727,impostor
test,0,-76.09904317969206,impostor
test,0,-267.5270286164116,impostor
test,0,-191.58277701734636,impostor
test,0,-272.4383963152953,impostor
test,0,-120.02613341952308,impostor
test,0,-187.85476873525934,impostor
test,0,-161.45209941683555,impostor
test,0,-127.66291531934858,impostor
test,0,-139.70169273462835,impostor
test,0,-120.40949565319531,impostor
test,0,-64.95789633613245,impostor
test,0,-402.3728941012633,impostor
test,0,-70.83878377452537,impostor
test,0,-69.90121363678382,impostor
test,0,-188.84834487963784,impostor
test,0,-59.22663195123364,impostor
test,0,-231.97974833683278,impostor
test,0,-93.66227994240336,impostor
test,0,-90.29720817348564,impostor
test,0,-68.95422839258126,impostor
test,0,-75.64291752897422,impostor
test,0,-162.73909883990265,impostor
test,0,-121.64963696062149,impostor
test,0,-118.71914898366873,impostor
test,0,-133.33404848999072,impostor
test,0,-107.86993555040371,impostor
test,0,-140.32094749573204,impostor
test,0,-143.94372715967327,impostor
test,0,-127.84631001970389,impostor
test,0,-107.31664613047846,impostor
test,0,-90.0072188201831,impostor
test,0,-97.90722342454707,impostor
test,0,-85.34075300241686,impostor
test,0,-38.815029622547556,impostor
test,0,-101.55540609479834,impostor
test,0,-44.955871001972625,impostor
test,0,-87.87208978785509,impostor
test,0,-69.22142366264626,impostor
test,0,-71.67537814536563,impostor
test,0,-69.82461674371868,impostor
test,0,-76.13746965873813,impostor
test,0,-74.58073316770799,impostor
test,0,-69.13571081739893,impostor
test,0,-53.26541171165208,impostor
test,0,-54.52814187733821,impostor
test,0,-74.84611652686098,impostor
test,0,-57.48116305998266,impostor
test,0,-63.87203641787238,impostor
test,0,-82.69366195851629,impostor
test,0,-63.42580760021899,impostor
test,0,-63.890988656665776,impostor
test,0,-168.22732823394617,impostor
test,0,-117.35104632750065,impostor
test,0,-83.30192511914481,impostor
test,0,-93.35571840996289,impostor
test,0,-93.71933717191698,impostor
test,0,-141.3143053423019,impostor
test,0,-193.3565499489072,impostor
test,0,-113.2316296605641,impostor
test,0,-103.34818930121293,impostor
test,0,-89.08942534724943,impostor
test,0,-241.23728458130103,impostor
test,0,-144.8624182158068,impostor
test,0,-184.29589776523724,impostor
test,0,-161.22903818228926,impostor
test,0,-164.4525314464794,impostor
test,0,-224.0188616034239,impostor
test,0,-84.47208858182505,impostor
test,0,-118.23993401799908,impostor
test,0,-93.3060242766016,impostor
test,0,-111.37519048677697,impostor
test,0,-170.4158143302736,impostor
test,0,-192.24692885661173,impostor
test,0,-139.67116031737976,impostor
test,0,-141.6008267813518,impostor
test,0,-149.76759384638058,impostor
test,0,-72.76133131037051,impostor
test,0,-42.3121330532414,impostor
test,0,-72.04421879594803,impostor
test,0,-70.54271425947417,impostor
test,0,-61.38914730501392,impostor
test,0,-63.244532172331674,impostor
test,0,-74.52621553527787,impostor
test,0,-51.337338497795415,impostor
test,0,-60.63316915215986,impostor
test,0,-54.72183590114993,impostor
test,0,-130.06813628894008,impostor
test,0,-91.65975826474548,impostor
test,0,-93.442587403524,impostor
test,0,-66.33310097300055,impostor
test,0,-64.31340744188783,impostor
test,0,-114.7117174926602,impostor
test,0,-93.43664318378846,impostor
test,0,-55.7126940731564,impostor
test,0,-60.84338157069871,impostor
test,0,-53.58803196713507,impostor
test,0,-182.04100115488575,impostor
test,0,-179.50892907394842,impostor
test,0,-314.8888753786335,impostor
test,0,-168.52932485536732,impostor
test,0,-148.63988500930142,impostor
test,0,-54.931544794249994,impostor
test,0,-53.4760135934631,impostor
test,0,-46.43317362092435,impostor
test,0,-76.81256732933235,impostor
test,0,-54.67271520371015,impostor
test,0,-160.66971940086785,impostor
test,0,-91.54091100416824,impostor
test,0,-60.1225852419749,impostor
test,0,-42.02430809439726,impostor
test,0,-44.11477601826068,impostor
test,0,-201.79636208130742,impostor
test,0,-150.48923193531596,impostor
test,0,-151.12019933416667,impostor
test,0,-165.0798232749176,impostor
test,0,-111.27133869045927,impostor
test,0,-112.82757330086837,impostor
test,0,-159.56605561151875,impostor
test,0,-87.63130844525479,impostor
test,0,-101.71440986268473,impostor
test,0,-73.50286267832527,impostor
test,0,-83.42526845829447,impostor
test,0,-64.81164343211384,impostor
test,0,-56.02988137923439,impostor
test,0,-72.1168564893996,impostor
test,0,-94.3125917208999,impostor
test,0,-80.73314570389411,impostor
test,0,-76.49016630426287,impostor
test,0,-53.6061459757186,impostor
test,0,-60.09794033344527,impostor
test,0,-64.31490201256067,impostor
test,0,-102.44374005883299,impostor
test,0,-96.25614514002976,impostor
test,0,-79.73421303504595,impostor
test,0,-78.79078785977153,impostor
test,0,-67.34168663413229,impostor
test,1,-20.785570171189896,genuine
test,1,-15.93124319490346,genuine
test,1,-19.82747457014943,genuine
test,1,-49.50343738407843,genuine
test,1,-17.65485024730788,genuine
test,1,-26.27631712089104,genuine
test,1,-32.967258346302614,genuine
test,1,-17.71217267271406,genuine
test,1,-20.272624490187198,genuine
test,1,-26.455570428555756,genuine
test,1,-19.983087046631166,genuine
test,1,-41.104825604458235,genuine
test,1,-19.439841703612093,genuine
test,1,-23.881676909618413,genuine
test,1,-26.855925944041758,genuine
test,1,-31.110490206674676,genuine
test,1,-28.760729189200504,genuine
test,1,-25.302387262630575,genuine
test,1,-22.24417456564598,genuine
test,1,-21.017290441472316,genuine
test,1,-18.26403705973435,genuine
test,1,-21.11577753617287,genuine
test,1,-26.053330347976598,genuine
test,1,-26.98464778903981,genuine
test,1,-17.9337745523541,genuine
test,1,-20.917431955559678,genuine
test,1,-27.01123919934707,genuine
test,1,-27.44597240589815,genuine
test,1,-29.371813786809362,genuine
test,1,-37.875821731222324,genuine
test,1,-31.95299980915117,genuine
test,1,-32.59840405425044,genuine
test,1,-21.286091740011,genuine
test,1,-28.951560913149507,genuine
test,1,-22.293155951281015,genuine
test,1,-30.45053353144223,genuine
test,1,-27.786308293082623,genuine
test,1,-31.547588292493764,genuine
test,1,-28.71705243199879,genuine
test,1,-23.28655389420414,genuine
test,1,-24.633149590286163,genuine
test,1,-31.89518694485937,genuine
test,1,-23.451921580005752,genuine
test,1,-24.14419771761447,genuine
test,1,-25.42843936208919,genuine
test,1,-23.873642483219914,genuine
test,1,-24.400037349187027,genuine
test,1,-33.507082435098475,genuine
test,1,-26.448569101976354,genuine
test,1,-47.857617783326425,genuine
test,1,-22.345548484944306,genuine
test,1,-29.25968654854643,genuine
test,1,-37.63851612164968,genuine
test,1,-30.3478706386452,genuine
test,1,-35.56234375620056,genuine
test,1,-26.896367795309175,genuine
test,1,-26.99578008579526,genuine
test,1,-23.039009887718652,genuine
test,1,-36.733476795891015,genuine
test,1,-20.72563405874615,genuine
test,1,-24.641758748967646,genuine
test,1,-26.69975301268785,genuine
test,1,-31.270374109995487,genuine
test,1,-30.817655831150486,genuine
test,1,-18.57552582737513,genuine
test,1,-23.637565384020615,genuine
test,1,-31.752460734156934,genuine
test,1,-24.576782867169168,genuine
test,1,-25.07179394047651,genuine
test,1,-23.090979200827736,genuine
test,1,-45.50716220891577,genuine
test,1,-28.162866405602735,genuine
test,1,-31.24970352808165,genuine
test,1,-38.69471669297973,genuine
test,1,-25.697942303829876,genuine
test,1,-20.043724178849185,genuine
test,1,-18.875835952231306,genuine
test,1,-26.896126747623846,genuine
test,1,-38.273428136456374,genuine
test,1,-22.607087087470294,genuine
test,1,-23.662050829224157,genuine
test,1,-32.36182512127678,genuine
test,1,-29.225606257304683,genuine
test,1,-28.161017833420495,genuine
test,1,-30.977786988921252,genuine
test,1,-30.031217094301212,genuine
test,1,-33.026692489698696,genuine
test,1,-32.6151171262621,genuine
test,1,-25.114677198240997,genuine
test,1,-37.53244336974894,genuine
test,1,-30.966094974263093,genuine
test,1,-23.131956256575602,genuine
test,1,-28.284662820963355,genuine
test,1,-26.7005231785877,genuine
test,1,-33.38991635461578,genuine
test,1,-25.261119261211597,genuine
test,1,-31.73941016986467,genuine
test,1,-30.720616572678757,genuine
test,1,-32.47834599051855,genuine
test,1,-25.165929972652304,genuine
test,1,-96.66514244833184,genuine
test,1,-36.142593727355596,genuine
test,1,-66.90993930776409,genuine
test,1,-32.6395041459243,genuine
test,1,-66.88541958591685,genuine
test,1,-30.96608486405043,genuine
test,1,-35.77723332043842,genuine
test,1,-32.26880539429422,genuine
test,1,-31.068230821855984,genuine
test,1,-29.080292488364606,genuine
test,1,-31.617738665127526,genuine
test,1,-39.27027810732324,genuine
test,1,-29.682785039580377,genuine
test,1,-33.17334544725763,genuine
test,1,-29.48875372715415,genuine
test,1,-23.285090306373288,genuine
test,1,-32.36746802039451,genuine
test,1,-28.449323739536144,genuine
test,1,-31.667532670806853,genuine
test,1,-34.038287279269106,genuine
test,1,-27.56514109190629,genuine
test,1,-36.51885379708937,genuine
test,1,-25.2826940944593,genuine
test,1,-35.56964218313414,genuine
test,1,-27.75992782167086,genuine
test,1,-25.946949492759508,genuine
test,1,-27.495910798125855,genuine
test,1,-54.74659001105936,genuine
test,1,-45.11691787227529,genuine
test,1,-33.65255471781324,genuine
test,1,-25.976819130936274,genuine
test,1,-44.50880420139904,genuine
test,1,-33.39078786359702,genuine
test,1,-30.353196396801533,genuine
test,1,-41.33705977688895,genuine
test,1,-29.193112095212516,genuine
test,1,-27.031204423756133,genuine
test,1,-30.002562086868526,genuine
test,1,-51.42413605164554,genuine
test,1,-27.742715184839074,genuine
test,1,-24.84762319314285,genuine
test,1,-24.683056614819268,genuine
test,1,-26.007040737580084,genuine
test,1,-27.403492766872223,genuine
test,1,-34.22129310385052,genuine
test,1,-26.78693496389886,genuine
test,1,-26.386573218255247,genuine
test,1,-22.51071142564853,genuine
test,1,-26.417559757079296,genuine
test,1,-23.951469709503616,genuine
test,1,-30.057779155135023,genuine
test,1,-23.64361137627115,genuine
test,1,-25.30783021082681,genuine
test,1,-28.18582141892888,genuine
test,1,-25.432572653579477,genuine
test,1,-30.067083737382333,genuine
test,1,-21.28488576867548,genuine
test,1,-22.24363674907478,genuine
test,1,-22.53300343272972,genuine
test,1,-22.504585126874435,genuine
test,1,-55.52361470549373,genuine
test,1,-20.725342968683368,genuine
test,1,-24.939522177113595,genuine
test,1,-23.556859785754718,genuine
test,1,-27.727297500838592,genuine
test,1,-27.45803817837582,genuine
test,1,-25.762541001297116,genuine
test,1,-23.430925245557848,genuine
test,1,-25.88768557870175,genuine
test,1,-21.474205573430137,genuine
test,1,-23.101002301956978,genuine
test,1,-24.596317394232464,genuine
test,1,-22.386473748305495,genuine
test,1,-29.05951169241038,genuine
test,1,-36.61993572361142,genuine
test,1,-15.907711708479633,genuine
test,1,-30.293099199630507,genuine
test,1,-30.72313015098786,genuine
test,1,-31.78206057795986,genuine
test,1,-24.36450383691043,genuine
test,1,-29.091044007638253,genuine
test,1,-23.76322917747678,genuine
test,1,-17.924243847590514,genuine
test,1,-21.6215085182567,genuine
test,1,-30.67217345319978,genuine
test,1,-39.751725496135435,genuine
test,1,-27.998406013748752,genuine
test,1,-37.277422044950825,genuine
test,1,-28.94184755357853,genuine
test,1,-32.12957327503223,genuine
test,1,-27.461994716195047,genuine
test,1,-27.59843541678851,genuine
test,1,-32.41170397737281,genuine
test,1,-23.737422426857034,genuine
test,1,-24.494342579081195,genuine
test,1,-21.41889124277333,genuine
test,1,-26.20760201957191,genuine
test,1,-34.28939644938469,genuine
test,1,-32.666646253986144,genuine
test,1,-46.73681481880046,genuine
test,0,-40.47840073308785,impostor
test,0,-62.33988067110891,impostor
test,0,-58.6697031525407,impostor
test,0,-46.12358228050768,impostor
test,0,-40.86435711339047,impostor
test,0,-80.6504496382163,impostor
test,0,-74.42468981302544,impostor
test,0,-69.55553549991163,impostor
test,0,-84.20717398168526,impostor
test,0,-68.2870086677742,impostor
test,0,-162.1292860619465,impostor
test,0,-142.50591790847002,impostor
test,0,-141.31941789195693,impostor
test,0,-142.5632808117032,impostor
test,0,-123.01980645423205,impostor
test,0,-57.26061275230417,impostor
test,0,-37.21109396283027,impostor
test,0,-65.49620447270395,impostor
test,0,-50.581014985719506,impostor
test,0,-41.09154559588783,impostor
test,0,-108.48310305641837,impostor
test,0,-80.92245027233264,impostor
test,0,-101.50638103033904,impostor
test,0,-46.33324695623295,impostor
test,0,-78.03234470645658,impostor
test,0,-50.50346584254714,impostor
test,0,-45.45610126356493,impostor
test,0,-56.4219175142548,impostor
test,0,-51.16107378192891,impostor
test,0,-52.13569377230683,impostor
test,0,-213.71075455899202,impostor
test,0,-199.77311823669203,impostor
test,0,-196.20440970344413,impostor
test,0,-207.57058480901304,impostor
test,0,-166.89389782419298,impostor
test,0,-261.5650569491279,impostor
test,0,-205.68315146591388,impostor
test,0,-200.43886757895842,impostor
test,0,-106.1381626259771,impostor
test,0,-210.115774469338,impostor
test,0,-47.86276973996903,impostor
test,0,-56.828911805640985,impostor
test,0,-46.069193175868214,impostor
test,0,-45.178713227294686,impostor
test,0,-43.30699825469501,impostor
test,0,-207.52855466707612,impostor
test,0,-99.1584664694095,impostor
test,0,-86.53539782541803,impostor
test,0,-107.59953996752981,impostor
test,0,-76.99332815062826,impostor
test,0,-45.50598168646532,impostor
test,0,-43.87242083960378,impostor
test,0,-38.942109297791944,impostor
test,0,-49.23883313392477,impostor
test,0,-42.643464781883466,impostor
test,0,-117.54525972385659,impostor
test,0,-88.17200357518144,impostor
test,0,-103.76015736400714,impostor
test,0,-55.707651576535255,impostor
test,0,-47.198630040376834,impostor
test,0,-63.5818084583101,impostor
test,0,-40.2845681408538,impostor
test,0,-30.142452852777765,impostor
test,0,-36.26757761136196,impostor
test,0,-33.53510992358064,impostor
test,0,-130.7699987092475,impostor
test,0,-121.79356823635014,impostor
test,0,-113.11309906096305,impostor
test,0,-91.35217820689394,impostor
test,0,-110.92190979093611,impostor
test,0,-85.28856791860751,impostor
test,0,-68.37095105272586,impostor
test,0,-65.14724631870138,impostor
test,0,-44.15163970630129,impostor
test,0,-71.11609611112796,impostor
test,0,-55.528257661532564,impostor
test,0,-79.99732899901083,impostor
test,0,-77.03905347541601,impostor
test,0,-63.99441093497904,impostor
test,0,-48.19522696304875,impostor
test,0,-46.232954981494075,impostor
test,0,-41.59953876727717,impostor
test,0,-53.060442889859516,impostor
test,0,-43.46627582135904,impostor
test,0,-47.061060135138945,impostor
test,0,-41.93563936934821,impostor
test,0,-74.53747209528261,impostor
test,0,-68.8619134754204,impostor
test,0,-59.763615585768626,impostor
test,0,-39.64896616638609,impostor
test,0,-68.31202193503383,impostor
test,0,-67.01976989490481,impostor
test,0,-71.75471721348187,impostor
test,0,-60.69355624642656,impostor
test,0,-56.93906423993008,impostor
test,0,-55.12020917204806,impostor
test,0,-67.12782878603045,impostor
test,0,-53.79678020826317,impostor
test,0,-52.69008378835132,impostor
test,0,-61.49674532131728,impostor
test,0,-54.29021338414553,impostor
test,0,-50.996386559428,impostor
test,0,-54.66964434404704,impostor
test,0,-53.23046790041321,impostor
test,0,-64.85077091353725,impostor
test,0,-32.00180272080275,impostor
test,0,-23.278870472193862,impostor
test,0,-27.786147282130703,impostor
test,0,-49.92782125475162,impostor
test,0,-53.322992442460084,impostor
test,0,-65.08598008064347,impostor
test,0,-62.508716829126264,impostor
test,0,-65.34326998460404,impostor
test,0,-59.852449895222634,impostor
test,0,-50.865888249408954,impostor
test,0,-135.2938499551088,impostor
test,0,-108.70910781997239,impostor
test,0,-147.95612329940917,impostor
test,0,-62.31446508208285,impostor
test,0,-114.3907240909196,impostor
test,0,-71.4667738967237,impostor
test,0,-56.3720133554984,impostor
test,0,-68.58795735554418,impostor
test,0,-54.605573069054834,impostor
test,0,-36.43505141512752,impostor
test,0,-39.3610149620901,impostor
test,0,-52.982594804533214,impostor
test,0,-42.59022020008334,impostor
test,0,-46.388742303068874,impostor
test,0,-45.53250524987534,impostor
test,0,-117.14355115863422,impostor
test,0,-42.86173658856793,impostor
test,0,-44.80899159320233,impostor
test,0,-35.77646415126374,impostor
test,0,-43.668719147842864,impostor
test,0,-77.28375399457393,impostor
test,0,-58.76807380762304,impostor
test,0,-56.85903160491513,impostor
test,0,-61.39119421908578,impostor
test,0,-56.340575109030134,impostor
test,0,-90.82558004198904,impostor
test,0,-96.9932178626664,impostor
test,0,-66.89868423496503,impostor
test,0,-72.35119229928343,impostor
test,0,-73.24016418466307,impostor
test,0,-51.025820235284,impostor
test,0,-43.02196076487029,impostor
test,0,-30.417405258294696,impostor
test,0,-67.96322632663383,impostor
test,0,-40.7843227652149,impostor
test,0,-55.45275623717332,impostor
test,0,-58.149619358221884,impostor
test,0,-58.99270585451413,impostor
test,0,-60.91881210242961,impostor
test,0,-53.3785577239469,impostor
test,0,-54.087881912654936,impostor
test,0,-45.52849238359836,impostor
test,0,-44.78898500623487,impostor
test,0,-54.00826743649423,impostor
test,0,-52.28777858289126,impostor
test,0,-40.45040450060254,impostor
test,0,-36.30061781064496,impostor
test,0,-53.536086007493225,impostor
test,0,-40.828684768259514,impostor
test,0,-50.54432031333642,impostor
test,0,-68.06158632591982,impostor
test,0,-58.512441627144554,impostor
test,0,-42.523319888979,impostor
test,0,-54.41594368843611,impostor
test,0,-51.21435773510468,impostor
test,0,-79.52396930411494,impostor
test,0,-120.93950502274792,impostor
test,0,-74.45530709690088,impostor
test,0,-67.55723896710037,impostor
test,0,-63.03224967361178,impostor
test,0,-122.04381601886566,impostor
test,0,-70.89730057815049,impostor
test,0,-76.45042426315284,impostor
test,0,-76.02766328662827,impostor
test,0,-66.94237738890244,impostor
test,0,-113.72187357711263,impostor
test,0,-57.09251840113325,impostor
test,0,-63.62955019525108,impostor
test,0,-59.89965440282428,impostor
test,0,-55.80836781152312,impostor
test,0,-64.1712922357339,impostor
test,0,-89.32821567584173,impostor
test,0,-55.47989638849529,impostor
test,0,-78.5202828638619,impostor
test,0,-70.32054142853585,impostor
test,0,-57.25536519544474,impostor
test,0,-55.16056649768646,impostor
test,0,-52.60578636117707,impostor
test,0,-53.79850301124429,impostor
test,0,-48.67252855841055,impostor
test,0,-47.68740224997096,impostor
test,0,-54.2294663683989,impostor
test,0,-45.94962452724181,impostor
test,0,-45.809358635890945,impostor
test,0,-59.06674917032939,impostor
test,0,-62.384705515585054,impostor
test,0,-47.55499853700208,impostor
test,0,-53.54516821588814,impostor
test,0,-37.82856546489274,impostor
test,0,-47.53468728929666,impostor
test,0,-70.37979592563902,impostor
test,0,-53.38179993149423,impostor
test,0,-54.561172507076925,impostor
test,0,-34.09206965260435,impostor
test,0,-38.527718964117916,impostor
test,0,-105.44679984759705,impostor
test,0,-83.18239011611476,impostor
test,0,-144.28164939209805,impostor
test,0,-82.17689441334001,impostor
test,0,-70.18458761226863,impostor
test,0,-47.479221475034976,impostor
test,0,-36.659101725276535,impostor
test,0,-47.13955416062091,impostor
test,0,-54.48330704473465,impostor
test,0,-50.44401400402846,impostor
test,0,-89.08112221468053,impostor
test,0,-47.08027816949189,impostor
test,0,-32.921696573060274,impostor
test,0,-38.84210193304607,impostor
test,0,-44.95000493536644,impostor
test,0,-101.24491660197334,impostor
test,0,-57.0589841232583,impostor
test,0,-69.94155905119833,impostor
test,0,-76.281935087055,impostor
test,0,-48.91354870330334,impostor
test,0,-63.94188711001843,impostor
test,0,-89.962186102404,impostor
test,0,-49.56929669592102,impostor
test,0,-60.92759995114634,impostor
test,0,-47.72627870847952,impostor
test,0,-38.105667919990736,impostor
test,0,-40.06324976001804,impostor
test,0,-46.26646383352639,impostor
test,0,-45.56389642520249,impostor
test,0,-63.669776038396094,impostor
test,0,-45.69875697047342,impostor
test,0,-42.60641398791931,impostor
test,0,-37.58790472579644,impostor
test,0,-31.89168990936515,impostor
test,0,-39.563316787697616,impostor
test,0,-60.51903623608877,impostor
test,0,-53.93358828973452,impostor
test,0,-50.37229316349053,impostor
test,0,-49.20306009150785,impostor
test,0,-42.892207639181294,impostor
test,1,-42.36873595611443,genuine
test,1,-32.60217907784975,genuine
test,1,-31.726217855440122,genuine
test,1,-38.479318320783335,genuine
test,1,-28.30373332739803,genuine
test,1,-39.880832990254646,genuine
test,1,-65.78319709809854,genuine
test,1,-24.43824709188811,genuine
test,1,-37.762549225893224,genuine
test,1,-44.74865898102835,genuine
test,1,-34.78979669273799,genuine
test,1,-34.8245794196497,genuine
test,1,-31.065565733281122,genuine
test,1,-39.264082314426034,genuine
test,1,-31.7319570827271,genuine
test,1,-31.136364108385973,genuine
test,1,-36.960196125307384,genuine
test,1,-38.88822217714732,genuine
test,1,-37.16348214110372,genuine
test,1,-25.828768142285305,genuine
test,1,-34.10295722593131,genuine
test,1,-35.2281611887239,genuine
test,1,-32.614342129223274,genuine
test,1,-34.559533737488096,genuine
test,1,-30.402028705259305,genuine
test,1,-37.716964499897244,genuine
test,1,-34.75330232565192,genuine
test,1,-32.16325263178883,genuine
test,1,-32.78710187780971,genuine
test,1,-34.178591481089136,genuine
test,1,-32.455633593594726,genuine
test,1,-30.38965195003055,genuine
test,1,-31.719041330047194,genuine
test,1,-35.11139840882962,genuine
test,1,-37.109710480490435,genuine
test,1,-37.56935693040035,genuine
test,1,-35.12984611707373,genuine
test,1,-32.099880767149315,genuine
test,1,-32.385616072179154,genuine
test,1,-34.443261690065306,genuine
test,1,-29.956651357986864,genuine
test,1,-35.56767791857638,genuine
test,1,-33.83153427258406,genuine
test,1,-33.66756192150058,genuine
test,1,-31.540553561958312,genuine
test,1,-35.80044226367831,genuine
test,1,-31.393085875159706,genuine
test,1,-33.02980756928369,genuine
test,1,-36.472291933743556,genuine
test,1,-31.95791892196969,genuine
test,1,-22.698220694841176,genuine
test,1,-30.59114455803152,genuine
test,1,-29.464402813740517,genuine
test,1,-27.382661913271924,genuine
test,1,-20.523351921911193,genuine
test,1,-22.994749066703953,genuine
test,1,-29.63107372495609,genuine
test,1,-39.13723107659048,genuine
test,1,-18.590523252945115,genuine
test,1,-41.93946748032914,genuine
test,1,-28.719320876890052,genuine
test,1,-26.487795825722248,genuine
test,1,-25.779946155401838,genuine
test,1,-25.38786221639056,genuine
test,1,-26.387876404617593,genuine
test,1,-24.914629214077483,genuine
test,1,-25.13100501289334,genuine
test,1,-25.405192726033388,genuine
test,1,-23.304382483099758,genuine
test,1,-45.38872323954107,genuine
test,1,-21.576425363545717,genuine
test,1,-18.74088191488029,genuine
test,1,-44.11699067721246,genuine
test,1,-43.58503663443202,genuine
test,1,-25.555889155404092,genuine
test,1,-30.372179397745647,genuine
test,1,-30.196430568645134,genuine
test,1,-21.23827519360494,genuine
test,1,-22.99467258739279,genuine
test,1,-23.379585247292987,genuine
test,1,-26.79095789791149,genuine
test,1,-18.237653321646828,genuine
test,1,-14.53255080679429,genuine
test,1,-20.578744935626354,genuine
test,1,-24.831652443492434,genuine
test,1,-23.47148406236292,genuine
test,1,-27.032361122132244,genuine
test,1,-30.73667836362346,genuine
test,1,-28.7167778139635,genuine
test,1,-30.86664432100386,genuine
test,1,-23.68308094649098,genuine
test,1,-23.708544909861452,genuine
test,1,-27.381197352433126,genuine
test,1,-26.442214204534437,genuine
test,1,-19.99893490752321,genuine
test,1,-15.757271022459465,genuine
test,1,-21.432500379404804,genuine
test,1,-15.74811994381289,genuine
test,1,-25.427374034021803,genuine
test,1,-25.260277531144972,genuine
test,1,-55.786990447662355,genuine
test,1,-24.232096711772474,genuine
test,1,-26.720179005573318,genuine
test,1,-15.319961659683921,genuine
test,1,-27.130957694982595,genuine
test,1,-27.463447512726965,genuine
test,1,-41.24572119643373,genuine
test,1,-29.95266536452921,genuine
test,1,-24.82139325724111,genuine
test,1,-30.231303351407224,genuine
test,1,-24.258644768815348,genuine
test,1,-17.448878575867106,genuine
test,1,-26.914718378500766,genuine
test,1,-16.373469025209964,genuine
test,1,-22.029001625255727,genuine
test,1,-22.97098241217229,genuine
test,1,-25.785473087290477,genuine
test,1,-32.166362852168206,genuine
test,1,-27.662602437176158,genuine
test,1,-22.2572432075079,genuine
test,1,-22.92287027985741,genuine
test,1,-31.708505314232365,genuine
test,1,-19.589996690728274,genuine
test,1,-24.36888844494224,genuine
test,1,-21.628295548057185,genuine
test,1,-21.94998247741438,genuine
test,1,-22.417452325772146,genuine
test,1,-21.993558597196415,genuine
test,1,-23.995771635407362,genuine
test,1,-23.631752982596836,genuine
test,1,-25.522245153308265,genuine
test,1,-19.272737510520734,genuine
test,1,-24.08102688677026,genuine
test,1,-21.0204701865514,genuine
test,1,-28.364350710652772,genuine
test,1,-27.14703535045702,genuine
test,1,-30.264160051099072,genuine
test,1,-26.877856708744808,genuine
test,1,-27.436022937805763,genuine
test,1,-29.815742592579397,genuine
test,1,-23.088474236784823,genuine
test,1,-27.544588785616078,genuine
test,1,-33.2661471179938,genuine
test,1,-19.563210969003507,genuine
test,1,-18.622042270138333,genuine
test,1,-14.85663940102902,genuine
test,1,-20.491900252346316,genuine
test,1,-24.461746129286563,genuine
test,1,-26.125930972256285,genuine
test,1,-23.441966013076858,genuine
test,1,-52.346628441098105,genuine
test,1,-30.872524086201608,genuine
test,1,-28.846993253090577,genuine
test,1,-27.439639517923872,genuine
test,1,-29.438525886858734,genuine
test,1,-22.850148499642334,genuine
test,1,-21.584690872721552,genuine
test,1,-28.949739135341858,genuine
test,1,-21.42214438221943,genuine
test,1,-29.131120660464983,genuine
test,1,-28.76182469710247,genuine
test,1,-55.82354798145251,genuine
test,1,-25.70785149841802,genuine
test,1,-33.708810008829815,genuine
test,1,-41.61573175637139,genuine
test,1,-32.09318939301256,genuine
test,1,-30.91985544968831,genuine
test,1,-40.046815408183335,genuine
test,1,-29.05131997589504,genuine
test,1,-23.932164352194498,genuine
test,1,-30.220766392569114,genuine
test,1,-26.29568012371162,genuine
test,1,-22.66159268298749,genuine
test,1,-23.338500704756584,genuine
test,1,-27.967481370318897,genuine
test,1,-24.348092004843327,genuine
test,1,-30.761862282671736,genuine
test,1,-31.008021341861543,genuine
test,1,-26.527040411197614,genuine
test,1,-33.90128976121142,genuine
test,1,-27.11557270369952,genuine
test,1,-46.9466459634979,genuine
test,1,-30.29209299846714,genuine
test,1,-26.22477716160407,genuine
test,1,-32.37001467413401,genuine
test,1,-27.46258435775646,genuine
test,1,-36.73295867268298,genuine
test,1,-33.41895550828426,genuine
test,1,-26.39437749364073,genuine
test,1,-27.647672394750515,genuine
test,1,-22.58715931721727,genuine
test,1,-24.904358389843676,genuine
test,1,-26.318575112860774,genuine
test,1,-47.9433340367014,genuine
test,1,-34.04051781451876,genuine
test,1,-21.48668163692937,genuine
test,1,-28.089348747511025,genuine
test,1,-27.111645520740513,genuine
test,1,-27.159326027907024,genuine
test,1,-28.61088616177091,genuine
test,0,-39.769081811732114,impostor
test,0,-53.353435160365436,impostor
test,0,-49.447851684311594,impostor
test,0,-35.4418335265854,impostor
test,0,-27.64629595539802,impostor
test,0,-69.52738568676254,impostor
test,0,-72.07500089888035,impostor
test,0,-55.66488630034,impostor
test,0,-70.55101142123326,impostor
test,0,-66.09660496059178,impostor
test,0,-146.18175598418657,impostor
test,0,-144.88271027979113,impostor
test,0,-143.7916634840179,impostor
test,0,-147.40847085139254,impostor
test,0,-134.02532288031068,impostor
test,0,-59.03503161766102,impostor
test,0,-42.22104547922692,impostor
test,0,-58.78084565657311,impostor
test,0,-55.08940790718812,impostor
test,0,-44.85879700517717,impostor
test,0,-85.64842294040443,impostor
test,0,-79.4903381314685,impostor
test,0,-96.3409865067642,impostor
test,0,-41.878051766155295,impostor
test,0,-70.80694049247911,impostor
test,0,-45.6834190141808,impostor
test,0,-45.15421552462026,impostor
test,0,-48.05389628468309,impostor
test,0,-43.35520752945939,impostor
test,0,-44.139642086150225,impostor
test,0,-209.6546179937624,impostor
test,0,-186.4962107806659,impostor
test,0,-188.00285661193303,impostor
test,0,-205.9711782311187,impostor
test,0,-176.38595083688614,impostor
test,0,-231.95401702000234,impostor
test,0,-174.69098759228643,impostor
test,0,-176.2307180515261,impostor
test,0,-103.89677634349471,impostor
test,0,-192.44775253795433,impostor
test,0,-51.617894028856064,impostor
test,0,-56.66047986959935,impostor
test,0,-53.67016148856644,impostor
test,0,-46.43183124308369,impostor
test,0,-49.353488303413066,impostor
test,0,-206.0023540449981,impostor
test,0,-89.81508762622698,impostor
test,0,-88.25444362762796,impostor
test,0,-88.9180638023803,impostor
test,0,-70.7421992367814,impostor
test,0,-49.374001802255584,impostor
test,0,-46.85708960506731,impostor
test,0,-45.93426438263213,impostor
test,0,-50.670607768708216,impostor
test,0,-33.83055622973349,impostor
test,0,-104.17236294993816,impostor
test,0,-88.67478386687158,impostor
test,0,-101.95447965769372,impostor
test,0,-62.10464749115536,impostor
test,0,-52.125810332827335,impostor
test,0,-62.54206587223352,impostor
test,0,-48.02896161562902,impostor
test,0,-31.56448683874724,impostor
test,0,-37.76192351789602,impostor
test,0,-29.648579792863302,impostor
test,0,-154.04476858434998,impostor
test,0,-146.2353031297089,impostor
test,0,-124.02995067573778,impostor
test,0,-106.82234961193588,impostor
test,0,-117.39948874960467,impostor
test,0,-73.24069812095127,impostor
test,0,-57.52723581643345,impostor
test,0,-55.87350269206661,impostor
test,0,-39.0425747794084,impostor
test,0,-69.66216717172911,impostor
test,0,-56.64964535753943,impostor
test,0,-87.68110875467818,impostor
test,0,-76.23341300892316,impostor
test,0,-70.53931143193697,impostor
test,0,-51.19418703695717,impostor
test,0,-44.883646400911005,impostor
test,0,-38.39621177155392,impostor
test,0,-55.186185332096564,impostor
test,0,-32.53642347316439,impostor
test,0,-39.947209790009964,impostor
test,0,-30.88452128576963,impostor
test,0,-42.93610545188276,impostor
test,0,-38.75855563471205,impostor
test,0,-46.45702786765572,impostor
test,0,-28.564358791206683,impostor
test,0,-61.88214075090997,impostor
test,0,-61.331893648068345,impostor
test,0,-70.45308466425307,impostor
test,0,-54.22357740669918,impostor
test,0,-56.325890368256985,impostor
test,0,-48.97356350524607,impostor
test,0,-63.229037420723344,impostor
test,0,-48.88749343950069,impostor
test,0,-47.021902192909074,impostor
test,0,-55.33899187555109,impostor
test,0,-40.5528212790647,impostor
test,0,-44.01844520740142,impostor
test,0,-45.664172889926384,impostor
test,0,-36.78023363863951,impostor
test,0,-40.14577629166008,impostor
test,0,-27.625262969380557,impostor
test,0,-33.84023402873823,impostor
test,0,-32.5321935418709,impostor
test,0,-53.049286672556796,impostor
test,0,-38.58827885210117,impostor
test,0,-54.116816697106955,impostor
test,0,-54.55449907874861,impostor
test,0,-53.91043712684623,impostor
test,0,-45.38808784736551,impostor
test,0,-41.07151433884376,impostor
test,0,-148.63897683503583,impostor
test,0,-118.7638219624852,impostor
test,0,-127.84095355705284,impostor
test,0,-70.04917911864007,impostor
test,0,-118.58536055818502,impostor
test,0,-70.18677859627975,impostor
test,0,-51.951081453726424,impostor
test,0,-67.21928836346405,impostor
test,0,-51.747937541292664,impostor
test,0,-38.275343332364024,impostor
test,0,-32.979036391228554,impostor
test,0,-37.40435113568369,impostor
test,0,-30.648669489171496,impostor
test,0,-35.451352092303466,impostor
test,0,-30.061002036148547,impostor
test,0,-249.12206238300433,impostor
test,0,-56.75461135023071,impostor
test,0,-43.862147988270806,impostor
test,0,-93.81845314091129,impostor
test,0,-50.75450057209567,impostor
test,0,-63.73845343536848,impostor
test,0,-50.73010730286544,impostor
test,0,-46.34475040068958,impostor
test,0,-55.6916952039514,impostor
test,0,-45.864669826583416,impostor
test,0,-92.76471143709583,impostor
test,0,-80.31409622728745,impostor
test,0,-65.58240718040126,impostor
test,0,-65.6748064007228,impostor
test,0,-59.2138597002344,impostor
test,0,-55.033817034041896,impostor
test,0,-46.242443421153915,impostor
test,0,-23.59824533809789,impostor
test,0,-67.0183144178492,impostor
test,0,-27.79177629426857,impostor
test,0,-37.2662453418746,impostor
test,0,-33.61408442249126,impostor
test,0,-32.514339524338816,impostor
test,0,-32.218073984426134,impostor
test,0,-36.14471839127751,impostor
test,0,-46.333428167202,impostor
test,0,-41.95459206081361,impostor
test,0,-36.3581901866845,impostor
test,0,-44.142645576602526,impostor
test,0,-48.274395471333236,impostor
test,0,-43.767687804705375,impostor
test,0,-37.26416281115912,impostor
test,0,-44.8521137295196,impostor
test,0,-38.11384495889109,impostor
test,0,-42.57582050222725,impostor
test,0,-72.50901992464067,impostor
test,0,-46.55290565114109,impostor
test,0,-31.979805675628597,impostor
test,0,-40.03848844644168,impostor
test,0,-40.48430667898577,impostor
test,0,-77.14864240973785,impostor
test,0,-103.81731478913724,impostor
test,0,-68.90860318814927,impostor
test,0,-65.2891668059108,impostor
test,0,-58.617573374020736,impostor
test,0,-113.30602472360715,impostor
test,0,-58.07589312326914,impostor
test,0,-66.67223876011917,impostor
test,0,-59.144076988208795,impostor
test,0,-59.64087412799994,impostor
test,0,-107.37149477490193,impostor
test,0,-59.98087298413882,impostor
test,0,-64.91579731310604,impostor
test,0,-63.243377324430405,impostor
test,0,-65.67707615030537,impostor
test,0,-59.03733035168023,impostor
test,0,-73.40162555269713,impostor
test,0,-52.39764441912761,impostor
test,0,-73.56786325029907,impostor
test,0,-51.954159648125305,impostor
test,0,-48.09482836997767,impostor
test,0,-36.90496763593463,impostor
test,0,-49.34519448195815,impostor
test,0,-46.319851913322275,impostor
test,0,-50.63733345954678,impostor
test,0,-42.62266544752554,impostor
test,0,-58.51474696664974,impostor
test,0,-45.35169391217833,impostor
test,0,-42.90903756329663,impostor
test,0,-45.47877259545079,impostor
test,0,-74.97169350935542,impostor
test,0,-49.89590980063621,impostor
test,0,-53.33443393034865,impostor
test,0,-46.0690066687336,impostor
test,0,-47.22597097577639,impostor
test,0,-73.96558051502038,impostor
test,0,-63.937684392635525,impostor
test,0,-43.236678999891026,impostor
test,0,-36.40452931216569,impostor
test,0,-32.2901654142034,impostor
test,0,-105.42283849922805,impostor
test,0,-78.96715740886995,impostor
test,0,-131.9821266984067,impostor
test,0,-71.5853126433283,impostor
test,0,-61.77152934255881,impostor
test,0,-33.655670780459246,impostor
test,0,-30.748789581131756,impostor
test,0,-38.49372528330695,impostor
test,0,-49.02604862057923,impostor
test,0,-36.69494375424117,impostor
test,0,-91.18050132443584,impostor
test,0,-63.13255311070146,impostor
test,0,-43.565089306411956,impostor
test,0,-41.25518143937818,impostor
test,0,-44.494462522971794,impostor
test,0,-96.67870582770243,impostor
test,0,-69.31061897172394,impostor
test,0,-78.28303635663495,impostor
test,0,-87.80785284204238,impostor
test,0,-58.70578567373522,impostor
test,0,-67.56674975706187,impostor
test,0,-85.03810437340236,impostor
test,0,-53.2720500292046,impostor
test,0,-68.11060490492756,impostor
test,0,-48.29044264961533,impostor
test,0,-29.847770389116057,impostor
test,0,-32.443996968025616,impostor
test,0,-23.25930324269193,impostor
test,0,-30.349924311454128,impostor
test,0,-34.45288743012863,impostor
test,0,-37.924850440280785,impostor
test,0,-39.859837676963494,impostor
test,0,-29.022538560801593,impostor
test,0,-26.261283598313515,impostor
test,0,-30.359462720653227,impostor
test,0,-64.99216871477594,impostor
test,0,-65.47749579269997,impostor
test,0,-52.30545177286503,impostor
test,0,-55.265307845837825,impostor
test,0,-48.329467856969416,impostor
test,1,-42.47204696423441,genuine
test,1,-39.37724903914863,genuine
test,1,-56.69974755504616,genuine
test,1,-46.61441773390861,genuine
test,1,-40.31925322317774,genuine
test,1,-38.37691095237372,genuine
test,1,-36.01322395784305,genuine
test,1,-37.32374515552131,genuine
test,1,-34.32039301419104,genuine
test,1,-39.17122490454741,genuine
test,1,-37.896579173620005,genuine
test,1,-35.65230530464059,genuine
test,1,-47.224113206327694,genuine
test,1,-42.6905968254152,genuine
test,1,-38.61356365901288,genuine
test,1,-34.843424506581265,genuine
test,1,-35.58717967101482,genuine
test,1,-31.324296710915288,genuine
test,1,-41.08987782046104,genuine
test,1,-68.95832664947615,genuine
test,1,-29.31615424784875,genuine
test,1,-37.45265135741784,genuine
test,1,-31.921723746394925,genuine
test,1,-40.64448650208109,genuine
test,1,-49.86580549627726,genuine
test,1,-47.23476156663722,genuine
test,1,-33.92424388978074,genuine
test,1,-37.55146584636586,genuine
test,1,-36.931943299077545,genuine
test,1,-56.04367429497683,genuine
test,1,-31.819921750223433,genuine
test,1,-26.144768670407952,genuine
test,1,-34.27377863915494,genuine
test,1,-23.682942077227885,genuine
test,1,-26.38745269904644,genuine
test,1,-27.110493475656146,genuine
test,1,-23.164252698532444,genuine
test,1,-30.046824775236235,genuine
test,1,-31.380247042287266,genuine
test,1,-39.187539970950915,genuine
test,1,-31.61652140193444,genuine
test,1,-29.148058577510152,genuine
test,1,-32.13268476176401,genuine
test,1,-41.18263171704059,genuine
test,1,-31.23502623213727,genuine
test,1,-57.875738073001976,genuine
test,1,-29.456030137575773,genuine
test,1,-38.713581685890446,genuine
test,1,-32.95802500724931,genuine
test,1,-36.15904984962523,genuine
test,1,-38.67727543613348,genuine
test,1,-38.936202032744816,genuine
test,1,-35.833552174915475,genuine
test,1,-40.95167680891796,genuine
test,1,-38.93879008772022,genuine
test,1,-29.639049597725037,genuine
test,1,-35.69509034955033,genuine
test,1,-38.46267897453775,genuine
test,1,-35.45305092213874,genuine
test,1,-39.81665413718358,genuine
test,1,-41.82399049373455,genuine
test,1,-32.411809069490985,genuine
test,1,-36.67636439398336,genuine
test,1,-35.74598942044127,genuine
test,1,-38.75917366865363,genuine
test,1,-35.4073190686538,genuine
test,1,-42.43856288367175,genuine
test,1,-55.66948659897571,genuine
test,1,-41.00738451318305,genuine
test,1,-33.20524811629783,genuine
test,1,-28.00521372677687,genuine
test,1,-41.42952996708566,genuine
test,1,-41.63864775071708,genuine
test,1,-50.92881458460949,genuine
test,1,-38.33286754753985,genuine
test,1,-34.142452143695486,genuine
test,1,-32.63205793447931,genuine
test,1,-35.22439702594561,genuine
test,1,-37.845028053421935,genuine
test,1,-35.001014671793,genuine
test,1,-44.44729657154333,genuine
test,1,-36.920173713213316,genuine
test,1,-49.12725933935156,genuine
test,1,-37.004005359426706,genuine
test,1,-31.358358740228716,genuine
test,1,-29.821481805005323,genuine
test,1,-36.5267094971028,genuine
test,1,-37.309324620777645,genuine
test,1,-35.374316335944755,genuine
test,1,-39.077876517812264,genuine
test,1,-31.881695048596463,genuine
test,1,-32.218731260586495,genuine
test,1,-31.064818956308628,genuine
test,1,-32.47874529534826,genuine
test,1,-29.888680185771683,genuine
test,1,-30.467856921174224,genuine
test,1,-36.519287949810476,genuine
test,1,-28.098328670353823,genuine
test,1,-30.047347326555197,genuine
test,1,-31.28300786541208,genuine
test,1,-27.37716387169082,genuine
test,1,-35.221526961450515,genuine
test,1,-34.50528094145312,genuine
test,1,-33.16502615087046,genuine
test,1,-31.37961761703424,genuine
test,1,-30.612221522518976,genuine
test,1,-35.156706578109265,genuine
test,1,-46.011955512525006,genuine
test,1,-30.58115779896328,genuine
test,1,-36.55347353477702,genuine
test,1,-40.23621685998748,genuine
test,1,-26.492613197252442,genuine
test,1,-29.869750201920382,genuine
test,1,-29.124417419601585,genuine
test,1,-28.19004774352264,genuine
test,1,-30.177321189748326,genuine
test,1,-36.197767799168396,genuine
test,1,-33.90221655069586,genuine
test,1,-36.37335131013749,genuine
test,1,-33.867605604597436,genuine
test,1,-33.92310436842336,genuine
test,1,-33.902132659114436,genuine
test,1,-47.425761190430364,genuine
test,1,-29.70552867125431,genuine
test,1,-30.320251741859646,genuine
test,1,-33.95058083507631,genuine
test,1,-35.688822405334335,genuine
test,1,-23.134019409964747,genuine
test,1,-27.958897161908773,genuine
test,1,-49.68378118370134,genuine
test,1,-31.303796808239667,genuine
test,1,-36.83431676437629,genuine
test,1,-33.81614118348264,genuine
test,1,-27.553211953837,genuine
test,1,-35.13505646391529,genuine
test,1,-26.39324883421515,genuine
test,1,-57.64838591012352,genuine
test,1,-29.430703108785508,genuine
test,1,-42.51165217937244,genuine
test,1,-32.000941073032514,genuine
test,1,-70.08670383072446,genuine
test,1,-101.563363858549,genuine
test,1,-25.947222416011115,genuine
test,1,-28.715761305201585,genuine
test,1,-27.30091380737762,genuine
test,1,-25.362892630948746,genuine
test,1,-24.748979187632635,genuine
test,1,-34.710787321302654,genuine
test,1,-28.028130133562563,genuine
test,1,-28.25308605310946,genuine
test,1,-55.770725447797744,genuine
test,1,-51.096120847079106,genuine
test,1,-52.90323738280626,genuine
test,1,-67.34415007019861,genuine
test,1,-56.122709474325326,genuine
test,1,-65.80294440496388,genuine
test,1,-55.48127355722543,genuine
test,1,-84.2481544480173,genuine
test,1,-77.30543996898449,genuine
test,1,-71.78693511769058,genuine
test,1,-54.20464061302047,genuine
test,1,-42.908132982221964,genuine
test,1,-51.33626701096372,genuine
test,1,-63.17931909517731,genuine
test,1,-48.48812400014308,genuine
test,1,-78.1935746961699,genuine
test,1,-74.58777207596951,genuine
test,1,-61.20087251791003,genuine
test,1,-54.701564526870726,genuine
test,1,-57.390817692660356,genuine
test,1,-45.03752244022892,genuine
test,1,-60.21559304293461,genuine
test,1,-63.35254726505044,genuine
test,1,-64.6157555169647,genuine
test,1,-57.72889937770996,genuine
test,1,-63.888059982165764,genuine
test,1,-71.35579948306088,genuine
test,1,-57.750473095115225,genuine
test,1,-63.39991989601161,genuine
test,1,-58.15567490362592,genuine
test,1,-68.94627307979569,genuine
test,1,-86.04945279037076,genuine
test,1,-64.60941593757512,genuine
test,1,-68.9915448439612,genuine
test,1,-51.71415908245531,genuine
test,1,-68.98567884870481,genuine
test,1,-79.57924323559247,genuine
test,1,-60.28581249050882,genuine
test,1,-54.016889895872495,genuine
test,1,-60.24727939493211,genuine
test,1,-60.58348005210016,genuine
test,1,-90.25475314769034,genuine
test,1,-86.7350819192455,genuine
test,1,-70.40523146343878,genuine
test,1,-67.25697756084153,genuine
test,1,-35.775474365084385,genuine
test,1,-52.87808237390437,genuine
test,1,-69.95305506705952,genuine
test,1,-64.83007804574504,genuine
test,1,-79.91266590688352,genuine
test,0,-38.23711456961091,impostor
test,0,-63.14364581722497,impostor
test,0,-68.40353578527031,impostor
test,0,-39.08051120068369,impostor
test,0,-25.80513910129769,impostor
test,0,-141.50224646323107,impostor
test,0,-132.3661343295905,impostor
test,0,-102.07202886447362,impostor
test,0,-129.7965785646636,impostor
test,0,-107.9523755241894,impostor
test,0,-269.1908743906589,impostor
test,0,-248.6131544905281,impostor
test,0,-221.50592242010345,impostor
test,0,-247.76397612975066,impostor
test,0,-192.43831563257015,impostor
test,0,-71.62683955770186,impostor
test,0,-38.3539910227578,impostor
test,0,-104.43400098653447,impostor
test,0,-66.56008617111985,impostor
test,0,-41.24441652983461,impostor
test,0,-93.81473025390771,impostor
test,0,-126.85975459370144,impostor
test,0,-151.7951440184926,impostor
test,0,-48.954926777088254,impostor
test,0,-90.9950174439918,impostor
test,0,-39.498996270584655,impostor
test,0,-50.8222375090281,impostor
test,0,-73.51218081002396,impostor
test,0,-46.79425254819651,impostor
test,0,-59.52094244171688,impostor
test,0,-351.16183046428995,impostor
test,0,-337.3348026176014,impostor
test,0,-354.137137026828,impostor
test,0,-377.3916283601881,impostor
test,0,-332.0523957702333,impostor
test,0,-469.8104139846796,impostor
test,0,-330.43984339720555,impostor
test,0,-331.3704998222594,impostor
test,0,-178.2814101284993,impostor
test,0,-351.9771867892148,impostor
test,0,-60.293483741759495,impostor
test,0,-67.44330384342062,impostor
test,0,-66.9250916365472,impostor
test,0,-56.179723919116526,impostor
test,0,-58.745870434703555,impostor
test,0,-455.67149049671343,impostor
test,0,-160.73783134698547,impostor
test,0,-151.77133370283022,impostor
test,0,-108.58620170670926,impostor
test,0,-107.13923546472111,impostor
test,0,-86.93204889153063,impostor
test,0,-79.39142749973948,impostor
test,0,-81.68037170516835,impostor
test,0,-68.3069417756756,impostor
test,0,-48.52362466974107,impostor
test,0,-214.39655496605627,impostor
test,0,-157.85046802316413,impostor
test,0,-195.56275199445818,impostor
test,0,-127.82639406196736,impostor
test,0,-101.66259900515954,impostor
test,0,-73.6393964699922,impostor
test,0,-66.5454366292862,impostor
test,0,-50.08866957348088,impostor
test,0,-52.24566023483426,impostor
test,0,-34.208346181462886,impostor
test,0,-271.0198156701017,impostor
test,0,-270.8160731971607,impostor
test,0,-200.24116534750232,impostor
test,0,-197.02791226904006,impostor
test,0,-218.6697599415554,impostor
test,0,-124.46055332121841,impostor
test,0,-102.68672684822151,impostor
test,0,-106.10455918874118,impostor
test,0,-59.94500975793295,impostor
test,0,-131.02944551145862,impostor
test,0,-59.602882542057166,impostor
test,0,-135.3114731976431,impostor
test,0,-88.39132373735279,impostor
test,0,-97.07230977234043,impostor
test,0,-65.44297401005083,impostor
test,0,-53.42939607512195,impostor
test,0,-44.86314739632589,impostor
test,0,-84.75822658829031,impostor
test,0,-37.67138988719284,impostor
test,0,-42.790921934427296,impostor
test,0,-45.66263288378938,impostor
test,0,-83.12738493437465,impostor
test,0,-98.8905134417632,impostor
test,0,-87.60074939643629,impostor
test,0,-61.842426561001176,impostor
test,0,-80.75484359445444,impostor
test,0,-69.18747477698331,impostor
test,0,-74.77247329549562,impostor
test,0,-54.091263614045985,impostor
test,0,-65.56181032858291,impostor
test,0,-58.46311778119158,impostor
test,0,-64.05382628616395,impostor
test,0,-55.242613306452725,impostor
test,0,-53.423234548920135,impostor
test,0,-71.43398989538646,impostor
test,0,-75.13563209439567,impostor
test,0,-58.18060881002945,impostor
test,0,-58.76069396231681,impostor
test,0,-42.8598554604034,impostor
test,0,-60.258150493861514,impostor
test,0,-56.344951728633944,impostor
test,0,-55.36665608937868,impostor
test,0,-66.56104416514873,impostor
test,0,-127.95757964032155,impostor
test,0,-63.4913350874654,impostor
test,0,-80.26750042697712,impostor
test,0,-86.94412000359608,impostor
test,0,-70.0092211232637,impostor
test,0,-96.30107176714671,impostor
test,0,-53.76196497027556,impostor
test,0,-230.12195233649646,impostor
test,0,-189.6443125561532,impostor
test,0,-215.5143337534498,impostor
test,0,-93.91689086540487,impostor
test,0,-184.11174286307676,impostor
test,0,-144.92800022748244,impostor
test,0,-108.48472913119063,impostor
test,0,-140.24523839033753,impostor
test,0,-111.995059884649,impostor
test,0,-62.34603719066688,impostor
test,0,-49.358069812353804,impostor
test,0,-58.501925479767706,impostor
test,0,-37.92245270847869,impostor
test,0,-37.98125508461286,impostor
test,0,-33.24048764233533,impostor
test,0,-571.9836775137404,impostor
test,0,-84.62092821432938,impostor
test,0,-44.93185553818112,impostor
test,0,-106.46535136750595,impostor
test,0,-65.11905700059727,impostor
test,0,-194.31736009603722,impostor
test,0,-77.82872465498208,impostor
test,0,-69.1394923645877,impostor
test,0,-39.197121468643815,impostor
test,0,-44.378107554339714,impostor
test,0,-160.077277763778,impostor
test,0,-151.23014826225577,impostor
test,0,-84.33187200127685,impostor
test,0,-123.95903763570107,impostor
test,0,-82.85535328825172,impostor
test,0,-75.96073110144093,impostor
test,0,-77.14608888488623,impostor
test,0,-41.8438947077105,impostor
test,0,-122.7555014459431,impostor
test,0,-48.22846068683284,impostor
test,0,-60.94649828616905,impostor
test,0,-62.28575035452818,impostor
test,0,-58.53122907726283,impostor
test,0,-58.64301146443765,impostor
test,0,-72.48368363803526,impostor
test,0,-50.76084917388197,impostor
test,0,-42.491787427624814,impostor
test,0,-52.60916097255503,impostor
test,0,-50.43000687423119,impostor
test,0,-50.20173352607542,impostor
test,0,-49.89027484803262,impostor
test,0,-46.81468320085998,impostor
test,0,-65.53841038080006,impostor
test,0,-36.625233042817456,impostor
test,0,-46.82283857778959,impostor
test,0,-137.6259863193875,impostor
test,0,-87.83911716578967,impostor
test,0,-51.770884503546206,impostor
test,0,-61.402034306677265,impostor
test,0,-65.36000120799113,impostor
test,0,-139.20952853181262,impostor
test,0,-222.22946451091863,impostor
test,0,-119.68929996286444,impostor
test,0,-115.25122318677478,impostor
test,0,-99.92831272835724,impostor
test,0,-211.8849707439446,impostor
test,0,-117.02264683946574,impostor
test,0,-140.95028243223206,impostor
test,0,-115.78179435523623,impostor
test,0,-122.26571629644889,impostor
test,0,-168.97194622013913,impostor
test,0,-68.57004820829937,impostor
test,0,-85.09237818283363,impostor
test,0,-71.83699369568231,impostor
test,0,-106.68690364294079,impostor
test,0,-104.24295325806285,impostor
test,0,-128.51889297915756,impostor
test,0,-101.80306309629684,impostor
test,0,-145.33450817100896,impostor
test,0,-101.37012379322421,impostor
test,0,-73.49672089611782,impostor
test,0,-45.64781318080825,impostor
test,0,-64.7031739060294,impostor
test,0,-73.81345866738283,impostor
test,0,-64.65067824909238,impostor
test,0,-41.96857196140577,impostor
test,0,-76.06506875277115,impostor
test,0,-62.418447327949124,impostor
test,0,-40.89265702650672,impostor
test,0,-47.195425873517394,impostor
test,0,-100.94589529139623,impostor
test,0,-62.182699589469124,impostor
test,0,-71.45256423930005,impostor
test,0,-49.77042884144512,impostor
test,0,-45.62248781078104,impostor
test,0,-134.16187497838914,impostor
test,0,-112.20245936574607,impostor
test,0,-55.98620627273223,impostor
test,0,-44.342059740777174,impostor
test,0,-55.59591778197046,impostor
test,0,-185.179720162726,impostor
test,0,-129.62900556795148,impostor
test,0,-241.4796975359928,impostor
test,0,-146.42827427325065,impostor
test,0,-114.26321949606125,impostor
test,0,-37.825034609134775,impostor
test,0,-30.55289888500855,impostor
test,0,-34.560370938623,impostor
test,0,-55.22069778262275,impostor
test,0,-41.71227091031286,impostor
test,0,-178.8740122771307,impostor
test,0,-117.87059397450787,impostor
test,0,-68.90955831948354,impostor
test,0,-59.48226881922941,impostor
test,0,-61.403509532863325,impostor
test,0,-178.65180333083623,impostor
test,0,-125.82534845570174,impostor
test,0,-137.65964519848333,impostor
test,0,-158.40870404674294,impostor
test,0,-93.8187236766149,impostor
test,0,-72.09468816827642,impostor
test,0,-123.42210921179456,impostor
test,0,-58.717418919053614,impostor
test,0,-77.21399832592697,impostor
test,0,-59.709896997049086,impostor
test,0,-42.53730282439473,impostor
test,0,-41.983959264512634,impostor
test,0,-43.41167545907344,impostor
test,0,-42.48612528371623,impostor
test,0,-54.51519551044686,impostor
test,0,-49.63123192851705,impostor
test,0,-44.238511245918716,impostor
test,0,-42.15545840848618,impostor
test,0,-51.56165812890385,impostor
test,0,-42.88340866487614,impostor
test,0,-80.83040078478275,impostor
test,0,-71.64011309080942,impostor
test,0,-66.68629124468056,impostor
test,0,-65.06594092612532,impostor
test,0,-55.02324689547049,impostor
test,1,-22.282913536669692,genuine
test,1,-20.748832862495416,genuine
test,1,-18.599883272346062,genuine
test,1,-25.242688206616393,genuine
test,1,-17.162888295011765,genuine
test,1,-25.323943353182035,genuine
test,1,-22.879181523955584,genuine
test,1,-26.03583290178105,genuine
test,1,-25.904718839169984,genuine
test,1,-44.09600089308237,genuine
test,1,-26.764185914166134,genuine
test,1,-21.90521651079388,genuine
test,1,-25.035513256066483,genuine
test,1,-39.96915638463738,genuine
test,1,-24.979855884654324,genuine
test,1,-38.923749089211896,genuine
test,1,-24.740167548030666,genuine
test,1,-33.5474504540499,genuine
test,1,-30.13119271569678,genuine
test,1,-23.95874003529068,genuine
test,1,-26.908888063924845,genuine
test,1,-26.669302289488833,genuine
test,1,-24.914104901181176,genuine
test,1,-26.608165259844984,genuine
test,1,-22.59679705524721,genuine
test,1,-34.08445819375455,genuine
test,1,-21.585853616383268,genuine
test,1,-47.486111157601,genuine
test,1,-34.06634603820369,genuine
test,1,-31.53212893004193,genuine
test,1,-35.96980573441042,genuine
test,1,-27.205394559922816,genuine
test,1,-29.803189766540598,genuine
test,1,-27.242966823181717,genuine
test,1,-33.016786546473725,genuine
test,1,-34.99482576156447,genuine
test,1,-43.8643331000639,genuine
test,1,-30.458044193508158,genuine
test,1,-33.96333626567866,genuine
test,1,-45.58502231926384,genuine
test,1,-35.429563267496995,genuine
test,1,-34.912076912055944,genuine
test,1,-34.814120247869994,genuine
test,1,-32.3974405962729,genuine
test,1,-28.54839490040402,genuine
test,1,-26.678865836187153,genuine
test,1,-31.18256854579065,genuine
test,1,-38.310482022745546,genuine
test,1,-51.96619853356169,genuine
test,1,-39.09180368690988,genuine
test,1,-32.543594455392295,genuine
test,1,-32.16731730756266,genuine
test,1,-63.78730505959109,genuine
test,1,-24.912194421965985,genuine
test,1,-45.207923909376895,genuine
test,1,-27.016621101336938,genuine
test,1,-28.717174079966867,genuine
test,1,-31.108768417147463,genuine
test,1,-33.749541068750155,genuine
test,1,-30.46135229638729,genuine
test,1,-31.08665674323773,genuine
test,1,-32.384640803517534,genuine
test,1,-38.880945022301816,genuine
test,1,-43.491793354410355,genuine
test,1,-32.08306748675969,genuine
test,1,-36.81070039025529,genuine
test,1,-36.33377841003813,genuine
test,1,-36.917347459142064,genuine
test,1,-34.986094785540075,genuine
test,1,-40.09858443418036,genuine
test,1,-38.79093486510905,genuine
test,1,-36.9187810717831,genuine
test,1,-51.76145193775573,genuine
test,1,-34.97957709146424,genuine
test,1,-36.00828140470614,genuine
test,1,-36.621942324707206,genuine
test,1,-33.622734808642605,genuine
test,1,-35.42045506233162,genuine
test,1,-36.81627835314149,genuine
test,1,-38.033357662333316,genuine
test,1,-34.65913092779921,genuine
test,1,-35.28465357022324,genuine
test,1,-32.52390325400907,genuine
test,1,-36.892477758007004,genuine
test,1,-43.33985001849927,genuine
test,1,-36.588603024878964,genuine
test,1,-35.77440715832806,genuine
test,1,-35.44855727025542,genuine
test,1,-30.337066878428445,genuine
test,1,-43.75565191431425,genuine
test,1,-36.99504363242879,genuine
test,1,-37.35047244047694,genuine
test,1,-36.67931794788483,genuine
test,1,-45.26819664991649,genuine
test,1,-40.221075219917864,genuine
test,1,-40.829863424370195,genuine
test,1,-36.12616784953626,genuine
test,1,-38.36202782821475,genuine
test,1,-36.96093548360375,genuine
test,1,-42.362432910036524,genuine
test,1,-25.37636192157276,genuine
test,1,-17.054627637731404,genuine
test,1,-25.607850574818315,genuine
test,1,-24.36228389792571,genuine
test,1,-22.488612910314036,genuine
test,1,-23.170311057928153,genuine
test,1,-23.858836823762747,genuine
test,1,-29.34352734746594,genuine
test,1,-22.069248645551312,genuine
test,1,-25.042269350751074,genuine
test,1,-25.92351122897012,genuine
test,1,-20.2315090646345,genuine
test,1,-32.26197579698379,genuine
test,1,-29.53128253796805,genuine
test,1,-35.724640468509925,genuine
test,1,-23.561988119783727,genuine
test,1,-18.84085339813617,genuine
test,1,-20.15359776964597,genuine
test,1,-20.042406629034637,genuine
test,1,-30.99060143364374,genuine
test,1,-25.686170473865314,genuine
test,1,-28.496789965314868,genuine
test,1,-20.933101220767234,genuine
test,1,-26.893476123715207,genuine
test,1,-25.02756498800272,genuine
test,1,-26.429664294497094,genuine
test,1,-25.331477477470116,genuine
test,1,-27.175882432678055,genuine
test,1,-24.974502828163534,genuine
test,1,-27.2864371948214,genuine
test,1,-24.092527825712402,genuine
test,1,-31.14589997482795,genuine
test,1,-26.596408863380802,genuine
test,1,-32.83746125072559,genuine
test,1,-31.33063673322326,genuine
test,1,-29.567190839163217,genuine
test,1,-26.612463821479192,genuine
test,1,-23.677709356228608,genuine
test,1,-20.70452613217298,genuine
test,1,-22.934328007322367,genuine
test,1,-40.698422536178356,genuine
test,1,-43.725673188876016,genuine
test,1,-23.1663637010337,genuine
test,1,-22.80844232705077,genuine
test,1,-27.023380967020255,genuine
test,1,-26.779275592183676,genuine
test,1,-27.73154562918651,genuine
test,1,-29.6413689825186,genuine
test,1,-17.753677820271996,genuine
test,1,-23.751202933433426,genuine
test,1,-32.456026009531215,genuine
test,1,-27.55797412477965,genuine
test,1,-34.77040071507591,genuine
test,1,-28.095794623417394,genuine
test,1,-32.65706378821034,genuine
test,1,-27.598760587353624,genuine
test,1,-46.283987255522966,genuine
test,1,-47.92090932302793,genuine
test,1,-36.05486848629402,genuine
test,1,-35.13317144686938,genuine
test,1,-28.306047684573898,genuine
test,1,-40.417098665063364,genuine
test,1,-28.237800584587625,genuine
test,1,-34.074381906492015,genuine
test,1,-30.71014346052729,genuine
test,1,-28.457666376815432,genuine
test,1,-28.39563999569717,genuine
test,1,-29.07156773471481,genuine
test,1,-27.92821514933633,genuine
test,1,-26.951538799143492,genuine
test,1,-42.52650501497003,genuine
test,1,-32.417494171451914,genuine
test,1,-30.379354930896078,genuine
test,1,-29.66472187572356,genuine
test,1,-22.925755484629843,genuine
test,1,-28.692258157506032,genuine
test,1,-29.397250173587366,genuine
test,1,-26.91953093899067,genuine
test,1,-26.02950785526872,genuine
test,1,-47.180749946706705,genuine
test,1,-32.81708324318758,genuine
test,1,-27.44266597796732,genuine
test,1,-24.83416944041034,genuine
test,1,-31.8455788361979,genuine
test,1,-32.237571277465754,genuine
test,1,-30.397950347018412,genuine
test,1,-33.091655971049335,genuine
test,1,-26.72299687317877,genuine
test,1,-32.05154302207468,genuine
test,1,-25.10934211518257,genuine
test,1,-28.358948986038826,genuine
test,1,-25.432467293060025,genuine
test,1,-22.22808783332087,genuine
test,1,-32.1435396382734,genuine
test,1,-54.55211803536295,genuine
test,1,-26.462560549810622,genuine
test,1,-31.693607560886132,genuine
test,1,-27.84465005354561,genuine
test,1,-29.14819048621079,genuine
test,1,-29.026073820399677,genuine
test,0,-28.77979800990837,impostor
test,0,-51.12331238355313,impostor
test,0,-43.47044520659329,impostor
test,0,-40.78033422476731,impostor
test,0,-32.37076549818482,impostor
test,0,-75.03557178929599,impostor
test,0,-73.74301817676691,impostor
test,0,-56.627266737367435,impostor
test,0,-83.2553933607175,impostor
test,0,-68.21750405142198,impostor
test,0,-157.46194116824654,impostor
test,0,-138.54921636986867,impostor
test,0,-140.3140713105443,impostor
test,0,-164.58864662485794,impostor
test,0,-141.44749553417464,impostor
test,0,-64.95666965525263,impostor
test,0,-39.584582061071806,impostor
test,0,-68.15504043546801,impostor
test,0,-59.590101725795954,impostor
test,0,-42.12391652071194,impostor
test,0,-77.71991396194642,impostor
test,0,-68.70149062564342,impostor
test,0,-84.73736067672392,impostor
test,0,-38.9900614682601,impostor
test,0,-58.080678455512725,impostor
test,0,-44.56701871763696,impostor
test,0,-49.73406438432441,impostor
test,0,-62.28173733142189,impostor
test,0,-48.08041279289743,impostor
test,0,-46.145737544192926,impostor
test,0,-233.07466128876197,impostor
test,0,-178.07841739998761,impostor
test,0,-197.91424117973924,impostor
test,0,-211.84535432654766,impostor
test,0,-149.80834918500767,impostor
test,0,-264.4523281304252,impostor
test,0,-209.14248008658197,impostor
test,0,-177.46602375628004,impostor
test,0,-101.83972572032485,impostor
test,0,-189.28875789844975,impostor
test,0,-47.94752102679186,impostor
test,0,-51.72956870364088,impostor
test,0,-47.44226905883863,impostor
test,0,-42.727962491790834,impostor
test,0,-48.38943373495015,impostor
test,0,-270.9533185578277,impostor
test,0,-101.53107153245848,impostor
test,0,-84.25869271639795,impostor
test,0,-83.58908226227607,impostor
test,0,-69.49246067725501,impostor
test,0,-60.529248226517154,impostor
test,0,-50.48193671177096,impostor
test,0,-58.760647116429816,impostor
test,0,-42.48087159010356,impostor
test,0,-31.52082330229264,impostor
test,0,-107.24605570107373,impostor
test,0,-74.72853416631027,impostor
test,0,-79.52294015776444,impostor
test,0,-60.26956203708813,impostor
test,0,-42.31484744944352,impostor
test,0,-60.97015020285296,impostor
test,0,-34.95560546792637,impostor
test,0,-30.214104646762785,impostor
test,0,-25.293522771020175,impostor
test,0,-33.04376098326053,impostor
test,0,-173.82169927610425,impostor
test,0,-143.43606084323045,impostor
test,0,-114.81397143089814,impostor
test,0,-110.99477170440302,impostor
test,0,-129.7306361054734,impostor
test,0,-81.89568778675356,impostor
test,0,-69.36947986001863,impostor
test,0,-61.45758204397899,impostor
test,0,-40.836205096690264,impostor
test,0,-48.27444016738354,impostor
test,0,-53.27837603401559,impostor
test,0,-68.20550281644395,impostor
test,0,-70.60852223762247,impostor
test,0,-67.92926995981693,impostor
test,0,-53.43269754581811,impostor
test,0,-49.66859602294571,impostor
test,0,-40.96369472213879,impostor
test,0,-53.93749387418618,impostor
test,0,-33.6512471630667,impostor
test,0,-38.57373938313216,impostor
test,0,-37.604526935502655,impostor
test,0,-48.20940458645167,impostor
test,0,-43.77885066631561,impostor
test,0,-51.13369741876558,impostor
test,0,-42.05570347313791,impostor
test,0,-60.53374103753573,impostor
test,0,-58.66398478725876,impostor
test,0,-76.4945695298958,impostor
test,0,-55.99613730860928,impostor
test,0,-52.81582845612778,impostor
test,0,-48.36519083851539,impostor
test,0,-61.846611896697276,impostor
test,0,-48.70004840124822,impostor
test,0,-49.20433231676355,impostor
test,0,-54.33056455013881,impostor
test,0,-53.28939603927064,impostor
test,0,-48.97853493853391,impostor
test,0,-50.95023672985195,impostor
test,0,-42.7830237678661,impostor
test,0,-44.14432510130905,impostor
test,0,-44.14493311675296,impostor
test,0,-38.405830787445815,impostor
test,0,-40.258520103254135,impostor
test,0,-54.48910855071549,impostor
test,0,-40.693623043841804,impostor
test,0,-74.2688195068453,impostor
test,0,-61.266956806156806,impostor
test,0,-59.30654684286761,impostor
test,0,-43.853373772821726,impostor
test,0,-35.210554202784046,impostor
test,0,-164.88215052980885,impostor
test,0,-113.01490437270043,impostor
test,0,-133.79009448205295,impostor
test,0,-63.094270836828365,impostor
test,0,-99.30285928817399,impostor
test,0,-82.9804916705211,impostor
test,0,-62.2678992701687,impostor
test,0,-86.4261230406814,impostor
test,0,-58.285934751486444,impostor
test,0,-39.55194536506783,impostor
test,0,-34.26224791086112,impostor
test,0,-30.95256874764894,impostor
test,0,-38.063112613252585,impostor
test,0,-47.00235189710756,impostor
test,0,-36.30908086551854,impostor
test,0,-236.2928805184409,impostor
test,0,-62.955039671491875,impostor
test,0,-37.69428672170606,impostor
test,0,-106.86556575046473,impostor
test,0,-44.12604492654852,impostor
test,0,-143.43131255327137,impostor
test,0,-45.4411542990764,impostor
test,0,-49.65574899103657,impostor
test,0,-35.08071639818106,impostor
test,0,-37.405822673250235,impostor
test,0,-74.39432210696455,impostor
test,0,-59.14844296498145,impostor
test,0,-51.695173527050486,impostor
test,0,-60.58783592376588,impostor
test,0,-50.88489730887518,impostor
test,0,-44.237848499139915,impostor
test,0,-55.68920437517679,impostor
test,0,-29.45702466970014,impostor
test,0,-87.33356402008172,impostor
test,0,-36.62027733101956,impostor
test,0,-56.65390556321893,impostor
test,0,-40.42524619572646,impostor
test,0,-40.64173688586187,impostor
test,0,-41.38590759574644,impostor
test,0,-45.64394104823298,impostor
test,0,-46.21269790111749,impostor
test,0,-43.125977422426665,impostor
test,0,-43.38119450656998,impostor
test,0,-41.465423299357134,impostor
test,0,-53.16270997989528,impostor
test,0,-41.708703094444644,impostor
test,0,-39.12548924658803,impostor
test,0,-48.05000721508699,impostor
test,0,-38.22785399520215,impostor
test,0,-47.53651102419032,impostor
test,0,-67.28890065343168,impostor
test,0,-52.4784602332042,impostor
test,0,-39.58189763931172,impostor
test,0,-44.34290774292019,impostor
test,0,-46.190334902770225,impostor
test,0,-93.7071756509592,impostor
test,0,-131.57901312819445,impostor
test,0,-78.71008544060311,impostor
test,0,-72.348737476055,impostor
test,0,-68.9776283654883,impostor
test,0,-115.13726904178695,impostor
test,0,-69.4628366292871,impostor
test,0,-82.54007346231435,impostor
test,0,-67.85110884103229,impostor
test,0,-72.03931791771753,impostor
test,0,-122.35119153415185,impostor
test,0,-56.962458220276574,impostor
test,0,-69.9387160840387,impostor
test,0,-63.563409208453386,impostor
test,0,-49.05241128221412,impostor
test,0,-74.97102121855859,impostor
test,0,-97.92045927654243,impostor
test,0,-66.96407967866517,impostor
test,0,-68.9546599660504,impostor
test,0,-72.31201169506603,impostor
test,0,-53.20696987495442,impostor
test,0,-46.28041355944003,impostor
test,0,-52.5035337149257,impostor
test,0,-45.5584991079144,impostor
test,0,-50.180147242983594,impostor
test,0,-36.01805569470007,impostor
test,0,-60.976470468736785,impostor
test,0,-42.8423644825073,impostor
test,0,-41.39149952757579,impostor
test,0,-44.09634348053503,impostor
test,0,-64.37385714078465,impostor
test,0,-43.828937735077766,impostor
test,0,-52.144828651559564,impostor
test,0,-38.43907990569959,impostor
test,0,-45.620656298118355,impostor
test,0,-79.7825413306018,impostor
test,0,-72.60559473313629,impostor
test,0,-33.00566304477809,impostor
test,0,-33.485067427516135,impostor
test,0,-27.81398311036329,impostor
test,0,-136.5833541457157,impostor
test,0,-111.06363664369732,impostor
test,0,-153.06892485774665,impostor
test,0,-93.06952185725149,impostor
test,0,-75.87201825715249,impostor
test,0,-34.84133414929848,impostor
test,0,-37.59782695934139,impostor
test,0,-39.63113543677386,impostor
test,0,-44.40403313335573,impostor
test,0,-40.89693767162,impostor
test,0,-72.23267630315492,impostor
test,0,-51.61718275819639,impostor
test,0,-35.556967191142924,impostor
test,0,-32.618289194947884,impostor
test,0,-40.95611283770189,impostor
test,0,-92.93287348149563,impostor
test,0,-67.54078471263117,impostor
test,0,-63.93143881336709,impostor
test,0,-73.33909481434344,impostor
test,0,-46.65033036907489,impostor
test,0,-66.04102310623782,impostor
test,0,-83.85221246515424,impostor
test,0,-49.241945675463626,impostor
test,0,-62.368401593959234,impostor
test,0,-38.93967219100773,impostor
test,0,-41.17606759768779,impostor
test,0,-33.214509107421954,impostor
test,0,-36.90068029716263,impostor
test,0,-36.53957674562586,impostor
test,0,-54.57556121790416,impostor
test,0,-50.32834325488949,impostor
test,0,-40.3915436564244,impostor
test,0,-35.81579177783489,impostor
test,0,-34.35829681113571,impostor
test,0,-39.752863283477325,impostor
test,0,-72.71181677095407,impostor
test,0,-64.24022758091265,impostor
test,0,-53.25281230251622,impostor
test,0,-56.78101662960878,impostor
test,0,-43.46108713153405,impostor
test,1,-31.1837698222673,genuine
test,1,-36.20142011983296,genuine
test,1,-34.927503499137444,genuine
test,1,-35.58143404737262,genuine
test,1,-25.58360527892151,genuine
test,1,-37.80888476826951,genuine
test,1,-23.555896064874798,genuine
test,1,-28.323003847031664,genuine
test,1,-25.70947065117923,genuine
test,1,-29.540620402803654,genuine
test,1,-31.58751126143668,genuine
test,1,-28.05223967606346,genuine
test,1,-23.19568879459928,genuine
test,1,-38.629356816261705,genuine
test,1,-27.027731500496657,genuine
test,1,-26.807699424647637,genuine
test,1,-49.436093714253516,genuine
test,1,-25.15439642816318,genuine
test,1,-26.37117053347087,genuine
test,1,-30.313823412493488,genuine
test,1,-32.858972474155564,genuine
test,1,-28.242365185607767,genuine
test,1,-22.762386629589905,genuine
test,1,-42.64342880931981,genuine
test,1,-47.06997338461389,genuine
test,1,-44.949210085613615,genuine
test,1,-39.125603917592066,genuine
test,1,-26.186957208257354,genuine
test,1,-31.15224203878009,genuine
test,1,-29.30450952792646,genuine
test,1,-22.77306464702658,genuine
test,1,-29.760013780666274,genuine
test,1,-30.743369746898267,genuine
test,1,-30.01017129866356,genuine
test,1,-54.789761132712435,genuine
test,1,-32.72911600210962,genuine
test,1,-60.349927330016484,genuine
test,1,-35.17734766284047,genuine
test,1,-26.345846691197824,genuine
test,1,-34.194603964995906,genuine
test,1,-67.09467806156503,genuine
test,1,-39.16309734298721,genuine
test,1,-49.707322273781095,genuine
test,1,-28.296401555305113,genuine
test,1,-26.558848466711257,genuine
test,1,-29.255437399997213,genuine
test,1,-38.587480670482414,genuine
test,1,-25.333176154972538,genuine
test,1,-63.76119914629612,genuine
test,1,-27.32469893256255,genuine
test,1,-38.20721884138236,genuine
test,1,-34.163259630073355,genuine
test,1,-35.547644266956425,genuine
test,1,-32.30867216204361,genuine
test,1,-29.74936087320473,genuine
test,1,-28.33811346336689,genuine
test,1,-43.9938958433604,genuine
test,1,-35.2371135599257,genuine
test,1,-34.81750520043873,genuine
test,1,-32.38843874765111,genuine
test,1,-33.43526865864637,genuine
test,1,-37.144626551551745,genuine
test,1,-29.427797203532407,genuine
test,1,-36.196238611941595,genuine
test,1,-36.10543773692693,genuine
test,1,-33.714427828749066,genuine
test,1,-78.12947245391571,genuine
test,1,-32.63300977015672,genuine
test,1,-37.55235858957337,genuine
test,1,-35.10462393981911,genuine
test,1,-33.36714818818166,genuine
test,1,-34.294443262026256,genuine
test,1,-55.89387138947506,genuine
test,1,-35.32056816990325,genuine
test,1,-31.45390671315113,genuine
test,1,-39.66091466100393,genuine
test,1,-41.08294783918754,genuine
test,1,-30.12908210797024,genuine
test,1,-33.850947809091224,genuine
test,1,-31.95173720247777,genuine
test,1,-28.33557179510729,genuine
test,1,-27.08736771788299,genuine
test,1,-35.7078020711184,genuine
test,1,-43.21106486264433,genuine
test,1,-36.024016466796944,genuine
test,1,-37.80484719953072,genuine
test,1,-38.871894819744256,genuine
test,1,-45.753798210344684,genuine
test,1,-36.53575485318121,genuine
test,1,-30.363500745531507,genuine
test,1,-24.222286319149937,genuine
test,1,-34.122778655980454,genuine
test,1,-28.803317554206075,genuine
test,1,-24.580210468073123,genuine
test,1,-37.04193399446292,genuine
test,1,-37.06146384340269,genuine
test,1,-31.68308505863474,genuine
test,1,-27.980386165012007,genuine
test,1,-49.68824871605593,genuine
test,1,-32.12105816323574,genuine
test,1,-32.01690363633345,genuine
test,1,-33.41916051189697,genuine
test,1,-38.67094197855347,genuine
test,1,-29.666467538669842,genuine
test,1,-33.98426919734514,genuine
test,1,-37.85725958623221,genuine
test,1,-33.706612100707055,genuine
test,1,-32.78974891942056,genuine
test,1,-30.10271183909349,genuine
test,1,-35.27702359787651,genuine
test,1,-34.274831171845626,genuine
test,1,-29.707425890211738,genuine
test,1,-34.29411944992809,genuine
test,1,-43.91295379414488,genuine
test,1,-32.779759636243696,genuine
test,1,-32.2111413039317,genuine
test,1,-39.19369068697795,genuine
test,1,-43.04789743765919,genuine
test,1,-38.86951734054597,genuine
test,1,-32.31674836529391,genuine
test,1,-34.904262728566266,genuine
test,1,-33.77169416216903,genuine
test,1,-37.86460274247234,genuine
test,1,-37.19634747193331,genuine
test,1,-39.745437951761005,genuine
test,1,-35.94043437970404,genuine
test,1,-33.994431891913855,genuine
test,1,-39.57114544052928,genuine
test,1,-63.785627213124414,genuine
test,1,-34.89763073290293,genuine
test,1,-48.30101760855524,genuine
test,1,-31.435872125778573,genuine
test,1,-34.46338421754808,genuine
test,1,-65.00690562081122,genuine
test,1,-30.895040428990754,genuine
test,1,-29.657585534433036,genuine
test,1,-38.65234882453529,genuine
test,1,-82.16443958808493,genuine
test,1,-57.04271299768787,genuine
test,1,-65.68562830991098,genuine
test,1,-80.29222868832446,genuine
test,1,-28.66164260541295,genuine
test,1,-37.92188386853042,genuine
test,1,-66.33089548019625,genuine
test,1,-40.50753474173906,genuine
test,1,-45.47981777400257,genuine
test,1,-37.894947129128404,genuine
test,1,-38.42207053634268,genuine
test,1,-31.887293722559065,genuine
test,1,-33.27285420538886,genuine
test,1,-34.355371807987325,genuine
test,1,-32.21649895268394,genuine
test,1,-38.10944049582537,genuine
test,1,-37.03100483678194,genuine
test,1,-43.56215345434787,genuine
test,1,-45.09621816524225,genuine
test,1,-39.28826402887219,genuine
test,1,-39.72954846868615,genuine
test,1,-40.19490596622715,genuine
test,1,-34.285522498310954,genuine
test,1,-38.00505167623841,genuine
test,1,-41.91216601230167,genuine
test,1,-66.7331632978262,genuine
test,1,-49.49320685884985,genuine
test,1,-41.73106891978832,genuine
test,1,-41.30733400834638,genuine
test,1,-42.69405164812608,genuine
test,1,-44.4175143062129,genuine
test,1,-42.566129937324256,genuine
test,1,-53.37914223140647,genuine
test,1,-34.36009003894886,genuine
test,1,-34.19278366919158,genuine
test,1,-38.124614731583755,genuine
test,1,-52.3913517987964,genuine
test,1,-45.9032757131849,genuine
test,1,-37.40005157951654,genuine
test,1,-34.93812831833418,genuine
test,1,-34.44412009482308,genuine
test,1,-39.19275592210446,genuine
test,1,-44.41554847308365,genuine
test,1,-42.03645743396842,genuine
test,1,-38.798284473863106,genuine
test,1,-45.90510262003858,genuine
test,1,-40.721204826641724,genuine
test,1,-54.055203190926015,genuine
test,1,-47.93229547291846,genuine
test,1,-39.00848096481831,genuine
test,1,-36.81824511944093,genuine
test,1,-36.69899878470158,genuine
test,1,-35.417524818734414,genuine
test,1,-27.939595069583238,genuine
test,1,-34.34636331355414,genuine
test,1,-38.186090067378125,genuine
test,1,-36.585702121009014,genuine
test,1,-43.737186457110646,genuine
test,1,-43.26179732098257,genuine
test,1,-43.187948633568126,genuine
test,1,-41.59334163166785,genuine
test,1,-44.744956572296985,genuine
test,1,-52.51811149428702,genuine
test,0,-55.6015779093034,impostor
test,0,-79.85781643492575,impostor
test,0,-87.69137448604518,impostor
test,0,-55.28376713945008,impostor
test,0,-41.456305459679896,impostor
test,0,-142.06526882201138,impostor
test,0,-139.71021676837395,impostor
test,0,-113.79417819759047,impostor
test,0,-146.54191687973565,impostor
test,0,-126.67313058085459,impostor
test,0,-289.0557178230036,impostor
test,0,-241.18867664051783,impostor
test,0,-226.36653217259945,impostor
test,0,-254.24685703676113,impostor
test,0,-201.74461927021233,impostor
test,0,-79.8088934762118,impostor
test,0,-51.24729404938424,impostor
test,0,-103.02044686276716,impostor
test,0,-73.91072148296752,impostor
test,0,-53.7749742205099,impostor
test,0,-128.86926933113045,impostor
test,0,-133.18703447979803,impostor
test,0,-170.4828608947434,impostor
test,0,-56.81238450395364,impostor
test,0,-85.1704161707617,impostor
test,0,-50.918270909592515,impostor
test,0,-51.45773505343115,impostor
test,0,-80.5607857447893,impostor
test,0,-44.06842631789773,impostor
test,0,-59.822587079178255,impostor
test,0,-357.7421112293017,impostor
test,0,-330.9939526069768,impostor
test,0,-341.1066590627189,impostor
test,0,-355.37070973199803,impostor
test,0,-273.44232811589194,impostor
test,0,-460.89693754677495,impostor
test,0,-366.3648034095433,impostor
test,0,-356.2531089665127,impostor
test,0,-196.84406821389265,impostor
test,0,-357.54236591942447,impostor
test,0,-68.3386192402088,impostor
test,0,-77.18900107787238,impostor
test,0,-78.82858399942062,impostor
test,0,-73.30532716953067,impostor
test,0,-62.725027254772364,impostor
test,0,-404.35869971441366,impostor
test,0,-155.68728403175623,impostor
test,0,-136.53286433695266,impostor
test,0,-138.36361632627964,impostor
test,0,-113.86480891981317,impostor
test,0,-88.28810165401184,impostor
test,0,-78.22068228480708,impostor
test,0,-73.83771421936437,impostor
test,0,-64.7833612159328,impostor
test,0,-46.37970889518084,impostor
test,0,-231.2456786107609,impostor
test,0,-154.21659047575258,impostor
test,0,-189.7794245064537,impostor
test,0,-119.48782861386898,impostor
test,0,-93.22607072698965,impostor
test,0,-97.62671527755288,impostor
test,0,-70.95551504343977,impostor
test,0,-51.03969072575743,impostor
test,0,-47.82619917853347,impostor
test,0,-37.63672030704277,impostor
test,0,-227.7974774659833,impostor
test,0,-201.53814543375924,impostor
test,0,-170.96210066956849,impostor
test,0,-161.42061411258933,impostor
test,0,-187.37454816330907,impostor
test,0,-136.01155733042674,impostor
test,0,-101.4031243706779,impostor
test,0,-88.42154432256203,impostor
test,0,-61.98305664686346,impostor
test,0,-124.10992361932307,impostor
test,0,-75.75846867924884,impostor
test,0,-129.47758399777152,impostor
test,0,-109.17740719910333,impostor
test,0,-113.18991834146145,impostor
test,0,-70.44108311002518,impostor
test,0,-49.94190056823017,impostor
test,0,-41.66087579932383,impostor
test,0,-67.89784364025122,impostor
test,0,-28.81863973725011,impostor
test,0,-46.11799759487455,impostor
test,0,-44.908401923086394,impostor
test,0,-81.00386590648495,impostor
test,0,-85.82798037825019,impostor
test,0,-65.47256557383739,impostor
test,0,-56.12550827255352,impostor
test,0,-92.73460106496779,impostor
test,0,-80.92023296231147,impostor
test,0,-88.15088053285814,impostor
test,0,-63.51632519091863,impostor
test,0,-71.65111358674213,impostor
test,0,-57.511847177172235,impostor
test,0,-89.11483867776222,impostor
test,0,-54.756409545815664,impostor
test,0,-52.2125647616279,impostor
test,0,-71.31544083931189,impostor
test,0,-68.02183145757718,impostor
test,0,-46.24490888520615,impostor
test,0,-52.207555147926975,impostor
test,0,-34.71036933244554,impostor
test,0,-48.39257728078402,impostor
test,0,-64.04711342228823,impostor
test,0,-59.48037721362439,impostor
test,0,-69.00913360003524,impostor
test,0,-111.65078558582022,impostor
test,0,-83.39755737444122,impostor
test,0,-93.56249229194532,impostor
test,0,-105.86831487159854,impostor
test,0,-86.49935782246732,impostor
test,0,-90.97783863555917,impostor
test,0,-62.91339473993012,impostor
test,0,-223.9504743447197,impostor
test,0,-186.5369132274523,impostor
test,0,-241.67079237287845,impostor
test,0,-104.6396372597302,impostor
test,0,-179.37742117702416,impostor
test,0,-117.91941747376733,impostor
test,0,-89.8948230060837,impostor
test,0,-120.51352550839385,impostor
test,0,-86.46865883829588,impostor
test,0,-51.13181017376298,impostor
test,0,-50.91544779767466,impostor
test,0,-43.98604359538551,impostor
test,0,-37.661156225849005,impostor
test,0,-41.2421166274582,impostor
test,0,-33.06834298858627,impostor
test,0,-370.4377670176869,impostor
test,0,-82.64401133351595,impostor
test,0,-59.66044902644836,impostor
test,0,-118.95170581771838,impostor
test,0,-61.14957873785762,impostor
test,0,-211.51432785893726,impostor
test,0,-71.18534239211824,impostor
test,0,-65.64825893234112,impostor
test,0,-36.74054236549319,impostor
test,0,-41.404724271791196,impostor
test,0,-117.03424461258047,impostor
test,0,-85.96385917907224,impostor
test,0,-80.01798011162194,impostor
test,0,-93.38079003729909,impostor
test,0,-73.69854758611199,impostor
test,0,-153.91694975107904,impostor
test,0,-147.7779509149695,impostor
test,0,-104.17028498483164,impostor
test,0,-121.943618144249,impostor
test,0,-84.82254196183908,impostor
test,0,-61.782785218867005,impostor
test,0,-52.480558494899185,impostor
test,0,-53.10025264926017,impostor
test,0,-52.274531324937705,impostor
test,0,-56.33345473671457,impostor
test,0,-59.28971953486956,impostor
test,0,-53.48104013561066,impostor
test,0,-54.64329244827957,impostor
test,0,-49.641227193501315,impostor
test,0,-55.47306234822542,impostor
test,0,-52.4123831206905,impostor
test,0,-53.410272671025446,impostor
test,0,-74.38232173211297,impostor
test,0,-47.42789091692767,impostor
test,0,-55.36595276503785,impostor
test,0,-126.78133885847608,impostor
test,0,-87.69895588848703,impostor
test,0,-53.65512409054464,impostor
test,0,-70.56281846385909,impostor
test,0,-68.08855749955869,impostor
test,0,-141.38370505381968,impostor
test,0,-204.87602625810234,impostor
test,0,-104.46806954378322,impostor
test,0,-101.57979733433825,impostor
test,0,-88.36185035596007,impostor
test,0,-199.14268413881734,impostor
test,0,-117.51575341484028,impostor
test,0,-145.81097469157316,impostor
test,0,-132.82235636387654,impostor
test,0,-130.93417513740843,impostor
test,0,-198.97982777235632,impostor
test,0,-79.09148782853802,impostor
test,0,-108.18200888894958,impostor
test,0,-79.94401246411277,impostor
test,0,-107.80458837552075,impostor
test,0,-105.35540486456507,impostor
test,0,-124.40579049025757,impostor
test,0,-90.75731260283789,impostor
test,0,-111.52804056887454,impostor
test,0,-105.6038073637429,impostor
test,0,-67.49422121959411,impostor
test,0,-36.53903163832512,impostor
test,0,-67.38159880671567,impostor
test,0,-80.09091225952614,impostor
test,0,-62.23356350485185,impostor
test,0,-51.820970218152404,impostor
test,0,-68.35340358357442,impostor
test,0,-63.00034963676427,impostor
test,0,-52.927260135936436,impostor
test,0,-49.322269219011346,impostor
test,0,-112.62602599684378,impostor
test,0,-79.99303716641806,impostor
test,0,-92.26160862306371,impostor
test,0,-65.20893212272955,impostor
test,0,-62.29826404567259,impostor
test,0,-130.10552006459298,impostor
test,0,-109.14066048921825,impostor
test,0,-58.789424495074684,impostor
test,0,-51.54541964794857,impostor
test,0,-58.02532446329402,impostor
test,0,-183.97027198881554,impostor
test,0,-142.4483173710241,impostor
test,0,-230.1777859041844,impostor
test,0,-132.6520214764454,impostor
test,0,-117.46774742385008,impostor
test,0,-42.169263962411144,impostor
test,0,-35.81709369557872,impostor
test,0,-37.8915065710785,impostor
test,0,-71.37100304501898,impostor
test,0,-44.79595647199911,impostor
test,0,-168.4972131063689,impostor
test,0,-95.89428915289665,impostor
test,0,-64.7747942814436,impostor
test,0,-54.78760987078468,impostor
test,0,-57.04854829346178,impostor
test,0,-185.28269114900255,impostor
test,0,-136.24967919256386,impostor
test,0,-142.26258701802377,impostor
test,0,-161.18028289071665,impostor
test,0,-100.22237477580322,impostor
test,0,-87.40733528277876,impostor
test,0,-135.0209227995881,impostor
test,0,-72.18749030112491,impostor
test,0,-92.72307734419226,impostor
test,0,-63.73630489490028,impostor
test,0,-56.822429385437275,impostor
test,0,-48.439524087283104,impostor
test,0,-38.28839303339447,impostor
test,0,-55.91763022391462,impostor
test,0,-71.24055237224432,impostor
test,0,-50.86650765763565,impostor
test,0,-49.71578999115568,impostor
test,0,-39.23818944118533,impostor
test,0,-44.62273061714831,impostor
test,0,-46.18813438368398,impostor
test,0,-98.80824592378715,impostor
test,0,-92.09733201275155,impostor
test,0,-73.99221322868141,impostor
test,0,-80.52981417852982,impostor
test,0,-60.35791814089284,impostor
test,1,-29.64084945646019,genuine
test,1,-30.19332672293656,genuine
test,1,-25.587471053169367,genuine
test,1,-18.990638192872478,genuine
test,1,-20.287852021787863,genuine
test,1,-23.243323994065765,genuine
test,1,-24.224360774159383,genuine
test,1,-33.3491824609624,genuine
test,1,-25.291822179730755,genuine
test,1,-80.10622346359301,genuine
test,1,-23.171574829131615,genuine
test,1,-32.10968464227226,genuine
test,1,-34.05732763287378,genuine
test,1,-32.31190292283657,genuine
test,1,-24.374058164905122,genuine
test,1,-30.318316960592643,genuine
test,1,-29.99780116128775,genuine
test,1,-32.205336419110964,genuine
test,1,-24.708374694930377,genuine
test,1,-27.538931704779145,genuine
test,1,-27.00761170938914,genuine
test,1,-33.23546442650796,genuine
test,1,-28.891278926286642,genuine
test,1,-36.29278498175229,genuine
test,1,-36.018672298504335,genuine
test,1,-27.438855152831167,genuine
test,1,-24.63377488192762,genuine
test,1,-20.3169434975525,genuine
test,1,-27.318906489887404,genuine
test,1,-26.78220957605113,genuine
test,1,-17.535357075605962,genuine
test,1,-20.77776593539108,genuine
test,1,-26.405529900391457,genuine
test,1,-27.065094433459382,genuine
test,1,-37.34216684752572,genuine
test,1,-21.75885293711459,genuine
test,1,-25.380313224697534,genuine
test,1,-21.02669458847847,genuine
test,1,-25.825224488725055,genuine
test,1,-34.13945298450168,genuine
test,1,-27.688953779105184,genuine
test,1,-23.916253500145313,genuine
test,1,-31.978897911342486,genuine
test,1,-24.82575719438245,genuine
test,1,-27.675766425246973,genuine
test,1,-30.387180915701464,genuine
test,1,-31.680771990393556,genuine
test,1,-28.92941966652749,genuine
test,1,-22.656735112003506,genuine
test,1,-36.00801184052309,genuine
test,1,-33.37007602278553,genuine
test,1,-39.11807151900007,genuine
test,1,-42.64819920479999,genuine
test,1,-33.462209983218436,genuine
test,1,-36.40009535327908,genuine
test,1,-32.8806464736537,genuine
test,1,-43.500890781685946,genuine
test,1,-32.163035854138144,genuine
test,1,-65.59588027344304,genuine
test,1,-40.39469559274188,genuine
test,1,-34.03650428567306,genuine
test,1,-24.964846651868356,genuine
test,1,-39.65464443085422,genuine
test,1,-32.6785598052603,genuine
test,1,-38.95430484393765,genuine
test,1,-33.86904735261571,genuine
test,1,-43.11580984911006,genuine
test,1,-33.88851636728132,genuine
test,1,-37.13966404063685,genuine
test,1,-36.094281141699625,genuine
test,1,-39.57253894150045,genuine
test,1,-20.574252056586328,genuine
test,1,-26.346236094337204,genuine
test,1,-25.287350129376744,genuine
test,1,-37.4462023836228,genuine
test,1,-27.599026141709995,genuine
test,1,-26.531068223589852,genuine
test,1,-23.694409744977108,genuine
test,1,-27.77445864574493,genuine
test,1,-26.569262612084326,genuine
test,1,-27.987599865015707,genuine
test,1,-22.78327031462816,genuine
test,1,-27.265390331504605,genuine
test,1,-34.662876288315445,genuine
test,1,-26.521264412848936,genuine
test,1,-41.336153095166495,genuine
test,1,-24.078157515305005,genuine
test,1,-19.292954140979198,genuine
test,1,-29.902863989376854,genuine
test,1,-24.158867678772097,genuine
test,1,-24.55993105724625,genuine
test,1,-35.20112137333466,genuine
test,1,-34.84120253051984,genuine
test,1,-26.74403949153883,genuine
test,1,-26.51519868408385,genuine
test,1,-25.41010503206039,genuine
test,1,-29.183402671872187,genuine
test,1,-31.643442453189824,genuine
test,1,-26.2517982678808,genuine
test,1,-26.27652001556713,genuine
test,1,-22.863624810947652,genuine
test,1,-19.167008115561384,genuine
test,1,-34.86932297512432,genuine
test,1,-26.777700770668023,genuine
test,1,-23.112895947846365,genuine
test,1,-25.869859951244653,genuine
test,1,-28.546857310663693,genuine
test,1,-24.750943818908677,genuine
test,1,-34.8262010351003,genuine
test,1,-31.654477158504722,genuine
test,1,-26.82762490483537,genuine
test,1,-33.02160848100911,genuine
test,1,-21.24589108065209,genuine
test,1,-21.656809471940818,genuine
test,1,-26.47433077375863,genuine
test,1,-36.61967865551753,genuine
test,1,-28.73118452206259,genuine
test,1,-31.835817845574695,genuine
test,1,-29.567066355279195,genuine
test,1,-24.842620911199454,genuine
test,1,-32.66643729859377,genuine
test,1,-37.589828517738205,genuine
test,1,-43.565940104565406,genuine
test,1,-27.206632243754246,genuine
test,1,-35.12511641755594,genuine
test,1,-35.41910630029325,genuine
test,1,-30.355631583020944,genuine
test,1,-26.391434249238873,genuine
test,1,-32.34514168600273,genuine
test,1,-55.732172369288676,genuine
test,1,-33.11269253687064,genuine
test,1,-31.95823807104287,genuine
test,1,-25.140700710490155,genuine
test,1,-37.0245823624605,genuine
test,1,-28.745238431237482,genuine
test,1,-23.949159062840135,genuine
test,1,-28.90260495050233,genuine
test,1,-41.354846753765024,genuine
test,1,-25.36963272552013,genuine
test,1,-42.43358682971175,genuine
test,1,-44.342412720338814,genuine
test,1,-31.390409568248288,genuine
test,1,-31.663071566849485,genuine
test,1,-34.724546603048275,genuine
test,1,-29.268858976463413,genuine
test,1,-53.30103393867195,genuine
test,1,-29.932509279190327,genuine
test,1,-39.21583146148673,genuine
test,1,-29.141962265713598,genuine
test,1,-27.134175688810934,genuine
test,1,-35.800966490668145,genuine
test,1,-29.920834864757822,genuine
test,1,-25.652424626270797,genuine
test,1,-31.377493278091954,genuine
test,1,-31.929128340561455,genuine
test,1,-59.38713719016538,genuine
test,1,-33.79493901181169,genuine
test,1,-31.64026178321264,genuine
test,1,-23.214328272444323,genuine
test,1,-24.642779181818856,genuine
test,1,-28.401594676776178,genuine
test,1,-25.76606293060322,genuine
test,1,-27.15512819954777,genuine
test,1,-23.455831034048366,genuine
test,1,-30.215617049450948,genuine
test,1,-23.17160766922566,genuine
test,1,-20.996635842989637,genuine
test,1,-31.510891264777367,genuine
test,1,-32.493670428468334,genuine
test,1,-35.02653846465014,genuine
test,1,-29.315885799026134,genuine
test,1,-30.18401057987508,genuine
test,1,-42.840870436820694,genuine
test,1,-84.93076065838164,genuine
test,1,-63.57853700782952,genuine
test,1,-47.86900474833969,genuine
test,1,-30.161062868822835,genuine
test,1,-23.82748873033507,genuine
test,1,-32.1344343590621,genuine
test,1,-22.645354842943874,genuine
test,1,-32.83770963119722,genuine
test,1,-25.261534647329594,genuine
test,1,-24.63983274863079,genuine
test,1,-27.700731997960364,genuine
test,1,-30.454162488423407,genuine
test,1,-23.544546487733136,genuine
test,1,-19.147390251768552,genuine
test,1,-20.294062820346337,genuine
test,1,-30.14431625187349,genuine
test,1,-30.66856154433274,genuine
test,1,-33.08342961160193,genuine
test,1,-21.15948261531255,genuine
test,1,-26.103867471549105,genuine
test,1,-23.15263848214799,genuine
test,1,-34.97366381007989,genuine
test,1,-24.824554502615975,genuine
test,1,-23.478568627302977,genuine
test,1,-37.65997612848461,genuine
test,1,-24.317629827559948,genuine
test,1,-23.626372465716003,genuine
test,0,-100.37791481936037,impostor
test,0,-103.55709699975169,impostor
test,0,-156.15966234414915,impostor
test,0,-80.41985825417002,impostor
test,0,-74.97378073994838,impostor
test,0,-215.69168797139284,impostor
test,0,-206.76482074209488,impostor
test,0,-172.50026151195704,impostor
test,0,-215.19149143176563,impostor
test,0,-188.91458001113813,impostor
test,0,-399.76758883847106,impostor
test,0,-384.53546331153575,impostor
test,0,-310.6626905125389,impostor
test,0,-345.03174579614966,impostor
test,0,-281.06708809129947,impostor
test,0,-106.44485011124077,impostor
test,0,-84.5308227162004,impostor
test,0,-139.64785025006412,impostor
test,0,-100.68206195319604,impostor
test,0,-81.84148068639949,impostor
test,0,-160.8547099712789,impostor
test,0,-178.0106520796541,impostor
test,0,-239.8651742758104,impostor
test,0,-73.08573109490037,impostor
test,0,-111.44806338033278,impostor
test,0,-73.73735252889249,impostor
test,0,-70.13294953798852,impostor
test,0,-102.2088290338499,impostor
test,0,-50.35474891352827,impostor
test,0,-90.4906265768025,impostor
test,0,-486.9546686490231,impostor
test,0,-449.5875526452921,impostor
test,0,-497.5089612205653,impostor
test,0,-495.08093823893665,impostor
test,0,-372.7150716338926,impostor
test,0,-697.1810097298154,impostor
test,0,-507.95673604103894,impostor
test,0,-486.39109149235395,impostor
test,0,-282.37345947985915,impostor
test,0,-501.7675475817483,impostor
test,0,-99.74808775598954,impostor
test,0,-102.20089528881631,impostor
test,0,-105.30326144927466,impostor
test,0,-98.4583292395498,impostor
test,0,-98.47200612848975,impostor
test,0,-660.232560196279,impostor
test,0,-244.35537084692626,impostor
test,0,-251.4762377370428,impostor
test,0,-205.66570199203113,impostor
test,0,-179.04127096557698,impostor
test,0,-119.56248220966076,impostor
test,0,-122.27027943375084,impostor
test,0,-99.62615269736015,impostor
test,0,-94.32319177853537,impostor
test,0,-64.62430827642014,impostor
test,0,-342.3691515746665,impostor
test,0,-249.20617337894615,impostor
test,0,-314.0914610531833,impostor
test,0,-202.24599118082153,impostor
test,0,-173.184420165365,impostor
test,0,-157.54414896925644,impostor
test,0,-130.03546417606861,impostor
test,0,-96.93159079548637,impostor
test,0,-88.96152211276487,impostor
test,0,-76.17385484463398,impostor
test,0,-373.88763606718373,impostor
test,0,-348.8048629839144,impostor
test,0,-272.0365722671078,impostor
test,0,-259.32335846406073,impostor
test,0,-292.2052408149471,impostor
test,0,-192.01555135051092,impostor
test,0,-154.3629806049718,impostor
test,0,-156.8351044117765,impostor
test,0,-101.98098973034249,impostor
test,0,-185.0077092157778,impostor
test,0,-106.29764032352212,impostor
test,0,-196.3116959732949,impostor
test,0,-159.21657753910156,impostor
test,0,-155.8082374217252,impostor
test,0,-98.28349234996531,impostor
test,0,-62.33512531670862,impostor
test,0,-66.59734227905975,impostor
test,0,-100.08936981400291,impostor
test,0,-60.58950328572275,impostor
test,0,-62.310729527377056,impostor
test,0,-78.09168741741888,impostor
test,0,-108.88376715213911,impostor
test,0,-140.6522414856541,impostor
test,0,-126.684834659968,impostor
test,0,-81.70077321664675,impostor
test,0,-124.16051450659627,impostor
test,0,-120.45678284473904,impostor
test,0,-97.12762762187103,impostor
test,0,-78.94593410342983,impostor
test,0,-91.24580191117346,impostor
test,0,-67.12586739646602,impostor
test,0,-112.03401623440548,impostor
test,0,-74.70084204751537,impostor
test,0,-58.87457690647381,impostor
test,0,-90.41204031130049,impostor
test,0,-81.69795507673585,impostor
test,0,-56.734494407538286,impostor
test,0,-74.20303426722592,impostor
test,0,-50.753164499242786,impostor
test,0,-76.83637772311643,impostor
test,0,-108.66696879398754,impostor
test,0,-110.79131514070392,impostor
test,0,-106.35949138473008,impostor
test,0,-200.02887191150361,impostor
test,0,-120.43584430807915,impostor
test,0,-135.82621739425915,impostor
test,0,-158.53491314996455,impostor
test,0,-119.40327595877106,impostor
test,0,-117.38690176377861,impostor
test,0,-103.84037437570042,impostor
test,0,-333.7072647552264,impostor
test,0,-245.55903601789765,impostor
test,0,-346.80738545809567,impostor
test,0,-141.79758240926583,impostor
test,0,-246.82585707029043,impostor
test,0,-186.07446267443373,impostor
test,0,-161.80430414833586,impostor
test,0,-179.34749116342923,impostor
test,0,-155.3297016759247,impostor
test,0,-98.03319216924517,impostor
test,0,-81.68082077385777,impostor
test,0,-68.41073648928923,impostor
test,0,-50.921726507247214,impostor
test,0,-47.370964250505516,impostor
test,0,-47.222902582819046,impostor
test,0,-697.1427259178705,impostor
test,0,-123.41721807027722,impostor
test,0,-102.08980858391119,impostor
test,0,-188.35353601713345,impostor
test,0,-98.92429175273912,impostor
test,0,-272.5554757424535,impostor
test,0,-93.52434300833399,impostor
test,0,-98.69671746247778,impostor
test,0,-62.41350512469762,impostor
test,0,-55.14470020480475,impostor
test,0,-171.56286983493527,impostor
test,0,-122.38716929316296,impostor
test,0,-119.18660425582222,impostor
test,0,-142.4630275943926,impostor
test,0,-117.98953547195106,impostor
test,0,-220.6430122910669,impostor
test,0,-266.7711577049352,impostor
test,0,-165.8832011174358,impostor
test,0,-195.27521193882112,impostor
test,0,-135.19858110584374,impostor
test,0,-119.57920440543069,impostor
test,0,-114.83217249956783,impostor
test,0,-65.6237901565204,impostor
test,0,-160.24835549180287,impostor
test,0,-63.003538642880365,impostor
test,0,-88.7552326533498,impostor
test,0,-86.93922037321853,impostor
test,0,-67.83778242619518,impostor
test,0,-64.03322104274346,impostor
test,0,-68.38311552031148,impostor
test,0,-82.43390121307878,impostor
test,0,-89.8005690949195,impostor
test,0,-108.80648605224968,impostor
test,0,-65.7985840908881,impostor
test,0,-78.95705446766529,impostor
test,0,-204.90830338807638,impostor
test,0,-132.26339767239537,impostor
test,0,-80.40272005969351,impostor
test,0,-104.31155513118131,impostor
test,0,-102.81469977456545,impostor
test,0,-193.46292158386143,impostor
test,0,-245.8446346604107,impostor
test,0,-120.35204487176883,impostor
test,0,-114.10182197211444,impostor
test,0,-90.96303825366596,impostor
test,0,-259.5249111983308,impostor
test,0,-163.09686222077218,impostor
test,0,-201.89286347322167,impostor
test,0,-196.190973309782,impostor
test,0,-182.52104435293697,impostor
test,0,-270.11270609407205,impostor
test,0,-106.47405194753131,impostor
test,0,-142.94616703590927,impostor
test,0,-103.46670722319107,impostor
test,0,-173.3825111990226,impostor
test,0,-149.4728441303748,impostor
test,0,-165.24892544631197,impostor
test,0,-132.41204265541342,impostor
test,0,-163.66722669874193,impostor
test,0,-156.94129579424833,impostor
test,0,-87.55597703175614,impostor
test,0,-45.273527523274126,impostor
test,0,-79.31975152801891,impostor
test,0,-94.48002073771441,impostor
test,0,-70.18432829941794,impostor
test,0,-74.58283923687831,impostor
test,0,-115.84821671498395,impostor
test,0,-91.40087915365207,impostor
test,0,-78.82704151328528,impostor
test,0,-61.577373803917574,impostor
test,0,-180.28614714734766,impostor
test,0,-145.99169507326707,impostor
test,0,-147.19585754522134,impostor
test,0,-116.41499616193857,impostor
test,0,-99.81273543757943,impostor
test,0,-175.40859351466247,impostor
test,0,-155.690862922671,impostor
test,0,-90.7752570984644,impostor
test,0,-87.57873280683737,impostor
test,0,-96.6400502745773,impostor
test,0,-247.3073779377689,impostor
test,0,-161.33390396269846,impostor
test,0,-327.552991708527,impostor
test,0,-180.72785417926974,impostor
test,0,-159.26630186508157,impostor
test,0,-60.18297085829653,impostor
test,0,-69.70872517286085,impostor
test,0,-62.004703218139376,impostor
test,0,-97.9034655836949,impostor
test,0,-60.536905989296116,impostor
test,0,-254.7284913066519,impostor
test,0,-166.16650397631832,impostor
test,0,-113.6571082128551,impostor
test,0,-78.56301916844899,impostor
test,0,-78.13336176683629,impostor
test,0,-279.1746656414664,impostor
test,0,-208.88028516014467,impostor
test,0,-224.24980089322216,impostor
test,0,-248.18572972488522,impostor
test,0,-167.7527299749356,impostor
test,0,-124.90744737750366,impostor
test,0,-231.65434786637948,impostor
test,0,-107.8675970367785,impostor
test,0,-123.60875415014866,impostor
test,0,-99.78594248302281,impostor
test,0,-87.13116287334049,impostor
test,0,-92.39161309786368,impostor
test,0,-61.88197390606593,impostor
test,0,-67.4579210046409,impostor
test,0,-85.63368600249372,impostor
test,0,-81.17675894356373,impostor
test,0,-86.47702255907423,impostor
test,0,-69.0636414891755,impostor
test,0,-88.86598082387422,impostor
test,0,-72.09706838074774,impostor
test,0,-134.18648907108562,impostor
test,0,-135.44435991089918,impostor
test,0,-125.71366785442493,impostor
test,0,-115.98535149235558,impostor
test,0,-99.38569586066544,impostor
test,1,-43.40961097802231,genuine
test,1,-28.186655637289395,genuine
test,1,-30.21530528509899,genuine
test,1,-22.658922677342474,genuine
test,1,-28.067958080141096,genuine
test,1,-39.92342730459032,genuine
test,1,-52.235493228371595,genuine
test,1,-35.08860337194217,genuine
test,1,-45.400134664502936,genuine
test,1,-33.61591421862427,genuine
test,1,-32.457687076672826,genuine
test,1,-32.7627988337953,genuine
test,1,-26.86461905866471,genuine
test,1,-41.45647759172683,genuine
test,1,-48.12265668548819,genuine
test,1,-36.286368790249654,genuine
test,1,-30.77121366419524,genuine
test,1,-28.52737977693023,genuine
test,1,-34.695142269687324,genuine
test,1,-35.59448064016783,genuine
test,1,-53.90185752193736,genuine
test,1,-28.007137260401738,genuine
test,1,-38.16762102766549,genuine
test,1,-36.98355555683544,genuine
test,1,-28.458396828912434,genuine
test,1,-34.60340080193926,genuine
test,1,-37.360952752678216,genuine
test,1,-34.596112567323345,genuine
test,1,-27.90610670205293,genuine
test,1,-35.770554363039594,genuine
test,1,-25.693361193496113,genuine
test,1,-28.276135899282416,genuine
test,1,-29.860960179259205,genuine
test,1,-36.44825539403342,genuine
test,1,-27.928032269083964,genuine
test,1,-27.909652630356312,genuine
test,1,-28.334868765616992,genuine
test,1,-29.57555090690798,genuine
test,1,-38.74305509042244,genuine
test,1,-28.115864554936547,genuine
test,1,-37.60360564651434,genuine
test,1,-36.81007286630981,genuine
test,1,-25.261274209317303,genuine
test,1,-27.28835088691372,genuine
test,1,-68.03612613033663,genuine
test,1,-31.360775847229867,genuine
test,1,-34.033711203170846,genuine
test,1,-38.7007510705274,genuine
test,1,-52.69563774343871,genuine
test,1,-44.11867694733855,genuine
test,1,-32.49393795009857,genuine
test,1,-26.412426700977274,genuine
test,1,-26.175881315924677,genuine
test,1,-30.077100380466955,genuine
test,1,-28.426563832822097,genuine
test,1,-28.51732600471294,genuine
test,1,-36.0211549389809,genuine
test,1,-24.8505463012982,genuine
test,1,-61.522328721802374,genuine
test,1,-28.419809190027095,genuine
test,1,-28.484364734381934,genuine
test,1,-31.527561081626516,genuine
test,1,-40.236237044896214,genuine
test,1,-29.639083022671535,genuine
test,1,-31.864670463267142,genuine
test,1,-45.37337399099243,genuine
test,1,-55.07524155410272,genuine
test,1,-38.77667145731307,genuine
test,1,-34.48081615811633,genuine
test,1,-27.22108346795394,genuine
test,1,-32.21134284335245,genuine
test,1,-34.37833405458951,genuine
test,1,-32.78437150726153,genuine
test,1,-33.986178861325065,genuine
test,1,-29.655408766763152,genuine
test,1,-37.44231676879455,genuine
test,1,-39.550583787585296,genuine
test,1,-34.16086499382211,genuine
test,1,-38.803203864410726,genuine
test,1,-33.93279624100421,genuine
test,1,-40.134427933880374,genuine
test,1,-43.56402093124561,genuine
test,1,-45.79447392755344,genuine
test,1,-32.00302310026682,genuine
test,1,-42.1675165193021,genuine
test,1,-40.077537072085406,genuine
test,1,-39.52395131103022,genuine
test,1,-47.63370826432047,genuine
test,1,-43.22925477758287,genuine
test,1,-34.35811871437947,genuine
test,1,-38.47012016008302,genuine
test,1,-35.766548713536494,genuine
test,1,-33.9354889474692,genuine
test,1,-35.77416744808816,genuine
test,1,-49.370157388032474,genuine
test,1,-74.066559732398,genuine
test,1,-40.34946297009059,genuine
test,1,-35.78191804811825,genuine
test,1,-52.38258642846712,genuine
test,1,-31.132228014575364,genuine
test,1,-27.936775085091014,genuine
test,1,-45.56015481604382,genuine
test,1,-30.493870950757756,genuine
test,1,-35.64012163690254,genuine
test,1,-29.329805079366277,genuine
test,1,-35.156189809390824,genuine
test,1,-40.21742852052055,genuine
test,1,-39.163701772931915,genuine
test,1,-33.93112740878489,genuine
test,1,-32.52081439919325,genuine
test,1,-36.52904714256332,genuine
test,1,-37.89304504708739,genuine
test,1,-51.67806331471198,genuine
test,1,-52.55685063128775,genuine
test,1,-32.65808196843811,genuine
test,1,-44.11352273402675,genuine
test,1,-43.49977639379514,genuine
test,1,-35.142181648339616,genuine
test,1,-33.871353471308275,genuine
test,1,-45.62648260955835,genuine
test,1,-42.512015066251315,genuine
test,1,-32.338956551053286,genuine
test,1,-30.378661367030162,genuine
test,1,-43.29150172536778,genuine
test,1,-43.31457786206757,genuine
test,1,-40.533823416796636,genuine
test,1,-48.22798117247372,genuine
test,1,-38.76545525968307,genuine
test,1,-47.09537839654812,genuine
test,1,-37.784708799291195,genuine
test,1,-41.97903334345994,genuine
test,1,-39.06443834810389,genuine
test,1,-30.728346346865617,genuine
test,1,-36.86867561740744,genuine
test,1,-37.00986370458904,genuine
test,1,-34.50804618966523,genuine
test,1,-39.236788944663445,genuine
test,1,-40.854110157948554,genuine
test,1,-42.22476311302987,genuine
test,1,-51.088722277989135,genuine
test,1,-38.306771937769724,genuine
test,1,-37.19594484365438,genuine
test,1,-38.29076774495873,genuine
test,1,-33.7486942617166,genuine
test,1,-39.6789171095099,genuine
test,1,-43.87668978101709,genuine
test,1,-38.16615682679282,genuine
test,1,-39.01666443243264,genuine
test,1,-42.3358899280819,genuine
test,1,-35.997807050580285,genuine
test,1,-30.729470394424634,genuine
test,1,-29.624465668796457,genuine
test,1,-37.22424271234057,genuine
test,1,-28.58438275021257,genuine
test,1,-34.652156407424556,genuine
test,1,-35.42741427461268,genuine
test,1,-28.786029892137567,genuine
test,1,-38.0755406726438,genuine
test,1,-34.56951702873868,genuine
test,1,-38.277249478294046,genuine
test,1,-35.68282244183277,genuine
test,1,-37.64283853699977,genuine
test,1,-38.90542250165882,genuine
test,1,-43.634750831005135,genuine
test,1,-29.892359856833608,genuine
test,1,-37.2416464717615,genuine
test,1,-39.47817232804074,genuine
test,1,-36.712418471250466,genuine
test,1,-38.133405435642395,genuine
test,1,-58.528587635681895,genuine
test,1,-42.24944958834193,genuine
test,1,-29.982605232715905,genuine
test,1,-32.36961033950847,genuine
test,1,-35.897720556300726,genuine
test,1,-28.609175452762635,genuine
test,1,-32.32280939345853,genuine
test,1,-27.301828430297864,genuine
test,1,-26.443789533598277,genuine
test,1,-40.178994117971534,genuine
test,1,-39.88708934200187,genuine
test,1,-51.39932587083933,genuine
test,1,-39.101460688345824,genuine
test,1,-32.057739528050945,genuine
test,1,-63.10403326908132,genuine
test,1,-46.52492423613797,genuine
test,1,-45.46383597973669,genuine
test,1,-35.28716251579693,genuine
test,1,-42.898658471578564,genuine
test,1,-34.253109386077945,genuine
test,1,-39.997230854188864,genuine
test,1,-45.318024049524546,genuine
test,1,-36.551252058643904,genuine
test,1,-34.842521832289854,genuine
test,1,-42.874331659719225,genuine
test,1,-40.63903518916275,genuine
test,1,-46.33010368383596,genuine
test,1,-26.89254908748622,genuine
test,1,-32.86024149341849,genuine
test,1,-44.124499221900635,genuine
test,1,-35.03038086468667,genuine
test,0,-64.89761235499094,impostor
test,0,-88.06538786044378,impostor
test,0,-83.65552169259112,impostor
test,0,-59.34220287115343,impostor
test,0,-48.7630967766441,impostor
test,0,-165.73879089403465,impostor
test,0,-167.12603473683419,impostor
test,0,-130.703055143574,impostor
test,0,-159.52713065222846,impostor
test,0,-144.1186804272197,impostor
test,0,-280.7892643841773,impostor
test,0,-258.86791822311363,impostor
test,0,-233.27238434843687,impostor
test,0,-287.62855735246745,impostor
test,0,-223.26711394971943,impostor
test,0,-94.53423193275388,impostor
test,0,-54.47152728061992,impostor
test,0,-119.32888612414017,impostor
test,0,-91.86020537800572,impostor
test,0,-54.74451933297538,impostor
test,0,-117.75665294842044,impostor
test,0,-120.34731677132899,impostor
test,0,-134.06759914710045,impostor
test,0,-53.95375123909435,impostor
test,0,-82.2080383865791,impostor
test,0,-32.82410794171776,impostor
test,0,-46.09686193027033,impostor
test,0,-67.18414668038008,impostor
test,0,-22.34518196404161,impostor
test,0,-39.195166196921335,impostor
test,0,-406.40727465107585,impostor
test,0,-346.5154031259772,impostor
test,0,-363.7043369169961,impostor
test,0,-404.1646130340039,impostor
test,0,-319.2773194661547,impostor
test,0,-536.7402194917325,impostor
test,0,-394.15902504793956,impostor
test,0,-338.03881610008665,impostor
test,0,-217.16393287053893,impostor
test,0,-404.1778846622953,impostor
test,0,-82.62391686738687,impostor
test,0,-65.94815224710456,impostor
test,0,-70.63487411414911,impostor
test,0,-62.709653527058265,impostor
test,0,-75.45592944584072,impostor
test,0,-582.7044645743116,impostor
test,0,-198.48075192534824,impostor
test,0,-166.56804203329082,impostor
test,0,-141.03411086507825,impostor
test,0,-118.66909586829289,impostor
test,0,-104.93190467682831,impostor
test,0,-94.50902041393158,impostor
test,0,-85.27649978649312,impostor
test,0,-67.2530876562999,impostor
test,0,-38.32871217483312,impostor
test,0,-229.59662861073187,impostor
test,0,-181.4907601882862,impostor
test,0,-200.1223153369273,impostor
test,0,-158.3444267232213,impostor
test,0,-124.8771503067127,impostor
test,0,-103.5225338234038,impostor
test,0,-82.18713381101584,impostor
test,0,-80.25803320467412,impostor
test,0,-51.79442708908474,impostor
test,0,-45.06628191497194,impostor
test,0,-301.53549903552454,impostor
test,0,-256.878283902638,impostor
test,0,-191.0690634667984,impostor
test,0,-209.0575690184024,impostor
test,0,-255.46252081267266,impostor
test,0,-143.10940226291208,impostor
test,0,-111.02697389331921,impostor
test,0,-101.13766876666837,impostor
test,0,-72.68320058356421,impostor
test,0,-107.66425218294205,impostor
test,0,-74.25726518714615,impostor
test,0,-127.85478566991418,impostor
test,0,-95.69510460048757,impostor
test,0,-100.16060465415099,impostor
test,0,-63.122554111300225,impostor
test,0,-51.25624302103001,impostor
test,0,-43.10241780793495,impostor
test,0,-81.44376207545173,impostor
test,0,-30.106438213564516,impostor
test,0,-38.982566387562315,impostor
test,0,-52.60024522476185,impostor
test,0,-82.64666289966216,impostor
test,0,-107.43656545282698,impostor
test,0,-113.35001072992414,impostor
test,0,-81.99667519654777,impostor
test,0,-70.52849658674934,impostor
test,0,-61.35820709431626,impostor
test,0,-62.32612206085569,impostor
test,0,-49.65125630048404,impostor
test,0,-53.85269930670465,impostor
test,0,-42.70432028450629,impostor
test,0,-60.976929402257454,impostor
test,0,-30.433432219529674,impostor
test,0,-30.65029143617175,impostor
test,0,-50.52596797046813,impostor
test,0,-57.782353837611176,impostor
test,0,-48.58360085899362,impostor
test,0,-50.21853579898819,impostor
test,0,-34.01824662802051,impostor
test,0,-49.40260645313253,impostor
test,0,-80.05048778223127,impostor
test,0,-81.02737094674588,impostor
test,0,-83.27837242386899,impostor
test,0,-138.6367038242297,impostor
test,0,-88.58424580944538,impostor
test,0,-104.89960283105988,impostor
test,0,-101.88898551798349,impostor
test,0,-76.60483984352899,impostor
test,0,-92.34276149527336,impostor
test,0,-59.7734360523377,impostor
test,0,-271.9679026962002,impostor
test,0,-201.6533868970992,impostor
test,0,-213.0277139218512,impostor
test,0,-86.1925823038592,impostor
test,0,-172.09602739434698,impostor
test,0,-153.7669088301183,impostor
test,0,-130.17831203924382,impostor
test,0,-179.24013670407385,impostor
test,0,-121.49990518410917,impostor
test,0,-66.52572868024465,impostor
test,0,-47.610747303894605,impostor
test,0,-45.004215462318214,impostor
test,0,-25.08185774603704,impostor
test,0,-19.11231069165101,impostor
test,0,-26.233284948578998,impostor
test,0,-497.07671037114756,impostor
test,0,-110.78430172787792,impostor
test,0,-55.945713979685195,impostor
test,0,-130.1545698665716,impostor
test,0,-55.54405058321098,impostor
test,0,-249.19641165994284,impostor
test,0,-92.93556830071292,impostor
test,0,-91.93194874782678,impostor
test,0,-54.255265852389286,impostor
test,0,-53.78334820464193,impostor
test,0,-133.6475206651503,impostor
test,0,-91.2584734056523,impostor
test,0,-95.41127991980312,impostor
test,0,-107.64612078623118,impostor
test,0,-85.31747479343083,impostor
test,0,-157.65631100670362,impostor
test,0,-137.95981933207239,impostor
test,0,-122.04786805870256,impostor
test,0,-141.20453671570527,impostor
test,0,-99.59789544400527,impostor
test,0,-85.88880033254013,impostor
test,0,-102.68416425073443,impostor
test,0,-48.31408560494217,impostor
test,0,-165.37865588054237,impostor
test,0,-42.94044493638917,impostor
test,0,-66.03232354151574,impostor
test,0,-48.69665285461597,impostor
test,0,-53.36911981785727,impostor
test,0,-51.01811135502273,impostor
test,0,-70.81391963685196,impostor
test,0,-60.391544947595875,impostor
test,0,-56.81201630665957,impostor
test,0,-77.55904715766248,impostor
test,0,-38.600667712077644,impostor
test,0,-44.80241194711307,impostor
test,0,-157.19056121938866,impostor
test,0,-116.3070513405532,impostor
test,0,-68.30846965663659,impostor
test,0,-83.11880763350501,impostor
test,0,-81.90142537284447,impostor
test,0,-157.37118631647806,impostor
test,0,-218.9217443108141,impostor
test,0,-107.80915217852935,impostor
test,0,-94.4709381627189,impostor
test,0,-84.81359559714704,impostor
test,0,-218.11986496228022,impostor
test,0,-136.30898114895095,impostor
test,0,-168.9551000681503,impostor
test,0,-151.76504334969354,impostor
test,0,-149.28971650853583,impostor
test,0,-192.89473424085045,impostor
test,0,-74.0890589724256,impostor
test,0,-102.3474596752899,impostor
test,0,-75.68816824439344,impostor
test,0,-108.49480771464603,impostor
test,0,-136.01835207364522,impostor
test,0,-162.15896791617928,impostor
test,0,-118.60517780225923,impostor
test,0,-152.92557993266195,impostor
test,0,-124.64893559986103,impostor
test,0,-62.82879911001553,impostor
test,0,-23.70173747605754,impostor
test,0,-48.9412757534384,impostor
test,0,-60.01324965139815,impostor
test,0,-46.83715448949449,impostor
test,0,-42.179404056747444,impostor
test,0,-81.48943188167173,impostor
test,0,-66.27939568104335,impostor
test,0,-40.12176625030491,impostor
test,0,-31.362983219440572,impostor
test,0,-128.4584409275905,impostor
test,0,-84.11334158942076,impostor
test,0,-83.47363053036109,impostor
test,0,-74.35101144551305,impostor
test,0,-53.31959484106876,impostor
test,0,-175.60772112690827,impostor
test,0,-176.08630036033804,impostor
test,0,-53.658508468170005,impostor
test,0,-56.40026336124388,impostor
test,0,-52.258970763200516,impostor
test,0,-237.2755037537343,impostor
test,0,-166.50491329226747,impostor
test,0,-284.056616676265,impostor
test,0,-170.41470056464624,impostor
test,0,-144.4760116286736,impostor
test,0,-36.169731112121,impostor
test,0,-35.472958251019925,impostor
test,0,-28.66604466047467,impostor
test,0,-61.05670771111422,impostor
test,0,-37.149215694457624,impostor
test,0,-174.19730332510903,impostor
test,0,-120.4999356617218,impostor
test,0,-71.01619636036695,impostor
test,0,-52.931298296032864,impostor
test,0,-62.5676864085706,impostor
test,0,-219.48532194598926,impostor
test,0,-159.54645534531923,impostor
test,0,-157.11321222881088,impostor
test,0,-189.1633812050459,impostor
test,0,-126.02777469822402,impostor
test,0,-82.81884428750124,impostor
test,0,-127.77394204791138,impostor
test,0,-65.29774418016434,impostor
test,0,-91.08299923733071,impostor
test,0,-64.15119895916054,impostor
test,0,-62.87866546997504,impostor
test,0,-51.96674639323323,impostor
test,0,-52.82801045545129,impostor
test,0,-60.82405206331977,impostor
test,0,-78.34117012006851,impostor
test,0,-72.65528064712908,impostor
test,0,-52.11018000160004,impostor
test,0,-46.90389869967298,impostor
test,0,-59.130356981800276,impostor
test,0,-46.3828221423147,impostor
test,0,-107.17737397551271,impostor
test,0,-91.20110784555817,impostor
test,0,-81.69920856312339,impostor
test,0,-76.9802040219067,impostor
test,0,-68.49211125327669,impostor
test,1,-28.680326757565993,genuine
test,1,-35.52853715481415,genuine
test,1,-27.92580310448763,genuine
test,1,-25.27143767197013,genuine
test,1,-59.24032743513827,genuine
test,1,-42.61355124926429,genuine
test,1,-31.867350878046018,genuine
test,1,-25.485418385507806,genuine
test,1,-33.79277852707931,genuine
test,1,-28.514686673848637,genuine
test,1,-28.686964682002156,genuine
test,1,-27.76476085758336,genuine
test,1,-30.519519196748053,genuine
test,1,-30.54533432116858,genuine
test,1,-43.228033861368296,genuine
test,1,-31.863470585012426,genuine
test,1,-26.46881783451878,genuine
test,1,-43.71574084486396,genuine
test,1,-38.56168851281448,genuine
test,1,-43.209375219395625,genuine
test,1,-36.143463722726445,genuine
test,1,-31.99131143508915,genuine
test,1,-26.868777104301472,genuine
test,1,-31.26732250500606,genuine
test,1,-26.99421233280305,genuine
test,1,-34.66233049809484,genuine
test,1,-33.80668593885394,genuine
test,1,-39.461568067663656,genuine
test,1,-27.569769106503365,genuine
test,1,-35.12272807476117,genuine
test,1,-32.6258258736748,genuine
test,1,-30.66471582439829,genuine
test,1,-31.14097664009944,genuine
test,1,-26.404296086432208,genuine
test,1,-32.83216438856102,genuine
test,1,-31.47133728549868,genuine
test,1,-46.933019216216714,genuine
test,1,-27.640315037406484,genuine
test,1,-37.4449207275636,genuine
test,1,-27.29452711269136,genuine
test,1,-38.91929332585248,genuine
test,1,-26.90634044745409,genuine
test,1,-31.616634157478376,genuine
test,1,-22.908347688823426,genuine
test,1,-19.473247375810498,genuine
test,1,-22.085048986335455,genuine
test,1,-35.143005969538194,genuine
test,1,-43.627683778817406,genuine
test,1,-29.651310658286732,genuine
test,1,-41.808865243586595,genuine
test,1,-25.38125333592424,genuine
test,1,-27.226878724918496,genuine
test,1,-26.858706819704956,genuine
test,1,-22.286857614186857,genuine
test,1,-33.21856610001567,genuine
test,1,-31.166226159768758,genuine
test,1,-25.69043545288377,genuine
test,1,-34.885275155894426,genuine
test,1,-23.930211307542383,genuine
test,1,-33.18073576190564,genuine
test,1,-26.70165109052374,genuine
test,1,-22.129642236259674,genuine
test,1,-26.160330122443337,genuine
test,1,-28.882305992998745,genuine
test,1,-37.02561655480437,genuine
test,1,-24.34885747738216,genuine
test,1,-29.026063793758254,genuine
test,1,-25.105991026503304,genuine
test,1,-24.64307080447354,genuine
test,1,-36.22289257039382,genuine
test,1,-33.48237791740833,genuine
test,1,-35.796630767451404,genuine
test,1,-30.983682330284687,genuine
test,1,-35.00508151492612,genuine
test,1,-30.86093941680856,genuine
test,1,-30.650957259217176,genuine
test,1,-27.214268659906278,genuine
test,1,-22.05623740358972,genuine
test,1,-26.643154123302836,genuine
test,1,-29.697087414350552,genuine
test,1,-55.60988276658795,genuine
test,1,-33.6811701220485,genuine
test,1,-23.697572511513894,genuine
test,1,-26.342824575770564,genuine
test,1,-29.21181544192676,genuine
test,1,-21.714906354757048,genuine
test,1,-27.191003437655894,genuine
test,1,-23.129840572448988,genuine
test,1,-21.13765070393512,genuine
test,1,-20.189848143789224,genuine
test,1,-20.009829871335892,genuine
test,1,-21.463201384944444,genuine
test,1,-17.717625921545334,genuine
test,1,-31.358546427248474,genuine
test,1,-23.26605336469149,genuine
test,1,-23.805658894736823,genuine
test,1,-23.450015075720575,genuine
test,1,-23.778970510951208,genuine
test,1,-37.83707740779823,genuine
test,1,-30.873509059991505,genuine
test,1,-26.837771785958143,genuine
test,1,-24.490199574614046,genuine
test,1,-47.72325863190484,genuine
test,1,-27.251489912985644,genuine
test,1,-36.932189607073205,genuine
test,1,-26.15607821665029,genuine
test,1,-22.885149839943228,genuine
test,1,-22.468216972667875,genuine
test,1,-24.889184682575756,genuine
test,1,-24.446566433776333,genuine
test,1,-28.162959374493923,genuine
test,1,-34.50807902608041,genuine
test,1,-28.15342791120396,genuine
test,1,-96.17202625305019,genuine
test,1,-28.681516918829498,genuine
test,1,-33.601183499169956,genuine
test,1,-31.351461303434352,genuine
test,1,-30.165543366154047,genuine
test,1,-30.174702700155947,genuine
test,1,-24.190461923024817,genuine
test,1,-28.37723986213724,genuine
test,1,-28.863017031133612,genuine
test,1,-31.286925932977365,genuine
test,1,-60.38215827886493,genuine
test,1,-30.574030059687065,genuine
test,1,-34.64553547514245,genuine
test,1,-25.135289701974102,genuine
test,1,-37.69730913013004,genuine
test,1,-37.067350773755884,genuine
test,1,-34.13259235528587,genuine
test,1,-31.03824367948733,genuine
test,1,-30.717183818620086,genuine
test,1,-36.757191436915605,genuine
test,1,-22.487309033628893,genuine
test,1,-24.776788701826135,genuine
test,1,-50.087556463081015,genuine
test,1,-34.182675269091355,genuine
test,1,-26.379140263463853,genuine
test,1,-26.518016186888982,genuine
test,1,-37.621405123746825,genuine
test,1,-27.120334328455215,genuine
test,1,-29.592183114853462,genuine
test,1,-38.53334432263267,genuine
test,1,-51.631786968690186,genuine
test,1,-25.818243767169868,genuine
test,1,-26.66686743957599,genuine
test,1,-29.765913265492898,genuine
test,1,-33.64069233233313,genuine
test,1,-30.356581997572963,genuine
test,1,-31.074322534589268,genuine
test,1,-29.811906901610946,genuine
test,1,-28.283085135934098,genuine
test,1,-28.840113494664397,genuine
test,1,-22.9122382652463,genuine
test,1,-23.564619558533202,genuine
test,1,-36.644154588213205,genuine
test,1,-20.696538197532437,genuine
test,1,-27.555543013519806,genuine
test,1,-26.530196458271483,genuine
test,1,-54.66128730844571,genuine
test,1,-25.455881102685684,genuine
test,1,-23.191553251823933,genuine
test,1,-31.585508759892477,genuine
test,1,-26.90931724608627,genuine
test,1,-24.058840759977752,genuine
test,1,-26.191076442272685,genuine
test,1,-37.31065337946074,genuine
test,1,-37.05494539607744,genuine
test,1,-33.27289955418006,genuine
test,1,-26.631647902151016,genuine
test,1,-26.89441357922937,genuine
test,1,-29.231445388218972,genuine
test,1,-30.597631514681975,genuine
test,1,-24.50632912801678,genuine
test,1,-30.387846545299027,genuine
test,1,-34.78386299080717,genuine
test,1,-32.464719008004174,genuine
test,1,-31.249214736359026,genuine
test,1,-31.57387411175486,genuine
test,1,-30.666959624053224,genuine
test,1,-29.34221710872541,genuine
test,1,-27.91864230270123,genuine
test,1,-26.39833706358218,genuine
test,1,-32.398876264586775,genuine
test,1,-32.923122641269956,genuine
test,1,-23.30448049027985,genuine
test,1,-40.60194218738081,genuine
test,1,-23.19131066713772,genuine
test,1,-27.205706385002845,genuine
test,1,-27.53072371115887,genuine
test,1,-28.343597452859893,genuine
test,1,-29.285527287640758,genuine
test,1,-31.28283277891529,genuine
test,1,-29.086003478473966,genuine
test,1,-29.082273720082433,genuine
test,1,-36.78204986325474,genuine
test,1,-31.058951494459027,genuine
test,1,-24.99648597049918,genuine
test,1,-33.37608275390657,genuine
test,1,-34.23564394513884,genuine
test,0,-63.81596877033264,impostor
test,0,-94.75390547583919,impostor
test,0,-92.05866765059938,impostor
test,0,-50.50995058118873,impostor
test,0,-49.248975314340804,impostor
test,0,-179.69274750624393,impostor
test,0,-172.44299738011506,impostor
test,0,-143.28152491270927,impostor
test,0,-170.98891199273635,impostor
test,0,-160.3483704008647,impostor
test,0,-318.53175480345004,impostor
test,0,-314.67528045097157,impostor
test,0,-282.23026711673214,impostor
test,0,-281.73124592241214,impostor
test,0,-244.92241848295194,impostor
test,0,-67.24502004924558,impostor
test,0,-51.34275434188992,impostor
test,0,-96.82164729290304,impostor
test,0,-63.333723442356494,impostor
test,0,-51.17837129723786,impostor
test,0,-136.64313417895113,impostor
test,0,-160.18352088581338,impostor
test,0,-193.03265205236164,impostor
test,0,-54.915291541342924,impostor
test,0,-101.49234623452678,impostor
test,0,-49.91372377023811,impostor
test,0,-40.95416699705865,impostor
test,0,-65.98256352527252,impostor
test,0,-39.84706715026037,impostor
test,0,-60.38517017280847,impostor
test,0,-422.98897201303004,impostor
test,0,-400.5816437164918,impostor
test,0,-398.91271474522387,impostor
test,0,-428.3509378074514,impostor
test,0,-359.2855696884389,impostor
test,0,-550.679025597381,impostor
test,0,-403.4220623684382,impostor
test,0,-414.7609426679183,impostor
test,0,-233.70605604730693,impostor
test,0,-404.7738225739339,impostor
test,0,-76.70920927385122,impostor
test,0,-85.04339621713132,impostor
test,0,-86.17050543904385,impostor
test,0,-77.77317023874602,impostor
test,0,-74.5559238002805,impostor
test,0,-431.33101815578294,impostor
test,0,-186.27186681293605,impostor
test,0,-198.39204342216192,impostor
test,0,-162.78518672639956,impostor
test,0,-150.46384571499016,impostor
test,0,-85.95764878485423,impostor
test,0,-81.38308171005404,impostor
test,0,-74.69317231494671,impostor
test,0,-78.19702190605814,impostor
test,0,-48.11595306252386,impostor
test,0,-276.71631405583577,impostor
test,0,-202.5043121537073,impostor
test,0,-238.37096685101585,impostor
test,0,-152.6334048093855,impostor
test,0,-133.49681295201273,impostor
test,0,-122.08109372045017,impostor
test,0,-96.25900577532323,impostor
test,0,-63.94972157797813,impostor
test,0,-72.61652439074078,impostor
test,0,-49.24693263748778,impostor
test,0,-338.09342870398183,impostor
test,0,-345.19008727564574,impostor
test,0,-267.8532551479148,impostor
test,0,-221.9567144739508,impostor
test,0,-231.797223580308,impostor
test,0,-159.61855548410543,impostor
test,0,-119.24022371416638,impostor
test,0,-124.5306428575426,impostor
test,0,-61.15054049410606,impostor
test,0,-160.2927187009929,impostor
test,0,-81.83332170527378,impostor
test,0,-175.34209058566964,impostor
test,0,-124.32808652557621,impostor
test,0,-123.55852004593794,impostor
test,0,-77.23887335514696,impostor
test,0,-49.613746469241505,impostor
test,0,-53.96412134469309,impostor
test,0,-66.58717015539682,impostor
test,0,-36.261435791321524,impostor
test,0,-40.52822480938977,impostor
test,0,-54.634613696881964,impostor
test,0,-95.74815201643153,impostor
test,0,-123.10691833135921,impostor
test,0,-93.93390609409172,impostor
test,0,-62.10856339219549,impostor
test,0,-100.4029760269442,impostor
test,0,-85.99762626356086,impostor
test,0,-90.49250130391137,impostor
test,0,-68.5028574898063,impostor
test,0,-74.72556859232823,impostor
test,0,-48.84653777166252,impostor
test,0,-86.4174079438175,impostor
test,0,-54.481210090435965,impostor
test,0,-46.83175787178893,impostor
test,0,-66.86396534788283,impostor
test,0,-60.87710247855989,impostor
test,0,-42.90562642370445,impostor
test,0,-55.02438275571238,impostor
test,0,-48.863889107933005,impostor
test,0,-55.89881595817348,impostor
test,0,-77.12902599730208,impostor
test,0,-74.33327491884711,impostor
test,0,-80.75380269153206,impostor
test,0,-165.6678047907703,impostor
test,0,-91.37103716847724,impostor
test,0,-108.30431375258915,impostor
test,0,-117.03709438281695,impostor
test,0,-85.92610175516506,impostor
test,0,-104.93830666724189,impostor
test,0,-68.4506110760555,impostor
test,0,-292.11613438915583,impostor
test,0,-223.25555801048856,impostor
test,0,-269.27642336678883,impostor
test,0,-127.49270919366593,impostor
test,0,-223.7956327852111,impostor
test,0,-184.14748618220602,impostor
test,0,-144.5186081009793,impostor
test,0,-146.10086109769574,impostor
test,0,-146.93473978290203,impostor
test,0,-80.82343693836839,impostor
test,0,-61.263440215066865,impostor
test,0,-59.58420113552464,impostor
test,0,-38.00476742685024,impostor
test,0,-31.66306015745069,impostor
test,0,-28.164893123045164,impostor
test,0,-723.8379035334724,impostor
test,0,-83.06399376677571,impostor
test,0,-69.72255922545904,impostor
test,0,-182.5591126320725,impostor
test,0,-81.22628497655357,impostor
test,0,-185.97218537397464,impostor
test,0,-78.43458345931123,impostor
test,0,-66.48814451115994,impostor
test,0,-39.31286558512274,impostor
test,0,-41.96072864934711,impostor
test,0,-141.70419702334576,impostor
test,0,-100.02758157804261,impostor
test,0,-95.21501407968248,impostor
test,0,-111.99949084893296,impostor
test,0,-89.1661665450747,impostor
test,0,-188.5846035003752,impostor
test,0,-180.08340281794102,impostor
test,0,-126.20492479658084,impostor
test,0,-158.519401834392,impostor
test,0,-118.95279163711417,impostor
test,0,-102.96270796024913,impostor
test,0,-81.42739771141306,impostor
test,0,-29.80421294257244,impostor
test,0,-107.81138331299564,impostor
test,0,-43.35688604320435,impostor
test,0,-67.40695667346316,impostor
test,0,-57.01583179081161,impostor
test,0,-51.843211921553404,impostor
test,0,-46.059689439786936,impostor
test,0,-63.45902756333238,impostor
test,0,-66.1741496110507,impostor
test,0,-65.24388108926502,impostor
test,0,-52.32746432221339,impostor
test,0,-50.4243728670073,impostor
test,0,-59.85614852345935,impostor
test,0,-183.40711389241656,impostor
test,0,-93.68845195961063,impostor
test,0,-51.57301690422845,impostor
test,0,-71.17502308794384,impostor
test,0,-74.55870736743174,impostor
test,0,-146.27827503619358,impostor
test,0,-221.64352516381342,impostor
test,0,-121.16358567329107,impostor
test,0,-118.71434907101568,impostor
test,0,-91.91949744200204,impostor
test,0,-247.29412332133532,impostor
test,0,-132.93804566627577,impostor
test,0,-164.03465451279394,impostor
test,0,-143.2322582803369,impostor
test,0,-139.98550069373636,impostor
test,0,-212.67912376384982,impostor
test,0,-79.28785307158235,impostor
test,0,-116.59934498426556,impostor
test,0,-85.76881806939849,impostor
test,0,-133.03897218138133,impostor
test,0,-131.60912627300144,impostor
test,0,-131.12664089844645,impostor
test,0,-113.17447949293914,impostor
test,0,-155.71932937923398,impostor
test,0,-121.56716750909597,impostor
test,0,-71.1495918494537,impostor
test,0,-32.60376557745369,impostor
test,0,-61.664447539977736,impostor
test,0,-69.78409897015139,impostor
test,0,-58.00098194751695,impostor
test,0,-54.135572058873095,impostor
test,0,-87.05637413153018,impostor
test,0,-62.044700221954805,impostor
test,0,-54.960271714687856,impostor
test,0,-51.60736986586559,impostor
test,0,-141.44603858856186,impostor
test,0,-95.444043765448,impostor
test,0,-102.33903812004974,impostor
test,0,-70.77871170039644,impostor
test,0,-69.0877803207776,impostor
test,0,-127.82951666899925,impostor
test,0,-98.36419525160197,impostor
test,0,-64.99565999654556,impostor
test,0,-58.572085411542695,impostor
test,0,-69.40001681375526,impostor
test,0,-181.39446701966617,impostor
test,0,-129.0962329577889,impostor
test,0,-293.27707703632336,impostor
test,0,-158.8605149887805,impostor
test,0,-127.39364318113434,impostor
test,0,-37.640512253489305,impostor
test,0,-27.783578011186645,impostor
test,0,-33.04570627799471,impostor
test,0,-63.307880721881276,impostor
test,0,-32.34498595576972,impostor
test,0,-226.32784312890516,impostor
test,0,-148.63930094026168,impostor
test,0,-78.21136033145498,impostor
test,0,-67.0812157773316,impostor
test,0,-60.71651263854825,impostor
test,0,-221.28370185674305,impostor
test,0,-152.95477940271502,impostor
test,0,-177.12234841807393,impostor
test,0,-192.85280997542202,impostor
test,0,-117.47023979958544,impostor
test,0,-103.83677780279749,impostor
test,0,-162.20775345400665,impostor
test,0,-92.50410211725686,impostor
test,0,-104.6418361919563,impostor
test,0,-83.88971716259526,impostor
test,0,-54.16811477180909,impostor
test,0,-58.24370971340427,impostor
test,0,-42.811638960664745,impostor
test,0,-46.37680795054702,impostor
test,0,-70.97039384828919,impostor
test,0,-55.879638036432894,impostor
test,0,-49.99469061616427,impostor
test,0,-38.75983932532785,impostor
test,0,-61.197675573387684,impostor
test,0,-44.09357564583624,impostor
test,0,-94.14432919039099,impostor
test,0,-97.9891570017519,impostor
test,0,-77.81161127119007,impostor
test,0,-74.9198264752911,impostor
test,0,-67.9556390999604,impostor
test,1,-42.06779648308709,genuine
test,1,-19.59976033220594,genuine
test,1,-25.58016916408965,genuine
test,1,-17.99921798167704,genuine
test,1,-31.296210365395922,genuine
test,1,-28.269004472445953,genuine
test,1,-30.67511587206336,genuine
test,1,-31.672399566223234,genuine
test,1,-57.3865437487031,genuine
test,1,-28.802169444706692,genuine
test,1,-43.84526085669656,genuine
test,1,-23.23206917717666,genuine
test,1,-24.46119281308527,genuine
test,1,-28.086016817061466,genuine
test,1,-45.13915432069417,genuine
test,1,-30.792952594907398,genuine
test,1,-25.5967925119797,genuine
test,1,-42.04849436449986,genuine
test,1,-21.736456013943435,genuine
test,1,-31.209043779089786,genuine
test,1,-30.55106461072162,genuine
test,1,-32.72886971888625,genuine
test,1,-28.358271573790663,genuine
test,1,-32.8058252667336,genuine
test,1,-39.15912442126771,genuine
test,1,-30.66317458405271,genuine
test,1,-31.83985917605092,genuine
test,1,-33.34133305583076,genuine
test,1,-25.03151793968723,genuine
test,1,-33.85052956373417,genuine
test,1,-25.09280905251735,genuine
test,1,-25.55587468855992,genuine
test,1,-21.232825007818366,genuine
test,1,-35.82464058898624,genuine
test,1,-38.09160757725502,genuine
test,1,-20.51158068004356,genuine
test,1,-26.230372131525886,genuine
test,1,-22.73825602165676,genuine
test,1,-35.02401641165426,genuine
test,1,-36.0012971465291,genuine
test,1,-28.330053142006566,genuine
test,1,-27.524793807429127,genuine
test,1,-31.03399290782376,genuine
test,1,-27.65717732245986,genuine
test,1,-42.08019582957298,genuine
test,1,-28.933185124248233,genuine
test,1,-53.87029765287192,genuine
test,1,-24.011748774508774,genuine
test,1,-25.576899071564657,genuine
test,1,-37.52844149624697,genuine
test,1,-43.52811357705145,genuine
test,1,-23.007690678254164,genuine
test,1,-20.1356057456704,genuine
test,1,-27.925102939621134,genuine
test,1,-28.983768788915242,genuine
test,1,-26.899426275164643,genuine
test,1,-55.240839964401346,genuine
test,1,-26.99248356619414,genuine
test,1,-24.367885139623425,genuine
test,1,-25.64862304542453,genuine
test,1,-30.42494593076978,genuine
test,1,-139.35270738967333,genuine
test,1,-34.31237258341725,genuine
test,1,-42.29383683267666,genuine
test,1,-33.60705999038883,genuine
test,1,-33.67524059362166,genuine
test,1,-37.63275962525047,genuine
test,1,-26.45709485314944,genuine
test,1,-56.744659968164136,genuine
test,1,-32.973543732217124,genuine
test,1,-26.90115032397511,genuine
test,1,-30.622075381119362,genuine
test,1,-24.572552845826575,genuine
test,1,-41.60128283310061,genuine
test,1,-32.07755518782042,genuine
test,1,-32.286623424613715,genuine
test,1,-31.818381183910123,genuine
test,1,-26.352226056701614,genuine
test,1,-48.9712934071789,genuine
test,1,-65.39667590065851,genuine
test,1,-27.570316018871598,genuine
test,1,-26.331729268391694,genuine
test,1,-24.418221622253427,genuine
test,1,-34.5599454956106,genuine
test,1,-31.27112920989964,genuine
test,1,-36.41195222526596,genuine
test,1,-24.319439561900793,genuine
test,1,-39.46860104685746,genuine
test,1,-31.223987311119142,genuine
test,1,-29.79764692900015,genuine
test,1,-57.09179861562483,genuine
test,1,-34.98938411205586,genuine
test,1,-34.965568028611685,genuine
test,1,-33.67951597986795,genuine
test,1,-29.50796951498821,genuine
test,1,-31.580210425913055,genuine
test,1,-62.26575407888254,genuine
test,1,-30.75138304738471,genuine
test,1,-26.470602474383455,genuine
test,1,-52.284886246036216,genuine
test,1,-26.217162449757097,genuine
test,1,-30.682196992761906,genuine
test,1,-29.73197794273206,genuine
test,1,-51.33351883408068,genuine
test,1,-32.51540379001645,genuine
test,1,-28.579836038667754,genuine
test,1,-25.214325637268608,genuine
test,1,-23.025189989542184,genuine
test,1,-24.01235899586698,genuine
test,1,-29.84091885552803,genuine
test,1,-24.069402537165153,genuine
test,1,-27.59989558199882,genuine
test,1,-27.02299786811755,genuine
test,1,-34.323016104407095,genuine
test,1,-27.80550895546795,genuine
test,1,-50.7877911346163,genuine
test,1,-22.680057510819154,genuine
test,1,-25.972956381973283,genuine
test,1,-31.813807188767843,genuine
test,1,-30.726529664993055,genuine
test,1,-30.777143524198074,genuine
test,1,-52.88293373144232,genuine
test,1,-55.48738823682614,genuine
test,1,-28.304531823064263,genuine
test,1,-25.323342317927246,genuine
test,1,-28.0518632388699,genuine
test,1,-23.489475449685866,genuine
test,1,-26.364108674631137,genuine
test,1,-27.146328276526727,genuine
test,1,-25.38947011780083,genuine
test,1,-26.290486788422015,genuine
test,1,-28.23631150573566,genuine
test,1,-32.97524593359804,genuine
test,1,-25.99720660939459,genuine
test,1,-31.4353439087487,genuine
test,1,-30.564512741996424,genuine
test,1,-27.579523851884097,genuine
test,1,-32.124356393542065,genuine
test,1,-28.403518642073518,genuine
test,1,-32.81334879954356,genuine
test,1,-38.66672938481093,genuine
test,1,-37.456806931096125,genuine
test,1,-26.872297077703468,genuine
test,1,-30.306413463385088,genuine
test,1,-28.38242999001078,genuine
test,1,-20.43021570855135,genuine
test,1,-45.89998087685786,genuine
test,1,-33.015969832890256,genuine
test,1,-28.018702206627232,genuine
test,1,-31.317699809696236,genuine
test,1,-36.68847333953412,genuine
test,1,-34.63601843220345,genuine
test,1,-31.03009898194698,genuine
test,1,-28.319933298702672,genuine
test,1,-32.16260354925126,genuine
test,1,-27.585681871290838,genuine
test,1,-29.252775797227034,genuine
test,1,-45.69988303328771,genuine
test,1,-48.77377335402772,genuine
test,1,-30.369249662435294,genuine
test,1,-32.62847400976967,genuine
test,1,-34.81296955067983,genuine
test,1,-29.02821880419486,genuine
test,1,-30.28934524317727,genuine
test,1,-24.030319323885287,genuine
test,1,-30.820767953098404,genuine
test,1,-31.741917683801912,genuine
test,1,-47.19159446929274,genuine
test,1,-32.3369676429657,genuine
test,1,-29.903627251750038,genuine
test,1,-29.76598126457663,genuine
test,1,-27.61419428739678,genuine
test,1,-32.32103283917572,genuine
test,1,-27.001735874617363,genuine
test,1,-50.715345567947196,genuine
test,1,-42.35071306777085,genuine
test,1,-31.071737484069818,genuine
test,1,-40.26770867985078,genuine
test,1,-37.96655253300068,genuine
test,1,-29.12844279552871,genuine
test,1,-34.66568280729267,genuine
test,1,-28.072482355788008,genuine
test,1,-30.149350699065124,genuine
test,1,-22.97528396486736,genuine
test,1,-25.298182472270383,genuine
test,1,-30.51472581085917,genuine
test,1,-28.902853914348228,genuine
test,1,-30.207362213660886,genuine
test,1,-32.79792519359659,genuine
test,1,-33.78093689241086,genuine
test,1,-27.842794867987326,genuine
test,1,-35.63377346115389,genuine
test,1,-25.106646755798266,genuine
test,1,-26.443982456071723,genuine
test,1,-27.323291638408218,genuine
test,1,-21.99862700261312,genuine
test,1,-19.6778035273562,genuine
test,1,-29.81302267666169,genuine
test,1,-27.656759766226905,genuine
test,1,-26.77893605611233,genuine
test,0,-43.11867557779775,impostor
test,0,-63.383026629434774,impostor
test,0,-69.82622184669448,impostor
test,0,-46.55050203607698,impostor
test,0,-38.049998292437316,impostor
test,0,-84.51885544788776,impostor
test,0,-91.27988116892384,impostor
test,0,-69.85825645431422,impostor
test,0,-96.09985452931737,impostor
test,0,-80.25454719904174,impostor
test,0,-198.9605600574003,impostor
test,0,-179.27670455795516,impostor
test,0,-159.39461614622815,impostor
test,0,-180.7300023168586,impostor
test,0,-151.6628617902712,impostor
test,0,-74.53268833210582,impostor
test,0,-51.174527051126574,impostor
test,0,-82.32207373781681,impostor
test,0,-69.66330496920318,impostor
test,0,-54.02144373983432,impostor
test,0,-79.66470323319008,impostor
test,0,-95.87920069697537,impostor
test,0,-130.5777938527543,impostor
test,0,-45.44600907523401,impostor
test,0,-68.36726561130689,impostor
test,0,-55.719572912301246,impostor
test,0,-54.80541880649714,impostor
test,0,-65.08201064720699,impostor
test,0,-53.32559642669941,impostor
test,0,-63.417111442806515,impostor
test,0,-257.1098581504795,impostor
test,0,-208.6883796133968,impostor
test,0,-242.10967676987605,impostor
test,0,-249.42936435268703,impostor
test,0,-191.8588358585558,impostor
test,0,-304.9895760074818,impostor
test,0,-232.5174215214543,impostor
test,0,-221.70184114227345,impostor
test,0,-119.67021502392575,impostor
test,0,-228.38996435501497,impostor
test,0,-65.27655803587274,impostor
test,0,-70.36279328522478,impostor
test,0,-68.39929064987263,impostor
test,0,-60.210033755991084,impostor
test,0,-64.36180787442503,impostor
test,0,-333.73914960485314,impostor
test,0,-120.67099848825676,impostor
test,0,-109.38014978740226,impostor
test,0,-97.59757120058764,impostor
test,0,-93.12729975680179,impostor
test,0,-68.11437393528625,impostor
test,0,-62.75553832133178,impostor
test,0,-65.30837894497029,impostor
test,0,-61.49826799167667,impostor
test,0,-51.11633231132907,impostor
test,0,-121.70799579689312,impostor
test,0,-85.9446680365974,impostor
test,0,-109.6891622362835,impostor
test,0,-68.9899314437968,impostor
test,0,-63.398599344931945,impostor
test,0,-72.45288136703803,impostor
test,0,-51.71925172210745,impostor
test,0,-44.07971956090056,impostor
test,0,-50.534830860904925,impostor
test,0,-45.8725711350094,impostor
test,0,-183.50932211350158,impostor
test,0,-162.43781716327658,impostor
test,0,-126.0779659313491,impostor
test,0,-130.57240465660647,impostor
test,0,-151.83380926824938,impostor
test,0,-90.78435847940828,impostor
test,0,-75.45932161972276,impostor
test,0,-77.61123316566248,impostor
test,0,-54.616614295847654,impostor
test,0,-92.66850918429722,impostor
test,0,-62.42844866011381,impostor
test,0,-101.54664508274988,impostor
test,0,-91.49552028151304,impostor
test,0,-80.61965863923413,impostor
test,0,-63.9836091079127,impostor
test,0,-52.46456604026989,impostor
test,0,-47.56135330453146,impostor
test,0,-64.1606306276867,impostor
test,0,-43.76334213718426,impostor
test,0,-47.477906403294014,impostor
test,0,-39.257054968167516,impostor
test,0,-55.740529715181985,impostor
test,0,-51.894692929375495,impostor
test,0,-49.296359374125025,impostor
test,0,-38.18469696804771,impostor
test,0,-70.17485210708071,impostor
test,0,-75.3946140776602,impostor
test,0,-80.2723413737039,impostor
test,0,-62.032165754506494,impostor
test,0,-65.34172908835295,impostor
test,0,-55.88350254242308,impostor
test,0,-73.73518357356336,impostor
test,0,-61.454302615832994,impostor
test,0,-54.67440309614667,impostor
test,0,-65.31005203523388,impostor
test,0,-61.38612767768895,impostor
test,0,-56.633344231676936,impostor
test,0,-56.16597453637794,impostor
test,0,-51.070218743176156,impostor
test,0,-59.36410938560447,impostor
test,0,-41.495969024478285,impostor
test,0,-37.584158585754956,impostor
test,0,-35.54567521121247,impostor
test,0,-62.391164930943596,impostor
test,0,-44.04104526674731,impostor
test,0,-78.96895102588925,impostor
test,0,-66.81437607655856,impostor
test,0,-65.66226583535156,impostor
test,0,-55.448788725432784,impostor
test,0,-46.97482100423133,impostor
test,0,-171.42038787701335,impostor
test,0,-135.19655333557725,impostor
test,0,-168.391858992557,impostor
test,0,-85.7108813527561,impostor
test,0,-137.54431228699104,impostor
test,0,-78.61630867898674,impostor
test,0,-64.17137087736599,impostor
test,0,-90.01882948428724,impostor
test,0,-62.358181874726554,impostor
test,0,-53.62657166506734,impostor
test,0,-44.35926233766231,impostor
test,0,-47.783872519061404,impostor
test,0,-44.09624752666037,impostor
test,0,-51.11435057461009,impostor
test,0,-43.80861581241357,impostor
test,0,-281.2763636995704,impostor
test,0,-73.73752524640392,impostor
test,0,-46.300465082235334,impostor
test,0,-104.53098945068893,impostor
test,0,-59.177289737511224,impostor
test,0,-132.56633147033858,impostor
test,0,-42.239553289600394,impostor
test,0,-44.295344510757474,impostor
test,0,-30.852218873313277,impostor
test,0,-37.39952617754843,impostor
test,0,-61.531787404009165,impostor
test,0,-60.11908190753132,impostor
test,0,-48.94622601091851,impostor
test,0,-53.38605007812849,impostor
test,0,-53.60221192100221,impostor
test,0,-103.30885559404527,impostor
test,0,-113.90872737873138,impostor
test,0,-68.14135688323559,impostor
test,0,-75.37429667487696,impostor
test,0,-61.592658898127155,impostor
test,0,-60.68083096213003,impostor
test,0,-61.46242302630889,impostor
test,0,-37.4695535707769,impostor
test,0,-98.59377434081166,impostor
test,0,-37.39089304389134,impostor
test,0,-50.19951612730779,impostor
test,0,-50.38299370303627,impostor
test,0,-46.67439038108986,impostor
test,0,-48.24460454791473,impostor
test,0,-46.46695342554361,impostor
test,0,-52.20651475860422,impostor
test,0,-50.85525523085349,impostor
test,0,-50.37710795947406,impostor
test,0,-50.894116257830774,impostor
test,0,-60.949995254686115,impostor
test,0,-50.16530385013488,impostor
test,0,-54.00554460602849,impostor
test,0,-57.9131045450914,impostor
test,0,-50.07008762004295,impostor
test,0,-58.26213742114761,impostor
test,0,-105.56916330249393,impostor
test,0,-143.88117845070806,impostor
test,0,-93.67451963593622,impostor
test,0,-83.04440183412514,impostor
test,0,-81.40380081664075,impostor
test,0,-95.82432941719885,impostor
test,0,-45.57369392376511,impostor
test,0,-62.83329933625009,impostor
test,0,-66.95184380146462,impostor
test,0,-56.20064325460993,impostor
test,0,-128.8049706436363,impostor
test,0,-65.25420476980992,impostor
test,0,-75.34998759989033,impostor
test,0,-67.48576304016606,impostor
test,0,-77.87585701170934,impostor
test,0,-40.651794979893936,impostor
test,0,-52.91272970298612,impostor
test,0,-42.52615019984015,impostor
test,0,-52.44477517651641,impostor
test,0,-55.856448749439494,impostor
test,0,-70.5821757830257,impostor
test,0,-51.9054510730946,impostor
test,0,-65.75184473998223,impostor
test,0,-58.33140212858746,impostor
test,0,-58.2876140909928,impostor
test,0,-48.71880361435435,impostor
test,0,-71.3834697699684,impostor
test,0,-57.744953534653725,impostor
test,0,-50.69743126353798,impostor
test,0,-54.722491924071676,impostor
test,0,-84.63004405321463,impostor
test,0,-64.1311957879107,impostor
test,0,-66.3311969279587,impostor
test,0,-53.77149717823628,impostor
test,0,-53.432826287685714,impostor
test,0,-84.6321358065492,impostor
test,0,-82.59848182488253,impostor
test,0,-49.62284884197439,impostor
test,0,-41.71466386651062,impostor
test,0,-49.21861569130163,impostor
test,0,-134.9924126215723,impostor
test,0,-88.38047128828035,impostor
test,0,-122.22884632280379,impostor
test,0,-68.53562742380218,impostor
test,0,-60.89442083057812,impostor
test,0,-44.09412796907734,impostor
test,0,-45.78351865372327,impostor
test,0,-47.885839653997294,impostor
test,0,-58.9648966956068,impostor
test,0,-48.14811401634668,impostor
test,0,-103.7901716710899,impostor
test,0,-77.91111118746437,impostor
test,0,-57.60076872920048,impostor
test,0,-50.10789029291656,impostor
test,0,-53.69497380446538,impostor
test,0,-96.37308666959048,impostor
test,0,-84.01741921954162,impostor
test,0,-89.14204761876894,impostor
test,0,-102.68418706386342,impostor
test,0,-64.58539531970588,impostor
test,0,-72.05432627518766,impostor
test,0,-114.232771890893,impostor
test,0,-65.70079528639083,impostor
test,0,-72.47303971636514,impostor
test,0,-56.19453460847177,impostor
test,0,-38.31466482713684,impostor
test,0,-39.517922709968296,impostor
test,0,-32.60662986657927,impostor
test,0,-39.115330582541354,impostor
test,0,-45.39965471828593,impostor
test,0,-51.924135031093876,impostor
test,0,-51.98916918390583,impostor
test,0,-43.65443618467795,impostor
test,0,-37.88098700231012,impostor
test,0,-43.00697435590416,impostor
test,0,-81.68917533796136,impostor
test,0,-79.93753191984408,impostor
test,0,-70.8023697259434,impostor
test,0,-68.00538395334213,impostor
test,0,-60.962404838801746,impostor
test,1,-26.227019888103033,genuine
test,1,-21.746933475711575,genuine
test,1,-27.499807253075453,genuine
test,1,-22.54009025574861,genuine
test,1,-21.859095852179458,genuine
test,1,-21.103794250733838,genuine
test,1,-16.906551752706765,genuine
test,1,-35.85998159262224,genuine
test,1,-22.64886313601485,genuine
test,1,-19.195816349606723,genuine
test,1,-24.448723519653704,genuine
test,1,-23.823961641542233,genuine
test,1,-24.60866951098592,genuine
test,1,-21.29531389265169,genuine
test,1,-23.623201948705113,genuine
test,1,-24.77117464701662,genuine
test,1,-21.112417351145837,genuine
test,1,-24.848020761628774,genuine
test,1,-20.280577579477203,genuine
test,1,-26.26882611821633,genuine
test,1,-27.653157748123352,genuine
test,1,-19.0901593536485,genuine
test,1,-22.37533858850533,genuine
test,1,-25.084364325752166,genuine
test,1,-24.349643522011377,genuine
test,1,-22.44460319086506,genuine
test,1,-28.225712178439984,genuine
test,1,-29.78369894352886,genuine
test,1,-22.32733310900899,genuine
test,1,-22.250201512210726,genuine
test,1,-25.375664043148348,genuine
test,1,-32.71662009587998,genuine
test,1,-25.043377961868963,genuine
test,1,-22.151433855240207,genuine
test,1,-25.866179056025487,genuine
test,1,-27.54054446885253,genuine
test,1,-43.38527296738571,genuine
test,1,-17.519738768540986,genuine
test,1,-19.860701016455984,genuine
test,1,-21.5911923510445,genuine
test,1,-22.93451319685128,genuine
test,1,-22.372730444093026,genuine
test,1,-23.36236448847669,genuine
test,1,-29.629691270523814,genuine
test,1,-36.022013711978076,genuine
test,1,-40.83989672980308,genuine
test,1,-22.916911662787772,genuine
test,1,-19.296350686695327,genuine
test,1,-22.03182883943901,genuine
test,1,-23.234213379819874,genuine
test,1,-18.588291771352527,genuine
test,1,-25.553043313549516,genuine
test,1,-20.591969867935138,genuine
test,1,-17.53775385026392,genuine
test,1,-33.65116500092915,genuine
test,1,-31.514129037506397,genuine
test,1,-25.844146672506476,genuine
test,1,-25.529676415879628,genuine
test,1,-27.039470851144753,genuine
test,1,-20.851213977899395,genuine
test,1,-20.101674262383707,genuine
test,1,-25.423712125489928,genuine
test,1,-21.396810924515943,genuine
test,1,-29.13351167530859,genuine
test,1,-25.103150095411397,genuine
test,1,-21.67495536714767,genuine
test,1,-32.260196331082575,genuine
test,1,-28.077931667525224,genuine
test,1,-32.5027523759035,genuine
test,1,-52.85226066743257,genuine
test,1,-29.63630622899159,genuine
test,1,-27.823821867159516,genuine
test,1,-25.31491784687672,genuine
test,1,-27.001080716530176,genuine
test,1,-30.210556680202284,genuine
test,1,-26.964238039576763,genuine
test,1,-23.79870955397599,genuine
test,1,-28.107045887123036,genuine
test,1,-27.55940812022028,genuine
test,1,-27.72098320601318,genuine
test,1,-78.19382158472612,genuine
test,1,-71.05409970703226,genuine
test,1,-31.39256985873929,genuine
test,1,-31.723237129830828,genuine
test,1,-40.076108936659324,genuine
test,1,-23.19598076134878,genuine
test,1,-23.574865472760322,genuine
test,1,-28.13392288393453,genuine
test,1,-28.839336471995033,genuine
test,1,-26.091315181881185,genuine
test,1,-53.48465499536797,genuine
test,1,-27.509761372042846,genuine
test,1,-28.864012596498558,genuine
test,1,-28.324716988290547,genuine
test,1,-30.059655200795106,genuine
test,1,-32.02541424196576,genuine
test,1,-30.097687576353685,genuine
test,1,-35.212439385228464,genuine
test,1,-30.49820719095034,genuine
test,1,-29.10222945842431,genuine
test,1,-26.226216508889998,genuine
test,1,-14.012476297192842,genuine
test,1,-22.866931425499974,genuine
test,1,-18.025948725977884,genuine
test,1,-19.336386982231726,genuine
test,1,-19.80664080254827,genuine
test,1,-27.97536164040701,genuine
test,1,-40.5516111702584,genuine
test,1,-22.44274696260124,genuine
test,1,-22.49118196839207,genuine
test,1,-20.488840749906352,genuine
test,1,-24.85803793615563,genuine
test,1,-20.819078503475843,genuine
test,1,-21.755950792853774,genuine
test,1,-20.716736647894983,genuine
test,1,-21.758696424614747,genuine
test,1,-24.128554957227628,genuine
test,1,-26.260099182055303,genuine
test,1,-25.503842476570128,genuine
test,1,-20.38626507244786,genuine
test,1,-27.03963133100942,genuine
test,1,-27.969492216751696,genuine
test,1,-30.176763135318325,genuine
test,1,-20.51569153392033,genuine
test,1,-30.712508602171226,genuine
test,1,-23.973961416720684,genuine
test,1,-25.530465852547668,genuine
test,1,-21.610618252299666,genuine
test,1,-29.182965233923227,genuine
test,1,-59.45277533092966,genuine
test,1,-25.7367636208783,genuine
test,1,-22.852161915958092,genuine
test,1,-28.189898286820387,genuine
test,1,-25.5146409645513,genuine
test,1,-26.677206258253097,genuine
test,1,-25.78502008678591,genuine
test,1,-30.740478094734744,genuine
test,1,-21.28479701909884,genuine
test,1,-28.828937838889853,genuine
test,1,-32.57525670836857,genuine
test,1,-30.40088412384856,genuine
test,1,-24.39334833533608,genuine
test,1,-32.287055640139684,genuine
test,1,-31.938477964381388,genuine
test,1,-28.398233891129586,genuine
test,1,-27.935548866404513,genuine
test,1,-31.64770555997096,genuine
test,1,-26.414311594055864,genuine
test,1,-31.219337068667336,genuine
test,1,-31.558717667243005,genuine
test,1,-29.289974939308824,genuine
test,1,-30.348663584375206,genuine
test,1,-30.146655629690663,genuine
test,1,-36.08073199870389,genuine
test,1,-37.02697940962799,genuine
test,1,-32.640576564404086,genuine
test,1,-50.732064712232685,genuine
test,1,-34.28825565153624,genuine
test,1,-36.90618695096092,genuine
test,1,-38.630627069868574,genuine
test,1,-43.303191887974236,genuine
test,1,-34.62308989650222,genuine
test,1,-33.88524154270288,genuine
test,1,-35.088366297729394,genuine
test,1,-32.286731517085606,genuine
test,1,-37.192868089776915,genuine
test,1,-32.961914223620816,genuine
test,1,-35.81142208933937,genuine
test,1,-37.94017784755887,genuine
test,1,-31.355521654475716,genuine
test,1,-31.2931693825777,genuine
test,1,-34.464215473672866,genuine
test,1,-45.23880517365417,genuine
test,1,-38.48891672602151,genuine
test,1,-32.060901908990076,genuine
test,1,-34.94375170622824,genuine
test,1,-37.59229743599566,genuine
test,1,-36.67340291094247,genuine
test,1,-34.453300068034785,genuine
test,1,-31.531540472011557,genuine
test,1,-33.562953029824776,genuine
test,1,-35.31824954656585,genuine
test,1,-34.60978724168385,genuine
test,1,-32.39939307680444,genuine
test,1,-38.470767151574684,genuine
test,1,-33.30361008298412,genuine
test,1,-32.26503917631238,genuine
test,1,-37.73598490045567,genuine
test,1,-27.11296811336888,genuine
test,1,-34.48080301344929,genuine
test,1,-47.99887041655926,genuine
test,1,-35.57949641798589,genuine
test,1,-31.49034615507956,genuine
test,1,-35.40407352182313,genuine
test,1,-39.96809136849108,genuine
test,1,-35.92237237307314,genuine
test,1,-95.66860977841468,genuine
test,1,-30.771044291751497,genuine
test,1,-30.305087232019403,genuine
test,1,-37.75116620907713,genuine
test,0,-76.82485343605093,impostor
test,0,-92.61423727457824,impostor
test,0,-140.77133695000833,impostor
test,0,-76.16579045498004,impostor
test,0,-83.58605890251242,impostor
test,0,-143.8166259717947,impostor
test,0,-137.82631286978045,impostor
test,0,-128.93249381482843,impostor
test,0,-161.78523877111763,impostor
test,0,-155.65146480009906,impostor
test,0,-297.467779751738,impostor
test,0,-325.4713770591043,impostor
test,0,-241.29745970722135,impostor
test,0,-227.84671127388228,impostor
test,0,-212.29813654978543,impostor
test,0,-84.17385033458757,impostor
test,0,-73.38158956554142,impostor
test,0,-76.35177093556234,impostor
test,0,-77.54619875725724,impostor
test,0,-81.76548465591391,impostor
test,0,-127.70494186075632,impostor
test,0,-181.75721334154363,impostor
test,0,-240.96896626586073,impostor
test,0,-77.32456901588758,impostor
test,0,-82.25539286649584,impostor
test,0,-88.32837532267965,impostor
test,0,-68.57295452095985,impostor
test,0,-72.64513551328844,impostor
test,0,-67.03731770174751,impostor
test,0,-89.88862432757398,impostor
test,0,-400.34094164873113,impostor
test,0,-361.66161692284544,impostor
test,0,-404.35172273051023,impostor
test,0,-421.03355143290815,impostor
test,0,-295.56988990052906,impostor
test,0,-528.2587005594929,impostor
test,0,-390.67649318689564,impostor
test,0,-375.5998978172889,impostor
test,0,-242.05095634901716,impostor
test,0,-380.49714219381497,impostor
test,0,-91.25825456375259,impostor
test,0,-80.61134720140682,impostor
test,0,-89.98897767640442,impostor
test,0,-90.98308914203933,impostor
test,0,-85.89973223136478,impostor
test,0,-468.83012831000894,impostor
test,0,-150.41170188543785,impostor
test,0,-222.31675431317376,impostor
test,0,-178.36865588123527,impostor
test,0,-125.12043838262045,impostor
test,0,-81.09573407936226,impostor
test,0,-94.62007767451904,impostor
test,0,-64.94899316490216,impostor
test,0,-68.13195293910867,impostor
test,0,-76.85211545142703,impostor
test,0,-235.68832362027382,impostor
test,0,-196.3688611262976,impostor
test,0,-221.9811272179263,impostor
test,0,-162.9670518167938,impostor
test,0,-147.43234965157154,impostor
test,0,-148.15144669619946,impostor
test,0,-128.78687721212432,impostor
test,0,-93.17482834657586,impostor
test,0,-91.31465016752323,impostor
test,0,-90.43400102293138,impostor
test,0,-360.11111151032304,impostor
test,0,-384.07825148213493,impostor
test,0,-286.9986030864396,impostor
test,0,-232.89794854047688,impostor
test,0,-230.3121795082996,impostor
test,0,-153.88374468362656,impostor
test,0,-93.76656092649867,impostor
test,0,-126.18022692955161,impostor
test,0,-89.05987749032114,impostor
test,0,-155.74002031291505,impostor
test,0,-99.1302351564511,impostor
test,0,-187.28681516106627,impostor
test,0,-142.32397143720735,impostor
test,0,-107.4891573822161,impostor
test,0,-97.99000414767217,impostor
test,0,-69.77955803360014,impostor
test,0,-74.2041828662787,impostor
test,0,-61.45634598311925,impostor
test,0,-56.11407443903708,impostor
test,0,-66.94720682656616,impostor
test,0,-82.47868660933976,impostor
test,0,-82.07658288129981,impostor
test,0,-79.41611328215421,impostor
test,0,-81.82020843788321,impostor
test,0,-72.26842423929763,impostor
test,0,-79.80232607496076,impostor
test,0,-123.26418458919048,impostor
test,0,-97.42685126616304,impostor
test,0,-94.07369477069841,impostor
test,0,-92.86444306218284,impostor
test,0,-69.81084806048072,impostor
test,0,-119.26163014411634,impostor
test,0,-83.219120134271,impostor
test,0,-70.20959010087678,impostor
test,0,-90.7947607475797,impostor
test,0,-77.09083100691066,impostor
test,0,-53.17144647949229,impostor
test,0,-85.36203379089125,impostor
test,0,-81.47255563288637,impostor
test,0,-104.62176616241385,impostor
test,0,-105.28510561381619,impostor
test,0,-103.771323500072,impostor
test,0,-113.79019645177402,impostor
test,0,-244.5288419994716,impostor
test,0,-142.5356916971431,impostor
test,0,-90.80697822270909,impostor
test,0,-100.04746512655505,impostor
test,0,-78.54832180644709,impostor
test,0,-117.6541265721712,impostor
test,0,-97.30140202756752,impostor
test,0,-315.5745702603465,impostor
test,0,-154.061806804446,impostor
test,0,-279.64961494010817,impostor
test,0,-145.57224586362986,impostor
test,0,-203.30729239537277,impostor
test,0,-206.3214745481961,impostor
test,0,-174.82075748472778,impostor
test,0,-119.21525345031324,impostor
test,0,-177.45346706193868,impostor
test,0,-108.76222507039098,impostor
test,0,-73.64894699679697,impostor
test,0,-68.58378425212256,impostor
test,0,-62.8801631758266,impostor
test,0,-60.266997733764626,impostor
test,0,-65.18419790243759,impostor
test,0,-870.0636853696054,impostor
test,0,-71.45910970869573,impostor
test,0,-94.54302077558678,impostor
test,0,-166.735782839443,impostor
test,0,-79.81304633767088,impostor
test,0,-154.65210653583858,impostor
test,0,-99.027737469007,impostor
test,0,-86.42098791494791,impostor
test,0,-74.02138510919478,impostor
test,0,-71.26584224261666,impostor
test,0,-157.957407947934,impostor
test,0,-109.77607487443352,impostor
test,0,-114.24135321823852,impostor
test,0,-148.00390537383115,impostor
test,0,-115.95037456471465,impostor
test,0,-199.8003814950085,impostor
test,0,-218.7027483770272,impostor
test,0,-154.43699601525356,impostor
test,0,-113.30048224926841,impostor
test,0,-117.34459638550398,impostor
test,0,-103.20600531825147,impostor
test,0,-83.12553136890544,impostor
test,0,-69.45486597800216,impostor
test,0,-117.35912679993686,impostor
test,0,-68.2315384896479,impostor
test,0,-73.4362850283528,impostor
test,0,-60.57457279729672,impostor
test,0,-61.65314274985744,impostor
test,0,-61.76500177318012,impostor
test,0,-58.66494309012801,impostor
test,0,-83.48655104529281,impostor
test,0,-85.7847423301083,impostor
test,0,-62.721269695507296,impostor
test,0,-69.99814106092533,impostor
test,0,-81.90033271686579,impostor
test,0,-65.28878993258577,impostor
test,0,-69.7278061168803,impostor
test,0,-76.65147797100694,impostor
test,0,-67.19613943574385,impostor
test,0,-71.55892334349289,impostor
test,0,-206.58375017207013,impostor
test,0,-122.2924580314105,impostor
test,0,-92.35928347723004,impostor
test,0,-107.85060406196888,impostor
test,0,-88.36229270348598,impostor
test,0,-195.11728231012927,impostor
test,0,-103.55392933895223,impostor
test,0,-153.39071454794913,impostor
test,0,-146.59374078347466,impostor
test,0,-124.95665808032956,impostor
test,0,-161.39726864221882,impostor
test,0,-76.47291604284625,impostor
test,0,-117.69339152271496,impostor
test,0,-86.30870925928578,impostor
test,0,-146.31678065861396,impostor
test,0,-156.56286161575522,impostor
test,0,-152.99685114031962,impostor
test,0,-116.34212562633702,impostor
test,0,-144.6645047180074,impostor
test,0,-129.74534705372284,impostor
test,0,-89.15979897955748,impostor
test,0,-65.67755948223578,impostor
test,0,-70.74301974202285,impostor
test,0,-90.50441728010375,impostor
test,0,-86.0751270287674,impostor
test,0,-105.1940918669351,impostor
test,0,-126.05221558413348,impostor
test,0,-75.41817422873386,impostor
test,0,-98.49266515393597,impostor
test,0,-90.60281730712492,impostor
test,0,-141.2800029041656,impostor
test,0,-112.78180436838343,impostor
test,0,-94.27008191684521,impostor
test,0,-89.06700547023861,impostor
test,0,-79.60999424443415,impostor
test,0,-151.0104913844348,impostor
test,0,-104.5755990213593,impostor
test,0,-77.91326387748971,impostor
test,0,-82.9936165392097,impostor
test,0,-113.51927120790562,impostor
test,0,-147.95323782768244,impostor
test,0,-132.1394681140889,impostor
test,0,-252.58241517926632,impostor
test,0,-107.49682371776463,impostor
test,0,-117.49280687752722,impostor
test,0,-67.14995517626,impostor
test,0,-76.42072089035842,impostor
test,0,-72.65607714767964,impostor
test,0,-108.46392317320557,impostor
test,0,-71.77066916735996,impostor
test,0,-243.66362116958226,impostor
test,0,-169.12114753088827,impostor
test,0,-105.40016541611871,impostor
test,0,-83.60947331452813,impostor
test,0,-75.61861915782859,impostor
test,0,-208.94014937500378,impostor
test,0,-160.97507615227886,impostor
test,0,-173.23116562008997,impostor
test,0,-201.377297478909,impostor
test,0,-141.86605309622666,impostor
test,0,-122.88301540324323,impostor
test,0,-200.54174657300675,impostor
test,0,-100.59323670987683,impostor
test,0,-108.49545070494045,impostor
test,0,-93.93443013457622,impostor
test,0,-71.29583282197306,impostor
test,0,-98.3291576311334,impostor
test,0,-72.78980705017017,impostor
test,0,-56.16503012990662,impostor
test,0,-83.69742437706999,impostor
test,0,-75.8169815015163,impostor
test,0,-91.865328115171,impostor
test,0,-76.44317205002491,impostor
test,0,-112.58864485413937,impostor
test,0,-77.18505959161934,impostor
test,0,-105.21928427508772,impostor
test,0,-100.33458358435188,impostor
test,0,-96.84369889727812,impostor
test,0,-78.71070423407009,impostor
test,0,-91.47503329859462,impostor
test,1,-23.707991848883577,genuine
test,1,-35.07732192075739,genuine
test,1,-43.9106841439837,genuine
test,1,-28.76111813630254,genuine
test,1,-30.390333551613978,genuine
test,1,-53.10377031315288,genuine
test,1,-27.22798071298299,genuine
test,1,-38.022243761724745,genuine
test,1,-25.511043162167745,genuine
test,1,-52.935602263309406,genuine
test,1,-28.71325752604814,genuine
test,1,-33.00434092175185,genuine
test,1,-32.474587347710944,genuine
test,1,-44.0452874667315,genuine
test,1,-22.435980028849652,genuine
test,1,-30.605331601157673,genuine
test,1,-30.153580232984474,genuine
test,1,-39.44044411690146,genuine
test,1,-33.14353365835338,genuine
test,1,-33.49032821558416,genuine
test,1,-31.00554769168066,genuine
test,1,-38.594904340338104,genuine
test,1,-25.535484385030067,genuine
test,1,-35.351200424632744,genuine
test,1,-35.62190950324586,genuine
test,1,-40.93085663610857,genuine
test,1,-34.89611329710731,genuine
test,1,-31.804138277656627,genuine
test,1,-29.04429046258006,genuine
test,1,-28.866292656699493,genuine
test,1,-25.414180647729424,genuine
test,1,-27.36114456572792,genuine
test,1,-78.03793816639724,genuine
test,1,-37.09008973981829,genuine
test,1,-26.593163741979463,genuine
test,1,-28.187285019079848,genuine
test,1,-37.47476925891422,genuine
test,1,-51.50507741488598,genuine
test,1,-31.7633876159247,genuine
test,1,-27.80416228108148,genuine
test,1,-24.557175943901896,genuine
test,1,-24.531466565419432,genuine
test,1,-34.412929797809916,genuine
test,1,-25.351314051510368,genuine
test,1,-32.873223339381326,genuine
test,1,-29.46707559991158,genuine
test,1,-25.689022308730486,genuine
test,1,-31.544310208994702,genuine
test,1,-31.627952048491625,genuine
test,1,-33.85040489258838,genuine
test,1,-24.927165716271034,genuine
test,1,-26.62324203270876,genuine
test,1,-36.26304062457194,genuine
test,1,-28.642475836516233,genuine
test,1,-29.822514508164964,genuine
test,1,-26.41135902409665,genuine
test,1,-71.54135721985824,genuine
test,1,-23.37286271611492,genuine
test,1,-29.969568914801837,genuine
test,1,-20.82557115607747,genuine
test,1,-24.79570572677993,genuine
test,1,-39.05304428861023,genuine
test,1,-36.101628188011375,genuine
test,1,-25.93417048612721,genuine
test,1,-28.74880232441903,genuine
test,1,-22.49224997415913,genuine
test,1,-26.843563096509484,genuine
test,1,-23.965763409730535,genuine
test,1,-20.40776707349576,genuine
test,1,-30.931472457898952,genuine
test,1,-27.972980658007145,genuine
test,1,-26.53299423699162,genuine
test,1,-23.657311368742096,genuine
test,1,-21.89019678963215,genuine
test,1,-26.87957510874913,genuine
test,1,-27.155760363038215,genuine
test,1,-20.827208785153474,genuine
test,1,-24.358745786711168,genuine
test,1,-32.966883292057844,genuine
test,1,-26.288746160827536,genuine
test,1,-35.30877135469682,genuine
test,1,-27.719579352344816,genuine
test,1,-29.400438516944337,genuine
test,1,-27.913732988788798,genuine
test,1,-37.00909597220291,genuine
test,1,-41.79935413571566,genuine
test,1,-28.508506345717176,genuine
test,1,-25.0423898788414,genuine
test,1,-28.515023181287024,genuine
test,1,-30.233889740745223,genuine
test,1,-28.687088943622324,genuine
test,1,-26.87719347886513,genuine
test,1,-33.81950065738643,genuine
test,1,-37.62480334606825,genuine
test,1,-32.968368901569455,genuine
test,1,-35.90185656493224,genuine
test,1,-24.880926996673082,genuine
test,1,-40.857772488945415,genuine
test,1,-24.66376256486428,genuine
test,1,-36.36375531100048,genuine
test,1,-31.60575132200549,genuine
test,1,-25.58199524907174,genuine
test,1,-31.1197730911474,genuine
test,1,-25.615206353639906,genuine
test,1,-39.19336901077324,genuine
test,1,-30.89741896876551,genuine
test,1,-38.21017188901953,genuine
test,1,-43.23656704597473,genuine
test,1,-41.171942987099584,genuine
test,1,-27.5916901884717,genuine
test,1,-38.59300736417526,genuine
test,1,-32.29975292432545,genuine
test,1,-35.62836311868364,genuine
test,1,-53.12830253917895,genuine
test,1,-38.58255414470408,genuine
test,1,-40.70452854922226,genuine
test,1,-31.388227326312624,genuine
test,1,-31.05593466491617,genuine
test,1,-44.188514919112414,genuine
test,1,-31.719013963109287,genuine
test,1,-25.81889312113265,genuine
test,1,-39.679971705184755,genuine
test,1,-37.40254954061173,genuine
test,1,-38.11789527929874,genuine
test,1,-34.86060824516292,genuine
test,1,-33.30373009955464,genuine
test,1,-27.382575684263493,genuine
test,1,-40.05130476016647,genuine
test,1,-29.702779439669143,genuine
test,1,-31.484219746776034,genuine
test,1,-25.410006242924542,genuine
test,1,-34.9784695045844,genuine
test,1,-30.576681697462615,genuine
test,1,-28.229303028087955,genuine
test,1,-36.05837871728826,genuine
test,1,-47.781692769906265,genuine
test,1,-35.2619825119413,genuine
test,1,-36.07241597117123,genuine
test,1,-32.48798009287152,genuine
test,1,-31.85133269648505,genuine
test,1,-32.17425818053186,genuine
test,1,-38.88544885778515,genuine
test,1,-37.827769201903074,genuine
test,1,-26.46791093385439,genuine
test,1,-25.493984353953323,genuine
test,1,-26.91397618799506,genuine
test,1,-32.449786377926614,genuine
test,1,-29.888814721883403,genuine
test,1,-28.631775313940736,genuine
test,1,-31.60302037038786,genuine
test,1,-35.63287900299013,genuine
test,1,-34.161768068781804,genuine
test,1,-32.96160794028672,genuine
test,1,-24.12095135140352,genuine
test,1,-28.2348408630214,genuine
test,1,-63.59527871238688,genuine
test,1,-26.017440416837562,genuine
test,1,-31.834067116458655,genuine
test,1,-21.331759235684398,genuine
test,1,-31.174864856834027,genuine
test,1,-31.989398052509785,genuine
test,1,-30.933362592678556,genuine
test,1,-28.749599832214976,genuine
test,1,-31.79316341446515,genuine
test,1,-29.4750774198088,genuine
test,1,-42.362014700227505,genuine
test,1,-33.49814158053417,genuine
test,1,-37.38067669542183,genuine
test,1,-32.09717420595338,genuine
test,1,-35.24817830829161,genuine
test,1,-43.49276207856662,genuine
test,1,-31.989703211383237,genuine
test,1,-35.25440978866029,genuine
test,1,-31.25004911737042,genuine
test,1,-32.027689550163814,genuine
test,1,-42.21512826955425,genuine
test,1,-36.91752968636726,genuine
test,1,-34.65113700089982,genuine
test,1,-36.986591810768715,genuine
test,1,-35.84377869337905,genuine
test,1,-32.32315808267937,genuine
test,1,-46.202988939269524,genuine
test,1,-39.11025630583164,genuine
test,1,-45.04981425633722,genuine
test,1,-24.731162555604794,genuine
test,1,-30.34279683675343,genuine
test,1,-26.727603078768823,genuine
test,1,-34.43912767058622,genuine
test,1,-41.027355944425125,genuine
test,1,-45.63431971585644,genuine
test,1,-38.57183146781173,genuine
test,1,-35.60363426664983,genuine
test,1,-37.27993257367267,genuine
test,1,-33.68721068311981,genuine
test,1,-35.226846345319984,genuine
test,1,-35.46021615389347,genuine
test,1,-32.48847770306457,genuine
test,1,-34.86925158014362,genuine
test,1,-29.69048758538818,genuine
test,1,-58.42039052633447,genuine
test,0,-34.43057205480349,impostor
test,0,-51.5188149773114,impostor
test,0,-45.95680129260196,impostor
test,0,-41.28373906754541,impostor
test,0,-41.022750901148235,impostor
test,0,-54.353845313802765,impostor
test,0,-59.2788616270548,impostor
test,0,-42.48443083656064,impostor
test,0,-62.34233437275552,impostor
test,0,-48.492584380122835,impostor
test,0,-109.63832404527892,impostor
test,0,-111.08822710010017,impostor
test,0,-107.0595597424001,impostor
test,0,-112.89524091409126,impostor
test,0,-98.56973655708055,impostor
test,0,-57.32118499914923,impostor
test,0,-40.99408205015679,impostor
test,0,-57.13350965946391,impostor
test,0,-53.79735275506486,impostor
test,0,-39.972568502506974,impostor
test,0,-77.90858943683976,impostor
test,0,-63.20909438066636,impostor
test,0,-71.29046232458646,impostor
test,0,-51.80929663150533,impostor
test,0,-63.72779670829256,impostor
test,0,-53.62134773012738,impostor
test,0,-55.49314850712215,impostor
test,0,-58.16101328442985,impostor
test,0,-60.35691364411998,impostor
test,0,-55.28753755692464,impostor
test,0,-165.09508560020805,impostor
test,0,-142.94988486175916,impostor
test,0,-141.2646567226085,impostor
test,0,-158.5029760250232,impostor
test,0,-128.95645678125985,impostor
test,0,-173.4210542857061,impostor
test,0,-139.3945518243116,impostor
test,0,-120.09236159989511,impostor
test,0,-72.78738549055656,impostor
test,0,-129.89558314549365,impostor
test,0,-46.04476621430124,impostor
test,0,-52.36367024982577,impostor
test,0,-45.63353680320296,impostor
test,0,-43.10473072181884,impostor
test,0,-48.00318710208456,impostor
test,0,-170.3563555941917,impostor
test,0,-69.68749046792006,impostor
test,0,-71.19273492752535,impostor
test,0,-74.06194250707522,impostor
test,0,-54.76636485377679,impostor
test,0,-45.66145703383644,impostor
test,0,-52.94122454273393,impostor
test,0,-49.59983506895875,impostor
test,0,-46.72280566403602,impostor
test,0,-48.98699754071999,impostor
test,0,-74.26694391065786,impostor
test,0,-53.6069363340969,impostor
test,0,-57.444410183947724,impostor
test,0,-40.261640995298904,impostor
test,0,-40.13940845377531,impostor
test,0,-55.627193330423,impostor
test,0,-48.92343942121985,impostor
test,0,-38.09880573726503,impostor
test,0,-40.96427888557125,impostor
test,0,-42.53022801833722,impostor
test,0,-137.2644202502724,impostor
test,0,-137.16807957165864,impostor
test,0,-112.81414059271384,impostor
test,0,-100.43476932378012,impostor
test,0,-94.57104323208151,impostor
test,0,-61.244302126427485,impostor
test,0,-56.19869014873392,impostor
test,0,-65.93420942328827,impostor
test,0,-48.278734743308675,impostor
test,0,-50.294115086752846,impostor
test,0,-51.55570813796042,impostor
test,0,-63.203271747384335,impostor
test,0,-62.5536850213644,impostor
test,0,-55.07120372775983,impostor
test,0,-55.853889977847,impostor
test,0,-56.794873794609856,impostor
test,0,-48.52848915225331,impostor
test,0,-53.77391272499622,impostor
test,0,-50.58253528588907,impostor
test,0,-54.40774272383088,impostor
test,0,-45.9817975056249,impostor
test,0,-51.552314392988194,impostor
test,0,-53.41214564526052,impostor
test,0,-49.521693281914935,impostor
test,0,-38.88175427708848,impostor
test,0,-58.69384579870592,impostor
test,0,-58.941775615430075,impostor
test,0,-69.78116527588801,impostor
test,0,-60.59306432484698,impostor
test,0,-58.96583524107644,impostor
test,0,-61.55763733737481,impostor
test,0,-62.48581976384091,impostor
test,0,-60.57817184949194,impostor
test,0,-62.949729910247825,impostor
test,0,-63.0671041140483,impostor
test,0,-57.65307346154211,impostor
test,0,-54.91034957947229,impostor
test,0,-60.78295944777361,impostor
test,0,-57.50781540460565,impostor
test,0,-58.69557997133683,impostor
test,0,-28.766983311768865,impostor
test,0,-32.4803949986354,impostor
test,0,-34.55931545140428,impostor
test,0,-57.72892465095671,impostor
test,0,-45.17779278843842,impostor
test,0,-54.84456536333741,impostor
test,0,-54.27186131360483,impostor
test,0,-55.21370715797242,impostor
test,0,-41.965284422153395,impostor
test,0,-46.38724812296651,impostor
test,0,-124.0521962990208,impostor
test,0,-83.98154304955422,impostor
test,0,-97.0707720673955,impostor
test,0,-61.22313522087321,impostor
test,0,-79.49585522499865,impostor
test,0,-73.8526062313696,impostor
test,0,-55.528213200051,impostor
test,0,-61.87440074770768,impostor
test,0,-60.34881030351798,impostor
test,0,-50.903980661877,impostor
test,0,-44.2927056600648,impostor
test,0,-55.5710666932573,impostor
test,0,-50.047115636327305,impostor
test,0,-54.32754049884605,impostor
test,0,-55.133770630153215,impostor
test,0,-248.28947088836597,impostor
test,0,-49.18269442627013,impostor
test,0,-41.28232619969965,impostor
test,0,-77.48014557780573,impostor
test,0,-51.820593538567486,impostor
test,0,-83.71763439304293,impostor
test,0,-35.2137198772316,impostor
test,0,-37.51474612235935,impostor
test,0,-38.107680696118535,impostor
test,0,-39.43381304959599,impostor
test,0,-54.12596837608324,impostor
test,0,-44.12930130676389,impostor
test,0,-36.181074241112626,impostor
test,0,-50.67245647308801,impostor
test,0,-46.54273585558867,impostor
test,0,-74.92869711421068,impostor
test,0,-62.95250957215428,impostor
test,0,-51.22942877938364,impostor
test,0,-55.8883358481125,impostor
test,0,-56.713693983833565,impostor
test,0,-43.24584812004169,impostor
test,0,-45.795907635708595,impostor
test,0,-39.67898092076941,impostor
test,0,-64.67943138038851,impostor
test,0,-48.69475853859644,impostor
test,0,-45.50069270240276,impostor
test,0,-57.46468609919535,impostor
test,0,-56.28563841846695,impostor
test,0,-57.73877749551766,impostor
test,0,-52.052636185104724,impostor
test,0,-49.80709988721632,impostor
test,0,-46.67826515089071,impostor
test,0,-53.234005105932845,impostor
test,0,-58.25070742478121,impostor
test,0,-52.70294372218719,impostor
test,0,-39.40981638890543,impostor
test,0,-43.07171773423404,impostor
test,0,-43.04337230629953,impostor
test,0,-46.893019006330505,impostor
test,0,-51.51413619285706,impostor
test,0,-55.450080314749115,impostor
test,0,-40.753941751164824,impostor
test,0,-41.30595204759456,impostor
test,0,-45.228990329937375,impostor
test,0,-47.521197410524906,impostor
test,0,-59.361967995935665,impostor
test,0,-92.30329153334341,impostor
test,0,-64.96508304478898,impostor
test,0,-57.653165745768156,impostor
test,0,-57.41072640425693,impostor
test,0,-82.00948968371347,impostor
test,0,-49.54112125893501,impostor
test,0,-56.57701299321165,impostor
test,0,-52.698441488125646,impostor
test,0,-52.18279888271688,impostor
test,0,-40.90484165114719,impostor
test,0,-51.09847205222923,impostor
test,0,-41.69136769477879,impostor
test,0,-57.856278585757856,impostor
test,0,-42.58738252040737,impostor
test,0,-47.228010410810526,impostor
test,0,-60.10305044453152,impostor
test,0,-55.764526490928546,impostor
test,0,-54.92612023786602,impostor
test,0,-57.59085027549386,impostor
test,0,-53.1861994009708,impostor
test,0,-68.84021048129819,impostor
test,0,-55.80710435676587,impostor
test,0,-54.0321052771273,impostor
test,0,-66.04485841500761,impostor
test,0,-48.04304917372667,impostor
test,0,-35.79913788724641,impostor
test,0,-49.01064209299027,impostor
test,0,-38.953589497543646,impostor
test,0,-45.89658638788535,impostor
test,0,-69.88228042850555,impostor
test,0,-62.77039094615756,impostor
test,0,-52.301501203098546,impostor
test,0,-40.70563842117653,impostor
test,0,-50.68879471037805,impostor
test,0,-72.6678621883979,impostor
test,0,-59.34936598732495,impostor
test,0,-78.86539070074099,impostor
test,0,-48.29534623103023,impostor
test,0,-30.814325083500876,impostor
test,0,-54.15361196985431,impostor
test,0,-44.9972154075317,impostor
test,0,-52.811574456073984,impostor
test,0,-47.99910960259647,impostor
test,0,-58.93730525801419,impostor
test,0,-77.173453818466,impostor
test,0,-65.12441728650595,impostor
test,0,-47.59388186379613,impostor
test,0,-51.91262265946222,impostor
test,0,-57.954800758742685,impostor
test,0,-67.51927286067048,impostor
test,0,-48.61383212096337,impostor
test,0,-50.96966137056973,impostor
test,0,-55.56832075154251,impostor
test,0,-47.78016379787055,impostor
test,0,-57.180153926504175,impostor
test,0,-64.9753297455259,impostor
test,0,-50.72138129849467,impostor
test,0,-54.78787248680283,impostor
test,0,-48.37177881079495,impostor
test,0,-32.96451856518187,impostor
test,0,-47.175545691084274,impostor
test,0,-46.86272704009568,impostor
test,0,-38.26924810667377,impostor
test,0,-41.519921274477674,impostor
test,0,-41.552421674076214,impostor
test,0,-48.943411385731636,impostor
test,0,-44.74630195738581,impostor
test,0,-48.27717956630328,impostor
test,0,-45.39333077923514,impostor
test,0,-58.91549314927922,impostor
test,0,-54.460755824229636,impostor
test,0,-44.15210089641886,impostor
test,0,-48.647835456488,impostor
test,0,-50.08763787106096,impostor
test,1,-35.37282128057808,genuine
test,1,-31.734781606725477,genuine
test,1,-32.898651605983126,genuine
test,1,-19.36339353898158,genuine
test,1,-25.038897999845528,genuine
test,1,-26.598935858474462,genuine
test,1,-32.28339866170666,genuine
test,1,-25.90873170281646,genuine
test,1,-36.44313668881727,genuine
test,1,-24.995656275489885,genuine
test,1,-34.485814203057835,genuine
test,1,-25.755415330713973,genuine
test,1,-25.301112431659014,genuine
test,1,-28.845930255811254,genuine
test,1,-24.079693396466403,genuine
test,1,-38.04960518143731,genuine
test,1,-25.032495648533807,genuine
test,1,-23.917688432990197,genuine
test,1,-24.38467991463468,genuine
test,1,-54.32559714819927,genuine
test,1,-28.887088973931245,genuine
test,1,-46.814052659456465,genuine
test,1,-26.73917004586815,genuine
test,1,-47.73441978638687,genuine
test,1,-18.681433756386646,genuine
test,1,-30.057891162053615,genuine
test,1,-22.680003371233138,genuine
test,1,-25.674378374711132,genuine
test,1,-21.97868334214425,genuine
test,1,-26.449935632211112,genuine
test,1,-28.808710392498394,genuine
test,1,-26.529183663547535,genuine
test,1,-37.094955783057756,genuine
test,1,-23.15652994319739,genuine
test,1,-22.48936441775387,genuine
test,1,-87.46312854181889,genuine
test,1,-23.93810339637682,genuine
test,1,-20.278388711936035,genuine
test,1,-28.79889269708936,genuine
test,1,-46.574464463101606,genuine
test,1,-25.551161003363013,genuine
test,1,-32.3059193297386,genuine
test,1,-25.372736199565924,genuine
test,1,-29.885823080919483,genuine
test,1,-25.39037339079732,genuine
test,1,-24.858478234576783,genuine
test,1,-26.963267065062944,genuine
test,1,-32.3169330587348,genuine
test,1,-24.52379278872618,genuine
test,1,-40.10043241543462,genuine
test,1,-21.040522385115455,genuine
test,1,-20.91430772013782,genuine
test,1,-23.447627314613126,genuine
test,1,-23.454132391519696,genuine
test,1,-24.86020071333002,genuine
test,1,-25.353397935467235,genuine
test,1,-27.66311446652838,genuine
test,1,-22.128393984807225,genuine
test,1,-27.15660114310492,genuine
test,1,-28.146308697780977,genuine
test,1,-41.621091490398165,genuine
test,1,-35.9887905209133,genuine
test,1,-45.33340076109168,genuine
test,1,-36.29776374875273,genuine
test,1,-36.72335057059336,genuine
test,1,-40.31449566657587,genuine
test,1,-42.640317198035845,genuine
test,1,-29.779699201227125,genuine
test,1,-33.30210909172501,genuine
test,1,-51.569996745376116,genuine
test,1,-28.79696288085703,genuine
test,1,-38.76121956068354,genuine
test,1,-30.31762634128405,genuine
test,1,-37.887335821146124,genuine
test,1,-34.096252133174126,genuine
test,1,-40.37184607149324,genuine
test,1,-30.455019020295797,genuine
test,1,-35.68440264915844,genuine
test,1,-52.89658188490893,genuine
test,1,-33.428734531370544,genuine
test,1,-36.33352837480999,genuine
test,1,-32.877281643141295,genuine
test,1,-32.48218525785512,genuine
test,1,-38.642220593791514,genuine
test,1,-28.953332918980614,genuine
test,1,-30.386361828158545,genuine
test,1,-37.45210067891609,genuine
test,1,-35.52489016272463,genuine
test,1,-35.964385659607885,genuine
test,1,-36.43209766698763,genuine
test,1,-30.938188930775645,genuine
test,1,-41.38735653675555,genuine
test,1,-31.471480887486553,genuine
test,1,-35.28144568517174,genuine
test,1,-35.293740485024884,genuine
test,1,-39.63578596478494,genuine
test,1,-32.4496586318202,genuine
test,1,-36.668571584346566,genuine
test,1,-34.074268110542235,genuine
test,1,-34.36918121554709,genuine
test,1,-33.142375788193405,genuine
test,1,-34.74468408640274,genuine
test,1,-30.364338909491114,genuine
test,1,-32.95642618002951,genuine
test,1,-66.61273624037632,genuine
test,1,-31.884439758739276,genuine
test,1,-47.54727018273115,genuine
test,1,-38.142609390365294,genuine
test,1,-42.637855387483384,genuine
test,1,-49.71789834896174,genuine
test,1,-37.996240571273106,genuine
test,1,-35.76817647593098,genuine
test,1,-51.961528285673324,genuine
test,1,-51.6531695333231,genuine
test,1,-36.75313342015875,genuine
test,1,-48.90676796430087,genuine
test,1,-43.23678424907708,genuine
test,1,-55.03781894357357,genuine
test,1,-34.37233525250598,genuine
test,1,-44.56692406642089,genuine
test,1,-28.357470383049844,genuine
test,1,-27.835748236589595,genuine
test,1,-33.65591710986977,genuine
test,1,-29.527418127574705,genuine
test,1,-27.232001173496442,genuine
test,1,-28.21891850736595,genuine
test,1,-32.29011545632727,genuine
test,1,-22.59838135753111,genuine
test,1,-37.22958515942983,genuine
test,1,-33.4142488011526,genuine
test,1,-33.621531270188285,genuine
test,1,-33.96789305009309,genuine
test,1,-44.039309169549476,genuine
test,1,-44.27778552034113,genuine
test,1,-38.192944197714894,genuine
test,1,-40.770623269571075,genuine
test,1,-39.80121431271399,genuine
test,1,-34.33264640167279,genuine
test,1,-35.60548311672117,genuine
test,1,-29.442016802827943,genuine
test,1,-49.47440442347345,genuine
test,1,-37.61975026815572,genuine
test,1,-38.66665162802438,genuine
test,1,-42.413456005639844,genuine
test,1,-40.349271402746865,genuine
test,1,-41.9881317908362,genuine
test,1,-33.598820576602314,genuine
test,1,-38.07931883856281,genuine
test,1,-45.97942814048597,genuine
test,1,-42.96726483540049,genuine
test,1,-65.47910611806294,genuine
test,1,-29.05607218264301,genuine
test,1,-20.571704720022836,genuine
test,1,-52.765021246033086,genuine
test,1,-25.312859833342642,genuine
test,1,-26.09148959013067,genuine
test,1,-22.2582877280392,genuine
test,1,-23.01191789596295,genuine
test,1,-51.267370335506705,genuine
test,1,-28.134619410178257,genuine
test,1,-36.42307867984787,genuine
test,1,-39.13334317203514,genuine
test,1,-35.870517657529085,genuine
test,1,-51.62533469144789,genuine
test,1,-35.74441665675354,genuine
test,1,-31.171537326071473,genuine
test,1,-47.95649544541497,genuine
test,1,-41.69685758699362,genuine
test,1,-51.878653525145666,genuine
test,1,-50.21330742160235,genuine
test,1,-47.699411111336815,genuine
test,1,-53.58240945173941,genuine
test,1,-56.427007226258155,genuine
test,1,-54.727360347541634,genuine
test,1,-47.914858251653385,genuine
test,1,-45.1873419580671,genuine
test,1,-48.39147306120377,genuine
test,1,-49.52901642377397,genuine
test,1,-70.50436830459103,genuine
test,1,-51.933094025645985,genuine
test,1,-42.72160858106302,genuine
test,1,-44.68263478135459,genuine
test,1,-67.33001004392041,genuine
test,1,-49.049647918093655,genuine
test,1,-61.12194456469489,genuine
test,1,-42.132616071768815,genuine
test,1,-50.54484998165288,genuine
test,1,-38.66555098510116,genuine
test,1,-51.44678679634584,genuine
test,1,-46.17069323495945,genuine
test,1,-53.74538984708212,genuine
test,1,-43.86849475079077,genuine
test,1,-35.855933160058136,genuine
test,1,-32.36312514999257,genuine
test,1,-44.5974135321491,genuine
test,1,-33.4999524082924,genuine
test,1,-40.46141980311801,genuine
test,1,-35.08042880171147,genuine
test,1,-52.79956340502892,genuine
test,1,-42.797147750152476,genuine
test,0,-38.70366979120143,impostor
test,0,-66.54490117410221,impostor
test,0,-62.24164113489816,impostor
test,0,-54.39934969517928,impostor
test,0,-46.596546757460494,impostor
test,0,-118.10422276883057,impostor
test,0,-113.66633450893376,impostor
test,0,-88.96987044354334,impostor
test,0,-120.34801000998141,impostor
test,0,-102.17304195801445,impostor
test,0,-190.9893390811111,impostor
test,0,-164.6009851204167,impostor
test,0,-146.8642023773901,impostor
test,0,-177.77646844922288,impostor
test,0,-139.07975044225412,impostor
test,0,-59.87464973027287,impostor
test,0,-38.51909908604753,impostor
test,0,-76.89672646920631,impostor
test,0,-55.395817867504526,impostor
test,0,-53.97574742077808,impostor
test,0,-71.46458509416206,impostor
test,0,-71.45299560729795,impostor
test,0,-104.21458424847454,impostor
test,0,-37.23789164414045,impostor
test,0,-49.57157478555478,impostor
test,0,-38.48021207497868,impostor
test,0,-38.833192677088064,impostor
test,0,-62.49443488267798,impostor
test,0,-35.735816188128354,impostor
test,0,-44.42655711137109,impostor
test,0,-256.73271009988673,impostor
test,0,-209.30000260653162,impostor
test,0,-244.33979588116495,impostor
test,0,-256.49891026096077,impostor
test,0,-190.85955756090206,impostor
test,0,-368.4713007567687,impostor
test,0,-284.6569214131522,impostor
test,0,-238.95214051095377,impostor
test,0,-152.9493710828949,impostor
test,0,-268.5626402947703,impostor
test,0,-66.03192300663261,impostor
test,0,-51.247482816950544,impostor
test,0,-44.64384684783934,impostor
test,0,-51.95135346488648,impostor
test,0,-53.0129636446252,impostor
test,0,-387.8629646382793,impostor
test,0,-132.23178458641502,impostor
test,0,-102.90685015717946,impostor
test,0,-97.20295272095296,impostor
test,0,-83.18496987910792,impostor
test,0,-79.54228766113366,impostor
test,0,-64.21460029404783,impostor
test,0,-67.29304513965191,impostor
test,0,-48.88825501496231,impostor
test,0,-44.99299812622221,impostor
test,0,-143.96548824736195,impostor
test,0,-115.65053049414688,impostor
test,0,-128.98594173730976,impostor
test,0,-106.53396022067638,impostor
test,0,-80.53773389851632,impostor
test,0,-71.16016834412177,impostor
test,0,-59.198976589757805,impostor
test,0,-51.84122501981737,impostor
test,0,-45.693193778829524,impostor
test,0,-42.11775226594109,impostor
test,0,-187.91375806638789,impostor
test,0,-159.14186214031136,impostor
test,0,-113.86545356194253,impostor
test,0,-125.39643481231947,impostor
test,0,-162.84906885902723,impostor
test,0,-109.56739618707604,impostor
test,0,-81.91974564791575,impostor
test,0,-78.35330751216667,impostor
test,0,-56.72122957541972,impostor
test,0,-80.82884276171715,impostor
test,0,-48.691654867096645,impostor
test,0,-84.89051484790215,impostor
test,0,-69.9977592399748,impostor
test,0,-62.51431826793603,impostor
test,0,-53.07813007215108,impostor
test,0,-58.32883453575596,impostor
test,0,-47.29757818225497,impostor
test,0,-55.217050923923644,impostor
test,0,-30.791965653195973,impostor
test,0,-36.4512445724424,impostor
test,0,-61.651417829623014,impostor
test,0,-73.59751984558144,impostor
test,0,-76.31572282532562,impostor
test,0,-83.74492133743779,impostor
test,0,-71.13770198667909,impostor
test,0,-49.449953915618615,impostor
test,0,-54.18057672864255,impostor
test,0,-57.62826952864998,impostor
test,0,-52.31651891178695,impostor
test,0,-44.01988500422099,impostor
test,0,-30.97668443043118,impostor
test,0,-50.60204785106158,impostor
test,0,-35.96251569826226,impostor
test,0,-28.243468493933417,impostor
test,0,-39.40008310675256,impostor
test,0,-64.86547981217639,impostor
test,0,-46.86135706888287,impostor
test,0,-53.82018632869124,impostor
test,0,-52.23187523645224,impostor
test,0,-59.10299826395101,impostor
test,0,-75.31113232704125,impostor
test,0,-67.16925238421899,impostor
test,0,-75.00696161427055,impostor
test,0,-103.81181959425984,impostor
test,0,-75.25904921466878,impostor
test,0,-85.6307335762464,impostor
test,0,-81.52821493926892,impostor
test,0,-64.93318812330118,impostor
test,0,-75.08964640029926,impostor
test,0,-51.83710218258144,impostor
test,0,-163.51390791976254,impostor
test,0,-120.86551468337618,impostor
test,0,-155.76631373671546,impostor
test,0,-62.570071353783085,impostor
test,0,-114.18830672524315,impostor
test,0,-123.22811737977786,impostor
test,0,-96.14444440492643,impostor
test,0,-128.88986017134377,impostor
test,0,-85.26931876296749,impostor
test,0,-49.90905648178349,impostor
test,0,-36.17286339634164,impostor
test,0,-47.498573273663574,impostor
test,0,-39.33633106021109,impostor
test,0,-42.874999831184745,impostor
test,0,-33.0738319866221,impostor
test,0,-301.10160468379127,impostor
test,0,-69.66419580985581,impostor
test,0,-44.99595111819942,impostor
test,0,-90.28833199577272,impostor
test,0,-37.72751265864122,impostor
test,0,-197.45286153272704,impostor
test,0,-81.59903837962281,impostor
test,0,-80.58571997294625,impostor
test,0,-66.62046397999615,impostor
test,0,-70.83678409103605,impostor
test,0,-107.20515687524849,impostor
test,0,-76.26484815478887,impostor
test,0,-83.68522781150985,impostor
test,0,-85.66012066369555,impostor
test,0,-68.94695807693405,impostor
test,0,-87.96159167400594,impostor
test,0,-93.95421960467971,impostor
test,0,-80.77545771449975,impostor
test,0,-81.14830258293968,impostor
test,0,-62.786520689283684,impostor
test,0,-65.68594357546768,impostor
test,0,-82.28282318320734,impostor
test,0,-47.40019226290994,impostor
test,0,-122.14902985180575,impostor
test,0,-50.82850955872222,impostor
test,0,-73.13771479553374,impostor
test,0,-63.117354132488266,impostor
test,0,-63.56565651858363,impostor
test,0,-64.23622896997858,impostor
test,0,-74.98522659824476,impostor
test,0,-47.331199152691184,impostor
test,0,-50.95403171300811,impostor
test,0,-44.734949754722344,impostor
test,0,-41.038420263956944,impostor
test,0,-52.92261179892863,impostor
test,0,-49.535505681612605,impostor
test,0,-42.4103940512232,impostor
test,0,-56.95146396413858,impostor
test,0,-44.12610489972946,impostor
test,0,-45.27379638617073,impostor
test,0,-117.72057920617056,impostor
test,0,-92.53360836870405,impostor
test,0,-70.64323749745161,impostor
test,0,-75.52510185687169,impostor
test,0,-71.4163546168495,impostor
test,0,-109.10762521063951,impostor
test,0,-157.4670982599954,impostor
test,0,-85.037159834802,impostor
test,0,-78.58909572720428,impostor
test,0,-69.36642944353599,impostor
test,0,-167.1930538381707,impostor
test,0,-102.99209596657926,impostor
test,0,-130.53816007727448,impostor
test,0,-114.48740752125177,impostor
test,0,-117.08690840990903,impostor
test,0,-122.53303176171741,impostor
test,0,-150.58354061264427,impostor
test,0,-112.01514058505289,impostor
test,0,-128.5405411165641,impostor
test,0,-114.5172391843688,impostor
test,0,-65.86697971383244,impostor
test,0,-42.30917751508932,impostor
test,0,-51.18048295019051,impostor
test,0,-46.2364435195717,impostor
test,0,-42.435089217166514,impostor
test,0,-43.4215249348865,impostor
test,0,-61.51094179136088,impostor
test,0,-45.84378644361616,impostor
test,0,-42.80728363294018,impostor
test,0,-40.29649854644939,impostor
test,0,-75.08083923877204,impostor
test,0,-56.132366264350914,impostor
test,0,-52.556772582467715,impostor
test,0,-39.393187379637034,impostor
test,0,-27.985987161954125,impostor
test,0,-106.07253243350766,impostor
test,0,-103.61715669881718,impostor
test,0,-42.219400559693405,impostor
test,0,-39.494999241646816,impostor
test,0,-41.65492581053563,impostor
test,0,-168.56781585340408,impostor
test,0,-143.67754094028865,impostor
test,0,-215.2299289187915,impostor
test,0,-133.7987881048664,impostor
test,0,-116.67984812974913,impostor
test,0,-39.489069024871156,impostor
test,0,-40.952535436807764,impostor
test,0,-37.55434021295175,impostor
test,0,-55.94498669218239,impostor
test,0,-46.04857791153243,impostor
test,0,-105.34853852950395,impostor
test,0,-77.11830647674513,impostor
test,0,-49.83930924828996,impostor
test,0,-38.57760631160302,impostor
test,0,-43.57432377408958,impostor
test,0,-130.66084898584705,impostor
test,0,-101.71441635966423,impostor
test,0,-88.59324560702798,impostor
test,0,-112.90366376190045,impostor
test,0,-70.47072002923908,impostor
test,0,-58.771132034658365,impostor
test,0,-87.30074468759368,impostor
test,0,-46.60671909606217,impostor
test,0,-51.18053928607033,impostor
test,0,-39.535612616198996,impostor
test,0,-61.59930010217167,impostor
test,0,-42.69151074619325,impostor
test,0,-46.14276342426136,impostor
test,0,-51.82002989113464,impostor
test,0,-74.73846636739302,impostor
test,0,-62.29771503173558,impostor
test,0,-61.69035782308757,impostor
test,0,-56.029931211790874,impostor
test,0,-53.99931725940719,impostor
test,0,-57.186532396140166,impostor
test,0,-87.29468173191994,impostor
test,0,-64.07634383331185,impostor
test,0,-60.28827322955169,impostor
test,0,-53.15944265906846,impostor
test,0,-49.9293784434541,impostor
test,1,-40.35391702027861,genuine
test,1,-33.60451887883771,genuine
test,1,-27.851805483394447,genuine
test,1,-21.41104870179225,genuine
test,1,-27.9890594104186,genuine
test,1,-23.198972857708,genuine
test,1,-23.906956634968385,genuine
test,1,-24.03709639803391,genuine
test,1,-30.69585177659731,genuine
test,1,-35.06835916122564,genuine
test,1,-40.33945884413643,genuine
test,1,-21.66544047173102,genuine
test,1,-23.324895788781884,genuine
test,1,-24.01549431860407,genuine
test,1,-27.00418379348759,genuine
test,1,-24.724054823082128,genuine
test,1,-19.087529256974413,genuine
test,1,-33.05252166295901,genuine
test,1,-26.83476870372807,genuine
test,1,-19.47382716673623,genuine
test,1,-24.31619048073718,genuine
test,1,-22.813537283417922,genuine
test,1,-21.371588438784624,genuine
test,1,-22.05709833691911,genuine
test,1,-25.60480701750152,genuine
test,1,-29.291302156940766,genuine
test,1,-31.53336645013233,genuine
test,1,-35.22858239517593,genuine
test,1,-40.14103342456541,genuine
test,1,-27.65309652584681,genuine
test,1,-26.262204430622702,genuine
test,1,-24.204914229728775,genuine
test,1,-27.257923000464025,genuine
test,1,-32.7793694731029,genuine
test,1,-28.82321057240572,genuine
test,1,-18.35361777782395,genuine
test,1,-34.06000758811809,genuine
test,1,-25.645595850696274,genuine
test,1,-27.91845899854523,genuine
test,1,-25.680617363739536,genuine
test,1,-20.73078429007933,genuine
test,1,-31.426752588977322,genuine
test,1,-20.34366018524219,genuine
test,1,-28.617183566895047,genuine
test,1,-20.293251022086515,genuine
test,1,-21.680565994073245,genuine
test,1,-36.84934534056306,genuine
test,1,-28.28865561794751,genuine
test,1,-20.35975987115333,genuine
test,1,-22.25878318000579,genuine
test,1,-28.126133133958838,genuine
test,1,-24.13119896882511,genuine
test,1,-24.51737408873805,genuine
test,1,-42.00116516478058,genuine
test,1,-28.44261067645105,genuine
test,1,-31.3265205163186,genuine
test,1,-26.31870914235381,genuine
test,1,-31.340496294788455,genuine
test,1,-23.697326934881076,genuine
test,1,-21.616392162260308,genuine
test,1,-23.664711567611636,genuine
test,1,-39.09783664912889,genuine
test,1,-27.407875491696725,genuine
test,1,-27.62539702924401,genuine
test,1,-29.522324908064164,genuine
test,1,-25.56073032119102,genuine
test,1,-23.075074026766966,genuine
test,1,-19.334679761851365,genuine
test,1,-23.01866162774282,genuine
test,1,-25.080942120664506,genuine
test,1,-18.113205697531992,genuine
test,1,-27.483920868819144,genuine
test,1,-29.813793436603454,genuine
test,1,-28.992386305916654,genuine
test,1,-28.896383259479357,genuine
test,1,-27.665788602433146,genuine
test,1,-31.08240821555648,genuine
test,1,-22.999530868387183,genuine
test,1,-32.3056512885615,genuine
test,1,-32.950112045185335,genuine
test,1,-28.783351976492092,genuine
test,1,-31.300923331457465,genuine
test,1,-26.086934496692393,genuine
test,1,-24.419616956540665,genuine
test,1,-41.188606879514744,genuine
test,1,-28.994032434146565,genuine
test,1,-25.657987669562512,genuine
test,1,-38.125105056689236,genuine
test,1,-40.492110502516425,genuine
test,1,-25.82724282924414,genuine
test,1,-23.962136023337223,genuine
test,1,-26.19856924185499,genuine
test,1,-27.76487598030425,genuine
test,1,-25.18478186725932,genuine
test,1,-24.667959995011145,genuine
test,1,-24.52811450313041,genuine
test,1,-35.33454865342096,genuine
test,1,-25.67654900406886,genuine
test,1,-44.19965301515701,genuine
test,1,-25.925491691114573,genuine
test,1,-33.31667929921127,genuine
test,1,-23.738159925685217,genuine
test,1,-32.436876736527935,genuine
test,1,-27.055133954772625,genuine
test,1,-26.141274212035697,genuine
test,1,-22.17415481933614,genuine
test,1,-26.94179032287004,genuine
test,1,-24.744915813630424,genuine
test,1,-32.797635071394566,genuine
test,1,-26.88242882814861,genuine
test,1,-26.182896459742683,genuine
test,1,-30.173302850326767,genuine
test,1,-22.851478641001506,genuine
test,1,-26.613284720541845,genuine
test,1,-23.99717963791188,genuine
test,1,-24.79028317598804,genuine
test,1,-30.080116257005884,genuine
test,1,-29.382161047380162,genuine
test,1,-26.299328256653848,genuine
test,1,-42.829595735808525,genuine
test,1,-26.65938081733659,genuine
test,1,-23.35248831352362,genuine
test,1,-36.46746568338837,genuine
test,1,-26.99927721323654,genuine
test,1,-30.02799808791516,genuine
test,1,-31.90312837250558,genuine
test,1,-27.694125737191836,genuine
test,1,-28.32131981071176,genuine
test,1,-41.826876313048786,genuine
test,1,-24.89350884694832,genuine
test,1,-27.883901424527334,genuine
test,1,-25.952818712358997,genuine
test,1,-27.2115322754602,genuine
test,1,-29.3619999284877,genuine
test,1,-24.18568443755916,genuine
test,1,-39.80021033458704,genuine
test,1,-25.345178376489788,genuine
test,1,-22.28195343897189,genuine
test,1,-21.547529649942085,genuine
test,1,-23.34203602545374,genuine
test,1,-30.98749667991751,genuine
test,1,-22.87882486184892,genuine
test,1,-25.393619614141517,genuine
test,1,-29.778572404844468,genuine
test,1,-22.418205210787146,genuine
test,1,-23.29802395572754,genuine
test,1,-23.09112893995262,genuine
test,1,-21.009020345350866,genuine
test,1,-30.582756883056565,genuine
test,1,-24.363356214476386,genuine
test,1,-41.582840509088015,genuine
test,1,-28.18016514991404,genuine
test,1,-31.5293144701322,genuine
test,1,-28.54042582173866,genuine
test,1,-36.6945905972718,genuine
test,1,-32.21614276499977,genuine
test,1,-34.751606725216995,genuine
test,1,-34.017061073564825,genuine
test,1,-31.856387983880534,genuine
test,1,-31.740120410132555,genuine
test,1,-27.549918273200575,genuine
test,1,-29.855723022589732,genuine
test,1,-32.04556568686966,genuine
test,1,-25.792572657925408,genuine
test,1,-27.790123546537732,genuine
test,1,-26.69364855818651,genuine
test,1,-28.893776570055483,genuine
test,1,-31.22716525216397,genuine
test,1,-28.667697921370827,genuine
test,1,-44.11484548662325,genuine
test,1,-28.930639733717364,genuine
test,1,-28.7119254690112,genuine
test,1,-32.77794790100419,genuine
test,1,-46.725738550888074,genuine
test,1,-27.78592758922641,genuine
test,1,-28.61382483573167,genuine
test,1,-32.5542188125863,genuine
test,1,-32.91712098406125,genuine
test,1,-25.15371644507988,genuine
test,1,-24.173003538795353,genuine
test,1,-27.28857744463742,genuine
test,1,-25.424127884940056,genuine
test,1,-28.155043080528117,genuine
test,1,-30.298689943308716,genuine
test,1,-31.544436678029147,genuine
test,1,-30.748967617005462,genuine
test,1,-31.590480716059872,genuine
test,1,-41.57317542589371,genuine
test,1,-29.06565075842703,genuine
test,1,-26.68590822548694,genuine
test,1,-28.15842422051411,genuine
test,1,-28.72766170529549,genuine
test,1,-26.89867430663249,genuine
test,1,-25.384227818078887,genuine
test,1,-30.612771237891877,genuine
test,1,-22.20240448576254,genuine
test,1,-42.001003996307944,genuine
test,1,-31.647475511416303,genuine
test,1,-42.88837268398719,genuine
test,1,-36.28664712020476,genuine
test,0,-63.913882065103685,impostor
test,0,-84.23813874785488,impostor
test,0,-85.10253630567841,impostor
test,0,-57.84061809058604,impostor
test,0,-51.76517320608886,impostor
test,0,-127.8167861223092,impostor
test,0,-138.07787295224034,impostor
test,0,-109.85690352839333,impostor
test,0,-141.8221958985418,impostor
test,0,-126.38437747048827,impostor
test,0,-256.83655507675746,impostor
test,0,-241.06862417594346,impostor
test,0,-234.63482858083222,impostor
test,0,-251.37337669577678,impostor
test,0,-222.84333761382678,impostor
test,0,-84.81412160576255,impostor
test,0,-64.58158824660283,impostor
test,0,-98.56162392539494,impostor
test,0,-84.07859414338242,impostor
test,0,-70.07696824339683,impostor
test,0,-141.12073145984652,impostor
test,0,-133.75880176958228,impostor
test,0,-149.58770812700337,impostor
test,0,-66.89895388995181,impostor
test,0,-103.824372335595,impostor
test,0,-66.51925032487858,impostor
test,0,-63.4215752871798,impostor
test,0,-82.1096981132802,impostor
test,0,-59.76844039719676,impostor
test,0,-66.61311014151674,impostor
test,0,-358.20236861123794,impostor
test,0,-302.422776266011,impostor
test,0,-309.83811767328416,impostor
test,0,-337.19999967484983,impostor
test,0,-266.16658062144984,impostor
test,0,-417.33828752290407,impostor
test,0,-309.97613409668014,impostor
test,0,-280.25011316540184,impostor
test,0,-182.80352704594907,impostor
test,0,-304.77222065516565,impostor
test,0,-85.06996134028833,impostor
test,0,-81.24102671824717,impostor
test,0,-81.81524364474262,impostor
test,0,-78.7939288613585,impostor
test,0,-79.07081091116112,impostor
test,0,-376.1190530687013,impostor
test,0,-170.40760542594182,impostor
test,0,-156.2715300166125,impostor
test,0,-156.61439878177342,impostor
test,0,-129.98268117482553,impostor
test,0,-90.21233403515618,impostor
test,0,-91.79096068502639,impostor
test,0,-76.86158314722866,impostor
test,0,-76.53442723626182,impostor
test,0,-57.90914739605583,impostor
test,0,-192.57290345870265,impostor
test,0,-143.04012813580488,impostor
test,0,-152.57001904105925,impostor
test,0,-102.46745066949153,impostor
test,0,-95.58131704373326,impostor
test,0,-121.58251933531987,impostor
test,0,-83.18176086148512,impostor
test,0,-61.06490130487744,impostor
test,0,-62.76883210706478,impostor
test,0,-50.7194290517539,impostor
test,0,-274.8451348554685,impostor
test,0,-238.23451265772627,impostor
test,0,-194.98982845920818,impostor
test,0,-181.54852978648324,impostor
test,0,-199.9914286588802,impostor
test,0,-135.7760470608765,impostor
test,0,-109.80078637921217,impostor
test,0,-102.81675654266195,impostor
test,0,-72.7272621554362,impostor
test,0,-118.01546552525238,impostor
test,0,-89.67325811675718,impostor
test,0,-132.96657507988212,impostor
test,0,-115.06114525042184,impostor
test,0,-116.4538061743478,impostor
test,0,-84.76317676133212,impostor
test,0,-58.074880119771784,impostor
test,0,-58.27611876296619,impostor
test,0,-73.52102387176913,impostor
test,0,-48.57808494835791,impostor
test,0,-63.67150678395822,impostor
test,0,-43.319386967783906,impostor
test,0,-82.33809050605396,impostor
test,0,-78.6193631738548,impostor
test,0,-66.47764037166569,impostor
test,0,-53.106286120002764,impostor
test,0,-100.59303622104208,impostor
test,0,-89.01137147940962,impostor
test,0,-100.62961599178968,impostor
test,0,-78.65096707288042,impostor
test,0,-80.8357380960505,impostor
test,0,-66.92755752796973,impostor
test,0,-91.3786200614574,impostor
test,0,-66.59995523501865,impostor
test,0,-64.82429282392954,impostor
test,0,-75.78988914433563,impostor
test,0,-66.86138858567043,impostor
test,0,-62.33189596838786,impostor
test,0,-63.705935621299226,impostor
test,0,-52.08710785879208,impostor
test,0,-58.539793785833254,impostor
test,0,-52.13650098957635,impostor
test,0,-50.62134733072195,impostor
test,0,-43.91091466704483,impostor
test,0,-86.71566238570965,impostor
test,0,-62.673521198893845,impostor
test,0,-102.84200370990511,impostor
test,0,-101.68019585536365,impostor
test,0,-92.14921320077895,impostor
test,0,-80.39881706783896,impostor
test,0,-55.67370324962074,impostor
test,0,-256.2192522220187,impostor
test,0,-195.50409725630658,impostor
test,0,-227.04668609585363,impostor
test,0,-116.63264316395446,impostor
test,0,-177.8094780568312,impostor
test,0,-111.05600589115744,impostor
test,0,-90.58227099587215,impostor
test,0,-117.20841160938897,impostor
test,0,-92.24214727437402,impostor
test,0,-66.40942130249252,impostor
test,0,-59.95768164165389,impostor
test,0,-56.31080082590453,impostor
test,0,-50.12749114920818,impostor
test,0,-49.690026187091284,impostor
test,0,-46.97984708011642,impostor
test,0,-402.4236550059915,impostor
test,0,-94.37614753823551,impostor
test,0,-69.36897498103191,impostor
test,0,-192.27683907615784,impostor
test,0,-70.64189889917792,impostor
test,0,-170.53031517055098,impostor
test,0,-49.1177004747198,impostor
test,0,-53.72981895336832,impostor
test,0,-32.829941361354734,impostor
test,0,-32.671551561448055,impostor
test,0,-103.56274168156787,impostor
test,0,-91.44787109142958,impostor
test,0,-77.04407020122869,impostor
test,0,-92.52585664863037,impostor
test,0,-88.65848858364014,impostor
test,0,-146.41114269387154,impostor
test,0,-130.4454222861536,impostor
test,0,-114.4867601910896,impostor
test,0,-124.55074446237353,impostor
test,0,-109.37834182792575,impostor
test,0,-88.02822117998379,impostor
test,0,-81.50885811450513,impostor
test,0,-42.507934374331434,impostor
test,0,-106.46431606955589,impostor
test,0,-44.51134986128384,impostor
test,0,-62.639830275932404,impostor
test,0,-55.66605429484994,impostor
test,0,-53.40838353313533,impostor
test,0,-50.754392100659636,impostor
test,0,-55.034677788109136,impostor
test,0,-83.07800324072315,impostor
test,0,-78.77906741063241,impostor
test,0,-65.16707613326565,impostor
test,0,-65.80348520740672,impostor
test,0,-77.05319583464568,impostor
test,0,-62.982824154402394,impostor
test,0,-68.08183428046766,impostor
test,0,-76.96407129088648,impostor
test,0,-63.06377980850447,impostor
test,0,-66.50345489198341,impostor
test,0,-110.03914819298144,impostor
test,0,-52.29390101408388,impostor
test,0,-30.465371239787245,impostor
test,0,-65.41620656901021,impostor
test,0,-52.722029822187615,impostor
test,0,-138.93909853247155,impostor
test,0,-177.91839617747343,impostor
test,0,-101.8293244740333,impostor
test,0,-92.1974818671417,impostor
test,0,-86.6253892965024,impostor
test,0,-149.1528224377017,impostor
test,0,-74.05996661876745,impostor
test,0,-90.71090838058846,impostor
test,0,-97.609067326151,impostor
test,0,-82.45014193135222,impostor
test,0,-205.57140060789493,impostor
test,0,-93.22559519947227,impostor
test,0,-112.44388692875904,impostor
test,0,-98.66074832351732,impostor
test,0,-115.24190347761696,impostor
test,0,-69.66372173947669,impostor
test,0,-51.471814938234814,impostor
test,0,-75.94040320802341,impostor
test,0,-78.12172094602414,impostor
test,0,-65.76919631637773,impostor
test,0,-63.63631404133806,impostor
test,0,-82.34694866655667,impostor
test,0,-72.07451374272149,impostor
test,0,-59.212201369704914,impostor
test,0,-60.422333952552854,impostor
test,0,-127.69368238048729,impostor
test,0,-90.47309808512443,impostor
test,0,-94.30523247877382,impostor
test,0,-73.28447154787011,impostor
test,0,-69.67768950427657,impostor
test,0,-117.66302746811705,impostor
test,0,-107.02470256673311,impostor
test,0,-70.33017660802949,impostor
test,0,-52.76650946067313,impostor
test,0,-58.86444129318383,impostor
test,0,-155.33952753753985,impostor
test,0,-88.42350509552793,impostor
test,0,-205.1848234903643,impostor
test,0,-101.65269312750864,impostor
test,0,-89.77722744786615,impostor
test,0,-49.142817072168214,impostor
test,0,-46.82161619287727,impostor
test,0,-46.40010917359,impostor
test,0,-66.96147549332792,impostor
test,0,-48.03030749884702,impostor
test,0,-161.06425025526678,impostor
test,0,-111.51743511621719,impostor
test,0,-70.46469136115559,impostor
test,0,-62.99020386707397,impostor
test,0,-66.88209389940307,impostor
test,0,-158.9398481172123,impostor
test,0,-121.61796237551862,impostor
test,0,-135.82951199855435,impostor
test,0,-145.28267788947127,impostor
test,0,-100.3607437449873,impostor
test,0,-108.80324347835717,impostor
test,0,-144.50922320905107,impostor
test,0,-94.08095154259092,impostor
test,0,-107.63252158644647,impostor
test,0,-85.7468852082344,impostor
test,0,-55.140152938371344,impostor
test,0,-49.62870067234091,impostor
test,0,-37.87023708614224,impostor
test,0,-45.965973986067844,impostor
test,0,-46.30559799553666,impostor
test,0,-64.23346117688018,impostor
test,0,-53.28105213617926,impostor
test,0,-44.99262113197311,impostor
test,0,-49.905687520463914,impostor
test,0,-46.83391586959056,impostor
test,0,-109.48839081027499,impostor
test,0,-103.7584198753098,impostor
test,0,-89.56469940952779,impostor
test,0,-92.13011052964332,impostor
test,0,-73.3762917897731,impostor
test,1,-25.952882487746106,genuine
test,1,-14.650576073510338,genuine
test,1,-25.758396900085593,genuine
test,1,-34.30870572740585,genuine
test,1,-47.53948838692281,genuine
test,1,-27.872434382181254,genuine
test,1,-28.66808405334272,genuine
test,1,-20.75972072762295,genuine
test,1,-26.722803880759923,genuine
test,1,-29.364232283824638,genuine
test,1,-27.761114168822616,genuine
test,1,-38.84323863278125,genuine
test,1,-31.7273406374187,genuine
test,1,-38.03889091441789,genuine
test,1,-34.14182355567553,genuine
test,1,-26.983419998372014,genuine
test,1,-85.51248079546264,genuine
test,1,-48.392485922283186,genuine
test,1,-42.14686125155927,genuine
test,1,-26.81741598697489,genuine
test,1,-22.57630038022053,genuine
test,1,-22.26465486180207,genuine
test,1,-23.046134116171263,genuine
test,1,-25.41157234649604,genuine
test,1,-22.353506090396937,genuine
test,1,-33.68886389946052,genuine
test,1,-28.442510092312023,genuine
test,1,-22.43978260168387,genuine
test,1,-29.78429846525068,genuine
test,1,-87.26183577293006,genuine
test,1,-52.11153423744546,genuine
test,1,-21.9929970771089,genuine
test,1,-26.08612007666243,genuine
test,1,-26.487535220854493,genuine
test,1,-34.883200567582286,genuine
test,1,-35.896356197415614,genuine
test,1,-28.986746697815384,genuine
test,1,-36.406095885518205,genuine
test,1,-51.27015896590479,genuine
test,1,-32.81485384061513,genuine
test,1,-31.473811243751257,genuine
test,1,-26.177575179473713,genuine
test,1,-25.657779256588302,genuine
test,1,-48.84822716700861,genuine
test,1,-25.691860091007545,genuine
test,1,-43.08836806477987,genuine
test,1,-31.912620924398816,genuine
test,1,-61.00763293869946,genuine
test,1,-37.58911028989561,genuine
test,1,-23.469722265816703,genuine
test,1,-33.157578952809175,genuine
test,1,-26.553111864173868,genuine
test,1,-26.337448610147668,genuine
test,1,-32.4841130639628,genuine
test,1,-36.91233562235278,genuine
test,1,-34.90051750891749,genuine
test,1,-35.21505651031605,genuine
test,1,-36.33799470823769,genuine
test,1,-47.553639303733206,genuine
test,1,-28.451473513741018,genuine
test,1,-24.11675440161425,genuine
test,1,-33.579969358000426,genuine
test,1,-36.014045422186214,genuine
test,1,-34.692452891034904,genuine
test,1,-31.530234279067827,genuine
test,1,-51.40063516894278,genuine
test,1,-112.5646439153085,genuine
test,1,-30.09459175105686,genuine
test,1,-29.27371899585333,genuine
test,1,-34.156025871936556,genuine
test,1,-29.03555506832462,genuine
test,1,-64.54414801160192,genuine
test,1,-37.763060641080536,genuine
test,1,-36.596389831075754,genuine
test,1,-32.99711436606084,genuine
test,1,-30.699505862521047,genuine
test,1,-39.711948093636394,genuine
test,1,-62.66182443913809,genuine
test,1,-48.766188344965116,genuine
test,1,-35.744226667978666,genuine
test,1,-35.26099404991721,genuine
test,1,-28.337889516490513,genuine
test,1,-23.342130043310302,genuine
test,1,-33.0051474343386,genuine
test,1,-58.37634184624572,genuine
test,1,-50.90104843691303,genuine
test,1,-29.375106750497498,genuine
test,1,-24.95645570324588,genuine
test,1,-63.51873026849605,genuine
test,1,-34.66090883227043,genuine
test,1,-27.614527815177926,genuine
test,1,-28.284490753223178,genuine
test,1,-45.09833287432288,genuine
test,1,-31.89557910330383,genuine
test,1,-32.58022085163598,genuine
test,1,-109.25550481622633,genuine
test,1,-32.67908107736184,genuine
test,1,-57.37635731115725,genuine
test,1,-38.41042758259603,genuine
test,1,-43.392552317879314,genuine
test,1,-33.03737464571142,genuine
test,1,-31.631718929265748,genuine
test,1,-26.546009539601528,genuine
test,1,-22.56043298806464,genuine
test,1,-30.384824281354444,genuine
test,1,-39.88773689837046,genuine
test,1,-33.259878250001066,genuine
test,1,-25.259673316034807,genuine
test,1,-30.185778251672417,genuine
test,1,-30.59093788937376,genuine
test,1,-32.84801665522383,genuine
test,1,-48.85665894763738,genuine
test,1,-37.622970753654705,genuine
test,1,-31.09394485799257,genuine
test,1,-37.04007585522886,genuine
test,1,-20.14353414003419,genuine
test,1,-31.60191148552156,genuine
test,1,-30.85858382237003,genuine
test,1,-31.927160778048993,genuine
test,1,-34.33215036504145,genuine
test,1,-55.93155346305932,genuine
test,1,-58.80737343768361,genuine
test,1,-72.8933212606291,genuine
test,1,-36.370443764713826,genuine
test,1,-34.61071198937079,genuine
test,1,-26.73887603335775,genuine
test,1,-60.01690029404739,genuine
test,1,-59.16283049014723,genuine
test,1,-74.45527788569972,genuine
test,1,-26.591773441896922,genuine
test,1,-26.65243431909886,genuine
test,1,-49.336088964283114,genuine
test,1,-31.276441008917477,genuine
test,1,-24.051987362312545,genuine
test,1,-34.79280086837871,genuine
test,1,-35.4119507861591,genuine
test,1,-24.38698243779732,genuine
test,1,-36.94771825128891,genuine
test,1,-55.458452824461865,genuine
test,1,-23.633565555640573,genuine
test,1,-26.309927609080987,genuine
test,1,-25.486422828245324,genuine
test,1,-35.96349626674993,genuine
test,1,-39.86484569617744,genuine
test,1,-24.93879324519721,genuine
test,1,-34.122841897120196,genuine
test,1,-36.32188089994067,genuine
test,1,-30.024596696175934,genuine
test,1,-40.320719341870344,genuine
test,1,-34.91135148174663,genuine
test,1,-36.54441417875691,genuine
test,1,-34.83576201519171,genuine
test,1,-37.84700315840345,genuine
test,1,-27.04918805730983,genuine
test,1,-28.87102867509803,genuine
test,1,-25.69059988855432,genuine
test,1,-38.448288067657444,genuine
test,1,-31.6236636386414,genuine
test,1,-31.385699127942132,genuine
test,1,-39.96638591355928,genuine
test,1,-37.53062476045794,genuine
test,1,-71.60155297993047,genuine
test,1,-41.21974042089628,genuine
test,1,-28.138927429112186,genuine
test,1,-45.28998883197021,genuine
test,1,-33.46922018580943,genuine
test,1,-50.621701954567584,genuine
test,1,-39.810776460944496,genuine
test,1,-38.40982315555067,genuine
test,1,-28.66711392657441,genuine
test,1,-38.18980043558542,genuine
test,1,-38.263518956447705,genuine
test,1,-31.32862941909219,genuine
test,1,-28.608252450581453,genuine
test,1,-39.17635286689874,genuine
test,1,-45.80673113796825,genuine
test,1,-51.049942736255424,genuine
test,1,-39.98675840510201,genuine
test,1,-43.4279006973535,genuine
test,1,-61.89803360156128,genuine
test,1,-40.06978677050667,genuine
test,1,-43.29650135477951,genuine
test,1,-47.190049195838,genuine
test,1,-36.03358028093737,genuine
test,1,-44.77321028076681,genuine
test,1,-41.231474276208246,genuine
test,1,-46.737844427349685,genuine
test,1,-31.25738847148928,genuine
test,1,-35.237801015636215,genuine
test,1,-26.346369486277194,genuine
test,1,-29.895634292045823,genuine
test,1,-64.09770803546138,genuine
test,1,-53.60137761361484,genuine
test,1,-57.8112239650036,genuine
test,1,-40.46476751742105,genuine
test,1,-38.25317553957437,genuine
test,1,-43.60940402169383,genuine
test,1,-37.888684345631255,genuine
test,1,-71.15428148370607,genuine
test,1,-46.29336754911742,genuine
test,0,-94.62975509332199,impostor
test,0,-108.05511376053566,impostor
test,0,-141.16224689953447,impostor
test,0,-75.96319692997031,impostor
test,0,-76.62554443144275,impostor
test,0,-237.65152521676634,impostor
test,0,-214.25189012346718,impostor
test,0,-195.056033668572,impostor
test,0,-256.6427122243376,impostor
test,0,-214.4661437715628,impostor
test,0,-408.01189098114054,impostor
test,0,-386.3642044459189,impostor
test,0,-331.4274089808678,impostor
test,0,-356.2210990000596,impostor
test,0,-296.9133723645476,impostor
test,0,-91.38827860337071,impostor
test,0,-75.80510271731696,impostor
test,0,-155.1794885932653,impostor
test,0,-83.4788735212308,impostor
test,0,-81.55426107231649,impostor
test,0,-153.21991739484878,impostor
test,0,-161.36596414824407,impostor
test,0,-223.2705871052634,impostor
test,0,-70.06748686289237,impostor
test,0,-106.74035813288313,impostor
test,0,-57.99549664650121,impostor
test,0,-52.52437645944865,impostor
test,0,-121.78488948229094,impostor
test,0,-45.26274780078348,impostor
test,0,-81.56903866574702,impostor
test,0,-509.9117380450543,impostor
test,0,-439.36091854347063,impostor
test,0,-522.417007512618,impostor
test,0,-506.73153302567675,impostor
test,0,-382.7913560145874,impostor
test,0,-739.0483828286679,impostor
test,0,-542.640799163419,impostor
test,0,-482.54129999714877,impostor
test,0,-296.93131084047263,impostor
test,0,-508.81600022783977,impostor
test,0,-103.44224308470422,impostor
test,0,-92.36815919050176,impostor
test,0,-100.39078283826503,impostor
test,0,-102.73456118364506,impostor
test,0,-95.79329740184006,impostor
test,0,-660.4896749736185,impostor
test,0,-271.67816577519324,impostor
test,0,-255.4896661000995,impostor
test,0,-217.18824715366222,impostor
test,0,-194.73319132771374,impostor
test,0,-131.6913976735551,impostor
test,0,-130.4937144741691,impostor
test,0,-100.48581265777318,impostor
test,0,-86.22336438694072,impostor
test,0,-68.42621396827559,impostor
test,0,-335.4652563177134,impostor
test,0,-265.84923807234105,impostor
test,0,-308.0067079087361,impostor
test,0,-216.2123416453983,impostor
test,0,-184.09181317165775,impostor
test,0,-164.84436224902092,impostor
test,0,-130.38730960873798,impostor
test,0,-94.82754580625877,impostor
test,0,-85.2084408987314,impostor
test,0,-67.51284558639922,impostor
test,0,-401.64553668735584,impostor
test,0,-369.9409620371671,impostor
test,0,-288.5408215345827,impostor
test,0,-273.6254910182411,impostor
test,0,-306.26618561392195,impostor
test,0,-230.72422713758706,impostor
test,0,-185.71941743669944,impostor
test,0,-166.14394801838282,impostor
test,0,-100.57677453008687,impostor
test,0,-175.93012031555824,impostor
test,0,-102.1113097230671,impostor
test,0,-196.05939897131734,impostor
test,0,-152.71720900454767,impostor
test,0,-160.55187679685747,impostor
test,0,-108.53863252993955,impostor
test,0,-64.60405958789774,impostor
test,0,-71.07817865699977,impostor
test,0,-87.34244363226003,impostor
test,0,-52.93637413467275,impostor
test,0,-64.45156446026326,impostor
test,0,-77.09405424666394,impostor
test,0,-116.10162463805085,impostor
test,0,-151.7788542626343,impostor
test,0,-132.25314011310135,impostor
test,0,-99.45545865304716,impostor
test,0,-110.06064621420404,impostor
test,0,-111.72519986331756,impostor
test,0,-100.61218567021886,impostor
test,0,-71.97572654947173,impostor
test,0,-84.93863516945768,impostor
test,0,-54.29225447138554,impostor
test,0,-92.2526092753022,impostor
test,0,-61.98248350238872,impostor
test,0,-46.53318630366983,impostor
test,0,-83.17313547133733,impostor
test,0,-79.79589541747599,impostor
test,0,-52.83030031529313,impostor
test,0,-61.27154438566839,impostor
test,0,-49.638239129168234,impostor
test,0,-65.34945800280182,impostor
test,0,-129.52730351711097,impostor
test,0,-123.68504367709858,impostor
test,0,-127.04485071088236,impostor
test,0,-209.8468017657392,impostor
test,0,-120.47422475791318,impostor
test,0,-150.58209341996596,impostor
test,0,-168.74655341987548,impostor
test,0,-108.46211628925349,impostor
test,0,-138.21162497093502,impostor
test,0,-93.93627461110667,impostor
test,0,-351.2203930687195,impostor
test,0,-244.7074747113659,impostor
test,0,-373.7838994097885,impostor
test,0,-143.39286974488613,impostor
test,0,-246.5063386107471,impostor
test,0,-221.31287534543858,impostor
test,0,-186.52249896589578,impostor
test,0,-204.99177378531277,impostor
test,0,-182.39231392646096,impostor
test,0,-97.43858993817777,impostor
test,0,-77.58974194585952,impostor
test,0,-63.89068890949302,impostor
test,0,-40.31168249633451,impostor
test,0,-32.11154546685259,impostor
test,0,-26.58649764625526,impostor
test,0,-725.1747140907687,impostor
test,0,-113.03813345087195,impostor
test,0,-96.15628658159635,impostor
test,0,-227.93845170979552,impostor
test,0,-88.4575928515028,impostor
test,0,-347.6788879177421,impostor
test,0,-116.81128221831104,impostor
test,0,-110.62386692441906,impostor
test,0,-81.9941492011747,impostor
test,0,-73.29512686185507,impostor
test,0,-196.64499374796114,impostor
test,0,-141.25311450090246,impostor
test,0,-142.29160496135242,impostor
test,0,-157.29679246590018,impostor
test,0,-132.14873693264187,impostor
test,0,-204.16784310222098,impostor
test,0,-250.90765112860657,impostor
test,0,-171.28555499228764,impostor
test,0,-187.82916173661545,impostor
test,0,-141.96577467474526,impostor
test,0,-133.3936882058796,impostor
test,0,-122.38855494196804,impostor
test,0,-64.27661524384725,impostor
test,0,-163.1847712760709,impostor
test,0,-70.6618629844514,impostor
test,0,-94.52448100348096,impostor
test,0,-67.45767785154104,impostor
test,0,-69.94128166180136,impostor
test,0,-58.47550271306631,impostor
test,0,-82.07941171999572,impostor
test,0,-91.41970375855396,impostor
test,0,-91.71226126431421,impostor
test,0,-69.97940177369124,impostor
test,0,-66.67166454348767,impostor
test,0,-70.81912069127505,impostor
test,0,-76.24602973204323,impostor
test,0,-89.66345005393279,impostor
test,0,-108.45667780240284,impostor
test,0,-62.097367498186564,impostor
test,0,-66.68878236152948,impostor
test,0,-234.96052586910594,impostor
test,0,-147.8499860620102,impostor
test,0,-91.63347713656616,impostor
test,0,-117.66515802478139,impostor
test,0,-111.16455464551032,impostor
test,0,-211.85763327486174,impostor
test,0,-292.5241951527923,impostor
test,0,-156.75602040665703,impostor
test,0,-149.21831319341385,impostor
test,0,-120.81148474158238,impostor
test,0,-316.8717967041631,impostor
test,0,-188.10086638960328,impostor
test,0,-235.42089953994972,impostor
test,0,-226.43341614461974,impostor
test,0,-211.55150162936735,impostor
test,0,-295.27602813301854,impostor
test,0,-96.50065555734594,impostor
test,0,-146.46553852361015,impostor
test,0,-97.55220777193372,impostor
test,0,-168.49741543159254,impostor
test,0,-191.42856760730746,impostor
test,0,-201.7579271044209,impostor
test,0,-168.52344708978816,impostor
test,0,-194.7579136191909,impostor
test,0,-181.33753001541206,impostor
test,0,-62.15742114287737,impostor
test,0,-91.90994524305438,impostor
test,0,-86.3141842879143,impostor
test,0,-58.23184074397931,impostor
test,0,-46.3642078016427,impostor
test,0,-178.73429779517681,impostor
test,0,-141.58950281338502,impostor
test,0,-136.06788299388052,impostor
test,0,-100.29637732835486,impostor
test,0,-82.61471780855834,impostor
test,0,-156.9152690188906,impostor
test,0,-140.80010762671245,impostor
test,0,-77.17348528512537,impostor
test,0,-78.95359816140068,impostor
test,0,-79.47384288343049,impostor
test,0,-242.0453941476013,impostor
test,0,-178.63949800161012,impostor
test,0,-399.56703398531397,impostor
test,0,-214.40914982833579,impostor
test,0,-188.9999916340227,impostor
test,0,-47.519256783502875,impostor
test,0,-51.10265656188073,impostor
test,0,-35.314910188094544,impostor
test,0,-77.63908040081795,impostor
test,0,-41.13667242341408,impostor
test,0,-240.91047822264719,impostor
test,0,-169.32976423934693,impostor
test,0,-98.3646237774663,impostor
test,0,-74.8003055506425,impostor
test,0,-65.51677923787773,impostor
test,0,-289.81557479062377,impostor
test,0,-220.9105487805357,impostor
test,0,-225.34340898169273,impostor
test,0,-241.66568002317226,impostor
test,0,-163.43208023505173,impostor
test,0,-130.18465351084149,impostor
test,0,-229.21511194552002,impostor
test,0,-118.73651151124453,impostor
test,0,-128.02727466601843,impostor
test,0,-105.98041563940228,impostor
test,0,-103.30998207591315,impostor
test,0,-78.98008826264606,impostor
test,0,-65.08163612187802,impostor
test,0,-87.98057404827118,impostor
test,0,-103.05286303725102,impostor
test,0,-88.5899791407101,impostor
test,0,-81.40179089926863,impostor
test,0,-61.7899612546387,impostor
test,0,-83.07226679001236,impostor
test,0,-62.73858363845412,impostor
test,0,-133.29101249067867,impostor
test,0,-127.89107586424787,impostor
test,0,-125.6269025141322,impostor
test,0,-104.49139710240188,impostor
test,0,-89.37936136820967,impostor
test,1,-68.8891057404355,genuine
test,1,-30.96971690419847,genuine
test,1,-31.318458641311555,genuine
test,1,-32.74591168347324,genuine
test,1,-30.26681226154353,genuine
test,1,-31.275383565903546,genuine
test,1,-25.969641133462538,genuine
test,1,-29.22236010265369,genuine
test,1,-32.96568722219592,genuine
test,1,-25.189249164126885,genuine
test,1,-26.648475411334836,genuine
test,1,-28.073777797292017,genuine
test,1,-35.33106816262819,genuine
test,1,-37.289839124869474,genuine
test,1,-30.40958212019883,genuine
test,1,-30.298377332153827,genuine
test,1,-27.215373057407696,genuine
test,1,-36.60341347938565,genuine
test,1,-29.535941239102183,genuine
test,1,-33.6519334245238,genuine
test,1,-30.702828172365344,genuine
test,1,-30.33887113130291,genuine
test,1,-40.18904433848038,genuine
test,1,-32.157638981551834,genuine
test,1,-37.42072145539275,genuine
test,1,-38.70874897201429,genuine
test,1,-32.43520286817032,genuine
test,1,-25.46449117208849,genuine
test,1,-32.34955669358095,genuine
test,1,-39.980929881083306,genuine
test,1,-51.58212994148866,genuine
test,1,-34.80214162237694,genuine
test,1,-34.96336458866894,genuine
test,1,-38.162053860074906,genuine
test,1,-30.472981349606403,genuine
test,1,-28.324590217193347,genuine
test,1,-34.185040274964614,genuine
test,1,-30.642817905731558,genuine
test,1,-49.27586870756863,genuine
test,1,-32.14242068275779,genuine
test,1,-30.539042322707495,genuine
test,1,-34.560947362576144,genuine
test,1,-27.714678846310257,genuine
test,1,-56.98810079623293,genuine
test,1,-40.04090731927396,genuine
test,1,-31.17033664600584,genuine
test,1,-30.89545503971398,genuine
test,1,-24.239350709418773,genuine
test,1,-27.802307650276738,genuine
test,1,-33.522914261868664,genuine
test,1,-30.757451272718946,genuine
test,1,-30.701735736640735,genuine
test,1,-31.068601813711442,genuine
test,1,-29.330688015838117,genuine
test,1,-38.7104391064268,genuine
test,1,-34.972717123333474,genuine
test,1,-32.77230512893666,genuine
test,1,-30.442160121900258,genuine
test,1,-27.31041958351256,genuine
test,1,-33.129873855669054,genuine
test,1,-27.695331064123927,genuine
test,1,-32.448730812942124,genuine
test,1,-31.308273819076813,genuine
test,1,-27.873425250331657,genuine
test,1,-33.93345433704069,genuine
test,1,-28.780812624244238,genuine
test,1,-29.61018849966666,genuine
test,1,-36.927385906873006,genuine
test,1,-29.93257254324579,genuine
test,1,-28.010862276516594,genuine
test,1,-35.87570450710161,genuine
test,1,-30.235235934794485,genuine
test,1,-53.16076785861606,genuine
test,1,-32.83623757799092,genuine
test,1,-25.037941177290616,genuine
test,1,-28.64661666576773,genuine
test,1,-42.88470957012805,genuine
test,1,-30.6067854056152,genuine
test,1,-26.534342259207417,genuine
test,1,-27.848194344602422,genuine
test,1,-34.881580787258144,genuine
test,1,-28.579615990803987,genuine
test,1,-23.396663863695025,genuine
test,1,-25.272781005051755,genuine
test,1,-30.191185401285264,genuine
test,1,-28.100621322335552,genuine
test,1,-27.69414826830455,genuine
test,1,-24.784327592096762,genuine
test,1,-31.957022390747582,genuine
test,1,-24.130279171303034,genuine
test,1,-24.01256941183944,genuine
test,1,-35.19032288492765,genuine
test,1,-28.67060576859354,genuine
test,1,-24.96830537397168,genuine
test,1,-33.31575898493132,genuine
test,1,-29.912027323736652,genuine
test,1,-35.098049786711286,genuine
test,1,-29.628344513097115,genuine
test,1,-32.37474619821993,genuine
test,1,-52.37152779912671,genuine
test,1,-28.462624477026402,genuine
test,1,-29.60407831060003,genuine
test,1,-28.864269825336393,genuine
test,1,-26.63636189951352,genuine
test,1,-29.43998150010534,genuine
test,1,-25.923886024062057,genuine
test,1,-30.83603795526724,genuine
test,1,-23.546885631492078,genuine
test,1,-28.935514977355695,genuine
test,1,-28.319033562722854,genuine
test,1,-25.314354295204687,genuine
test,1,-31.307390830253052,genuine
test,1,-38.19371301600688,genuine
test,1,-34.21614224453396,genuine
test,1,-66.90528975166667,genuine
test,1,-28.57761247409935,genuine
test,1,-39.823980767681334,genuine
test,1,-44.933833261680654,genuine
test,1,-39.55451720653596,genuine
test,1,-38.143576698129344,genuine
test,1,-38.02643399859577,genuine
test,1,-36.46292048410849,genuine
test,1,-24.80010190767956,genuine
test,1,-33.558575309668704,genuine
test,1,-29.19453860504568,genuine
test,1,-32.740388328191585,genuine
test,1,-32.937183247369056,genuine
test,1,-36.228709101864084,genuine
test,1,-35.90995066561336,genuine
test,1,-35.63495344178148,genuine
test,1,-32.63877285113464,genuine
test,1,-36.88036515478737,genuine
test,1,-28.945653143113734,genuine
test,1,-51.20056587978817,genuine
test,1,-41.624584503668345,genuine
test,1,-27.77697047426563,genuine
test,1,-30.914469203695003,genuine
test,1,-33.04387042349674,genuine
test,1,-38.390775933250964,genuine
test,1,-44.73469232782426,genuine
test,1,-37.13269749620106,genuine
test,1,-39.135205183993854,genuine
test,1,-37.019627304744,genuine
test,1,-32.57543459990545,genuine
test,1,-37.44277844798793,genuine
test,1,-27.387641802746867,genuine
test,1,-33.63951854603165,genuine
test,1,-25.25732653184754,genuine
test,1,-27.689184808566544,genuine
test,1,-45.21414703672006,genuine
test,1,-34.527589272238316,genuine
test,1,-32.932597205974986,genuine
test,1,-33.69445670067733,genuine
test,1,-33.227087120975405,genuine
test,1,-31.698934388389457,genuine
test,1,-33.285898129439296,genuine
test,1,-36.73492948854323,genuine
test,1,-32.68668454612054,genuine
test,1,-33.28633335927762,genuine
test,1,-27.55631529054077,genuine
test,1,-29.868773991512686,genuine
test,1,-36.81075619036595,genuine
test,1,-33.63459453460992,genuine
test,1,-32.15917169044728,genuine
test,1,-28.061385358672027,genuine
test,1,-37.76233738112799,genuine
test,1,-35.10732788491226,genuine
test,1,-28.249572943008452,genuine
test,1,-23.91210837111958,genuine
test,1,-27.960200302747495,genuine
test,1,-33.5144650174429,genuine
test,1,-27.549427067059504,genuine
test,1,-35.786936142300064,genuine
test,1,-35.34601487557092,genuine
test,1,-26.08505753945782,genuine
test,1,-29.638770350306544,genuine
test,1,-35.63113683265939,genuine
test,1,-38.01077314885915,genuine
test,1,-37.22238863780779,genuine
test,1,-40.12825144788283,genuine
test,1,-34.62148692902411,genuine
test,1,-26.045913012479733,genuine
test,1,-25.897263398982183,genuine
test,1,-27.477508439344987,genuine
test,1,-28.99999042145682,genuine
test,1,-32.99495486237212,genuine
test,1,-35.81875718802906,genuine
test,1,-34.57803397004431,genuine
test,1,-31.290242415160293,genuine
test,1,-32.949450358935415,genuine
test,1,-35.00595607242382,genuine
test,1,-39.239563375638205,genuine
test,1,-35.302052356990316,genuine
test,1,-32.91004480763114,genuine
test,1,-41.55857125054879,genuine
test,1,-29.553621713305944,genuine
test,1,-49.615880480955624,genuine
test,1,-35.97309196838338,genuine
test,1,-37.877763340704476,genuine
test,1,-42.10234805731075,genuine
test,0,-94.08224644954961,impostor
test,0,-125.0760537681738,impostor
test,0,-119.93648877830911,impostor
test,0,-103.96126721909016,impostor
test,0,-85.95154548990604,impostor
test,0,-226.80804199634417,impostor
test,0,-208.51983482392734,impostor
test,0,-186.4852256058552,impostor
test,0,-221.7472313045599,impostor
test,0,-214.60246969664675,impostor
test,0,-402.9709494751231,impostor
test,0,-333.66990799200056,impostor
test,0,-320.8374485035419,impostor
test,0,-325.7720184666319,impostor
test,0,-296.04103267717824,impostor
test,0,-97.9009922180708,impostor
test,0,-78.8255152772059,impostor
test,0,-139.0233719212716,impostor
test,0,-98.08063192393683,impostor
test,0,-77.40323683306546,impostor
test,0,-178.37230246766492,impostor
test,0,-213.87367166900796,impostor
test,0,-241.7723130094029,impostor
test,0,-79.27904034070268,impostor
test,0,-126.21848855858426,impostor
test,0,-57.59292838453657,impostor
test,0,-64.74690140449408,impostor
test,0,-104.9650182325914,impostor
test,0,-57.63959974452382,impostor
test,0,-61.04582963997582,impostor
test,0,-499.25912108635833,impostor
test,0,-436.0366572525831,impostor
test,0,-458.3646326147181,impostor
test,0,-475.6536171859469,impostor
test,0,-373.9483320500637,impostor
test,0,-682.2564806020556,impostor
test,0,-531.3089391950593,impostor
test,0,-549.167234904016,impostor
test,0,-308.1875087937655,impostor
test,0,-533.7315703304014,impostor
test,0,-102.60655176947952,impostor
test,0,-111.07222746927992,impostor
test,0,-119.9273956037364,impostor
test,0,-108.60241263850995,impostor
test,0,-89.8499754382267,impostor
test,0,-535.8306367165824,impostor
test,0,-251.71085524542016,impostor
test,0,-200.3327907732813,impostor
test,0,-198.8401346714894,impostor
test,0,-201.10945674972393,impostor
test,0,-120.94807095544832,impostor
test,0,-99.98406349841169,impostor
test,0,-101.71297088059674,impostor
test,0,-104.86142429667609,impostor
test,0,-54.07150140269691,impostor
test,0,-339.4126129135543,impostor
test,0,-259.4178739201666,impostor
test,0,-293.84141504363805,impostor
test,0,-193.41303657871586,impostor
test,0,-161.5849841215013,impostor
test,0,-163.12285030946902,impostor
test,0,-119.61500627928075,impostor
test,0,-96.88432721596996,impostor
test,0,-90.9655401927052,impostor
test,0,-73.07198337192483,impostor
test,0,-316.65934213171784,impostor
test,0,-272.3338252948544,impostor
test,0,-229.32567689712988,impostor
test,0,-201.06656418848306,impostor
test,0,-261.47135517973106,impostor
test,0,-201.03152554689774,impostor
test,0,-160.0345394564523,impostor
test,0,-139.28835741238564,impostor
test,0,-84.9411472901649,impostor
test,0,-182.70893220052352,impostor
test,0,-99.29419981446605,impostor
test,0,-185.14854629900745,impostor
test,0,-150.82882365585272,impostor
test,0,-132.8506214729578,impostor
test,0,-86.6077885723443,impostor
test,0,-68.46201605767206,impostor
test,0,-64.60049306089412,impostor
test,0,-89.97622772478252,impostor
test,0,-52.02536992390703,impostor
test,0,-53.52091249333253,impostor
test,0,-95.29396175874727,impostor
test,0,-141.91044533612956,impostor
test,0,-153.08549864445177,impostor
test,0,-148.0198172692618,impostor
test,0,-113.10391308626943,impostor
test,0,-113.76066690994008,impostor
test,0,-92.19217816329827,impostor
test,0,-111.4106115060745,impostor
test,0,-85.03019262022536,impostor
test,0,-83.29100451268796,impostor
test,0,-50.6362055536805,impostor
test,0,-106.01094058588515,impostor
test,0,-50.104787019636326,impostor
test,0,-58.38858247954634,impostor
test,0,-72.87026397551726,impostor
test,0,-71.38162380746837,impostor
test,0,-56.62148830153286,impostor
test,0,-57.663585948456124,impostor
test,0,-43.72010751077329,impostor
test,0,-57.450468174520594,impostor
test,0,-127.454880516869,impostor
test,0,-124.43924193366945,impostor
test,0,-141.8957992057435,impostor
test,0,-187.17802355873337,impostor
test,0,-141.1241320662716,impostor
test,0,-169.04262156925878,impostor
test,0,-146.15604137550736,impostor
test,0,-137.1371835194574,impostor
test,0,-173.38058028561883,impostor
test,0,-90.90467864649118,impostor
test,0,-302.0734333688873,impostor
test,0,-272.1847796812008,impostor
test,0,-338.7747857133538,impostor
test,0,-145.55333976109918,impostor
test,0,-263.2888884228293,impostor
test,0,-201.8192570730639,impostor
test,0,-162.10164172004724,impostor
test,0,-201.7280894480213,impostor
test,0,-152.26940911922685,impostor
test,0,-95.29432967528226,impostor
test,0,-71.1697407670589,impostor
test,0,-82.20782536336525,impostor
test,0,-55.05424884486461,impostor
test,0,-49.19442287440283,impostor
test,0,-42.15646810433286,impostor
test,0,-512.8035230049605,impostor
test,0,-117.0087651448025,impostor
test,0,-92.69794643168882,impostor
test,0,-248.02052812070758,impostor
test,0,-100.10899842549563,impostor
test,0,-278.20377738640474,impostor
test,0,-131.85076537147233,impostor
test,0,-122.01612847514124,impostor
test,0,-92.47687842791439,impostor
test,0,-99.83060135664141,impostor
test,0,-217.76344761948096,impostor
test,0,-153.4772989245472,impostor
test,0,-155.31507931225838,impostor
test,0,-166.68534750841215,impostor
test,0,-141.05117494499805,impostor
test,0,-211.13024977361118,impostor
test,0,-208.49707632658018,impostor
test,0,-173.88734601050854,impostor
test,0,-183.23700837209185,impostor
test,0,-147.77584919941717,impostor
test,0,-148.61496812237493,impostor
test,0,-132.10479892208193,impostor
test,0,-77.49565961390915,impostor
test,0,-145.82548824667722,impostor
test,0,-75.12395412026348,impostor
test,0,-120.99115998471221,impostor
test,0,-84.36522857262321,impostor
test,0,-87.94353749822284,impostor
test,0,-77.03472295592256,impostor
test,0,-98.56253782289936,impostor
test,0,-90.44529659449795,impostor
test,0,-89.77121979204438,impostor
test,0,-57.51009232716257,impostor
test,0,-67.85415098689943,impostor
test,0,-94.82227149484814,impostor
test,0,-92.43503822548338,impostor
test,0,-92.09555439528746,impostor
test,0,-99.49672397263798,impostor
test,0,-76.91886774474568,impostor
test,0,-80.2927747482985,impostor
test,0,-208.46488164930307,impostor
test,0,-149.10336258772014,impostor
test,0,-98.00922300150702,impostor
test,0,-116.43997440475022,impostor
test,0,-113.57011416470911,impostor
test,0,-208.34411607007516,impostor
test,0,-303.87595396701744,impostor
test,0,-176.57236659329186,impostor
test,0,-168.87845062296807,impostor
test,0,-120.42052634213991,impostor
test,0,-336.33280052597456,impostor
test,0,-212.72146463015693,impostor
test,0,-238.88674205574142,impostor
test,0,-221.96006179081746,impostor
test,0,-221.81866926709534,impostor
test,0,-298.2399051922555,impostor
test,0,-110.19252774196427,impostor
test,0,-153.1524733758954,impostor
test,0,-123.08520556476971,impostor
test,0,-145.52940484776536,impostor
test,0,-198.11870716408956,impostor
test,0,-218.90478653858537,impostor
test,0,-180.3269639231123,impostor
test,0,-208.1119455464445,impostor
test,0,-193.18585796254206,impostor
test,0,-91.84734502781112,impostor
test,0,-48.8180184626037,impostor
test,0,-82.2898069062043,impostor
test,0,-88.52645965213206,impostor
test,0,-82.49485693998624,impostor
test,0,-182.48161350922967,impostor
test,0,-133.82527244142753,impostor
test,0,-127.77008271975592,impostor
test,0,-97.75143940416736,impostor
test,0,-91.62339868774606,impostor
test,0,-175.52749577699618,impostor
test,0,-147.82566837554268,impostor
test,0,-74.59450280243344,impostor
test,0,-88.36495301027634,impostor
test,0,-93.72141120317652,impostor
test,0,-263.4760935059299,impostor
test,0,-230.398315822963,impostor
test,0,-409.5685007104276,impostor
test,0,-242.57339386339407,impostor
test,0,-206.43701472281194,impostor
test,0,-54.96868989224558,impostor
test,0,-67.5757286749708,impostor
test,0,-59.50988813807194,impostor
test,0,-108.32565293945353,impostor
test,0,-60.73231230622274,impostor
test,0,-219.89419955977408,impostor
test,0,-131.93208249389738,impostor
test,0,-86.99757467457958,impostor
test,0,-57.42726082622815,impostor
test,0,-52.343918224264996,impostor
test,0,-271.8314226943529,impostor
test,0,-200.83220127027494,impostor
test,0,-213.1560220686031,impostor
test,0,-239.01603964710998,impostor
test,0,-153.59148053654002,impostor
test,0,-116.38660127475734,impostor
test,0,-191.41636974232486,impostor
test,0,-108.28151876538772,impostor
test,0,-122.13608004153957,impostor
test,0,-94.64239679227371,impostor
test,0,-113.49021418326998,impostor
test,0,-84.47904772732099,impostor
test,0,-83.24940672866646,impostor
test,0,-100.8844114448279,impostor
test,0,-142.94274607227948,impostor
test,0,-102.01560834833766,impostor
test,0,-84.07794707957464,impostor
test,0,-68.52203665705535,impostor
test,0,-79.27432132973654,impostor
test,0,-84.40783207312106,impostor
test,0,-130.57326692585542,impostor
test,0,-128.49451938230973,impostor
test,0,-107.8604350762089,impostor
test,0,-106.25749121751538,impostor
test,0,-80.07571453768372,impostor
test,1,-61.02174376852085,genuine
test,1,-23.863675725731603,genuine
test,1,-22.785980259764447,genuine
test,1,-19.84423110570605,genuine
test,1,-34.26752977525381,genuine
test,1,-22.577993668869855,genuine
test,1,-24.668686032292047,genuine
test,1,-25.333153344680106,genuine
test,1,-19.781772135803276,genuine
test,1,-25.74070056256519,genuine
test,1,-24.81409647341175,genuine
test,1,-24.134118102203193,genuine
test,1,-21.570582818590015,genuine
test,1,-29.66195045182524,genuine
test,1,-30.341552731002466,genuine
test,1,-27.557031728448788,genuine
test,1,-32.27031963664717,genuine
test,1,-26.868595405587488,genuine
test,1,-48.31397664173629,genuine
test,1,-27.484213610341968,genuine
test,1,-31.01842076341684,genuine
test,1,-30.475460278441247,genuine
test,1,-32.50539548826234,genuine
test,1,-30.95326391102153,genuine
test,1,-23.617785472589688,genuine
test,1,-33.61081904191305,genuine
test,1,-30.486270633986198,genuine
test,1,-21.055654517760015,genuine
test,1,-35.62357269795853,genuine
test,1,-63.516732093270434,genuine
test,1,-24.104640625104018,genuine
test,1,-34.755987270943656,genuine
test,1,-64.15411584418061,genuine
test,1,-29.8253411348635,genuine
test,1,-28.91951169920128,genuine
test,1,-39.898100212900445,genuine
test,1,-62.370356718238654,genuine
test,1,-24.966430233524925,genuine
test,1,-22.84156496630118,genuine
test,1,-28.82130064047177,genuine
test,1,-48.15702862865323,genuine
test,1,-36.87525466135709,genuine
test,1,-30.10444664895981,genuine
test,1,-22.02983442025657,genuine
test,1,-30.55540998358635,genuine
test,1,-23.203658422007642,genuine
test,1,-30.88714466032911,genuine
test,1,-31.081063536415837,genuine
test,1,-24.673749767204573,genuine
test,1,-23.240188245130287,genuine
test,1,-24.069517131154512,genuine
test,1,-42.359644646861206,genuine
test,1,-25.148621741113587,genuine
test,1,-26.871313077630003,genuine
test,1,-118.72924822505992,genuine
test,1,-26.828986922462043,genuine
test,1,-21.131370587529286,genuine
test,1,-90.45265813114287,genuine
test,1,-26.015260103754716,genuine
test,1,-26.05508784868092,genuine
test,1,-123.71796907018127,genuine
test,1,-25.66272020463614,genuine
test,1,-20.587619968157014,genuine
test,1,-21.857056678814875,genuine
test,1,-29.49122738063826,genuine
test,1,-20.32313899381561,genuine
test,1,-24.133163528887657,genuine
test,1,-23.49199448784434,genuine
test,1,-24.940065088745982,genuine
test,1,-26.434026576987666,genuine
test,1,-32.66406376290587,genuine
test,1,-26.71253854618834,genuine
test,1,-91.91121525821023,genuine
test,1,-32.555353633837505,genuine
test,1,-31.809856196880734,genuine
test,1,-108.14842542092306,genuine
test,1,-30.082753208003048,genuine
test,1,-32.28866596188164,genuine
test,1,-32.69533399529348,genuine
test,1,-27.687639221403593,genuine
test,1,-31.294040511175737,genuine
test,1,-29.2389660377932,genuine
test,1,-32.58656715464843,genuine
test,1,-33.50436254686884,genuine
test,1,-26.214981104137326,genuine
test,1,-26.33733744333976,genuine
test,1,-28.682491315458293,genuine
test,1,-38.15602490287162,genuine
test,1,-28.184796583445834,genuine
test,1,-30.550519633668998,genuine
test,1,-29.98850221436014,genuine
test,1,-28.225734073007636,genuine
test,1,-22.970476503917798,genuine
test,1,-29.188218643007932,genuine
test,1,-29.284799092482682,genuine
test,1,-26.603039243534234,genuine
test,1,-31.5937192720929,genuine
test,1,-31.521123705367483,genuine
test,1,-26.968276848100867,genuine
test,1,-33.775086283890516,genuine
test,1,-22.67834835599392,genuine
test,1,-25.482238445195215,genuine
test,1,-22.16822959294076,genuine
test,1,-22.39494958349515,genuine
test,1,-19.802915856684624,genuine
test,1,-22.341620942851037,genuine
test,1,-19.67244503439482,genuine
test,1,-21.448053513732802,genuine
test,1,-22.27653436064667,genuine
test,1,-44.324779770581834,genuine
test,1,-38.76754221828108,genuine
test,1,-129.49325143221594,genuine
test,1,-26.22767594549921,genuine
test,1,-28.31711787981431,genuine
test,1,-93.41862872576827,genuine
test,1,-25.56568921252566,genuine
test,1,-25.882669449790598,genuine
test,1,-19.513979454320026,genuine
test,1,-26.95393205928928,genuine
test,1,-27.577669843393753,genuine
test,1,-20.190879447792266,genuine
test,1,-27.7470381371147,genuine
test,1,-27.752602698916117,genuine
test,1,-24.984115482853714,genuine
test,1,-30.62232359891849,genuine
test,1,-26.92993123004979,genuine
test,1,-40.364097002907556,genuine
test,1,-116.11914985253031,genuine
test,1,-31.82887639202596,genuine
test,1,-24.853025020252826,genuine
test,1,-25.258698247337506,genuine
test,1,-27.340026611357327,genuine
test,1,-32.282664019087186,genuine
test,1,-30.333566746352357,genuine
test,1,-24.292787428656965,genuine
test,1,-29.256168796537224,genuine
test,1,-30.61543190721203,genuine
test,1,-40.6364142265134,genuine
test,1,-31.565432511835116,genuine
test,1,-31.811573153967096,genuine
test,1,-37.884460103484805,genuine
test,1,-28.07524958661526,genuine
test,1,-28.626717384235416,genuine
test,1,-28.919791442557354,genuine
test,1,-30.410354855903613,genuine
test,1,-29.540052674787518,genuine
test,1,-29.761748073787068,genuine
test,1,-26.696171704564158,genuine
test,1,-25.830879363699164,genuine
test,1,-32.81970094516718,genuine
test,1,-20.509533070075474,genuine
test,1,-24.495712553913922,genuine
test,1,-27.03429566640121,genuine
test,1,-19.850425853366943,genuine
test,1,-29.027222981492923,genuine
test,1,-20.673872206320706,genuine
test,1,-85.23728583936582,genuine
test,1,-36.7400294190299,genuine
test,1,-106.10662091168341,genuine
test,1,-31.179799772168415,genuine
test,1,-32.93259082283428,genuine
test,1,-32.507984859737945,genuine
test,1,-36.64785497589081,genuine
test,1,-28.31429788309681,genuine
test,1,-28.67075842049487,genuine
test,1,-31.95937676379499,genuine
test,1,-32.78460394201906,genuine
test,1,-28.911862093957623,genuine
test,1,-24.97226204968696,genuine
test,1,-36.36590608860776,genuine
test,1,-40.10314675946456,genuine
test,1,-33.53099525006023,genuine
test,1,-34.81063566445904,genuine
test,1,-32.570251734255365,genuine
test,1,-31.889369868734594,genuine
test,1,-23.353894609013718,genuine
test,1,-30.251569941221778,genuine
test,1,-34.14319192306366,genuine
test,1,-34.14621176864746,genuine
test,1,-46.9175346173804,genuine
test,1,-35.4230863998337,genuine
test,1,-36.69947380950205,genuine
test,1,-34.43590787077704,genuine
test,1,-33.99794398748463,genuine
test,1,-34.61165351334847,genuine
test,1,-39.3005679660276,genuine
test,1,-35.22515971881529,genuine
test,1,-37.23609988556731,genuine
test,1,-43.82683923637932,genuine
test,1,-58.64514585281666,genuine
test,1,-43.92089876246856,genuine
test,1,-38.570556027645935,genuine
test,1,-35.39388742619742,genuine
test,1,-44.32916085008928,genuine
test,1,-41.007738665997415,genuine
test,1,-94.82446070847543,genuine
test,1,-68.93428983897064,genuine
test,1,-47.22825324302891,genuine
test,1,-30.199239851865734,genuine
test,1,-33.742231959908075,genuine
test,0,-41.09083556496049,impostor
test,0,-81.15106443617373,impostor
test,0,-71.26863427503713,impostor
test,0,-55.43565683403487,impostor
test,0,-44.380367186820905,impostor
test,0,-157.8444709617712,impostor
test,0,-139.96130148941322,impostor
test,0,-121.65352189534718,impostor
test,0,-168.8980906644715,impostor
test,0,-128.4615028706351,impostor
test,0,-332.8641027540682,impostor
test,0,-225.0523592563432,impostor
test,0,-224.47092495336716,impostor
test,0,-246.88026238355616,impostor
test,0,-188.46807881082748,impostor
test,0,-80.13121082862334,impostor
test,0,-45.54662173919676,impostor
test,0,-126.9784237955886,impostor
test,0,-72.29200181391634,impostor
test,0,-53.075755553977,impostor
test,0,-112.91545838542875,impostor
test,0,-175.89847683796222,impostor
test,0,-189.4619522735098,impostor
test,0,-56.12958102010512,impostor
test,0,-84.40039692772028,impostor
test,0,-57.46233217116884,impostor
test,0,-58.24861008236973,impostor
test,0,-106.33235967635935,impostor
test,0,-58.70673216257379,impostor
test,0,-69.15872551616408,impostor
test,0,-379.64561123643426,impostor
test,0,-360.26314489692356,impostor
test,0,-377.00210943608954,impostor
test,0,-398.86978136949494,impostor
test,0,-292.75627951502514,impostor
test,0,-465.4968544037711,impostor
test,0,-394.16535781129875,impostor
test,0,-381.10837032710117,impostor
test,0,-215.6439470375259,impostor
test,0,-376.9502478540788,impostor
test,0,-73.37719861296767,impostor
test,0,-70.57106224466904,impostor
test,0,-79.45950034920149,impostor
test,0,-61.67288456860749,impostor
test,0,-60.43294704588185,impostor
test,0,-417.94411748256834,impostor
test,0,-174.3666008269086,impostor
test,0,-131.4491537853145,impostor
test,0,-133.5647978553908,impostor
test,0,-104.18250253317888,impostor
test,0,-88.34033184719166,impostor
test,0,-81.85250075375971,impostor
test,0,-86.14963190057196,impostor
test,0,-64.32652503429563,impostor
test,0,-43.685233082679474,impostor
test,0,-235.35928854917393,impostor
test,0,-140.11247491730782,impostor
test,0,-163.35773897901953,impostor
test,0,-126.46995332453606,impostor
test,0,-91.89473970646517,impostor
test,0,-98.03425327323791,impostor
test,0,-78.44254887820443,impostor
test,0,-56.468806364119175,impostor
test,0,-62.190877180449284,impostor
test,0,-44.2735448062388,impostor
test,0,-232.25361348244797,impostor
test,0,-215.47309393911624,impostor
test,0,-179.61313436008567,impostor
test,0,-176.5154525266438,impostor
test,0,-195.72803926025085,impostor
test,0,-157.64711737032323,impostor
test,0,-132.699961256707,impostor
test,0,-122.50883292942711,impostor
test,0,-70.64384078155119,impostor
test,0,-140.11452271632066,impostor
test,0,-66.94367499433561,impostor
test,0,-139.29318138918535,impostor
test,0,-97.43936226069545,impostor
test,0,-103.26394959141774,impostor
test,0,-79.60759252563355,impostor
test,0,-68.94008546098252,impostor
test,0,-59.43070929284502,impostor
test,0,-77.46568369842767,impostor
test,0,-45.82673327265321,impostor
test,0,-50.414502699686665,impostor
test,0,-59.89768191606984,impostor
test,0,-91.20885654894295,impostor
test,0,-92.90448673336674,impostor
test,0,-86.24478352789765,impostor
test,0,-71.64454549131018,impostor
test,0,-86.34814954732373,impostor
test,0,-79.83588963494726,impostor
test,0,-90.26569962894338,impostor
test,0,-78.51729371988732,impostor
test,0,-82.0854076309996,impostor
test,0,-64.1330922038477,impostor
test,0,-82.26569813223422,impostor
test,0,-64.54700285015444,impostor
test,0,-63.670129985372064,impostor
test,0,-80.99665380812823,impostor
test,0,-83.9576444815552,impostor
test,0,-63.11769520264238,impostor
test,0,-72.46653272702655,impostor
test,0,-61.96384756021282,impostor
test,0,-71.5643243197923,impostor
test,0,-72.73218729155823,impostor
test,0,-67.13070855454697,impostor
test,0,-95.24512520980544,impostor
test,0,-145.14450215649154,impostor
test,0,-97.53988620310773,impostor
test,0,-101.1428135138627,impostor
test,0,-99.42295505382525,impostor
test,0,-66.01819231072967,impostor
test,0,-112.71658607699189,impostor
test,0,-48.63510893091057,impostor
test,0,-212.98916086371653,impostor
test,0,-178.03986610169855,impostor
test,0,-266.32648105735063,impostor
test,0,-114.05332804824685,impostor
test,0,-182.22714003377354,impostor
test,0,-155.41341131227435,impostor
test,0,-115.3060829796719,impostor
test,0,-157.33779461630803,impostor
test,0,-106.8184374153194,impostor
test,0,-68.33121782769561,impostor
test,0,-47.680230196186706,impostor
test,0,-58.9930840151339,impostor
test,0,-43.56993199784625,impostor
test,0,-51.29112537532384,impostor
test,0,-37.459829348244746,impostor
test,0,-444.91584972722893,impostor
test,0,-79.53181315876863,impostor
test,0,-49.193703876368765,impostor
test,0,-102.88437113761937,impostor
test,0,-60.9476457266361,impostor
test,0,-281.99341350963533,impostor
test,0,-97.40888018695054,impostor
test,0,-89.28488353805996,impostor
test,0,-55.67911571362991,impostor
test,0,-61.05934215666512,impostor
test,0,-115.81879533434301,impostor
test,0,-78.38950391101122,impostor
test,0,-71.46324879705654,impostor
test,0,-74.54494979398899,impostor
test,0,-58.86724634967203,impostor
test,0,-177.4353950938582,impostor
test,0,-150.7959187882844,impostor
test,0,-95.10643444018521,impostor
test,0,-93.18342189005952,impostor
test,0,-80.53104092644121,impostor
test,0,-83.63547735665637,impostor
test,0,-86.04824812013443,impostor
test,0,-50.10646716260855,impostor
test,0,-128.35562732914764,impostor
test,0,-55.60470415643465,impostor
test,0,-82.3045501369383,impostor
test,0,-72.34428383511619,impostor
test,0,-70.66576331785346,impostor
test,0,-70.5828618181369,impostor
test,0,-81.1164025971071,impostor
test,0,-59.89320430377715,impostor
test,0,-57.18170090096731,impostor
test,0,-60.8820437395802,impostor
test,0,-63.13154482028081,impostor
test,0,-64.09351498354587,impostor
test,0,-52.75480626351648,impostor
test,0,-56.25428845830667,impostor
test,0,-84.68365573106094,impostor
test,0,-52.268092787082225,impostor
test,0,-54.2392408349153,impostor
test,0,-131.99281788818425,impostor
test,0,-88.83138268973747,impostor
test,0,-57.29732146364768,impostor
test,0,-75.23770983673549,impostor
test,0,-72.6288686189784,impostor
test,0,-142.8784837123818,impostor
test,0,-221.90760074512337,impostor
test,0,-138.93703927741186,impostor
test,0,-116.72880602173247,impostor
test,0,-113.75877482090804,impostor
test,0,-221.2669865272623,impostor
test,0,-128.27426518605617,impostor
test,0,-157.04909875286245,impostor
test,0,-136.59460688391266,impostor
test,0,-140.64074305757248,impostor
test,0,-203.9400913502353,impostor
test,0,-75.94328582722295,impostor
test,0,-108.29612938804745,impostor
test,0,-78.00023786316811,impostor
test,0,-111.7962048096287,impostor
test,0,-119.48417440405896,impostor
test,0,-158.10219508143737,impostor
test,0,-117.28678699057355,impostor
test,0,-129.1560432813003,impostor
test,0,-114.76817142210956,impostor
test,0,-81.3770054841299,impostor
test,0,-54.601891727754165,impostor
test,0,-76.04495488712789,impostor
test,0,-84.65735846236197,impostor
test,0,-73.78821191076473,impostor
test,0,-52.468390770884824,impostor
test,0,-77.33154274193807,impostor
test,0,-60.072584744619085,impostor
test,0,-45.650336622163884,impostor
test,0,-53.59610544181412,impostor
test,0,-143.4320299901085,impostor
test,0,-98.27289252862167,impostor
test,0,-63.37927244895563,impostor
test,0,-51.213967254652964,impostor
test,0,-75.91180468263248,impostor
test,0,-180.82926731128578,impostor
test,0,-154.99672361333236,impostor
test,0,-255.86687071175794,impostor
test,0,-153.24293569870431,impostor
test,0,-128.45772806939272,impostor
test,0,-48.23173322799436,impostor
test,0,-42.541315715504695,impostor
test,0,-42.40882077374422,impostor
test,0,-65.60897138828479,impostor
test,0,-46.8480917629074,impostor
test,0,-190.41576753132605,impostor
test,0,-108.74746766628422,impostor
test,0,-79.9214393498907,impostor
test,0,-59.92143710694036,impostor
test,0,-56.65467383329851,impostor
test,0,-173.51985556449836,impostor
test,0,-140.4398504967388,impostor
test,0,-146.98298948928317,impostor
test,0,-167.21827396910876,impostor
test,0,-89.46097010415686,impostor
test,0,-82.05042896911289,impostor
test,0,-115.02477616001617,impostor
test,0,-61.39138848123222,impostor
test,0,-85.39244877251018,impostor
test,0,-57.37682691185243,impostor
test,0,-63.04970031797076,impostor
test,0,-48.50540466705035,impostor
test,0,-52.63450797181741,impostor
test,0,-56.570339966953895,impostor
test,0,-76.26398678795175,impostor
test,0,-60.53845802547875,impostor
test,0,-54.58103062851742,impostor
test,0,-50.60165222368968,impostor
test,0,-53.76661048850343,impostor
test,0,-51.15703486418166,impostor
test,0,-102.98717434097264,impostor
test,0,-79.98887758681124,impostor
test,0,-76.63992811885447,impostor
test,0,-79.51020700056492,impostor
test,0,-67.05395031777101,impostor
test,1,-69.56323397896907,genuine
test,1,-31.357993134062223,genuine
test,1,-33.537881155281106,genuine
test,1,-25.900351373515058,genuine
test,1,-24.20576802444541,genuine
test,1,-48.90340629532953,genuine
test,1,-31.424267370749458,genuine
test,1,-23.956757001027626,genuine
test,1,-84.86228820591506,genuine
test,1,-26.995590776270333,genuine
test,1,-40.008339171361214,genuine
test,1,-28.6247440199901,genuine
test,1,-41.42159393257604,genuine
test,1,-46.70431920635238,genuine
test,1,-56.27898874057539,genuine
test,1,-29.38265063717093,genuine
test,1,-30.719114510328062,genuine
test,1,-23.310462914428143,genuine
test,1,-55.34850090202813,genuine
test,1,-30.554941200402098,genuine
test,1,-26.600192941598003,genuine
test,1,-24.370460292859647,genuine
test,1,-34.610437079545534,genuine
test,1,-23.667316508932615,genuine
test,1,-24.668030705149125,genuine
test,1,-33.99477977100673,genuine
test,1,-25.612708479268637,genuine
test,1,-43.31426571723908,genuine
test,1,-47.53990225099907,genuine
test,1,-35.60591692317505,genuine
test,1,-25.88384912961891,genuine
test,1,-29.324403396730137,genuine
test,1,-31.712634207568144,genuine
test,1,-45.61887918816577,genuine
test,1,-37.611933518766826,genuine
test,1,-35.65744132997684,genuine
test,1,-29.510983765643395,genuine
test,1,-33.38550041728493,genuine
test,1,-68.61447981970107,genuine
test,1,-38.38870080893591,genuine
test,1,-30.301159644198655,genuine
test,1,-31.14056035904366,genuine
test,1,-30.57866362078261,genuine
test,1,-27.021424875244634,genuine
test,1,-28.78824557787473,genuine
test,1,-29.722169933543995,genuine
test,1,-38.00092906799547,genuine
test,1,-38.60809565083305,genuine
test,1,-21.029135563565298,genuine
test,1,-28.374579041985385,genuine
test,1,-50.50617118462113,genuine
test,1,-39.85396998054848,genuine
test,1,-56.87967141528862,genuine
test,1,-34.953939891926204,genuine
test,1,-35.54150296949118,genuine
test,1,-70.92738419530832,genuine
test,1,-75.72692946821837,genuine
test,1,-41.79504498182557,genuine
test,1,-35.46537922715202,genuine
test,1,-53.19917588232131,genuine
test,1,-42.51836300307341,genuine
test,1,-73.31789721820422,genuine
test,1,-38.4619057076205,genuine
test,1,-30.55054387602668,genuine
test,1,-37.788893381695935,genuine
test,1,-27.971042223208148,genuine
test,1,-44.0501722052095,genuine
test,1,-35.01286080192024,genuine
test,1,-40.65997420284012,genuine
test,1,-47.71518647782365,genuine
test,1,-42.12066007518748,genuine
test,1,-35.95995157542974,genuine
test,1,-31.90067562147636,genuine
test,1,-43.6628283064948,genuine
test,1,-34.6987141844276,genuine
test,1,-39.009125855304575,genuine
test,1,-40.51402216629037,genuine
test,1,-45.364988646575924,genuine
test,1,-35.61811542870581,genuine
test,1,-58.3950513279362,genuine
test,1,-61.694112200586105,genuine
test,1,-47.552674755538426,genuine
test,1,-46.237194625827804,genuine
test,1,-56.92556953820723,genuine
test,1,-33.31086422357619,genuine
test,1,-43.08605664660549,genuine
test,1,-48.36773561024614,genuine
test,1,-40.179955822166704,genuine
test,1,-29.560856781464707,genuine
test,1,-45.67938613851195,genuine
test,1,-32.85081116284038,genuine
test,1,-43.41079350743344,genuine
test,1,-43.18100665226207,genuine
test,1,-44.051683475393666,genuine
test,1,-39.30620454909983,genuine
test,1,-36.398098051636396,genuine
test,1,-61.11192773510325,genuine
test,1,-36.337390390254264,genuine
test,1,-34.70264786911853,genuine
test,1,-36.43502296782395,genuine
test,1,-36.4302996165649,genuine
test,1,-33.70758830506137,genuine
test,1,-36.77452311323393,genuine
test,1,-51.26244711140921,genuine
test,1,-36.647069720029236,genuine
test,1,-34.16529556634175,genuine
test,1,-38.56140571457064,genuine
test,1,-34.6124083614276,genuine
test,1,-40.532966629645905,genuine
test,1,-40.058771708052916,genuine
test,1,-44.98555290019236,genuine
test,1,-42.12311205293638,genuine
test,1,-40.64141216593835,genuine
test,1,-37.280136731620615,genuine
test,1,-53.65889674586042,genuine
test,1,-40.01483091293857,genuine
test,1,-40.573965099939905,genuine
test,1,-33.42228453123993,genuine
test,1,-51.01934392908294,genuine
test,1,-57.46602077078415,genuine
test,1,-43.55425279480214,genuine
test,1,-51.192604075574216,genuine
test,1,-49.08976168760927,genuine
test,1,-45.457381442738765,genuine
test,1,-38.38841666320068,genuine
test,1,-53.97532414381314,genuine
test,1,-65.36297626986217,genuine
test,1,-49.38560905303279,genuine
test,1,-84.80778295325905,genuine
test,1,-53.313012862272174,genuine
test,1,-44.00851974594061,genuine
test,1,-58.6457597756674,genuine
test,1,-48.283725537929065,genuine
test,1,-47.641856228870346,genuine
test,1,-71.17915055341938,genuine
test,1,-64.9239102260284,genuine
test,1,-63.40685916521965,genuine
test,1,-43.701677575187446,genuine
test,1,-48.097074864510425,genuine
test,1,-51.31218713260929,genuine
test,1,-57.98615884579862,genuine
test,1,-60.906093280764225,genuine
test,1,-52.72568272810314,genuine
test,1,-52.45843643548203,genuine
test,1,-49.813957421854376,genuine
test,1,-61.73336359068958,genuine
test,1,-56.23926804116115,genuine
test,1,-92.01497115061389,genuine
test,1,-64.71959991178242,genuine
test,1,-78.3767298380983,genuine
test,1,-34.15402923237315,genuine
test,1,-34.81842818610419,genuine
test,1,-32.85881980767531,genuine
test,1,-30.577630691373628,genuine
test,1,-30.679385280740647,genuine
test,1,-33.35651072893546,genuine
test,1,-39.03244303211003,genuine
test,1,-37.60476189198678,genuine
test,1,-43.02629541474388,genuine
test,1,-36.7153896589711,genuine
test,1,-44.680335690406224,genuine
test,1,-39.45274381509508,genuine
test,1,-37.519409990552816,genuine
test,1,-55.37799830984182,genuine
test,1,-33.671776825139574,genuine
test,1,-36.09850160392201,genuine
test,1,-36.36245691139816,genuine
test,1,-37.05610367471277,genuine
test,1,-38.50677893377654,genuine
test,1,-38.917264374388076,genuine
test,1,-44.747992311476054,genuine
test,1,-42.79278408168697,genuine
test,1,-31.179047404165928,genuine
test,1,-35.79908267202918,genuine
test,1,-51.94151567029474,genuine
test,1,-38.685605054459074,genuine
test,1,-58.078548546152014,genuine
test,1,-41.06545421650582,genuine
test,1,-35.47662903915109,genuine
test,1,-39.61894796673343,genuine
test,1,-40.33424536457224,genuine
test,1,-41.68272314669883,genuine
test,1,-43.520387629955096,genuine
test,1,-71.6766586554232,genuine
test,1,-47.66609720912424,genuine
test,1,-51.50419417635324,genuine
test,1,-39.2346052632949,genuine
test,1,-36.8596714402511,genuine
test,1,-35.943218360140214,genuine
test,1,-43.09515654664691,genuine
test,1,-31.56881766081591,genuine
test,1,-37.10533849100361,genuine
test,1,-60.37509596038773,genuine
test,1,-39.19419486675402,genuine
test,1,-51.904212144687044,genuine
test,1,-28.248667796808974,genuine
test,1,-62.89828595889061,genuine
test,1,-47.05060260867789,genuine
test,1,-47.90049292867795,genuine
test,1,-41.7415671184519,genuine
test,0,-37.97234766040315,impostor
test,0,-64.05321575205818,impostor
test,0,-47.54549829112642,impostor
test,0,-43.391809287174475,impostor
test,0,-33.167079224045196,impostor
test,0,-125.27277442668459,impostor
test,0,-123.28964155570532,impostor
test,0,-97.95814105149586,impostor
test,0,-120.67951261890789,impostor
test,0,-116.58691276678867,impostor
test,0,-213.94615508651043,impostor
test,0,-191.66944611734246,impostor
test,0,-191.15616845806983,impostor
test,0,-213.16882900086563,impostor
test,0,-182.4970530663392,impostor
test,0,-64.4185944594836,impostor
test,0,-47.65579246130582,impostor
test,0,-87.94056253068251,impostor
test,0,-59.93304630590949,impostor
test,0,-42.60902672487725,impostor
test,0,-99.01458237738711,impostor
test,0,-109.34066982563094,impostor
test,0,-115.22360687261984,impostor
test,0,-43.571640267635004,impostor
test,0,-75.04675816328898,impostor
test,0,-35.54808225559148,impostor
test,0,-38.68509929055923,impostor
test,0,-61.686018904943786,impostor
test,0,-32.76871759686266,impostor
test,0,-40.23439346765652,impostor
test,0,-308.5355146931877,impostor
test,0,-275.21157044809434,impostor
test,0,-271.69922386815244,impostor
test,0,-301.01697995510466,impostor
test,0,-242.78594772372756,impostor
test,0,-381.9972306783322,impostor
test,0,-279.69884652941494,impostor
test,0,-265.7555175207403,impostor
test,0,-158.9575864170011,impostor
test,0,-273.20077569792153,impostor
test,0,-62.48382404064197,impostor
test,0,-56.9484072308192,impostor
test,0,-61.71794501459151,impostor
test,0,-57.11822927739262,impostor
test,0,-51.93626051311724,impostor
test,0,-330.31435068383723,impostor
test,0,-138.666370311202,impostor
test,0,-123.73702128766526,impostor
test,0,-105.43976149735575,impostor
test,0,-100.62492251484511,impostor
test,0,-78.11938601298024,impostor
test,0,-65.06485930430851,impostor
test,0,-69.81542777165718,impostor
test,0,-57.06508367587561,impostor
test,0,-33.40566765022048,impostor
test,0,-185.18605698128627,impostor
test,0,-135.9096448079487,impostor
test,0,-140.74898127450174,impostor
test,0,-103.86830325917525,impostor
test,0,-84.28141614088665,impostor
test,0,-85.6886668959415,impostor
test,0,-58.480522364568806,impostor
test,0,-48.47722876502751,impostor
test,0,-41.39660647985658,impostor
test,0,-35.90808477105815,impostor
test,0,-237.74343702592034,impostor
test,0,-210.99882409024434,impostor
test,0,-160.5457262560894,impostor
test,0,-150.21328872054858,impostor
test,0,-170.70867241225613,impostor
test,0,-116.30010836094094,impostor
test,0,-84.6134882542806,impostor
test,0,-80.30646270588129,impostor
test,0,-49.82212419350805,impostor
test,0,-88.25357051291643,impostor
test,0,-54.831652584484054,impostor
test,0,-102.36982498891606,impostor
test,0,-73.48435035127027,impostor
test,0,-85.63994997466324,impostor
test,0,-52.930330596257875,impostor
test,0,-40.56588526317609,impostor
test,0,-44.00255461182918,impostor
test,0,-52.7605857305873,impostor
test,0,-29.432650074311212,impostor
test,0,-36.490143047383576,impostor
test,0,-45.29291125596795,impostor
test,0,-78.45370906676999,impostor
test,0,-84.15333533187244,impostor
test,0,-77.92457562494035,impostor
test,0,-60.78459039851295,impostor
test,0,-71.66212240055921,impostor
test,0,-51.720299473815814,impostor
test,0,-68.15857188374918,impostor
test,0,-45.369941676767965,impostor
test,0,-49.04601489225048,impostor
test,0,-42.098371799469426,impostor
test,0,-56.21134175204893,impostor
test,0,-35.950535138393015,impostor
test,0,-38.623273043722385,impostor
test,0,-49.55851986648355,impostor
test,0,-46.2185458026072,impostor
test,0,-40.77023213236652,impostor
test,0,-43.66629050026066,impostor
test,0,-28.912241481914485,impostor
test,0,-37.42430385607014,impostor
test,0,-59.51094100813441,impostor
test,0,-53.51728495289643,impostor
test,0,-66.27475956112245,impostor
test,0,-103.75646357208208,impostor
test,0,-61.4176148110949,impostor
test,0,-91.74347946295168,impostor
test,0,-77.57605312697945,impostor
test,0,-71.7860179750846,impostor
test,0,-82.98417251915737,impostor
test,0,-40.19383023261872,impostor
test,0,-213.52008100957164,impostor
test,0,-168.78595771862337,impostor
test,0,-178.7195110884487,impostor
test,0,-81.9331839962305,impostor
test,0,-141.16058040008303,impostor
test,0,-122.67786013812172,impostor
test,0,-92.98710225872718,impostor
test,0,-115.16635038792231,impostor
test,0,-94.70705409631347,impostor
test,0,-48.77512544667538,impostor
test,0,-40.60089826755747,impostor
test,0,-39.29351882015973,impostor
test,0,-28.671590152176556,impostor
test,0,-30.625556636942875,impostor
test,0,-20.671920348941445,impostor
test,0,-411.75371894454275,impostor
test,0,-79.29058920591787,impostor
test,0,-43.43558905833409,impostor
test,0,-148.25496576875221,impostor
test,0,-50.6776349967206,impostor
test,0,-169.47618997555708,impostor
test,0,-72.22792753408763,impostor
test,0,-70.50109305692682,impostor
test,0,-43.95514841698056,impostor
test,0,-45.43546253876248,impostor
test,0,-105.14241037129739,impostor
test,0,-78.02877351300964,impostor
test,0,-80.50222366513604,impostor
test,0,-77.91311826762355,impostor
test,0,-64.34515861805795,impostor
test,0,-115.65404843451263,impostor
test,0,-93.38490408555171,impostor
test,0,-86.46049688269089,impostor
test,0,-103.78091695393107,impostor
test,0,-75.52954929686464,impostor
test,0,-78.33609932067245,impostor
test,0,-80.62303408718186,impostor
test,0,-37.83369307107909,impostor
test,0,-97.74439993614564,impostor
test,0,-44.25356562746902,impostor
test,0,-69.92977304188841,impostor
test,0,-51.90462814277383,impostor
test,0,-48.88781894504946,impostor
test,0,-46.62153035501528,impostor
test,0,-62.77884129646261,impostor
test,0,-56.84605598237022,impostor
test,0,-49.24710419490328,impostor
test,0,-41.37993973475141,impostor
test,0,-42.33264516213605,impostor
test,0,-52.550409054618605,impostor
test,0,-43.53227959232418,impostor
test,0,-43.56890232027227,impostor
test,0,-57.065088397992206,impostor
test,0,-36.74586342339314,impostor
test,0,-42.74709723985043,impostor
test,0,-127.81584571626033,impostor
test,0,-76.61444178756184,impostor
test,0,-48.48635105578771,impostor
test,0,-62.356296899340826,impostor
test,0,-60.318973507515636,impostor
test,0,-122.21723717490354,impostor
test,0,-174.27209033067086,impostor
test,0,-90.21981566290629,impostor
test,0,-84.6401409931787,impostor
test,0,-72.39869461988313,impostor
test,0,-179.80365682248296,impostor
test,0,-114.08445047418205,impostor
test,0,-129.42879764636228,impostor
test,0,-106.58910880775106,impostor
test,0,-113.96753442077551,impostor
test,0,-168.24669804806052,impostor
test,0,-65.36420566234011,impostor
test,0,-79.29674235382083,impostor
test,0,-71.67432286985517,impostor
test,0,-78.96307079207818,impostor
test,0,-102.50871648234276,impostor
test,0,-118.63357642675761,impostor
test,0,-91.49309246594562,impostor
test,0,-113.44444705816579,impostor
test,0,-98.33875735412913,impostor
test,0,-54.69414216985367,impostor
test,0,-31.070453714516432,impostor
test,0,-47.58767619485964,impostor
test,0,-52.324682422160116,impostor
test,0,-49.19221178577277,impostor
test,0,-33.642606637151935,impostor
test,0,-54.21373261596585,impostor
test,0,-49.84589238976553,impostor
test,0,-32.43670937277971,impostor
test,0,-30.759554820402137,impostor
test,0,-97.8857727016124,impostor
test,0,-60.34983318835097,impostor
test,0,-66.55891895325226,impostor
test,0,-45.50458524970525,impostor
test,0,-45.79903474909382,impostor
test,0,-157.10294717537056,impostor
test,0,-116.7545591261544,impostor
test,0,-231.11314059167893,impostor
test,0,-137.67997909587447,impostor
test,0,-111.89991169626718,impostor
test,0,-25.77946058334003,impostor
test,0,-26.356143802367733,impostor
test,0,-28.67268910234739,impostor
test,0,-49.96062686012738,impostor
test,0,-30.25942303775854,impostor
test,0,-137.76825273313585,impostor
test,0,-87.03408770665055,impostor
test,0,-42.44090213449529,impostor
test,0,-33.63465440532727,impostor
test,0,-36.63168800232224,impostor
test,0,-154.9312072610191,impostor
test,0,-107.10267107310159,impostor
test,0,-117.34520611321364,impostor
test,0,-130.69812803226299,impostor
test,0,-79.55944260507457,impostor
test,0,-71.20402135809645,impostor
test,0,-99.09514469470702,impostor
test,0,-63.61266246862365,impostor
test,0,-77.60221369311907,impostor
test,0,-57.92359269768476,impostor
test,0,-51.76492810779098,impostor
test,0,-40.995711544352524,impostor
test,0,-29.81679578441922,impostor
test,0,-45.4040837333183,impostor
test,0,-66.8884836040081,impostor
test,0,-51.86414362109449,impostor
test,0,-39.947842143710254,impostor
test,0,-32.54775739067641,impostor
test,0,-39.95143101256435,impostor
test,0,-39.033428306410286,impostor
test,0,-77.07033732908852,impostor
test,0,-64.68997376930044,impostor
test,0,-57.60989296859751,impostor
test,0,-58.900300591818066,impostor
test,0,-39.84721239903783,impostor
test,1,-47.31783701253013,genuine
test,1,-28.842399021618704,genuine
test,1,-29.594127304070078,genuine
test,1,-24.447773121485547,genuine
test,1,-26.414744388091258,genuine
test,1,-29.11926628954139,genuine
test,1,-38.54973599022835,genuine
test,1,-24.964050755219162,genuine
test,1,-28.539123220366154,genuine
test,1,-29.43490254064863,genuine
test,1,-35.55726238886946,genuine
test,1,-31.901815798874182,genuine
test,1,-24.991397797758808,genuine
test,1,-40.86178644133983,genuine
test,1,-22.310829438091154,genuine
test,1,-22.175580624190992,genuine
test,1,-35.04972016985527,genuine
test,1,-20.588270010325306,genuine
test,1,-20.49752430638753,genuine
test,1,-23.075406910572244,genuine
test,1,-20.07170878169858,genuine
test,1,-22.471334230515613,genuine
test,1,-47.730043961756266,genuine
test,1,-23.274307569629986,genuine
test,1,-28.321114694045637,genuine
test,1,-23.435144137226732,genuine
test,1,-24.154628574546688,genuine
test,1,-25.284574797696095,genuine
test,1,-22.70774070358549,genuine
test,1,-31.02501912160066,genuine
test,1,-17.610407938392427,genuine
test,1,-26.774703842159727,genuine
test,1,-39.781111454681295,genuine
test,1,-53.5070302952944,genuine
test,1,-31.63926588577727,genuine
test,1,-16.515888871203153,genuine
test,1,-19.673090304805037,genuine
test,1,-19.479884492314483,genuine
test,1,-23.848824823003294,genuine
test,1,-18.022996146139256,genuine
test,1,-49.887395299535484,genuine
test,1,-24.53537641445655,genuine
test,1,-26.065036949443957,genuine
test,1,-20.658313057848193,genuine
test,1,-29.616550376741632,genuine
test,1,-40.58209373483289,genuine
test,1,-22.310495930285082,genuine
test,1,-30.092336003982478,genuine
test,1,-42.861703399164746,genuine
test,1,-19.20234731934783,genuine
test,1,-29.608892710480923,genuine
test,1,-39.81888844888389,genuine
test,1,-16.191953701822868,genuine
test,1,-32.11419566500446,genuine
test,1,-33.63852617405291,genuine
test,1,-30.48658769441071,genuine
test,1,-22.847363620031118,genuine
test,1,-24.44341412974241,genuine
test,1,-22.62794819638165,genuine
test,1,-38.164377367873,genuine
test,1,-32.098344778720026,genuine
test,1,-35.39931179406634,genuine
test,1,-39.22471686944322,genuine
test,1,-26.171453235418156,genuine
test,1,-42.55565121944373,genuine
test,1,-35.59287111263538,genuine
test,1,-50.3079545533189,genuine
test,1,-28.97752334612953,genuine
test,1,-26.134426350177574,genuine
test,1,-28.26390607623596,genuine
test,1,-35.38434404051007,genuine
test,1,-21.9753145237976,genuine
test,1,-32.19818093015656,genuine
test,1,-16.090037107483145,genuine
test,1,-30.84076630028276,genuine
test,1,-54.81100604980403,genuine
test,1,-20.250187593034344,genuine
test,1,-17.970524893194177,genuine
test,1,-23.005188476469723,genuine
test,1,-18.493463424169104,genuine
test,1,-23.935491728206383,genuine
test,1,-25.300742175397485,genuine
test,1,-26.47451036087012,genuine
test,1,-40.60074018767045,genuine
test,1,-24.771995691214194,genuine
test,1,-29.176982051034862,genuine
test,1,-25.121608226485968,genuine
test,1,-27.60460550077409,genuine
test,1,-29.11178811078182,genuine
test,1,-24.18864529554579,genuine
test,1,-23.952247665919547,genuine
test,1,-23.043880323162504,genuine
test,1,-34.09688373622007,genuine
test,1,-27.445121665357828,genuine
test,1,-23.74345034341307,genuine
test,1,-28.000984157845117,genuine
test,1,-21.51880567880861,genuine
test,1,-22.87505285104436,genuine
test,1,-27.905504239898,genuine
test,1,-25.55296063626821,genuine
test,1,-51.67314699052126,genuine
test,1,-26.15876543361917,genuine
test,1,-27.88248142250714,genuine
test,1,-23.75332391588757,genuine
test,1,-23.463315590593954,genuine
test,1,-28.611562396038764,genuine
test,1,-24.14410823481937,genuine
test,1,-28.706842824931755,genuine
test,1,-22.928765826211627,genuine
test,1,-28.43397934155021,genuine
test,1,-30.563032912194203,genuine
test,1,-29.945109044571314,genuine
test,1,-28.134193696404537,genuine
test,1,-27.717803536588374,genuine
test,1,-21.16439561464948,genuine
test,1,-42.40698984711802,genuine
test,1,-26.15942704235649,genuine
test,1,-32.54902295450867,genuine
test,1,-40.23717510574275,genuine
test,1,-23.966857385938667,genuine
test,1,-27.92456794489366,genuine
test,1,-24.712025592152497,genuine
test,1,-24.198240114890268,genuine
test,1,-28.39759716429175,genuine
test,1,-46.57353846633308,genuine
test,1,-23.291503580010712,genuine
test,1,-24.637243482218896,genuine
test,1,-25.48144349397867,genuine
test,1,-29.053752211463788,genuine
test,1,-25.840805695249383,genuine
test,1,-24.256043922080714,genuine
test,1,-35.80077998897917,genuine
test,1,-26.86577164683212,genuine
test,1,-57.776962309604556,genuine
test,1,-36.11322070240422,genuine
test,1,-33.73629553011157,genuine
test,1,-29.573680529267232,genuine
test,1,-27.174068438102903,genuine
test,1,-30.959783289164644,genuine
test,1,-28.91425517185516,genuine
test,1,-27.708771768044233,genuine
test,1,-36.08148644385207,genuine
test,1,-35.761060052075976,genuine
test,1,-25.56970274867736,genuine
test,1,-24.266592621192338,genuine
test,1,-32.98662745209335,genuine
test,1,-30.71792785852616,genuine
test,1,-32.878324285871734,genuine
test,1,-28.581277025595295,genuine
test,1,-35.950258110840586,genuine
test,1,-80.26586022655394,genuine
test,1,-34.817513642318254,genuine
test,1,-47.09167904756456,genuine
test,1,-41.3864358741642,genuine
test,1,-57.31678619523288,genuine
test,1,-41.42651652310094,genuine
test,1,-81.19842777573517,genuine
test,1,-26.837978702809117,genuine
test,1,-27.13025718235618,genuine
test,1,-26.40208569920186,genuine
test,1,-24.347113539590232,genuine
test,1,-27.841984708446354,genuine
test,1,-39.418298530938465,genuine
test,1,-29.479268616719224,genuine
test,1,-29.06536344661768,genuine
test,1,-25.496756574260814,genuine
test,1,-35.68343404348505,genuine
test,1,-28.617182442156967,genuine
test,1,-31.89274374671217,genuine
test,1,-25.204325889705327,genuine
test,1,-35.91869464067992,genuine
test,1,-25.730481990561117,genuine
test,1,-25.223764864584222,genuine
test,1,-28.7720125920331,genuine
test,1,-23.238691094024606,genuine
test,1,-19.203310261272257,genuine
test,1,-24.626204906654632,genuine
test,1,-19.598450168334796,genuine
test,1,-34.406276300425446,genuine
test,1,-24.05510167220359,genuine
test,1,-21.83445486670344,genuine
test,1,-24.361279661889366,genuine
test,1,-22.23669847087237,genuine
test,1,-27.868117577687322,genuine
test,1,-31.519845818220745,genuine
test,1,-25.946044122033157,genuine
test,1,-31.759417659948248,genuine
test,1,-24.645992807207033,genuine
test,1,-27.529366339558358,genuine
test,1,-30.482829466734067,genuine
test,1,-29.59519979912545,genuine
test,1,-49.047670217548976,genuine
test,1,-25.402713848197127,genuine
test,1,-33.49671929581493,genuine
test,1,-35.403906609898236,genuine
test,1,-26.84429010255552,genuine
test,1,-30.892980205261807,genuine
test,1,-45.918485557078704,genuine
test,1,-39.28183337716657,genuine
test,1,-37.38252237871591,genuine
test,0,-32.94214939675946,impostor
test,0,-40.68853094936173,impostor
test,0,-46.930623232107,impostor
test,0,-31.71626433018951,impostor
test,0,-34.157679844901196,impostor
test,0,-52.637620417935686,impostor
test,0,-52.0203622316105,impostor
test,0,-41.30838075881745,impostor
test,0,-61.93447325197961,impostor
test,0,-58.43142839894282,impostor
test,0,-126.14628932415968,impostor
test,0,-124.15546710593517,impostor
test,0,-119.44369672059507,impostor
test,0,-120.94761588475063,impostor
test,0,-114.64484794712288,impostor
test,0,-52.16600026570909,impostor
test,0,-36.16442208763236,impostor
test,0,-52.4803874591472,impostor
test,0,-47.58338600788039,impostor
test,0,-33.94937312269537,impostor
test,0,-59.18342157996737,impostor
test,0,-71.66067578995388,impostor
test,0,-81.4969518738821,impostor
test,0,-38.83685020217787,impostor
test,0,-58.978823581637165,impostor
test,0,-45.48655395968895,impostor
test,0,-45.744116848252546,impostor
test,0,-52.52094930036504,impostor
test,0,-50.32172082921359,impostor
test,0,-52.93401473425288,impostor
test,0,-186.9563160268225,impostor
test,0,-156.60671978558568,impostor
test,0,-169.28119283742782,impostor
test,0,-181.0146635304236,impostor
test,0,-147.1832100957782,impostor
test,0,-202.23820375683127,impostor
test,0,-141.91272805894337,impostor
test,0,-134.94933741466437,impostor
test,0,-79.83896713249379,impostor
test,0,-144.64555781025678,impostor
test,0,-35.80767716088209,impostor
test,0,-46.833926699527105,impostor
test,0,-43.27039595805456,impostor
test,0,-35.27754901878337,impostor
test,0,-40.11147116232252,impostor
test,0,-175.5623094777744,impostor
test,0,-76.372189721888,impostor
test,0,-80.80742606407763,impostor
test,0,-70.10007382971496,impostor
test,0,-63.143255049931064,impostor
test,0,-41.07640320695403,impostor
test,0,-44.15246952224458,impostor
test,0,-37.07900147932162,impostor
test,0,-39.86437924866175,impostor
test,0,-43.95097033643251,impostor
test,0,-85.8072682916254,impostor
test,0,-69.21802219241069,impostor
test,0,-71.24856931824684,impostor
test,0,-45.44307770726097,impostor
test,0,-44.769786109553614,impostor
test,0,-61.295373171238836,impostor
test,0,-43.333589980008846,impostor
test,0,-30.47713029948321,impostor
test,0,-35.354757058626824,impostor
test,0,-33.831732724023695,impostor
test,0,-157.15652502211952,impostor
test,0,-149.7739841031359,impostor
test,0,-117.73163071347294,impostor
test,0,-104.33510378172156,impostor
test,0,-101.86110520315245,impostor
test,0,-66.0022219159851,impostor
test,0,-52.56514952287658,impostor
test,0,-60.842265998881565,impostor
test,0,-40.45225741357349,impostor
test,0,-60.80213103923333,impostor
test,0,-40.21213283522627,impostor
test,0,-69.74397247868913,impostor
test,0,-59.434620831680895,impostor
test,0,-54.491683855966635,impostor
test,0,-48.84155240024666,impostor
test,0,-47.86435533784995,impostor
test,0,-37.50260871576533,impostor
test,0,-46.2805618031131,impostor
test,0,-39.87734072600185,impostor
test,0,-41.28000382888731,impostor
test,0,-41.0938139284007,impostor
test,0,-40.987448863791826,impostor
test,0,-44.572098212522775,impostor
test,0,-38.242274907345234,impostor
test,0,-30.45874159619307,impostor
test,0,-52.268862249818504,impostor
test,0,-56.50046940575426,impostor
test,0,-62.50773431034639,impostor
test,0,-49.69251366981848,impostor
test,0,-54.62522436951201,impostor
test,0,-52.307784585290946,impostor
test,0,-55.832560141516524,impostor
test,0,-54.753947592653574,impostor
test,0,-52.58615026974696,impostor
test,0,-58.326987910686285,impostor
test,0,-52.25000721372209,impostor
test,0,-42.70178271151142,impostor
test,0,-47.53295748760096,impostor
test,0,-46.90215947845882,impostor
test,0,-51.54866212693725,impostor
test,0,-24.1971412329913,impostor
test,0,-25.673285469481193,impostor
test,0,-31.020506694591404,impostor
test,0,-66.42288507421559,impostor
test,0,-39.33841091545902,impostor
test,0,-50.0962455868414,impostor
test,0,-49.10563733154696,impostor
test,0,-42.726713853776744,impostor
test,0,-40.61029004359809,impostor
test,0,-47.12455857200403,impostor
test,0,-141.10784590098532,impostor
test,0,-92.69980905151878,impostor
test,0,-117.49431076692522,impostor
test,0,-64.28727793500573,impostor
test,0,-92.94522830282813,impostor
test,0,-72.08593988684764,impostor
test,0,-53.802911228573564,impostor
test,0,-59.31551415509695,impostor
test,0,-65.33736039025389,impostor
test,0,-48.048224886783935,impostor
test,0,-34.853784213094755,impostor
test,0,-44.80041969899622,impostor
test,0,-39.533886889292596,impostor
test,0,-43.85112557795312,impostor
test,0,-44.26471392910475,impostor
test,0,-275.29037296740165,impostor
test,0,-40.23338090900588,impostor
test,0,-32.112145247461996,impostor
test,0,-106.90481372052858,impostor
test,0,-44.537132517258925,impostor
test,0,-83.14100900051062,impostor
test,0,-33.3073011729896,impostor
test,0,-31.84676483302235,impostor
test,0,-31.24651433147118,impostor
test,0,-36.12786104253273,impostor
test,0,-46.29704430722145,impostor
test,0,-46.590782061437324,impostor
test,0,-41.248892975582294,impostor
test,0,-48.090805534142326,impostor
test,0,-47.15149971758815,impostor
test,0,-75.38144317924011,impostor
test,0,-75.82512192236105,impostor
test,0,-54.752683494300406,impostor
test,0,-53.5734558727662,impostor
test,0,-51.255189356907195,impostor
test,0,-42.361389486987264,impostor
test,0,-39.924578298968136,impostor
test,0,-30.32646365334154,impostor
test,0,-57.725378553862804,impostor
test,0,-36.46174182809811,impostor
test,0,-34.96887917276702,impostor
test,0,-44.19078096962473,impostor
test,0,-44.6841075663554,impostor
test,0,-47.060230801851795,impostor
test,0,-38.515860631115686,impostor
test,0,-43.35506409205182,impostor
test,0,-37.949154712815485,impostor
test,0,-39.12870385338032,impostor
test,0,-44.51375862769856,impostor
test,0,-42.66799888437836,impostor
test,0,-30.947810759092324,impostor
test,0,-36.287288554673154,impostor
test,0,-39.84819329309224,impostor
test,0,-36.75523965379866,impostor
test,0,-43.581805287391724,impostor
test,0,-63.660898717596716,impostor
test,0,-36.61329141284894,impostor
test,0,-38.20842175177007,impostor
test,0,-36.61030791626194,impostor
test,0,-47.68901878452685,impostor
test,0,-58.04508983265211,impostor
test,0,-88.19642703333443,impostor
test,0,-57.76542678415931,impostor
test,0,-53.57045165461613,impostor
test,0,-52.312670048824536,impostor
test,0,-70.04864550803559,impostor
test,0,-25.826051489059562,impostor
test,0,-47.874252762242875,impostor
test,0,-31.570844848332516,impostor
test,0,-35.86168082305687,impostor
test,0,-94.89536386395059,impostor
test,0,-43.854460926497666,impostor
test,0,-55.5401912940119,impostor
test,0,-50.218490279993766,impostor
test,0,-62.50075589567048,impostor
test,0,-45.527171067536614,impostor
test,0,-54.14538446284469,impostor
test,0,-41.31130635749895,impostor
test,0,-62.44944895932251,impostor
test,0,-42.72840834896484,impostor
test,0,-43.73573411708619,impostor
test,0,-48.584197641685506,impostor
test,0,-48.59217824201563,impostor
test,0,-52.69508145730598,impostor
test,0,-48.92572423490061,impostor
test,0,-47.301429889160744,impostor
test,0,-61.8425565749927,impostor
test,0,-46.61308072069544,impostor
test,0,-46.33267360651992,impostor
test,0,-56.008537958273074,impostor
test,0,-62.70775189248636,impostor
test,0,-45.003256493741006,impostor
test,0,-49.214309295131265,impostor
test,0,-38.881255031924795,impostor
test,0,-44.417131508081376,impostor
test,0,-60.06079732915103,impostor
test,0,-52.02667195913113,impostor
test,0,-45.557069590920364,impostor
test,0,-31.371969147748445,impostor
test,0,-46.63653864185669,impostor
test,0,-45.3210096598436,impostor
test,0,-38.984815866428704,impostor
test,0,-49.19270346626312,impostor
test,0,-50.64306226776235,impostor
test,0,-50.896395414300116,impostor
test,0,-81.10342101770073,impostor
test,0,-63.48797893190574,impostor
test,0,-45.321050394018684,impostor
test,0,-45.05446380134585,impostor
test,0,-46.56292361544105,impostor
test,0,-71.44417436264673,impostor
test,0,-53.130943710854744,impostor
test,0,-64.15808350794354,impostor
test,0,-68.2944850875526,impostor
test,0,-47.332273746139684,impostor
test,0,-57.15048808250315,impostor
test,0,-75.99816754400923,impostor
test,0,-49.66621388099654,impostor
test,0,-51.30522574432228,impostor
test,0,-44.22474827843004,impostor
test,0,-25.064035356119817,impostor
test,0,-40.6432014507876,impostor
test,0,-38.98030115558119,impostor
test,0,-35.20856760692676,impostor
test,0,-34.26648424231915,impostor
test,0,-32.57784824260371,impostor
test,0,-45.53980135164857,impostor
test,0,-35.172956252547664,impostor
test,0,-37.80447421296126,impostor
test,0,-35.205198459861066,impostor
test,0,-47.69518243581753,impostor
test,0,-46.4744333703652,impostor
test,0,-41.546458007900654,impostor
test,0,-42.1635898852327,impostor
test,0,-41.85124838761377,impostor
test,1,-25.21164254942851,genuine
test,1,-39.68453118141878,genuine
test,1,-27.948283525432522,genuine
test,1,-24.315811330784083,genuine
test,1,-24.034812214956542,genuine
test,1,-27.972343444731678,genuine
test,1,-30.690447541190608,genuine
test,1,-37.86758274039309,genuine
test,1,-27.37060122658543,genuine
test,1,-28.675109207287584,genuine
test,1,-30.902175635171247,genuine
test,1,-30.10466672711902,genuine
test,1,-32.26096143212049,genuine
test,1,-34.950708991626556,genuine
test,1,-32.97354608068299,genuine
test,1,-34.86486353636496,genuine
test,1,-33.534313595162885,genuine
test,1,-28.62104076529307,genuine
test,1,-28.92646475804566,genuine
test,1,-30.247067360347216,genuine
test,1,-27.65823165554656,genuine
test,1,-28.42692586628645,genuine
test,1,-86.76285568854142,genuine
test,1,-40.731069767388334,genuine
test,1,-29.834686610256938,genuine
test,1,-30.518056397991494,genuine
test,1,-28.840037417680307,genuine
test,1,-27.951165724571208,genuine
test,1,-31.356834399576737,genuine
test,1,-31.946128879306332,genuine
test,1,-31.088349990054912,genuine
test,1,-32.357813194755984,genuine
test,1,-35.27387445047433,genuine
test,1,-32.28033861323983,genuine
test,1,-57.99877650600387,genuine
test,1,-38.6514988137668,genuine
test,1,-30.334594903355566,genuine
test,1,-32.74353531650844,genuine
test,1,-29.18640310453903,genuine
test,1,-46.74069986401696,genuine
test,1,-34.995495501058286,genuine
test,1,-29.58135375962427,genuine
test,1,-28.961134790456583,genuine
test,1,-30.57315490948467,genuine
test,1,-35.73456911492251,genuine
test,1,-30.439173960417513,genuine
test,1,-36.04755478024344,genuine
test,1,-61.135196424162004,genuine
test,1,-49.84752436565344,genuine
test,1,-29.76714118613903,genuine
test,1,-33.28771523846658,genuine
test,1,-32.468622147651786,genuine
test,1,-39.20216963936933,genuine
test,1,-38.26041404094783,genuine
test,1,-28.653880850185526,genuine
test,1,-39.422947611462845,genuine
test,1,-34.456350193395444,genuine
test,1,-35.816757084577404,genuine
test,1,-34.66076140201618,genuine
test,1,-35.034432605728114,genuine
test,1,-38.648602810480405,genuine
test,1,-36.32677478606095,genuine
test,1,-44.61527273134805,genuine
test,1,-35.80654913855011,genuine
test,1,-41.50931053300143,genuine
test,1,-25.977033148640675,genuine
test,1,-28.828011265228426,genuine
test,1,-32.54152096592999,genuine
test,1,-29.09800442974946,genuine
test,1,-44.14570455218357,genuine
test,1,-35.97477637334069,genuine
test,1,-35.911033802253364,genuine
test,1,-36.90588675456681,genuine
test,1,-32.05273067795004,genuine
test,1,-31.095373118130983,genuine
test,1,-35.37268019693648,genuine
test,1,-36.70284963484028,genuine
test,1,-31.035116450563084,genuine
test,1,-43.00580968658657,genuine
test,1,-47.031644564365465,genuine
test,1,-40.616431659504926,genuine
test,1,-37.333575745083145,genuine
test,1,-39.85990017586395,genuine
test,1,-38.76088126605366,genuine
test,1,-53.76874970747316,genuine
test,1,-40.775802990740274,genuine
test,1,-41.58834604612613,genuine
test,1,-43.0464624020336,genuine
test,1,-36.03988761050326,genuine
test,1,-34.11448297104582,genuine
test,1,-33.13048131989431,genuine
test,1,-45.039009632370146,genuine
test,1,-45.48107744361109,genuine
test,1,-51.855233416852656,genuine
test,1,-42.366989878105514,genuine
test,1,-44.43348464227811,genuine
test,1,-49.85788358831968,genuine
test,1,-63.30995951101809,genuine
test,1,-42.130562386824955,genuine
test,1,-48.32497732347911,genuine
test,1,-33.66304471433117,genuine
test,1,-33.24325713379256,genuine
test,1,-28.168486795042238,genuine
test,1,-30.34925236789728,genuine
test,1,-31.20501606909902,genuine
test,1,-28.147870943862397,genuine
test,1,-30.176017569059194,genuine
test,1,-32.58046880617773,genuine
test,1,-38.62255191655855,genuine
test,1,-40.912144317944616,genuine
test,1,-37.78190395401267,genuine
test,1,-39.570836763254476,genuine
test,1,-36.01210660878785,genuine
test,1,-37.67576307056774,genuine
test,1,-58.67144538993738,genuine
test,1,-35.20200458953896,genuine
test,1,-82.95659549596115,genuine
test,1,-40.626752594648025,genuine
test,1,-38.250355969878385,genuine
test,1,-37.44994068540907,genuine
test,1,-33.822759669596365,genuine
test,1,-34.501233494367355,genuine
test,1,-36.23732463076765,genuine
test,1,-29.4424231620651,genuine
test,1,-29.636168067764885,genuine
test,1,-33.92594747199385,genuine
test,1,-34.55647198740291,genuine
test,1,-32.0990652972415,genuine
test,1,-34.51116454044507,genuine
test,1,-38.714946066948535,genuine
test,1,-35.66587852206203,genuine
test,1,-38.04514043952504,genuine
test,1,-60.16842699153687,genuine
test,1,-38.1898950878338,genuine
test,1,-38.32533239403587,genuine
test,1,-36.67740884261761,genuine
test,1,-41.01979956766287,genuine
test,1,-42.94258644032408,genuine
test,1,-38.754719347632694,genuine
test,1,-49.574604295877975,genuine
test,1,-31.935221599161398,genuine
test,1,-41.07818295718904,genuine
test,1,-37.940305725422775,genuine
test,1,-43.67349702230874,genuine
test,1,-41.90493365262425,genuine
test,1,-49.36377942804584,genuine
test,1,-51.2071345886534,genuine
test,1,-37.90091295254484,genuine
test,1,-41.28462931675925,genuine
test,1,-42.4231856977389,genuine
test,1,-77.7771403730842,genuine
test,1,-46.31423819668002,genuine
test,1,-49.2659732338437,genuine
test,1,-45.47073035144241,genuine
test,1,-41.254598430473315,genuine
test,1,-40.457257282167404,genuine
test,1,-32.99882857952399,genuine
test,1,-44.609544295120294,genuine
test,1,-46.69380628158368,genuine
test,1,-49.61284137547255,genuine
test,1,-53.878909413522294,genuine
test,1,-42.72054969014774,genuine
test,1,-34.696501018650395,genuine
test,1,-30.073960293843207,genuine
test,1,-38.63877246926719,genuine
test,1,-42.44337779265951,genuine
test,1,-37.78191037365087,genuine
test,1,-39.05258546527399,genuine
test,1,-42.90536525474084,genuine
test,1,-33.50390402625858,genuine
test,1,-38.245700616774606,genuine
test,1,-36.34594173422266,genuine
test,1,-59.845058142936956,genuine
test,1,-41.25491580463136,genuine
test,1,-36.61329946664797,genuine
test,1,-38.75865118959356,genuine
test,1,-52.68548958874462,genuine
test,1,-46.318131331521315,genuine
test,1,-55.52022578539225,genuine
test,1,-52.52222060890549,genuine
test,1,-42.98247059147048,genuine
test,1,-46.99230101460454,genuine
test,1,-48.714762190089786,genuine
test,1,-47.007364589408304,genuine
test,1,-55.09448549366658,genuine
test,1,-38.267333425695654,genuine
test,1,-42.07288167943826,genuine
test,1,-39.766212773207,genuine
test,1,-43.594088342012746,genuine
test,1,-40.258983201328455,genuine
test,1,-50.01551150727666,genuine
test,1,-59.045613412607295,genuine
test,1,-59.694635017575365,genuine
test,1,-44.288492091784946,genuine
test,1,-43.84334844274359,genuine
test,1,-44.59848113843333,genuine
test,1,-30.69561699017954,genuine
test,1,-37.207944338281415,genuine
test,1,-38.42568336403857,genuine
test,1,-48.69632820959967,genuine
test,0,-124.34576884402851,impostor
test,0,-165.18724022593887,impostor
test,0,-249.042432644653,impostor
test,0,-110.50494549590937,impostor
test,0,-104.65541853467407,impostor
test,0,-318.6090220084652,impostor
test,0,-322.3020281884771,impostor
test,0,-260.598455273265,impostor
test,0,-326.0739846295603,impostor
test,0,-301.3955025674338,impostor
test,0,-616.928892622267,impostor
test,0,-635.7251703857805,impostor
test,0,-508.77002728568476,impostor
test,0,-566.125767820855,impostor
test,0,-490.1728830624445,impostor
test,0,-165.1355951924112,impostor
test,0,-130.58348683345162,impostor
test,0,-208.51477178031507,impostor
test,0,-155.09564671287026,impostor
test,0,-144.28793978786973,impostor
test,0,-247.8222480571024,impostor
test,0,-279.4810027953482,impostor
test,0,-396.1117506561371,impostor
test,0,-115.61941628736757,impostor
test,0,-175.5973873213067,impostor
test,0,-103.58782308687366,impostor
test,0,-103.47629107319413,impostor
test,0,-150.42044338830488,impostor
test,0,-87.70718876212203,impostor
test,0,-138.20014223825157,impostor
test,0,-822.5629831294667,impostor
test,0,-695.9718798170919,impostor
test,0,-830.7899522316529,impostor
test,0,-810.0288411580188,impostor
test,0,-593.719179873762,impostor
test,0,-1170.303264221268,impostor
test,0,-797.2844547881585,impostor
test,0,-744.5607648885425,impostor
test,0,-441.0316727785035,impostor
test,0,-794.7302306382824,impostor
test,0,-184.37605217312074,impostor
test,0,-163.4518054237276,impostor
test,0,-171.49585507471562,impostor
test,0,-176.3539829303676,impostor
test,0,-168.16073903608572,impostor
test,0,-1138.81391914301,impostor
test,0,-392.3800857080068,impostor
test,0,-402.72876150854785,impostor
test,0,-348.97586203484565,impostor
test,0,-311.40068518940717,impostor
test,0,-213.5248652694802,impostor
test,0,-189.5012745925656,impostor
test,0,-174.44756034338184,impostor
test,0,-152.01977439537973,impostor
test,0,-114.83263483091393,impostor
test,0,-472.42898572529384,impostor
test,0,-377.85391779547354,impostor
test,0,-471.0808279509285,impostor
test,0,-283.2715147677084,impostor
test,0,-254.11041555033123,impostor
test,0,-254.33116371582415,impostor
test,0,-183.1493079511141,impostor
test,0,-145.98221726400368,impostor
test,0,-128.69322594436113,impostor
test,0,-102.281878413956,impostor
test,0,-609.950220687548,impostor
test,0,-525.6726005531737,impostor
test,0,-403.6833219046859,impostor
test,0,-418.44758522604,impostor
test,0,-505.34117785778693,impostor
test,0,-302.52103908126077,impostor
test,0,-219.23629429240881,impostor
test,0,-190.9460297313662,impostor
test,0,-161.49348232161512,impostor
test,0,-273.02692789394104,impostor
test,0,-165.10238666336653,impostor
test,0,-310.9655537413667,impostor
test,0,-263.49076446930616,impostor
test,0,-239.8575971514046,impostor
test,0,-152.85288911195772,impostor
test,0,-116.76079397727338,impostor
test,0,-116.2181642294913,impostor
test,0,-142.09980346861408,impostor
test,0,-84.77589366325991,impostor
test,0,-107.19626514678686,impostor
test,0,-97.41277654616502,impostor
test,0,-174.18414370633997,impostor
test,0,-198.1824716447084,impostor
test,0,-174.93192708161652,impostor
test,0,-136.46593205448548,impostor
test,0,-174.91667059164078,impostor
test,0,-201.28433361732186,impostor
test,0,-161.65061307053531,impostor
test,0,-111.45040343783967,impostor
test,0,-139.7098928847229,impostor
test,0,-102.48598578189599,impostor
test,0,-160.7963844084608,impostor
test,0,-111.68407887457197,impostor
test,0,-88.84490522371675,impostor
test,0,-138.52194694521637,impostor
test,0,-109.48259487006385,impostor
test,0,-98.62917799650215,impostor
test,0,-104.12591232721105,impostor
test,0,-75.02553065388435,impostor
test,0,-115.97717170941802,impostor
test,0,-171.94110706981706,impostor
test,0,-144.8838123639973,impostor
test,0,-139.89749141839167,impostor
test,0,-263.631713427328,impostor
test,0,-156.4861099518771,impostor
test,0,-231.5028711005627,impostor
test,0,-214.27876406125608,impostor
test,0,-158.58715018632319,impostor
test,0,-198.82321204134058,impostor
test,0,-131.38045034943264,impostor
test,0,-588.9987812153427,impostor
test,0,-411.76037224182335,impostor
test,0,-586.4844109339324,impostor
test,0,-236.49239994173516,impostor
test,0,-421.25732702509333,impostor
test,0,-271.30387116836107,impostor
test,0,-218.85056123285813,impostor
test,0,-265.57793581705226,impostor
test,0,-224.53170817399476,impostor
test,0,-131.58679405662727,impostor
test,0,-124.41093668862707,impostor
test,0,-106.9530169805437,impostor
test,0,-78.98270879674133,impostor
test,0,-68.6930255666393,impostor
test,0,-55.776268656753864,impostor
test,0,-941.6421218281533,impostor
test,0,-196.39819177235802,impostor
test,0,-142.54204007508585,impostor
test,0,-408.62662500766095,impostor
test,0,-138.45313921107748,impostor
test,0,-396.9089027152835,impostor
test,0,-157.12630840843988,impostor
test,0,-139.89114602138523,impostor
test,0,-84.51681952683501,impostor
test,0,-86.83098102052976,impostor
test,0,-269.0798298311223,impostor
test,0,-206.27220676342415,impostor
test,0,-196.74325584010384,impostor
test,0,-216.9906197226559,impostor
test,0,-191.01039133509227,impostor
test,0,-326.07364358423536,impostor
test,0,-434.1127384222473,impostor
test,0,-264.9563988920898,impostor
test,0,-283.9427709132458,impostor
test,0,-219.52099095404753,impostor
test,0,-202.39137090003086,impostor
test,0,-185.45609127307446,impostor
test,0,-88.90182911291855,impostor
test,0,-274.46544281258156,impostor
test,0,-93.2723692982142,impostor
test,0,-153.85584674413246,impostor
test,0,-112.72794546523238,impostor
test,0,-109.63602391584004,impostor
test,0,-92.2314688195196,impostor
test,0,-135.96187540688305,impostor
test,0,-160.461217243618,impostor
test,0,-142.59754767988497,impostor
test,0,-102.66153745503891,impostor
test,0,-101.74864958550685,impostor
test,0,-115.65819854610424,impostor
test,0,-112.25728035233237,impostor
test,0,-125.4360839096787,impostor
test,0,-140.35614401649062,impostor
test,0,-106.67773144959,impostor
test,0,-90.13336812396882,impostor
test,0,-283.79930367302296,impostor
test,0,-195.9308595764204,impostor
test,0,-86.71921287616442,impostor
test,0,-160.26199771796496,impostor
test,0,-133.83537155997624,impostor
test,0,-294.04753232711255,impostor
test,0,-395.2686208253032,impostor
test,0,-221.9196409174191,impostor
test,0,-209.52392046712174,impostor
test,0,-184.3977470009411,impostor
test,0,-400.8185214722528,impostor
test,0,-234.44768556054117,impostor
test,0,-275.8969191796372,impostor
test,0,-291.07348895485967,impostor
test,0,-248.8089702941382,impostor
test,0,-413.5521619115366,impostor
test,0,-161.6119381054509,impostor
test,0,-218.18960552782312,impostor
test,0,-175.00259289737335,impostor
test,0,-261.744695239058,impostor
test,0,-225.19802193869432,impostor
test,0,-226.88186837787478,impostor
test,0,-189.094880236886,impostor
test,0,-226.6844599858407,impostor
test,0,-227.87166704303095,impostor
test,0,-145.91979530307427,impostor
test,0,-47.45848304337093,impostor
test,0,-95.1789622585574,impostor
test,0,-117.11327407578284,impostor
test,0,-93.46519446718246,impostor
test,0,-99.88425447027335,impostor
test,0,-148.37572487408798,impostor
test,0,-142.05915054008466,impostor
test,0,-87.49280289433032,impostor
test,0,-68.10830476572443,impostor
test,0,-288.56549588983137,impostor
test,0,-218.79059123216214,impostor
test,0,-194.9704606347962,impostor
test,0,-160.7099440852667,impostor
test,0,-128.7363983099883,impostor
test,0,-244.15462858252022,impostor
test,0,-223.7143869755411,impostor
test,0,-105.49921716349382,impostor
test,0,-100.50731614323429,impostor
test,0,-117.59159402035992,impostor
test,0,-387.0058273990985,impostor
test,0,-237.82790118901372,impostor
test,0,-551.94455599134,impostor
test,0,-281.5057546300303,impostor
test,0,-259.61115114241056,impostor
test,0,-362.1703398488509,impostor
test,0,-242.71422394674244,impostor
test,0,-145.14271354070175,impostor
test,0,-109.98105919778187,impostor
test,0,-108.03806629904565,impostor
test,0,-394.6466576288731,impostor
test,0,-293.5837481119681,impostor
test,0,-319.9117677214171,impostor
test,0,-360.3136672999306,impostor
test,0,-239.49037738325396,impostor
test,0,-217.75159955826183,impostor
test,0,-430.55148848266947,impostor
test,0,-193.79578538235845,impostor
test,0,-212.00002982234847,impostor
test,0,-173.9316393792747,impostor
test,0,-121.0666606097228,impostor
test,0,-103.75433413192074,impostor
test,0,-92.79227148869916,impostor
test,0,-121.80483374185687,impostor
test,0,-140.225901669574,impostor
test,0,-131.62331008916888,impostor
test,0,-106.6764657337519,impostor
test,0,-92.51183825156842,impostor
test,0,-112.46253872491903,impostor
test,0,-70.2563496053295,impostor
test,0,-215.6001247203714,impostor
test,0,-206.5535347345505,impostor
test,0,-208.8852349685004,impostor
test,0,-172.42587942253598,impostor
test,0,-144.26198878689956,impostor
test,1,-53.051294023188284,genuine
test,1,-54.30523541736735,genuine
test,1,-65.1274085757474,genuine
test,1,-24.06667716367633,genuine
test,1,-23.656859357499783,genuine
test,1,-22.607130589602388,genuine
test,1,-25.36212184769961,genuine
test,1,-28.311937828275248,genuine
test,1,-37.70901089010074,genuine
test,1,-30.288829603792987,genuine
test,1,-19.460471525269583,genuine
test,1,-24.32813160637183,genuine
test,1,-32.76960409601712,genuine
test,1,-39.10115230313527,genuine
test,1,-24.331934227446965,genuine
test,1,-25.751785878505498,genuine
test,1,-26.89390298234011,genuine
test,1,-25.93282327937042,genuine
test,1,-31.884541441114457,genuine
test,1,-26.579657145958457,genuine
test,1,-35.35655300337604,genuine
test,1,-25.848705134327957,genuine
test,1,-31.529199306710353,genuine
test,1,-19.256421223174645,genuine
test,1,-35.24163044671963,genuine
test,1,-31.34624135738509,genuine
test,1,-26.0554365453876,genuine
test,1,-29.04875706706961,genuine
test,1,-36.67982409869025,genuine
test,1,-36.21279531712901,genuine
test,1,-37.602438226131625,genuine
test,1,-35.41751754089731,genuine
test,1,-39.049464923034456,genuine
test,1,-54.249494995832535,genuine
test,1,-36.12758405158969,genuine
test,1,-57.94729646552427,genuine
test,1,-34.03484676486749,genuine
test,1,-35.51789356110062,genuine
test,1,-36.44356160028275,genuine
test,1,-40.26764573738273,genuine
test,1,-38.99153296088454,genuine
test,1,-36.11214921848723,genuine
test,1,-34.875935381353656,genuine
test,1,-30.907268343849495,genuine
test,1,-30.951662198199475,genuine
test,1,-33.03677060580836,genuine
test,1,-32.186236439049296,genuine
test,1,-31.478850057096192,genuine
test,1,-35.190662909344525,genuine
test,1,-28.447651018076268,genuine
test,1,-32.37035222311167,genuine
test,1,-44.95175854976933,genuine
test,1,-29.43658259984639,genuine
test,1,-23.179938476645674,genuine
test,1,-39.753763972508395,genuine
test,1,-26.441244481611182,genuine
test,1,-113.38711033822366,genuine
test,1,-33.017168304133556,genuine
test,1,-26.043433247283204,genuine
test,1,-32.169548198236804,genuine
test,1,-61.12605434745109,genuine
test,1,-59.19453562189686,genuine
test,1,-58.36337183293887,genuine
test,1,-30.425796103375273,genuine
test,1,-30.565653832236144,genuine
test,1,-24.72175726667147,genuine
test,1,-28.268806573176143,genuine
test,1,-25.595267160684376,genuine
test,1,-33.58909375714057,genuine
test,1,-62.275987865841536,genuine
test,1,-45.10065758453946,genuine
test,1,-32.89108922550991,genuine
test,1,-48.00991123430833,genuine
test,1,-38.70690229349585,genuine
test,1,-52.035838340227734,genuine
test,1,-35.838926967752116,genuine
test,1,-36.794348980745525,genuine
test,1,-39.391533758076505,genuine
test,1,-40.57570861578813,genuine
test,1,-38.569482082732975,genuine
test,1,-38.30466525175133,genuine
test,1,-41.21905998241986,genuine
test,1,-43.68731354049012,genuine
test,1,-43.14953662795474,genuine
test,1,-41.50711723999566,genuine
test,1,-52.16417556133518,genuine
test,1,-39.15290388468912,genuine
test,1,-47.30709601653152,genuine
test,1,-39.75433339431649,genuine
test,1,-32.29285426108919,genuine
test,1,-34.71058325185771,genuine
test,1,-55.96007777248672,genuine
test,1,-38.19588954262298,genuine
test,1,-36.598421391222175,genuine
test,1,-42.583670299542625,genuine
test,1,-45.21731189254142,genuine
test,1,-33.98873452898885,genuine
test,1,-34.552234029638235,genuine
test,1,-31.296831186047868,genuine
test,1,-41.83795029306871,genuine
test,1,-25.586473632568083,genuine
test,1,-22.273241894982913,genuine
test,1,-29.647641218329085,genuine
test,1,-32.001815366129726,genuine
test,1,-27.201377393707553,genuine
test,1,-46.296858480623314,genuine
test,1,-35.43695112707884,genuine
test,1,-27.070708785109897,genuine
test,1,-26.090299856621186,genuine
test,1,-29.557081269215164,genuine
test,1,-47.77688058777686,genuine
test,1,-32.31748531340197,genuine
test,1,-36.62940139763961,genuine
test,1,-65.97880542961069,genuine
test,1,-35.06855598997905,genuine
test,1,-30.864750478395944,genuine
test,1,-56.764248904274744,genuine
test,1,-35.32103489535167,genuine
test,1,-29.80578207793502,genuine
test,1,-55.888431766308976,genuine
test,1,-31.46307835619957,genuine
test,1,-28.424883675625324,genuine
test,1,-39.404351921463245,genuine
test,1,-34.731917673554456,genuine
test,1,-28.797148276133864,genuine
test,1,-49.27331287637577,genuine
test,1,-40.905378800361255,genuine
test,1,-43.36219131601396,genuine
test,1,-39.635115271669896,genuine
test,1,-41.85383102181873,genuine
test,1,-34.73741988339434,genuine
test,1,-37.226308806202404,genuine
test,1,-32.00064002763366,genuine
test,1,-35.856959599353765,genuine
test,1,-33.53890390488108,genuine
test,1,-29.72785177850444,genuine
test,1,-34.1834625240124,genuine
test,1,-31.46188657562821,genuine
test,1,-31.212042194398354,genuine
test,1,-38.792122603828616,genuine
test,1,-29.198598619484855,genuine
test,1,-34.123751138916326,genuine
test,1,-32.890855620746166,genuine
test,1,-34.34414870193771,genuine
test,1,-27.51475456224032,genuine
test,1,-36.023482340700184,genuine
test,1,-36.00024789238065,genuine
test,1,-37.02931106450965,genuine
test,1,-32.13305682103186,genuine
test,1,-34.67948606773768,genuine
test,1,-28.518082091861743,genuine
test,1,-27.058723349231467,genuine
test,1,-29.235577558448732,genuine
test,1,-27.973493047740707,genuine
test,1,-28.659985836689504,genuine
test,1,-38.42503511540946,genuine
test,1,-32.40852680956786,genuine
test,1,-32.94347272510157,genuine
test,1,-31.28572807420074,genuine
test,1,-27.848226031309004,genuine
test,1,-32.48412997172391,genuine
test,1,-37.5174421625567,genuine
test,1,-35.10781993979242,genuine
test,1,-36.342307382962375,genuine
test,1,-37.988685193961,genuine
test,1,-40.32963418477994,genuine
test,1,-28.079262492544984,genuine
test,1,-34.24009762619813,genuine
test,1,-33.432361930206056,genuine
test,1,-31.21928332212252,genuine
test,1,-44.633595359462454,genuine
test,1,-57.9290311339324,genuine
test,1,-31.520709982632148,genuine
test,1,-28.450729336699926,genuine
test,1,-37.878707419105375,genuine
test,1,-26.762441838990483,genuine
test,1,-25.186150677177597,genuine
test,1,-28.323370470359528,genuine
test,1,-27.384340962269885,genuine
test,1,-33.408811750946306,genuine
test,1,-30.758672409038844,genuine
test,1,-33.498603624123604,genuine
test,1,-37.4349394917957,genuine
test,1,-31.262214057353898,genuine
test,1,-40.944362322172545,genuine
test,1,-54.94293673635441,genuine
test,1,-61.28485212123414,genuine
test,1,-37.618655306075844,genuine
test,1,-46.52886590208842,genuine
test,1,-43.937096615151965,genuine
test,1,-32.94230078926097,genuine
test,1,-37.88116184282878,genuine
test,1,-43.66713414457781,genuine
test,1,-30.943430552562983,genuine
test,1,-39.67702344727762,genuine
test,1,-39.14880603167205,genuine
test,1,-31.286932661376497,genuine
test,1,-42.43577920462239,genuine
test,1,-35.21458027864702,genuine
test,1,-36.12091585907836,genuine
test,0,-52.621609635083125,impostor
test,0,-83.43753806670654,impostor
test,0,-68.46742420001091,impostor
test,0,-63.73972132492946,impostor
test,0,-53.78243163682631,impostor
test,0,-133.3254452644286,impostor
test,0,-135.72978553311435,impostor
test,0,-111.49339226305437,impostor
test,0,-137.56860265785636,impostor
test,0,-134.93190327347193,impostor
test,0,-254.60138155236422,impostor
test,0,-220.76409994500182,impostor
test,0,-227.1480987893757,impostor
test,0,-244.21050313135376,impostor
test,0,-218.28983618301066,impostor
test,0,-80.56934066967683,impostor
test,0,-57.78729636944305,impostor
test,0,-90.02750424155174,impostor
test,0,-74.2564918914261,impostor
test,0,-55.33529980814476,impostor
test,0,-140.36769674809105,impostor
test,0,-124.97178705740502,impostor
test,0,-141.76419312461294,impostor
test,0,-49.31190742852876,impostor
test,0,-88.24899538755527,impostor
test,0,-52.12285538589795,impostor
test,0,-48.79788389044665,impostor
test,0,-66.13918920013134,impostor
test,0,-46.10675867387408,impostor
test,0,-45.90232495909565,impostor
test,0,-361.64983199025494,impostor
test,0,-295.44658723801274,impostor
test,0,-298.257075678897,impostor
test,0,-324.9206611487397,impostor
test,0,-246.15527219091805,impostor
test,0,-460.78604651753386,impostor
test,0,-352.2354779721553,impostor
test,0,-336.51909427399454,impostor
test,0,-189.5314571101626,impostor
test,0,-346.90289709873707,impostor
test,0,-75.27466057050354,impostor
test,0,-70.90553170095485,impostor
test,0,-71.56040762090636,impostor
test,0,-69.05951421995901,impostor
test,0,-58.865775396607056,impostor
test,0,-376.7583520909203,impostor
test,0,-167.7793144941347,impostor
test,0,-121.34576779878412,impostor
test,0,-143.2101197945344,impostor
test,0,-129.40706019290843,impostor
test,0,-78.20286409485844,impostor
test,0,-62.997060672012935,impostor
test,0,-63.02519099421287,impostor
test,0,-63.80617208654584,impostor
test,0,-33.78680616970569,impostor
test,0,-209.89755241183352,impostor
test,0,-158.5006851208489,impostor
test,0,-169.31226548161465,impostor
test,0,-104.20507030270626,impostor
test,0,-83.07410079683146,impostor
test,0,-109.58315541209528,impostor
test,0,-66.177499424374,impostor
test,0,-52.134629998131096,impostor
test,0,-47.38776329018001,impostor
test,0,-45.99917742019374,impostor
test,0,-236.7405166335854,impostor
test,0,-183.1596813345689,impostor
test,0,-154.32323140257807,impostor
test,0,-140.0674935586745,impostor
test,0,-184.93156784759046,impostor
test,0,-127.35038995297006,impostor
test,0,-92.19177328432497,impostor
test,0,-80.07113462190266,impostor
test,0,-46.968430822316996,impostor
test,0,-95.55226419864731,impostor
test,0,-70.90192931319788,impostor
test,0,-111.292087931391,impostor
test,0,-104.52159931596385,impostor
test,0,-92.15520277686662,impostor
test,0,-58.51630326849202,impostor
test,0,-45.407011506324785,impostor
test,0,-51.86713483378075,impostor
test,0,-59.038000092734094,impostor
test,0,-27.072160259687458,impostor
test,0,-38.76942700879371,impostor
test,0,-61.284660146361226,impostor
test,0,-98.67474272165362,impostor
test,0,-87.99133087633625,impostor
test,0,-91.83525689431609,impostor
test,0,-61.74455992378173,impostor
test,0,-86.73869784147695,impostor
test,0,-73.1544526049552,impostor
test,0,-90.29561882550544,impostor
test,0,-70.54657387326058,impostor
test,0,-56.40295109199491,impostor
test,0,-45.45525106148663,impostor
test,0,-79.05780138041881,impostor
test,0,-45.64359936088246,impostor
test,0,-48.89669790396787,impostor
test,0,-56.534609938408494,impostor
test,0,-46.22444383640519,impostor
test,0,-38.01487762741429,impostor
test,0,-48.29658881391866,impostor
test,0,-40.43025037555781,impostor
test,0,-48.265118694343315,impostor
test,0,-67.86527013629888,impostor
test,0,-59.64632629856726,impostor
test,0,-70.9487677844015,impostor
test,0,-92.17969820315385,impostor
test,0,-80.85635345583943,impostor
test,0,-114.07887557478286,impostor
test,0,-97.25215864149018,impostor
test,0,-100.21796581638087,impostor
test,0,-95.71321388287711,impostor
test,0,-61.62759376644152,impostor
test,0,-234.6130701115655,impostor
test,0,-193.01409411052654,impostor
test,0,-219.23525083783485,impostor
test,0,-94.46756860691306,impostor
test,0,-169.7360123632292,impostor
test,0,-116.37925291751621,impostor
test,0,-88.94010377125156,impostor
test,0,-127.23651062274274,impostor
test,0,-84.44294221794895,impostor
test,0,-48.67786718379146,impostor
test,0,-40.01681401532254,impostor
test,0,-46.155332912132494,impostor
test,0,-37.65413691623863,impostor
test,0,-41.41370704096421,impostor
test,0,-32.992376086444935,impostor
test,0,-299.2032745249556,impostor
test,0,-79.09769522879655,impostor
test,0,-61.150112759839736,impostor
test,0,-201.17265803057316,impostor
test,0,-63.56690539314802,impostor
test,0,-187.27241264545165,impostor
test,0,-70.79851261216929,impostor
test,0,-77.4954043925707,impostor
test,0,-57.128030385987245,impostor
test,0,-65.43015847796867,impostor
test,0,-144.1267303888261,impostor
test,0,-104.04033960550282,impostor
test,0,-103.87247605150121,impostor
test,0,-108.55120580882864,impostor
test,0,-96.77882416846818,impostor
test,0,-120.83382410868838,impostor
test,0,-112.27965753473754,impostor
test,0,-116.29077304525993,impostor
test,0,-111.45495285411475,impostor
test,0,-97.10870662705784,impostor
test,0,-93.1748073889628,impostor
test,0,-79.93952100992588,impostor
test,0,-37.96633258710161,impostor
test,0,-98.08093782068131,impostor
test,0,-41.66038107400051,impostor
test,0,-77.75851507738754,impostor
test,0,-57.971313554379634,impostor
test,0,-59.113506459536936,impostor
test,0,-59.80404926126792,impostor
test,0,-61.47603227511866,impostor
test,0,-68.41414041356894,impostor
test,0,-66.75361359097725,impostor
test,0,-39.37243748336383,impostor
test,0,-47.76263777555087,impostor
test,0,-74.10117770760276,impostor
test,0,-59.41891523874991,impostor
test,0,-52.58445301126023,impostor
test,0,-63.046079523023984,impostor
test,0,-56.71237240734353,impostor
test,0,-59.784498431353924,impostor
test,0,-120.57573583840843,impostor
test,0,-83.77826809292361,impostor
test,0,-56.42710990054356,impostor
test,0,-72.40865097655686,impostor
test,0,-68.26831326745261,impostor
test,0,-134.72300665188595,impostor
test,0,-198.3624665599091,impostor
test,0,-104.02772219830867,impostor
test,0,-92.89173351125928,impostor
test,0,-66.68842403942239,impostor
test,0,-203.20609167283249,impostor
test,0,-124.19113222526114,impostor
test,0,-135.0100493025233,impostor
test,0,-128.976003515068,impostor
test,0,-124.39802013089142,impostor
test,0,-206.6477240045266,impostor
test,0,-76.15690085112657,impostor
test,0,-96.92165143044933,impostor
test,0,-87.2017200574563,impostor
test,0,-78.4239749767247,impostor
test,0,-118.8199683193761,impostor
test,0,-132.72291635318348,impostor
test,0,-94.74024235808821,impostor
test,0,-116.51295664317014,impostor
test,0,-114.51341538104472,impostor
test,0,-61.753968051141676,impostor
test,0,-47.37428629546639,impostor
test,0,-63.7632052359367,impostor
test,0,-55.154870674039735,impostor
test,0,-55.476022333814015,impostor
test,0,-47.36060731361886,impostor
test,0,-47.50512384645919,impostor
test,0,-36.73997014555355,impostor
test,0,-44.66404888448984,impostor
test,0,-37.52203112462066,impostor
test,0,-117.62458701641636,impostor
test,0,-79.5544955242125,impostor
test,0,-84.06547264064002,impostor
test,0,-59.73687505323609,impostor
test,0,-61.77596739907941,impostor
test,0,-111.50415860804695,impostor
test,0,-102.50199279857696,impostor
test,0,-48.91171217048438,impostor
test,0,-45.41569857643924,impostor
test,0,-45.64914813710355,impostor
test,0,-190.93125212247594,impostor
test,0,-152.21950722831187,impostor
test,0,-267.96051591371656,impostor
test,0,-154.6673645110785,impostor
test,0,-127.0408780132272,impostor
test,0,-40.41359529223445,impostor
test,0,-53.09272911383007,impostor
test,0,-49.36201768836065,impostor
test,0,-71.23024878627427,impostor
test,0,-51.316952925157715,impostor
test,0,-174.23414719206548,impostor
test,0,-118.04944052071787,impostor
test,0,-125.17390260518582,impostor
test,0,-139.5323662810883,impostor
test,0,-90.53721175599017,impostor
test,0,-86.07314533789359,impostor
test,0,-126.23107097677297,impostor
test,0,-76.00371546951085,impostor
test,0,-89.4615869353998,impostor
test,0,-62.30580763293733,impostor
test,0,-65.36067677458993,impostor
test,0,-60.204660887398624,impostor
test,0,-41.75970608285793,impostor
test,0,-56.99801996148946,impostor
test,0,-91.74345501468363,impostor
test,0,-66.73390486354076,impostor
test,0,-58.362742922383916,impostor
test,0,-41.13153953631254,impostor
test,0,-44.205021743165446,impostor
test,0,-56.54835707046624,impostor
test,0,-95.53285039473725,impostor
test,0,-84.82256344318448,impostor
test,0,-63.083742292235314,impostor
test,0,-69.97387927998338,impostor
test,0,-47.45481299097898,impostor
test,1,-89.39611942518337,genuine
test,1,-30.2053351631087,genuine
test,1,-23.344767454275793,genuine
test,1,-30.135804026847307,genuine
test,1,-28.04816863443762,genuine
test,1,-22.645588993813874,genuine
test,1,-33.771225229034464,genuine
test,1,-25.605665382762222,genuine
test,1,-26.702676721065714,genuine
test,1,-19.887142333167546,genuine
test,1,-22.726267904907523,genuine
test,1,-24.504739858520256,genuine
test,1,-21.230380270842957,genuine
test,1,-46.00605805120617,genuine
test,1,-55.403514346155944,genuine
test,1,-29.42721780839032,genuine
test,1,-30.831263094759382,genuine
test,1,-31.479981713886275,genuine
test,1,-27.884418762949164,genuine
test,1,-29.06582595381953,genuine
test,1,-27.048657323390056,genuine
test,1,-39.15699533060676,genuine
test,1,-31.367221178101865,genuine
test,1,-31.3182173097234,genuine
test,1,-24.86970468956659,genuine
test,1,-22.966371678543492,genuine
test,1,-28.310914534626903,genuine
test,1,-28.60846324870691,genuine
test,1,-33.13181209192523,genuine
test,1,-30.26947086951289,genuine
test,1,-33.57361647841784,genuine
test,1,-26.106569672009012,genuine
test,1,-39.00264995207907,genuine
test,1,-33.67976179026037,genuine
test,1,-25.94134218002709,genuine
test,1,-32.20541446953471,genuine
test,1,-27.917504278748588,genuine
test,1,-26.062736407003136,genuine
test,1,-30.09344873461148,genuine
test,1,-27.26310868072112,genuine
test,1,-28.348814295530364,genuine
test,1,-27.656622095160056,genuine
test,1,-26.57160794871597,genuine
test,1,-26.271895689521063,genuine
test,1,-29.93042611412199,genuine
test,1,-27.302801255256416,genuine
test,1,-32.43184660937544,genuine
test,1,-28.18951695426218,genuine
test,1,-29.455796521617028,genuine
test,1,-27.695273918877515,genuine
test,1,-39.85953080327069,genuine
test,1,-26.423064167348365,genuine
test,1,-40.30291829731789,genuine
test,1,-21.737602681418313,genuine
test,1,-30.304987667672787,genuine
test,1,-30.67917407727907,genuine
test,1,-97.54260477424324,genuine
test,1,-29.854763049216203,genuine
test,1,-38.451292241577335,genuine
test,1,-32.08778819209821,genuine
test,1,-34.90235931693539,genuine
test,1,-27.032761960321878,genuine
test,1,-28.497615634217112,genuine
test,1,-25.15774994607428,genuine
test,1,-28.047712852572413,genuine
test,1,-30.326463264796523,genuine
test,1,-26.586629564459702,genuine
test,1,-27.51693625041049,genuine
test,1,-25.256809928279957,genuine
test,1,-22.721128860691437,genuine
test,1,-28.032290808663795,genuine
test,1,-28.25786307046627,genuine
test,1,-30.596594782553733,genuine
test,1,-37.83086266048449,genuine
test,1,-31.345615752819104,genuine
test,1,-28.558191374432955,genuine
test,1,-28.08596944513952,genuine
test,1,-28.7713669384781,genuine
test,1,-29.187897823632994,genuine
test,1,-26.43018311736127,genuine
test,1,-35.35659695524317,genuine
test,1,-29.859224337347214,genuine
test,1,-35.98117743695787,genuine
test,1,-36.49801974053838,genuine
test,1,-33.98536709429097,genuine
test,1,-58.2336377842945,genuine
test,1,-35.15193918909025,genuine
test,1,-35.51402827509989,genuine
test,1,-30.453845520443693,genuine
test,1,-37.22834104764149,genuine
test,1,-32.137976662876596,genuine
test,1,-28.644897127884256,genuine
test,1,-36.84178893286435,genuine
test,1,-33.55330786917699,genuine
test,1,-36.26997762026414,genuine
test,1,-38.2892558552302,genuine
test,1,-31.140695502203812,genuine
test,1,-34.031074091110604,genuine
test,1,-32.515146534890896,genuine
test,1,-32.24201279898756,genuine
test,1,-56.24974992273892,genuine
test,1,-27.667250741392028,genuine
test,1,-49.341414443414514,genuine
test,1,-22.42604467787192,genuine
test,1,-27.970027709390273,genuine
test,1,-26.93617679738409,genuine
test,1,-32.21729680091559,genuine
test,1,-35.24638534474202,genuine
test,1,-30.89806020454961,genuine
test,1,-28.46455946191252,genuine
test,1,-30.857440088117002,genuine
test,1,-36.57927516460346,genuine
test,1,-30.034369256601867,genuine
test,1,-30.348182854164822,genuine
test,1,-33.92186419104001,genuine
test,1,-32.36845510888265,genuine
test,1,-33.0571067750693,genuine
test,1,-42.01182795254626,genuine
test,1,-33.724356241139255,genuine
test,1,-41.125123605210874,genuine
test,1,-42.24441799409925,genuine
test,1,-34.867758844833965,genuine
test,1,-31.372867557896154,genuine
test,1,-37.857502960478335,genuine
test,1,-35.58988219455064,genuine
test,1,-34.612654984591565,genuine
test,1,-35.83895761861069,genuine
test,1,-38.01672564723445,genuine
test,1,-29.978144434019047,genuine
test,1,-34.372608783463214,genuine
test,1,-40.89804102576561,genuine
test,1,-37.97761459431423,genuine
test,1,-44.43100486745045,genuine
test,1,-31.715742237325912,genuine
test,1,-39.41925981664642,genuine
test,1,-38.953366786098,genuine
test,1,-46.762587910660514,genuine
test,1,-32.589270741233356,genuine
test,1,-37.496289080414165,genuine
test,1,-33.810800026016445,genuine
test,1,-28.788470949366804,genuine
test,1,-54.53688441358501,genuine
test,1,-40.22859242317537,genuine
test,1,-43.015146658689,genuine
test,1,-40.42568585858064,genuine
test,1,-42.90608740484971,genuine
test,1,-52.453764909520125,genuine
test,1,-54.24856930257724,genuine
test,1,-50.20292409897746,genuine
test,1,-40.523522725259845,genuine
test,1,-41.57614344450827,genuine
test,1,-29.393945133883598,genuine
test,1,-19.09969980575743,genuine
test,1,-38.87838589007297,genuine
test,1,-24.629281265179205,genuine
test,1,-36.516357831809046,genuine
test,1,-29.70942533781224,genuine
test,1,-37.00660213297169,genuine
test,1,-26.72182802066557,genuine
test,1,-27.98913929842097,genuine
test,1,-33.478576605700866,genuine
test,1,-33.50262475025583,genuine
test,1,-40.30928055515804,genuine
test,1,-30.47833715454268,genuine
test,1,-31.370921535004506,genuine
test,1,-33.61595249467427,genuine
test,1,-30.170573901159557,genuine
test,1,-31.57713958665044,genuine
test,1,-40.28881346828696,genuine
test,1,-34.720947543462636,genuine
test,1,-35.35994031162352,genuine
test,1,-38.46492009811314,genuine
test,1,-30.80943905685941,genuine
test,1,-35.076086350141445,genuine
test,1,-34.71665163967653,genuine
test,1,-33.546932731057915,genuine
test,1,-41.86974807955705,genuine
test,1,-30.04613948969809,genuine
test,1,-31.152140595246546,genuine
test,1,-35.0033772195171,genuine
test,1,-30.470990220308227,genuine
test,1,-41.6886711254665,genuine
test,1,-33.717010911631206,genuine
test,1,-32.750693681361916,genuine
test,1,-38.020299637510554,genuine
test,1,-34.29913408378133,genuine
test,1,-33.18298055570276,genuine
test,1,-26.27013353506283,genuine
test,1,-27.375174721548074,genuine
test,1,-25.44760658046662,genuine
test,1,-30.21022418636971,genuine
test,1,-28.453424858847598,genuine
test,1,-29.346254886790618,genuine
test,1,-31.689473239442407,genuine
test,1,-37.77433402445549,genuine
test,1,-35.63088930346199,genuine
test,1,-27.47593407292826,genuine
test,1,-56.477295698751526,genuine
test,1,-43.23205228473313,genuine
test,1,-34.271545677121374,genuine
test,0,-55.771497659128315,impostor
test,0,-80.81296255831113,impostor
test,0,-75.12751184440499,impostor
test,0,-65.34892231132372,impostor
test,0,-60.337931009981276,impostor
test,0,-141.9105124375255,impostor
test,0,-134.7311568746907,impostor
test,0,-115.0670506751767,impostor
test,0,-150.70282320924775,impostor
test,0,-137.73623178523692,impostor
test,0,-247.79413051753212,impostor
test,0,-178.24341755036014,impostor
test,0,-187.16689025474153,impostor
test,0,-211.53112483881026,impostor
test,0,-172.03140223640656,impostor
test,0,-61.97466107742678,impostor
test,0,-50.83871944208346,impostor
test,0,-96.28163118222942,impostor
test,0,-45.893358237489814,impostor
test,0,-60.36632234715003,impostor
test,0,-100.67768810901363,impostor
test,0,-117.82728907418075,impostor
test,0,-151.69023739109673,impostor
test,0,-51.81626319451627,impostor
test,0,-79.61568496852884,impostor
test,0,-57.14677466455514,impostor
test,0,-51.63255260252305,impostor
test,0,-91.36098197839623,impostor
test,0,-56.07549977031681,impostor
test,0,-60.13784160004411,impostor
test,0,-300.83746900044673,impostor
test,0,-282.24215184598694,impostor
test,0,-289.1159041439748,impostor
test,0,-290.0630722447844,impostor
test,0,-216.29973596362066,impostor
test,0,-405.3430351654159,impostor
test,0,-317.0796396994845,impostor
test,0,-324.62562797572707,impostor
test,0,-164.56571408840858,impostor
test,0,-275.36347566654104,impostor
test,0,-60.466277613353014,impostor
test,0,-73.81747770596564,impostor
test,0,-73.90775049266604,impostor
test,0,-64.6188100474852,impostor
test,0,-53.204827375319695,impostor
test,0,-282.4364945958171,impostor
test,0,-141.09840768314203,impostor
test,0,-102.81482278912834,impostor
test,0,-111.34927151871831,impostor
test,0,-111.08022861995507,impostor
test,0,-75.05123082235338,impostor
test,0,-64.2286340272137,impostor
test,0,-65.9739252834826,impostor
test,0,-65.86756365777312,impostor
test,0,-53.9787354764196,impostor
test,0,-225.5446306993048,impostor
test,0,-120.99591206029481,impostor
test,0,-143.3779992090248,impostor
test,0,-91.91381829569953,impostor
test,0,-70.50489749151717,impostor
test,0,-106.45556236547897,impostor
test,0,-64.75731317997193,impostor
test,0,-50.06537248463748,impostor
test,0,-69.2251311467109,impostor
test,0,-64.72540270288248,impostor
test,0,-193.87625025842914,impostor
test,0,-164.60458651280385,impostor
test,0,-136.57698504005893,impostor
test,0,-111.7358838619847,impostor
test,0,-123.00523504197687,impostor
test,0,-144.58361610128483,impostor
test,0,-116.5586809570758,impostor
test,0,-100.53171678906466,impostor
test,0,-54.16013906726085,impostor
test,0,-113.89004101689025,impostor
test,0,-61.00416538819554,impostor
test,0,-107.03745628902314,impostor
test,0,-87.23579393922837,impostor
test,0,-101.42913658732803,impostor
test,0,-65.117803137697,impostor
test,0,-61.17842674752557,impostor
test,0,-74.52648211741486,impostor
test,0,-52.83693660813381,impostor
test,0,-51.70209178436175,impostor
test,0,-58.20572840832374,impostor
test,0,-78.89110636459229,impostor
test,0,-107.70935319830285,impostor
test,0,-119.84162764522573,impostor
test,0,-83.40307788769498,impostor
test,0,-70.65771709553765,impostor
test,0,-99.74504572616604,impostor
test,0,-67.15591671850278,impostor
test,0,-88.17116480750599,impostor
test,0,-67.4065660135765,impostor
test,0,-61.41216767981739,impostor
test,0,-60.19885213614009,impostor
test,0,-77.60927183584893,impostor
test,0,-56.15815475550721,impostor
test,0,-57.63165550834998,impostor
test,0,-67.26142318310879,impostor
test,0,-77.5368826031251,impostor
test,0,-49.90570293579487,impostor
test,0,-59.14632347538088,impostor
test,0,-68.50464943219235,impostor
test,0,-70.60603658204319,impostor
test,0,-79.82679487095146,impostor
test,0,-71.47094985574593,impostor
test,0,-97.60060221901482,impostor
test,0,-122.76214915130811,impostor
test,0,-94.21965583125358,impostor
test,0,-126.37157924557543,impostor
test,0,-126.2867088968111,impostor
test,0,-102.6555620308278,impostor
test,0,-116.98860056409762,impostor
test,0,-68.30721987510194,impostor
test,0,-185.57229898741275,impostor
test,0,-171.24003365619467,impostor
test,0,-224.77099588731613,impostor
test,0,-102.8172746714651,impostor
test,0,-146.87064757295641,impostor
test,0,-129.6810183351484,impostor
test,0,-92.98512165236617,impostor
test,0,-114.39854388190044,impostor
test,0,-91.45555245622985,impostor
test,0,-55.751479451355436,impostor
test,0,-62.160402907556666,impostor
test,0,-67.49754230820795,impostor
test,0,-56.480415636297096,impostor
test,0,-67.8395552100833,impostor
test,0,-51.82804545260303,impostor
test,0,-332.4803340211554,impostor
test,0,-67.11463786864292,impostor
test,0,-51.75975999560021,impostor
test,0,-171.1351941741338,impostor
test,0,-65.9175542089669,impostor
test,0,-221.8851016494283,impostor
test,0,-85.14942462340511,impostor
test,0,-72.54621373632715,impostor
test,0,-69.39462373972505,impostor
test,0,-76.91421402845684,impostor
test,0,-129.08502289870844,impostor
test,0,-97.53682487194946,impostor
test,0,-108.37388824088666,impostor
test,0,-98.7431618168362,impostor
test,0,-89.37368569304843,impostor
test,0,-103.89346193142221,impostor
test,0,-117.26816201715792,impostor
test,0,-90.16709788134911,impostor
test,0,-105.76546277145793,impostor
test,0,-92.60472788385123,impostor
test,0,-88.34216983158426,impostor
test,0,-91.39547791888586,impostor
test,0,-56.41651458988764,impostor
test,0,-81.2152939762461,impostor
test,0,-66.88996107292368,impostor
test,0,-89.75263626038135,impostor
test,0,-76.83920395329058,impostor
test,0,-77.42836390871398,impostor
test,0,-80.28374541437387,impostor
test,0,-80.58136533139901,impostor
test,0,-80.27603474770312,impostor
test,0,-68.88689643982906,impostor
test,0,-69.78329537525647,impostor
test,0,-61.36606340648416,impostor
test,0,-75.96612915111577,impostor
test,0,-49.85290727360502,impostor
test,0,-47.0650312081642,impostor
test,0,-75.92582739933533,impostor
test,0,-55.21312539207937,impostor
test,0,-66.10196041620128,impostor
test,0,-140.25452508435077,impostor
test,0,-76.0437420490991,impostor
test,0,-78.58167695632883,impostor
test,0,-73.28655028593045,impostor
test,0,-86.27900583895293,impostor
test,0,-137.96031720759407,impostor
test,0,-203.77290305961114,impostor
test,0,-102.76966777649056,impostor
test,0,-107.27119818412099,impostor
test,0,-88.87662481061778,impostor
test,0,-200.80865775475468,impostor
test,0,-130.79159265076828,impostor
test,0,-154.19273105323694,impostor
test,0,-123.3464664642822,impostor
test,0,-137.05325527582656,impostor
test,0,-208.21907559933865,impostor
test,0,-68.4078996736243,impostor
test,0,-95.90998641488028,impostor
test,0,-74.33414461498369,impostor
test,0,-75.39188990619591,impostor
test,0,-124.27823711241209,impostor
test,0,-137.29456512628946,impostor
test,0,-112.93326259537089,impostor
test,0,-127.6548069583999,impostor
test,0,-126.26380609538428,impostor
test,0,-77.97442915100301,impostor
test,0,-57.66638655220059,impostor
test,0,-68.4937107542014,impostor
test,0,-76.88800189256878,impostor
test,0,-72.35257575152153,impostor
test,0,-67.31241551166258,impostor
test,0,-58.81410473248784,impostor
test,0,-58.64047226440584,impostor
test,0,-63.438303479295925,impostor
test,0,-67.1265732736943,impostor
test,0,-87.55252087343304,impostor
test,0,-68.50938582090983,impostor
test,0,-87.26415943762058,impostor
test,0,-42.15087210789012,impostor
test,0,-62.600997345252,impostor
test,0,-85.24109452570846,impostor
test,0,-67.79629895750256,impostor
test,0,-56.848558100757614,impostor
test,0,-53.148582422692726,impostor
test,0,-68.26974750342691,impostor
test,0,-159.91835402174965,impostor
test,0,-133.73545627176853,impostor
test,0,-245.21970899942988,impostor
test,0,-157.23587562169612,impostor
test,0,-117.41628001048561,impostor
test,0,-46.31290779116901,impostor
test,0,-46.99597715889918,impostor
test,0,-60.41856589194862,impostor
test,0,-80.86481350265724,impostor
test,0,-58.5350306004504,impostor
test,0,-149.71749709331002,impostor
test,0,-79.99083982499879,impostor
test,0,-59.779249131514526,impostor
test,0,-56.934414140484506,impostor
test,0,-46.67450235789192,impostor
test,0,-84.02132258859706,impostor
test,0,-112.36323710142959,impostor
test,0,-83.03617556065848,impostor
test,0,-80.55574548059111,impostor
test,0,-70.46215999180623,impostor
test,0,-73.65189618896326,impostor
test,0,-63.518933221516605,impostor
test,0,-47.17993440358218,impostor
test,0,-62.21583825500398,impostor
test,0,-96.86336464411076,impostor
test,0,-57.915141194930264,impostor
test,0,-62.31628099844256,impostor
test,0,-52.674430292303015,impostor
test,0,-51.3486338122444,impostor
test,0,-64.47456946792688,impostor
test,0,-80.94133827390675,impostor
test,0,-66.96279414767349,impostor
test,0,-57.91002553039206,impostor
test,0,-57.242368889241696,impostor
test,0,-46.35572570758025,impostor
test,1,-25.817514668107076,genuine
test,1,-26.419172016690947,genuine
test,1,-25.948431373045644,genuine
test,1,-19.442050874417408,genuine
test,1,-16.274760567231574,genuine
test,1,-19.75258881133834,genuine
test,1,-36.33607638676823,genuine
test,1,-26.864482878033005,genuine
test,1,-29.194027297042553,genuine
test,1,-25.57851272514101,genuine
test,1,-31.23535328148794,genuine
test,1,-28.990795401118145,genuine
test,1,-26.072065174397633,genuine
test,1,-31.457363887782336,genuine
test,1,-26.39444887236736,genuine
test,1,-20.321440907676195,genuine
test,1,-18.199173700011627,genuine
test,1,-21.391488586494464,genuine
test,1,-22.75782965208902,genuine
test,1,-21.13308503996365,genuine
test,1,-28.37104443513446,genuine
test,1,-19.22259015978191,genuine
test,1,-21.31637518933263,genuine
test,1,-45.20924977069052,genuine
test,1,-21.41805563654064,genuine
test,1,-17.88623458908507,genuine
test,1,-19.23243782351171,genuine
test,1,-16.996431942929632,genuine
test,1,-25.419562176044128,genuine
test,1,-63.192770844923764,genuine
test,1,-22.506752815779937,genuine
test,1,-19.64746948270957,genuine
test,1,-23.005934929922937,genuine
test,1,-29.300940964801825,genuine
test,1,-24.6197945703176,genuine
test,1,-20.17712328632442,genuine
test,1,-16.57175363064179,genuine
test,1,-24.135496048436863,genuine
test,1,-21.444557639529116,genuine
test,1,-26.926986335585614,genuine
test,1,-38.79410453366038,genuine
test,1,-20.310397032341477,genuine
test,1,-23.662691438442714,genuine
test,1,-28.539961941285355,genuine
test,1,-22.48517301603946,genuine
test,1,-32.90882444253738,genuine
test,1,-69.70164026738696,genuine
test,1,-41.5241856236224,genuine
test,1,-26.529683624367173,genuine
test,1,-25.00861428311921,genuine
test,1,-21.447183356322633,genuine
test,1,-23.858793199532673,genuine
test,1,-22.611843854852317,genuine
test,1,-95.47912834896054,genuine
test,1,-20.200510379450535,genuine
test,1,-21.771676199914026,genuine
test,1,-23.520125002944962,genuine
test,1,-17.79005898757391,genuine
test,1,-22.238109000891484,genuine
test,1,-68.08412944932644,genuine
test,1,-24.94157872858593,genuine
test,1,-28.888120668864953,genuine
test,1,-52.141447398900624,genuine
test,1,-20.242744022405493,genuine
test,1,-22.14670508421696,genuine
test,1,-25.041743605738823,genuine
test,1,-26.1136494858404,genuine
test,1,-25.31372415473393,genuine
test,1,-20.780182326167875,genuine
test,1,-24.080338764149882,genuine
test,1,-28.915059937044973,genuine
test,1,-21.1371896340548,genuine
test,1,-22.931145024932054,genuine
test,1,-21.592065978068923,genuine
test,1,-21.163804513411385,genuine
test,1,-32.17227251836716,genuine
test,1,-22.977179669229177,genuine
test,1,-26.64345969186293,genuine
test,1,-25.009298990438683,genuine
test,1,-21.083996247848265,genuine
test,1,-22.98358621435324,genuine
test,1,-20.151576223480212,genuine
test,1,-22.068899403717364,genuine
test,1,-35.302208502067145,genuine
test,1,-21.117624699319837,genuine
test,1,-29.98049033295178,genuine
test,1,-23.53535877251874,genuine
test,1,-25.76821040044117,genuine
test,1,-26.886731319277825,genuine
test,1,-28.28953828098394,genuine
test,1,-59.2872007651413,genuine
test,1,-27.97022476210279,genuine
test,1,-22.81706016152461,genuine
test,1,-30.972599673214297,genuine
test,1,-26.674458498779263,genuine
test,1,-21.417079905367103,genuine
test,1,-32.73414848818122,genuine
test,1,-14.606416739841176,genuine
test,1,-20.000190335520543,genuine
test,1,-16.961036065252106,genuine
test,1,-29.483889247014428,genuine
test,1,-36.85904944046225,genuine
test,1,-36.59098160006522,genuine
test,1,-25.550033752289025,genuine
test,1,-35.342189606016944,genuine
test,1,-45.781344577944154,genuine
test,1,-23.610390090107703,genuine
test,1,-21.92780701506561,genuine
test,1,-31.872549215921943,genuine
test,1,-26.375364604593603,genuine
test,1,-30.265202042020057,genuine
test,1,-30.054319184518707,genuine
test,1,-60.11903763570744,genuine
test,1,-26.003473323767594,genuine
test,1,-44.471646802586775,genuine
test,1,-30.748616204922257,genuine
test,1,-32.60118291544181,genuine
test,1,-31.15800382368794,genuine
test,1,-34.184294129224035,genuine
test,1,-35.49264613410647,genuine
test,1,-37.56654410756667,genuine
test,1,-37.20207011105802,genuine
test,1,-62.491069674975826,genuine
test,1,-31.43204315522166,genuine
test,1,-33.695413857623464,genuine
test,1,-40.75544746234264,genuine
test,1,-28.987197655196415,genuine
test,1,-32.23887972848407,genuine
test,1,-32.81578488996152,genuine
test,1,-35.48883945641314,genuine
test,1,-33.59609445900261,genuine
test,1,-28.171928351963636,genuine
test,1,-34.70130211396491,genuine
test,1,-36.1868922286286,genuine
test,1,-29.668561157383262,genuine
test,1,-30.264209246134275,genuine
test,1,-32.00122462204324,genuine
test,1,-29.687454382463418,genuine
test,1,-31.042652137392455,genuine
test,1,-35.39980270654084,genuine
test,1,-30.84114564389089,genuine
test,1,-29.100256663989374,genuine
test,1,-31.498894831127863,genuine
test,1,-26.624306395469095,genuine
test,1,-35.656710238454274,genuine
test,1,-29.98787555008301,genuine
test,1,-34.58816655732039,genuine
test,1,-31.683843061276352,genuine
test,1,-33.21161654811454,genuine
test,1,-33.822729395675395,genuine
test,1,-39.14967159621864,genuine
test,1,-29.07158249640618,genuine
test,1,-28.84893834611852,genuine
test,1,-41.50750037417281,genuine
test,1,-32.48324229553046,genuine
test,1,-37.084885254019746,genuine
test,1,-32.175705824214425,genuine
test,1,-34.92604438524805,genuine
test,1,-38.54296602857877,genuine
test,1,-32.105684703666284,genuine
test,1,-33.367046826143756,genuine
test,1,-29.742582535000746,genuine
test,1,-28.89696281672664,genuine
test,1,-35.60580712281598,genuine
test,1,-32.32962664883343,genuine
test,1,-32.015361770689495,genuine
test,1,-37.29874241384222,genuine
test,1,-31.34661847676821,genuine
test,1,-25.502610021768614,genuine
test,1,-29.333860430286915,genuine
test,1,-31.031605064993904,genuine
test,1,-32.136183796760555,genuine
test,1,-21.20031266141707,genuine
test,1,-28.55597287580998,genuine
test,1,-26.8036975139864,genuine
test,1,-31.07746715068618,genuine
test,1,-33.74160892814862,genuine
test,1,-28.96413791089711,genuine
test,1,-32.589069724353315,genuine
test,1,-28.944506677239538,genuine
test,1,-28.313073387129528,genuine
test,1,-35.64269965130403,genuine
test,1,-33.39702191137843,genuine
test,1,-29.97035343834815,genuine
test,1,-25.598714908351724,genuine
test,1,-29.74912149585323,genuine
test,1,-65.48117591369382,genuine
test,1,-26.784650858762785,genuine
test,1,-28.24550689797368,genuine
test,1,-29.1135417240105,genuine
test,1,-27.845534170819043,genuine
test,1,-26.340922631728333,genuine
test,1,-30.98990703203579,genuine
test,1,-32.30830728905662,genuine
test,1,-29.09290486689681,genuine
test,1,-36.8395831440529,genuine
test,1,-29.981733241829346,genuine
test,1,-45.64027543985125,genuine
test,1,-31.26020030620459,genuine
test,1,-38.039872187402466,genuine
test,0,-71.54136903106688,impostor
test,0,-95.47865295208018,impostor
test,0,-92.89941052165511,impostor
test,0,-80.82161665647405,impostor
test,0,-69.73509127910899,impostor
test,0,-174.18834548230856,impostor
test,0,-174.94489913406912,impostor
test,0,-129.22066688332671,impostor
test,0,-159.014631470113,impostor
test,0,-141.86141421175995,impostor
test,0,-295.07228089039256,impostor
test,0,-270.0739333572217,impostor
test,0,-248.25687014745242,impostor
test,0,-275.62083982939686,impostor
test,0,-204.21445677996172,impostor
test,0,-97.00485888271649,impostor
test,0,-73.25860541049225,impostor
test,0,-106.56028324811278,impostor
test,0,-99.57330655954401,impostor
test,0,-73.4638679258444,impostor
test,0,-156.3299128017669,impostor
test,0,-139.9482939153193,impostor
test,0,-153.12851400060643,impostor
test,0,-59.05409598435409,impostor
test,0,-101.04365444368975,impostor
test,0,-60.77414080112648,impostor
test,0,-57.08218769328762,impostor
test,0,-82.03996992615185,impostor
test,0,-50.7394312672806,impostor
test,0,-57.28129773023768,impostor
test,0,-391.2029725279931,impostor
test,0,-385.0461210226683,impostor
test,0,-351.4007710396983,impostor
test,0,-397.4749513223515,impostor
test,0,-337.07532227950406,impostor
test,0,-552.7345834225534,impostor
test,0,-421.23962391815684,impostor
test,0,-410.6124790229372,impostor
test,0,-232.06674557339602,impostor
test,0,-424.41061641711053,impostor
test,0,-76.5012387335107,impostor
test,0,-82.08901320099939,impostor
test,0,-81.56362378429091,impostor
test,0,-62.76177518894804,impostor
test,0,-61.38599953344858,impostor
test,0,-454.58229323127273,impostor
test,0,-188.11684249056276,impostor
test,0,-160.52573024114193,impostor
test,0,-145.52940062262738,impostor
test,0,-135.15840110085813,impostor
test,0,-95.22494483264246,impostor
test,0,-75.60949093243075,impostor
test,0,-66.17635482455351,impostor
test,0,-68.19923322629874,impostor
test,0,-50.35265647552185,impostor
test,0,-304.63093413809924,impostor
test,0,-196.9094155342583,impostor
test,0,-236.30263100541706,impostor
test,0,-154.22628264267036,impostor
test,0,-120.79765039916445,impostor
test,0,-102.20943231570465,impostor
test,0,-82.44349216068142,impostor
test,0,-62.90966089683294,impostor
test,0,-57.7228730519674,impostor
test,0,-43.33911153088442,impostor
test,0,-302.5475666518695,impostor
test,0,-292.34829381288955,impostor
test,0,-226.2802812111406,impostor
test,0,-198.73689821516308,impostor
test,0,-220.96621533820695,impostor
test,0,-136.00287745435517,impostor
test,0,-110.63632080914334,impostor
test,0,-123.15036112912608,impostor
test,0,-58.284049665627506,impostor
test,0,-136.23477483140815,impostor
test,0,-70.34323568850974,impostor
test,0,-140.8402301096813,impostor
test,0,-104.7141923888473,impostor
test,0,-106.84901880751349,impostor
test,0,-65.61047573555976,impostor
test,0,-50.89499999839766,impostor
test,0,-59.662309099098586,impostor
test,0,-79.27654743491313,impostor
test,0,-36.418824772966325,impostor
test,0,-49.519616423836894,impostor
test,0,-90.4283309189784,impostor
test,0,-123.03076611929116,impostor
test,0,-131.81947273576233,impostor
test,0,-115.36070049321967,impostor
test,0,-81.24156972890536,impostor
test,0,-111.72281320890174,impostor
test,0,-79.70086334640077,impostor
test,0,-88.21920694027003,impostor
test,0,-79.81929821264234,impostor
test,0,-62.117022502428014,impostor
test,0,-60.13776993923542,impostor
test,0,-85.66636829504755,impostor
test,0,-56.42448732985553,impostor
test,0,-50.84200103177398,impostor
test,0,-64.67139324541924,impostor
test,0,-73.17823997403758,impostor
test,0,-53.75388658775954,impostor
test,0,-60.07648886335642,impostor
test,0,-55.25406073417703,impostor
test,0,-62.58874888598203,impostor
test,0,-83.31146377616845,impostor
test,0,-74.92911085606232,impostor
test,0,-86.06684788898626,impostor
test,0,-168.09969585225798,impostor
test,0,-116.5986854838821,impostor
test,0,-126.3123156206407,impostor
test,0,-141.4228784486934,impostor
test,0,-134.78311823163,impostor
test,0,-106.07999196888349,impostor
test,0,-101.142217818618,impostor
test,0,-248.11475621306013,impostor
test,0,-209.88096545966553,impostor
test,0,-222.74952961115622,impostor
test,0,-87.27101211305914,impostor
test,0,-186.41234537182584,impostor
test,0,-176.35188271636565,impostor
test,0,-142.53709066792297,impostor
test,0,-168.54675750138463,impostor
test,0,-141.60705854474776,impostor
test,0,-78.03431634496759,impostor
test,0,-45.181216450387296,impostor
test,0,-51.789781210539495,impostor
test,0,-49.766571113320246,impostor
test,0,-51.75139728318332,impostor
test,0,-45.46941330091808,impostor
test,0,-644.8724688187671,impostor
test,0,-94.21727142348026,impostor
test,0,-70.54125413454477,impostor
test,0,-134.03418137029544,impostor
test,0,-74.61401405478107,impostor
test,0,-245.09502926854472,impostor
test,0,-82.24184510768444,impostor
test,0,-88.0966946372939,impostor
test,0,-77.78405796014185,impostor
test,0,-84.54752624131127,impostor
test,0,-149.36811449107302,impostor
test,0,-99.37428668779076,impostor
test,0,-107.9836814047871,impostor
test,0,-125.70692035796871,impostor
test,0,-105.9755081389376,impostor
test,0,-175.75542665194553,impostor
test,0,-139.24990370382727,impostor
test,0,-127.35313299152192,impostor
test,0,-171.33701950512926,impostor
test,0,-110.5676793603884,impostor
test,0,-97.24579596797655,impostor
test,0,-96.33590912109821,impostor
test,0,-46.03232503403712,impostor
test,0,-108.8525479043885,impostor
test,0,-44.143700084800734,impostor
test,0,-71.17416042161462,impostor
test,0,-63.33866520775832,impostor
test,0,-70.3222260630109,impostor
test,0,-72.64677114552507,impostor
test,0,-70.90587919739487,impostor
test,0,-69.05795647937217,impostor
test,0,-62.08047259799438,impostor
test,0,-54.950657662406925,impostor
test,0,-56.5181519204405,impostor
test,0,-75.53749847299257,impostor
test,0,-76.92097736050049,impostor
test,0,-65.2713762072678,impostor
test,0,-79.7763704439489,impostor
test,0,-67.74570536428969,impostor
test,0,-66.89950925229098,impostor
test,0,-172.7045202094208,impostor
test,0,-103.42223505830586,impostor
test,0,-84.96951027835554,impostor
test,0,-86.11112783271929,impostor
test,0,-99.78960425127823,impostor
test,0,-174.19288963846665,impostor
test,0,-265.8027427728454,impostor
test,0,-114.33267068071869,impostor
test,0,-121.20580650748661,impostor
test,0,-90.50445092044454,impostor
test,0,-239.53858591321415,impostor
test,0,-147.10086619777252,impostor
test,0,-172.56203964097787,impostor
test,0,-155.02597258306156,impostor
test,0,-151.5708202429682,impostor
test,0,-223.12871018924517,impostor
test,0,-76.30482682900745,impostor
test,0,-103.72139385116195,impostor
test,0,-81.81566489204624,impostor
test,0,-101.14754898370072,impostor
test,0,-135.88710415267127,impostor
test,0,-151.3660335407751,impostor
test,0,-110.8853497870615,impostor
test,0,-160.1813027009039,impostor
test,0,-135.3219288841076,impostor
test,0,-75.02745634330255,impostor
test,0,-63.588045983581914,impostor
test,0,-72.5001749405675,impostor
test,0,-72.32255371670074,impostor
test,0,-55.59337209669445,impostor
test,0,-56.30460487714353,impostor
test,0,-79.62347323179061,impostor
test,0,-49.00941174490085,impostor
test,0,-57.8040134799199,impostor
test,0,-52.14045679938161,impostor
test,0,-120.64629674224187,impostor
test,0,-88.20853871763435,impostor
test,0,-111.0031882131862,impostor
test,0,-75.57899797942082,impostor
test,0,-71.98355900959685,impostor
test,0,-143.5808730909322,impostor
test,0,-131.67226445023647,impostor
test,0,-69.64089339961254,impostor
test,0,-61.614021131945194,impostor
test,0,-67.80956585584119,impostor
test,0,-229.1619794966983,impostor
test,0,-173.35579962727527,impostor
test,0,-277.69708561470856,impostor
test,0,-184.22848058809402,impostor
test,0,-142.44050338269196,impostor
test,0,-68.44735837329983,impostor
test,0,-68.23336298660453,impostor
test,0,-65.5606706798234,impostor
test,0,-91.46360107009058,impostor
test,0,-78.84427367453864,impostor
test,0,-203.16816469070446,impostor
test,0,-122.18165249371528,impostor
test,0,-60.17148636130235,impostor
test,0,-39.98328820671617,impostor
test,0,-48.28100100297353,impostor
test,0,-237.2697204683772,impostor
test,0,-158.3104986612973,impostor
test,0,-174.91255839583448,impostor
test,0,-194.8525060971498,impostor
test,0,-121.80755300327344,impostor
test,0,-83.73795812750362,impostor
test,0,-75.27902583282646,impostor
test,0,-62.077908807165,impostor
test,0,-70.75970482979557,impostor
test,0,-98.20168136126598,impostor
test,0,-76.8829845169611,impostor
test,0,-78.16740257184127,impostor
test,0,-62.40493423611975,impostor
test,0,-61.47912829097727,impostor
test,0,-75.8952164576327,impostor
test,0,-104.15883986496443,impostor
test,0,-89.16385273735449,impostor
test,0,-75.22345342991491,impostor
test,0,-87.77051032146743,impostor
test,0,-60.74737007389653,impostor
test,1,-37.23884748771176,genuine
test,1,-30.26678812443291,genuine
test,1,-33.87613827338549,genuine
test,1,-27.568596814665288,genuine
test,1,-28.19571575928788,genuine
test,1,-34.97795800517271,genuine
test,1,-26.06036299047569,genuine
test,1,-32.92014116862317,genuine
test,1,-37.832191937057566,genuine
test,1,-27.87750982508293,genuine
test,1,-27.22762237258966,genuine
test,1,-72.59611701472267,genuine
test,1,-32.021920773085256,genuine
test,1,-27.06139601514172,genuine
test,1,-32.19961379792736,genuine
test,1,-21.153061086969117,genuine
test,1,-22.988213240209724,genuine
test,1,-38.44571992592788,genuine
test,1,-25.488678595263924,genuine
test,1,-29.901560286690778,genuine
test,1,-29.819667965096603,genuine
test,1,-31.110228012751286,genuine
test,1,-44.1426197399539,genuine
test,1,-27.879061378905195,genuine
test,1,-24.688387931638488,genuine
test,1,-32.69642732447087,genuine
test,1,-41.15908732934338,genuine
test,1,-32.8587077495912,genuine
test,1,-28.799654259434476,genuine
test,1,-27.821303372562724,genuine
test,1,-31.144890882145717,genuine
test,1,-51.685467422629365,genuine
test,1,-36.41804950553972,genuine
test,1,-32.78094500724415,genuine
test,1,-30.158513810792623,genuine
test,1,-44.01680096342582,genuine
test,1,-39.467925765891,genuine
test,1,-28.257540880096432,genuine
test,1,-28.065259214287035,genuine
test,1,-33.531654277851686,genuine
test,1,-37.02600765909776,genuine
test,1,-25.41095996553174,genuine
test,1,-42.88012589093792,genuine
test,1,-39.314201297649866,genuine
test,1,-35.93442378340324,genuine
test,1,-39.179815480075376,genuine
test,1,-31.540797887808825,genuine
test,1,-22.707275399854232,genuine
test,1,-33.32704086395101,genuine
test,1,-34.719513832820155,genuine
test,1,-32.50807276126167,genuine
test,1,-51.548044063139976,genuine
test,1,-37.35802756969709,genuine
test,1,-34.61395593649318,genuine
test,1,-30.99334442557002,genuine
test,1,-30.551971918991896,genuine
test,1,-32.23640726679453,genuine
test,1,-37.434186948937906,genuine
test,1,-28.84707730879064,genuine
test,1,-32.214115570173306,genuine
test,1,-39.35910399843179,genuine
test,1,-26.947315274811075,genuine
test,1,-31.451208790453318,genuine
test,1,-33.3231172327769,genuine
test,1,-30.98223499235312,genuine
test,1,-49.124653083446184,genuine
test,1,-31.46242488082844,genuine
test,1,-29.412632397698385,genuine
test,1,-28.786919426128097,genuine
test,1,-32.39195615850613,genuine
test,1,-28.916586524952006,genuine
test,1,-30.093471078042928,genuine
test,1,-26.31609376167051,genuine
test,1,-30.283803906435683,genuine
test,1,-27.617730230490334,genuine
test,1,-28.194901177286294,genuine
test,1,-29.668665297871463,genuine
test,1,-28.825062197829194,genuine
test,1,-26.453070104409747,genuine
test,1,-29.026116653156226,genuine
test,1,-33.58202358521077,genuine
test,1,-34.43815486722699,genuine
test,1,-35.283879301814146,genuine
test,1,-50.93187168397413,genuine
test,1,-32.854991374305804,genuine
test,1,-30.532448761868437,genuine
test,1,-29.450901166196463,genuine
test,1,-32.311505251354895,genuine
test,1,-33.16317828057234,genuine
test,1,-34.73820223659279,genuine
test,1,-30.25168896555219,genuine
test,1,-34.37364144674579,genuine
test,1,-35.10715881090175,genuine
test,1,-35.17887517746079,genuine
test,1,-38.21528802689067,genuine
test,1,-34.26646766693341,genuine
test,1,-32.40572823031901,genuine
test,1,-30.84974779632916,genuine
test,1,-33.46846597086,genuine
test,1,-30.297488319548194,genuine
test,1,-35.718118122450036,genuine
test,1,-26.796533776047827,genuine
test,1,-58.694407468339506,genuine
test,1,-31.7295590776464,genuine
test,1,-30.966139115305044,genuine
test,1,-33.26468628381746,genuine
test,1,-36.10082086563547,genuine
test,1,-33.66141926101487,genuine
test,1,-29.654968478133252,genuine
test,1,-29.65191638953762,genuine
test,1,-34.39426045155544,genuine
test,1,-32.63333862991073,genuine
test,1,-39.06421074668152,genuine
test,1,-38.00848450662534,genuine
test,1,-31.911735958364225,genuine
test,1,-44.03468233249331,genuine
test,1,-31.446209313421903,genuine
test,1,-59.73679430055059,genuine
test,1,-42.48160197991245,genuine
test,1,-33.256533905497314,genuine
test,1,-31.782780153983197,genuine
test,1,-34.29883801532751,genuine
test,1,-29.23511061071007,genuine
test,1,-34.87367928767968,genuine
test,1,-35.40284316101415,genuine
test,1,-51.27496467207987,genuine
test,1,-36.28089626786837,genuine
test,1,-34.35470035162378,genuine
test,1,-33.77077651053034,genuine
test,1,-29.942197029087122,genuine
test,1,-33.79740833313052,genuine
test,1,-33.78248096780348,genuine
test,1,-46.53261629437031,genuine
test,1,-36.693474036405,genuine
test,1,-39.17744847612842,genuine
test,1,-44.4434762567848,genuine
test,1,-45.28288756001094,genuine
test,1,-31.474369980664665,genuine
test,1,-33.131778924270016,genuine
test,1,-43.67410916639766,genuine
test,1,-41.6355318702888,genuine
test,1,-69.45630658080469,genuine
test,1,-40.265846454950754,genuine
test,1,-32.59458499924944,genuine
test,1,-50.28428171899596,genuine
test,1,-42.33257057482346,genuine
test,1,-40.58339582129946,genuine
test,1,-42.13052553665132,genuine
test,1,-48.90104843456886,genuine
test,1,-38.25553734540574,genuine
test,1,-33.902946184640854,genuine
test,1,-42.22543117974129,genuine
test,1,-35.333168856442995,genuine
test,1,-34.349104113136356,genuine
test,1,-40.18831721224752,genuine
test,1,-34.95422791128923,genuine
test,1,-37.28030884224606,genuine
test,1,-45.00223896634261,genuine
test,1,-37.710036829010136,genuine
test,1,-34.6259334259868,genuine
test,1,-41.35324200642089,genuine
test,1,-59.812529059021955,genuine
test,1,-41.13599715894056,genuine
test,1,-42.37586282406611,genuine
test,1,-43.33264691126602,genuine
test,1,-39.995630272584386,genuine
test,1,-35.858062582110826,genuine
test,1,-37.144055954859496,genuine
test,1,-42.1488649418179,genuine
test,1,-44.653721390848325,genuine
test,1,-49.13470282957426,genuine
test,1,-42.356915349667815,genuine
test,1,-47.38598731952199,genuine
test,1,-35.4486218893281,genuine
test,1,-48.82178096740081,genuine
test,1,-41.22606090770491,genuine
test,1,-42.296203136807435,genuine
test,1,-41.071211752175074,genuine
test,1,-41.521888439884066,genuine
test,1,-51.75902001278157,genuine
test,1,-37.524987268506024,genuine
test,1,-47.782438913954074,genuine
test,1,-41.07163648657843,genuine
test,1,-48.78777427008268,genuine
test,1,-49.84381461850464,genuine
test,1,-40.46453923149703,genuine
test,1,-38.984211945646976,genuine
test,1,-35.16995118196159,genuine
test,1,-39.682121211899464,genuine
test,1,-36.37787907787353,genuine
test,1,-35.549609271144384,genuine
test,1,-40.7471794994978,genuine
test,1,-53.39374744573241,genuine
test,1,-53.681848315131745,genuine
test,1,-39.13534763420369,genuine
test,1,-40.498788792990766,genuine
test,1,-43.44612782788909,genuine
test,1,-41.58946680498527,genuine
test,1,-41.398011034210306,genuine
test,1,-44.15198885753763,genuine
test,0,-68.02848933664947,impostor
test,0,-94.14801571224008,impostor
test,0,-104.69286501807491,impostor
test,0,-60.67687095774831,impostor
test,0,-50.310543358565724,impostor
test,0,-174.6457290626789,impostor
test,0,-167.35962238769167,impostor
test,0,-141.32641634648908,impostor
test,0,-189.92283315794472,impostor
test,0,-159.64304648620327,impostor
test,0,-329.4275994451618,impostor
test,0,-289.6299167494886,impostor
test,0,-280.58831655074493,impostor
test,0,-288.72095005127073,impostor
test,0,-248.26096531335412,impostor
test,0,-77.34315780876622,impostor
test,0,-63.27432142594316,impostor
test,0,-121.15393739523392,impostor
test,0,-74.88010171768356,impostor
test,0,-71.13527431740684,impostor
test,0,-145.81027502633063,impostor
test,0,-148.044603823967,impostor
test,0,-189.29461628635025,impostor
test,0,-61.47064941698084,impostor
test,0,-110.7770489916845,impostor
test,0,-61.8201622912047,impostor
test,0,-57.16271198993961,impostor
test,0,-96.5635187891225,impostor
test,0,-49.04192376080422,impostor
test,0,-69.71657178281689,impostor
test,0,-409.12635827832446,impostor
test,0,-348.8353099792384,impostor
test,0,-383.31436455240316,impostor
test,0,-389.89282630474844,impostor
test,0,-321.005031829778,impostor
test,0,-528.7075469535072,impostor
test,0,-394.23909588209125,impostor
test,0,-380.02116616360513,impostor
test,0,-218.49429460694185,impostor
test,0,-385.1717871382711,impostor
test,0,-89.02686692267291,impostor
test,0,-90.90300530298386,impostor
test,0,-89.2200096330506,impostor
test,0,-87.61449485132476,impostor
test,0,-81.2775418700422,impostor
test,0,-439.13233275344754,impostor
test,0,-214.42695485149758,impostor
test,0,-178.18572426869818,impostor
test,0,-177.01834752055166,impostor
test,0,-160.72398168585124,impostor
test,0,-100.23701312461091,impostor
test,0,-100.46711950444903,impostor
test,0,-83.3356300332826,impostor
test,0,-82.91784697886803,impostor
test,0,-53.390030005966004,impostor
test,0,-248.41914022751968,impostor
test,0,-178.28651728566723,impostor
test,0,-211.00369889128368,impostor
test,0,-128.3193637536833,impostor
test,0,-111.0218020733848,impostor
test,0,-135.80141451133147,impostor
test,0,-92.94327697707922,impostor
test,0,-63.55310838533415,impostor
test,0,-71.27326610299266,impostor
test,0,-54.31451282928885,impostor
test,0,-289.09397810610386,impostor
test,0,-254.32326597232958,impostor
test,0,-211.88151247854725,impostor
test,0,-192.57639371613487,impostor
test,0,-219.57031020689627,impostor
test,0,-175.2183986420028,impostor
test,0,-146.46250289752007,impostor
test,0,-125.17126143598051,impostor
test,0,-82.10232165808227,impostor
test,0,-152.8636524562228,impostor
test,0,-91.97180254087246,impostor
test,0,-157.5958969791677,impostor
test,0,-133.25851082502405,impostor
test,0,-136.76526812804778,impostor
test,0,-91.09114331107806,impostor
test,0,-58.49298864704789,impostor
test,0,-69.01551610918533,impostor
test,0,-73.87950173006209,impostor
test,0,-47.801018206070616,impostor
test,0,-62.540916223543896,impostor
test,0,-54.28983335480308,impostor
test,0,-99.55278121190536,impostor
test,0,-105.82480240947672,impostor
test,0,-85.03066637386425,impostor
test,0,-62.4272224398842,impostor
test,0,-111.58107425345374,impostor
test,0,-94.81696982945806,impostor
test,0,-103.02854561274233,impostor
test,0,-76.23160599496353,impostor
test,0,-85.25296550850697,impostor
test,0,-61.436710283232294,impostor
test,0,-90.16419881339489,impostor
test,0,-64.51852196812996,impostor
test,0,-57.44054537998693,impostor
test,0,-77.37883129560446,impostor
test,0,-73.26111126324372,impostor
test,0,-58.61752134276998,impostor
test,0,-65.3734385867997,impostor
test,0,-52.21421024086046,impostor
test,0,-61.31260397024466,impostor
test,0,-76.14312920625797,impostor
test,0,-73.4158740445384,impostor
test,0,-67.25664491235771,impostor
test,0,-110.72786883663379,impostor
test,0,-76.7723972397164,impostor
test,0,-121.4436447630181,impostor
test,0,-129.19118640884292,impostor
test,0,-95.66417020117788,impostor
test,0,-90.95005815091787,impostor
test,0,-56.257940175728216,impostor
test,0,-268.7585936356679,impostor
test,0,-228.0831187106215,impostor
test,0,-297.93676727102115,impostor
test,0,-131.40926725461156,impostor
test,0,-222.3048598393192,impostor
test,0,-137.00398506056075,impostor
test,0,-111.64871773796199,impostor
test,0,-146.91891431898924,impostor
test,0,-101.41104639335353,impostor
test,0,-72.55767042144731,impostor
test,0,-66.51353231100151,impostor
test,0,-60.820402727638466,impostor
test,0,-44.22670468431939,impostor
test,0,-39.25130566574401,impostor
test,0,-35.67153483285152,impostor
test,0,-451.69611388702424,impostor
test,0,-99.83652247482476,impostor
test,0,-73.65382869135277,impostor
test,0,-215.9557885844239,impostor
test,0,-85.69984881091031,impostor
test,0,-241.07250888645473,impostor
test,0,-66.08612581032942,impostor
test,0,-74.37352990730467,impostor
test,0,-41.430057427416514,impostor
test,0,-35.979736255520926,impostor
test,0,-131.8634872817733,impostor
test,0,-107.88637342652495,impostor
test,0,-99.24657899419626,impostor
test,0,-104.56563210228462,impostor
test,0,-95.02227344542905,impostor
test,0,-165.89806184101673,impostor
test,0,-182.6256758465997,impostor
test,0,-128.29250758926148,impostor
test,0,-148.34729457428736,impostor
test,0,-122.30475531226905,impostor
test,0,-112.87699228580487,impostor
test,0,-97.28581588294648,impostor
test,0,-47.8265439067505,impostor
test,0,-113.95391523300545,impostor
test,0,-52.8286347628144,impostor
test,0,-70.58872106656595,impostor
test,0,-46.249209967836926,impostor
test,0,-44.29400193497223,impostor
test,0,-39.90601480182935,impostor
test,0,-53.99286989894671,impostor
test,0,-87.6549710401274,impostor
test,0,-83.4511758115981,impostor
test,0,-66.19572718305656,impostor
test,0,-65.17662711244616,impostor
test,0,-72.27375826363419,impostor
test,0,-63.59588260766129,impostor
test,0,-73.23101421395305,impostor
test,0,-90.36798492808025,impostor
test,0,-60.87199239528668,impostor
test,0,-66.24663697617149,impostor
test,0,-139.03587427450321,impostor
test,0,-71.98878095797932,impostor
test,0,-40.61959878826064,impostor
test,0,-79.67802691344745,impostor
test,0,-64.94965191071128,impostor
test,0,-174.1142443308004,impostor
test,0,-238.52437513229506,impostor
test,0,-123.64355482821529,impostor
test,0,-120.4635719940698,impostor
test,0,-99.07056978641938,impostor
test,0,-214.49433227049124,impostor
test,0,-111.57265808728879,impostor
test,0,-131.1510140109847,impostor
test,0,-135.9891227952884,impostor
test,0,-121.57472369242588,impostor
test,0,-255.1141648406634,impostor
test,0,-93.8687548176202,impostor
test,0,-127.38981515034098,impostor
test,0,-99.46453570603877,impostor
test,0,-133.15136427952433,impostor
test,0,-103.97757230546632,impostor
test,0,-105.39233333938051,impostor
test,0,-88.46239751570474,impostor
test,0,-120.34536318090966,impostor
test,0,-104.24711751185397,impostor
test,0,-80.0430056442846,impostor
test,0,-40.79929913140211,impostor
test,0,-79.59939928396511,impostor
test,0,-77.52549872957123,impostor
test,0,-62.34487454999053,impostor
test,0,-59.4385429910888,impostor
test,0,-76.07482837377567,impostor
test,0,-72.84378243600041,impostor
test,0,-53.94708163549878,impostor
test,0,-50.59159476429339,impostor
test,0,-144.4460833771992,impostor
test,0,-106.25711260043512,impostor
test,0,-109.86412666803103,impostor
test,0,-75.60870616542353,impostor
test,0,-70.48823323697748,impostor
test,0,-112.816939348255,impostor
test,0,-94.26160504716482,impostor
test,0,-71.50483850856341,impostor
test,0,-57.291846680666424,impostor
test,0,-61.49680157447018,impostor
test,0,-179.20262393979866,impostor
test,0,-116.15265153821508,impostor
test,0,-275.5502333786806,impostor
test,0,-144.6970806620082,impostor
test,0,-117.73698719855949,impostor
test,0,-40.66430511322913,impostor
test,0,-43.32163084778846,impostor
test,0,-41.36001033067031,impostor
test,0,-65.69172358994044,impostor
test,0,-34.51200202542954,impostor
test,0,-183.4862109915288,impostor
test,0,-122.02212096110964,impostor
test,0,-77.8588860409135,impostor
test,0,-62.283073890799976,impostor
test,0,-62.14567819896741,impostor
test,0,-186.48987448471516,impostor
test,0,-142.1676675562229,impostor
test,0,-158.2253377941803,impostor
test,0,-165.9320077847314,impostor
test,0,-104.00768476901808,impostor
test,0,-116.95829578595199,impostor
test,0,-178.57524282305377,impostor
test,0,-102.30174723856075,impostor
test,0,-111.8055783555681,impostor
test,0,-92.7448260779955,impostor
test,0,-65.65466818247518,impostor
test,0,-64.08178091436208,impostor
test,0,-50.90055019583005,impostor
test,0,-55.85854741494158,impostor
test,0,-47.538449338029935,impostor
test,0,-119.22971679013376,impostor
test,0,-113.64671671751115,impostor
test,0,-100.51665507769737,impostor
test,0,-98.84929752921487,impostor
test,0,-79.74937805966924,impostor
test,1,-28.362941650309246,genuine
test,1,-37.66670253656117,genuine
test,1,-31.536427039089094,genuine
test,1,-37.08213920371933,genuine
test,1,-26.30724917895158,genuine
test,1,-32.76323125608061,genuine
test,1,-27.211061166581402,genuine
test,1,-35.06483855573745,genuine
test,1,-36.0523652360011,genuine
test,1,-25.965319306245483,genuine
test,1,-26.430308025527623,genuine
test,1,-30.106888409104055,genuine
test,1,-34.467434837142584,genuine
test,1,-30.62077685667294,genuine
test,1,-25.884405376431122,genuine
test,1,-28.336907965688543,genuine
test,1,-25.551933970704244,genuine
test,1,-26.505091737958715,genuine
test,1,-32.43575854232466,genuine
test,1,-24.48340311726548,genuine
test,1,-75.37025178378745,genuine
test,1,-37.432257660737605,genuine
test,1,-29.0527875899137,genuine
test,1,-26.17441729980951,genuine
test,1,-29.4883486613532,genuine
test,1,-29.586764449031257,genuine
test,1,-28.727674234075028,genuine
test,1,-31.545022902848277,genuine
test,1,-29.910565019074838,genuine
test,1,-27.09224160692398,genuine
test,1,-30.131793875296996,genuine
test,1,-33.09778251864408,genuine
test,1,-44.402721572768925,genuine
test,1,-47.43336411102252,genuine
test,1,-39.35212260480699,genuine
test,1,-30.79064529666231,genuine
test,1,-32.90266601497994,genuine
test,1,-29.238891496622298,genuine
test,1,-26.68973851710904,genuine
test,1,-33.97643699342252,genuine
test,1,-26.77419952323687,genuine
test,1,-24.666383793217612,genuine
test,1,-29.444996974462057,genuine
test,1,-32.24084552663912,genuine
test,1,-26.803132752204174,genuine
test,1,-33.792088734134275,genuine
test,1,-33.54074447217875,genuine
test,1,-35.82232309741709,genuine
test,1,-29.37204483339574,genuine
test,1,-31.96190612767989,genuine
test,1,-33.50752826344859,genuine
test,1,-26.992712000339974,genuine
test,1,-55.2243051266898,genuine
test,1,-26.93494332545592,genuine
test,1,-34.11383441121413,genuine
test,1,-30.988244898237763,genuine
test,1,-29.54335877093494,genuine
test,1,-27.371922851400097,genuine
test,1,-21.418644299509616,genuine
test,1,-23.621524790031593,genuine
test,1,-61.68542819726408,genuine
test,1,-29.28217386629666,genuine
test,1,-24.89689077282889,genuine
test,1,-31.79283339598314,genuine
test,1,-31.004667891673563,genuine
test,1,-26.854444878147113,genuine
test,1,-31.790711052565637,genuine
test,1,-41.01686266182903,genuine
test,1,-26.879808889603183,genuine
test,1,-31.907139562466206,genuine
test,1,-32.8078205825544,genuine
test,1,-30.56452435715208,genuine
test,1,-30.372018643113783,genuine
test,1,-37.12264803415123,genuine
test,1,-31.06031407019571,genuine
test,1,-34.95860800582708,genuine
test,1,-40.69250540514526,genuine
test,1,-35.76915158461027,genuine
test,1,-47.14854993221072,genuine
test,1,-32.31527789060646,genuine
test,1,-28.353603181947935,genuine
test,1,-31.3992342451752,genuine
test,1,-33.742134587655656,genuine
test,1,-31.20601486305053,genuine
test,1,-40.81629910082571,genuine
test,1,-31.14490093905751,genuine
test,1,-35.98756026667439,genuine
test,1,-36.62815224965703,genuine
test,1,-53.72880844483793,genuine
test,1,-35.0452380777982,genuine
test,1,-33.248619446088846,genuine
test,1,-32.01727241203324,genuine
test,1,-32.811647564048116,genuine
test,1,-28.55159319091216,genuine
test,1,-28.831844620609854,genuine
test,1,-31.983787922409093,genuine
test,1,-30.89413344196715,genuine
test,1,-38.60336069838169,genuine
test,1,-31.19238565296787,genuine
test,1,-29.747112941124556,genuine
test,1,-25.62184772886394,genuine
test,1,-30.681362116113462,genuine
test,1,-32.939646970919206,genuine
test,1,-30.475059503990312,genuine
test,1,-30.32726437052941,genuine
test,1,-29.262396311006597,genuine
test,1,-31.080425949476226,genuine
test,1,-44.85253340207471,genuine
test,1,-35.50830643330823,genuine
test,1,-25.844385965467925,genuine
test,1,-48.29520426719095,genuine
test,1,-29.718202545252815,genuine
test,1,-27.07889895958846,genuine
test,1,-35.96930399920377,genuine
test,1,-34.903133070596745,genuine
test,1,-36.093071539822475,genuine
test,1,-37.77661066942592,genuine
test,1,-35.05499309269126,genuine
test,1,-38.228326788482505,genuine
test,1,-39.57832410413589,genuine
test,1,-21.50195406116047,genuine
test,1,-31.43129043610994,genuine
test,1,-53.28950022301191,genuine
test,1,-39.40617857524684,genuine
test,1,-32.69171439693592,genuine
test,1,-30.39119496088864,genuine
test,1,-27.134643326543685,genuine
test,1,-46.406789884357444,genuine
test,1,-33.07237024948691,genuine
test,1,-25.026311399310707,genuine
test,1,-31.758551447701638,genuine
test,1,-41.22878916647657,genuine
test,1,-34.47867448742712,genuine
test,1,-30.07094048487412,genuine
test,1,-40.15553181139202,genuine
test,1,-41.416482057725986,genuine
test,1,-32.178835252036805,genuine
test,1,-28.174097771690843,genuine
test,1,-39.10422874286434,genuine
test,1,-55.671936622534226,genuine
test,1,-39.15145803396414,genuine
test,1,-33.31726186779589,genuine
test,1,-28.064522185078282,genuine
test,1,-33.270313466438935,genuine
test,1,-32.25127608335754,genuine
test,1,-41.79930125150424,genuine
test,1,-46.65033644428982,genuine
test,1,-34.85895357394602,genuine
test,1,-37.534081874651505,genuine
test,1,-35.31399127861861,genuine
test,1,-37.25219194021306,genuine
test,1,-29.544332046487796,genuine
test,1,-30.0032035019879,genuine
test,1,-28.14320584668145,genuine
test,1,-34.63484961400899,genuine
test,1,-33.45109195131853,genuine
test,1,-32.97243482091945,genuine
test,1,-34.995513901194094,genuine
test,1,-34.52682449060663,genuine
test,1,-30.139067036873435,genuine
test,1,-38.459995369409555,genuine
test,1,-33.69868353436177,genuine
test,1,-51.04097328065706,genuine
test,1,-30.602120578323103,genuine
test,1,-34.18895969264565,genuine
test,1,-30.839254114207666,genuine
test,1,-28.854627764626393,genuine
test,1,-41.00509899786312,genuine
test,1,-39.38507578088751,genuine
test,1,-31.801702171192833,genuine
test,1,-30.247349882979368,genuine
test,1,-32.94302270267692,genuine
test,1,-39.57458462914571,genuine
test,1,-34.24738835244378,genuine
test,1,-56.23691733449463,genuine
test,1,-36.781283302174366,genuine
test,1,-32.345639310466666,genuine
test,1,-48.23554120591968,genuine
test,1,-36.23990685447904,genuine
test,1,-30.362544266264216,genuine
test,1,-36.21810590281579,genuine
test,1,-34.82462720181043,genuine
test,1,-32.257013007311805,genuine
test,1,-33.701478974352156,genuine
test,1,-64.33306164879734,genuine
test,1,-50.357648904631304,genuine
test,1,-28.923705573905718,genuine
test,1,-30.20023862839155,genuine
test,1,-35.75527659115041,genuine
test,1,-37.02223877414519,genuine
test,1,-30.39254467865912,genuine
test,1,-34.8751831237561,genuine
test,1,-27.46097923234299,genuine
test,1,-29.197664754797344,genuine
test,1,-31.33659609295954,genuine
test,1,-27.10779232629187,genuine
test,1,-34.2690636902128,genuine
test,1,-29.203682977111953,genuine
test,1,-59.95435686870966,genuine
test,1,-33.59471732332611,genuine
test,0,-75.34526906522804,impostor
test,0,-98.05758226428352,impostor
test,0,-85.84716444949956,impostor
test,0,-56.773113897634666,impostor
test,0,-58.64297404187126,impostor
test,0,-206.27405309339585,impostor
test,0,-209.7945605355423,impostor
test,0,-163.92188158062967,impostor
test,0,-198.72312508501363,impostor
test,0,-181.66928338245117,impostor
test,0,-344.0021497187527,impostor
test,0,-291.48010748292666,impostor
test,0,-289.27474547057227,impostor
test,0,-321.45843636291363,impostor
test,0,-253.80669919179454,impostor
test,0,-79.81569839917337,impostor
test,0,-62.12299293344307,impostor
test,0,-122.62554311644746,impostor
test,0,-70.4947106160796,impostor
test,0,-61.14988915595224,impostor
test,0,-188.7932652735022,impostor
test,0,-160.3616672284653,impostor
test,0,-176.4610459187594,impostor
test,0,-58.73562071931265,impostor
test,0,-100.31059888452718,impostor
test,0,-61.84799090283624,impostor
test,0,-54.047464285503786,impostor
test,0,-95.98294910480676,impostor
test,0,-48.45018652405458,impostor
test,0,-58.81546923214776,impostor
test,0,-449.23904405565366,impostor
test,0,-440.83777724620353,impostor
test,0,-382.51651465130135,impostor
test,0,-434.9222383003431,impostor
test,0,-334.4480547300948,impostor
test,0,-551.0749618126897,impostor
test,0,-439.55557977353016,impostor
test,0,-411.26302411958386,impostor
test,0,-254.30557055845136,impostor
test,0,-405.4342804691207,impostor
test,0,-85.91887122373237,impostor
test,0,-76.83951463382901,impostor
test,0,-78.58718103924596,impostor
test,0,-78.28408196931724,impostor
test,0,-77.70681891795789,impostor
test,0,-418.15040463686717,impostor
test,0,-205.48049923763398,impostor
test,0,-183.73381579945817,impostor
test,0,-194.75048610090093,impostor
test,0,-143.8933770671768,impostor
test,0,-105.59220967571686,impostor
test,0,-104.99224359483588,impostor
test,0,-82.48561888234168,impostor
test,0,-78.48368625841184,impostor
test,0,-43.78589263128018,impostor
test,0,-331.7268768565701,impostor
test,0,-195.41813868229954,impostor
test,0,-211.93026687463995,impostor
test,0,-151.93844767471376,impostor
test,0,-124.05990007360212,impostor
test,0,-142.08953397298555,impostor
test,0,-103.54464251007585,impostor
test,0,-65.82670763011399,impostor
test,0,-69.99935971884943,impostor
test,0,-48.46928296871195,impostor
test,0,-332.9360453894248,impostor
test,0,-299.96521071847707,impostor
test,0,-248.61819095336608,impostor
test,0,-210.42375200854366,impostor
test,0,-218.4979996694967,impostor
test,0,-181.45804264623422,impostor
test,0,-141.755640318234,impostor
test,0,-134.1246651742265,impostor
test,0,-74.05415757968049,impostor
test,0,-150.22341822947087,impostor
test,0,-100.17836357200578,impostor
test,0,-160.14712096490288,impostor
test,0,-123.3078371992889,impostor
test,0,-149.366495939282,impostor
test,0,-89.10759270418559,impostor
test,0,-52.130095819943094,impostor
test,0,-68.33643193224736,impostor
test,0,-75.0988614709334,impostor
test,0,-40.858893995373265,impostor
test,0,-56.724002468669326,impostor
test,0,-60.198265762037266,impostor
test,0,-125.61040282126606,impostor
test,0,-137.91457598859276,impostor
test,0,-104.24570607769229,impostor
test,0,-73.4433086815602,impostor
test,0,-129.40929315133135,impostor
test,0,-81.26310753930264,impostor
test,0,-99.22464704207302,impostor
test,0,-76.90421857703232,impostor
test,0,-77.19885391172252,impostor
test,0,-61.39960235737047,impostor
test,0,-96.45698517466391,impostor
test,0,-54.098077939790436,impostor
test,0,-52.34892548471565,impostor
test,0,-67.1911783646174,impostor
test,0,-58.517698646006345,impostor
test,0,-48.60316136769483,impostor
test,0,-60.95282049355206,impostor
test,0,-49.17151768214167,impostor
test,0,-44.29572019772585,impostor
test,0,-75.92727660124207,impostor
test,0,-77.3254700763942,impostor
test,0,-81.54357326637648,impostor
test,0,-159.04084652655843,impostor
test,0,-104.47324006374139,impostor
test,0,-135.20957969669402,impostor
test,0,-153.81301164853053,impostor
test,0,-115.8142236040394,impostor
test,0,-112.76807775899458,impostor
test,0,-69.47422966346467,impostor
test,0,-300.9728268897662,impostor
test,0,-243.5009761220612,impostor
test,0,-273.1833183415523,impostor
test,0,-132.3015724827595,impostor
test,0,-198.51034488354392,impostor
test,0,-172.21965081773075,impostor
test,0,-137.93757798303452,impostor
test,0,-162.97706578911058,impostor
test,0,-135.88721665523576,impostor
test,0,-77.1880657005106,impostor
test,0,-69.19251029909333,impostor
test,0,-54.317735298801345,impostor
test,0,-43.01919601241163,impostor
test,0,-38.79001110976175,impostor
test,0,-31.47730165206386,impostor
test,0,-601.9772546266952,impostor
test,0,-104.04395049998047,impostor
test,0,-76.37995729148328,impostor
test,0,-183.6636103701008,impostor
test,0,-76.83374140930907,impostor
test,0,-256.35483277594005,impostor
test,0,-82.08534387735014,impostor
test,0,-71.70112073670289,impostor
test,0,-44.07597448598207,impostor
test,0,-45.62153117586378,impostor
test,0,-154.3035972582039,impostor
test,0,-108.56298842315681,impostor
test,0,-107.15360615761273,impostor
test,0,-125.75990746052801,impostor
test,0,-105.0864299410502,impostor
test,0,-192.3058953739509,impostor
test,0,-145.38329518463726,impostor
test,0,-143.42350702384957,impostor
test,0,-178.290009096635,impostor
test,0,-128.5611402109361,impostor
test,0,-97.88060529564292,impostor
test,0,-106.64137779823305,impostor
test,0,-39.36181156498002,impostor
test,0,-113.61392371191856,impostor
test,0,-48.05879797151626,impostor
test,0,-72.84093067308693,impostor
test,0,-47.87337939569854,impostor
test,0,-50.07839556875535,impostor
test,0,-44.05144339667326,impostor
test,0,-57.68493139186014,impostor
test,0,-85.86377353753437,impostor
test,0,-79.13036603216463,impostor
test,0,-66.0171811761204,impostor
test,0,-59.16814212781431,impostor
test,0,-67.79303923635362,impostor
test,0,-56.23294924668669,impostor
test,0,-63.31496498793948,impostor
test,0,-88.58967446997049,impostor
test,0,-62.1584249177262,impostor
test,0,-58.182472186580576,impostor
test,0,-185.00377002547793,impostor
test,0,-82.63241901540067,impostor
test,0,-51.42203663968656,impostor
test,0,-84.24171951543008,impostor
test,0,-87.57173024822376,impostor
test,0,-179.69864227499255,impostor
test,0,-255.60095338865548,impostor
test,0,-121.78173432758477,impostor
test,0,-114.04165844910725,impostor
test,0,-100.81911732264972,impostor
test,0,-237.5712355924658,impostor
test,0,-141.19813759451088,impostor
test,0,-184.29597134120516,impostor
test,0,-159.28001479298652,impostor
test,0,-156.81326155075882,impostor
test,0,-272.780720127037,impostor
test,0,-94.40955486970714,impostor
test,0,-128.60517952938932,impostor
test,0,-92.60174821572932,impostor
test,0,-131.96939592831552,impostor
test,0,-123.34194626337742,impostor
test,0,-130.5624501897189,impostor
test,0,-94.81638466733062,impostor
test,0,-123.52007165733379,impostor
test,0,-121.11599358204538,impostor
test,0,-53.035164083298646,impostor
test,0,-29.477576028051065,impostor
test,0,-67.67573492225942,impostor
test,0,-84.44268877383001,impostor
test,0,-50.47912263472386,impostor
test,0,-64.23089829205014,impostor
test,0,-86.44711253299945,impostor
test,0,-74.8242212849041,impostor
test,0,-60.07864878558716,impostor
test,0,-50.34589949461601,impostor
test,0,-147.23508055380097,impostor
test,0,-101.13490305080512,impostor
test,0,-128.8212221036847,impostor
test,0,-82.35189601633891,impostor
test,0,-79.92620954034459,impostor
test,0,-149.51403582567693,impostor
test,0,-123.09758451391183,impostor
test,0,-73.26508229478327,impostor
test,0,-59.58856793030689,impostor
test,0,-68.82313738880993,impostor
test,0,-205.1405814644901,impostor
test,0,-129.40949444824363,impostor
test,0,-294.9581520322327,impostor
test,0,-177.77204714803244,impostor
test,0,-136.7003423546742,impostor
test,0,-36.86025816556736,impostor
test,0,-34.952347700905435,impostor
test,0,-38.65526541707531,impostor
test,0,-65.57770112719663,impostor
test,0,-33.59787925311444,impostor
test,0,-240.83629743880599,impostor
test,0,-146.38659082356912,impostor
test,0,-76.33351410195256,impostor
test,0,-61.037515993077434,impostor
test,0,-57.59965237788507,impostor
test,0,-255.56391041473879,impostor
test,0,-166.93103143031186,impostor
test,0,-194.97835809661447,impostor
test,0,-206.5368453529393,impostor
test,0,-126.90561697039008,impostor
test,0,-113.86197663417308,impostor
test,0,-135.87496877018893,impostor
test,0,-98.28257647020867,impostor
test,0,-119.91686789487854,impostor
test,0,-91.3996145924549,impostor
test,0,-68.50011704717947,impostor
test,0,-61.493090949126355,impostor
test,0,-43.30238935996542,impostor
test,0,-60.05512913232914,impostor
test,0,-79.0553348325289,impostor
test,0,-121.72981859778925,impostor
test,0,-110.87639928483678,impostor
test,0,-86.44835279888854,impostor
test,0,-98.52238271596609,impostor
test,0,-73.41365441796292,impostor
test,1,-65.34597631763337,genuine
test,1,-39.2750642518295,genuine
test,1,-23.294250988347834,genuine
test,1,-56.03134615625692,genuine
test,1,-28.352478976697267,genuine
test,1,-46.40438032362417,genuine
test,1,-28.188808995641367,genuine
test,1,-26.112639337877837,genuine
test,1,-21.143084338377154,genuine
test,1,-32.75845545537237,genuine
test,1,-30.23406135437709,genuine
test,1,-29.091321820850006,genuine
test,1,-38.094814519792166,genuine
test,1,-21.831251949884997,genuine
test,1,-26.94048876225085,genuine
test,1,-26.221509703352005,genuine
test,1,-22.871425914186784,genuine
test,1,-66.51406014790746,genuine
test,1,-29.27924013199785,genuine
test,1,-17.408357924673485,genuine
test,1,-29.5069161929308,genuine
test,1,-30.742274844662518,genuine
test,1,-19.109682971477195,genuine
test,1,-21.69118362334957,genuine
test,1,-23.271955521540246,genuine
test,1,-21.81991024302761,genuine
test,1,-26.9184188504534,genuine
test,1,-25.659766001522897,genuine
test,1,-25.210813688822572,genuine
test,1,-38.6173075810861,genuine
test,1,-37.50229030669126,genuine
test,1,-26.600237186922485,genuine
test,1,-42.14992909177197,genuine
test,1,-24.79847025977861,genuine
test,1,-24.779280641953406,genuine
test,1,-21.96621030604734,genuine
test,1,-34.581778845625074,genuine
test,1,-40.85630878701886,genuine
test,1,-25.5849970941686,genuine
test,1,-25.481919769135754,genuine
test,1,-26.18345471153234,genuine
test,1,-26.187225080920083,genuine
test,1,-20.79559897547978,genuine
test,1,-27.8676813639435,genuine
test,1,-20.486428238993945,genuine
test,1,-28.60217251549621,genuine
test,1,-43.70986081532019,genuine
test,1,-34.97520968611162,genuine
test,1,-23.308072776799605,genuine
test,1,-21.79510751013181,genuine
test,1,-30.687311795623454,genuine
test,1,-43.43013872860885,genuine
test,1,-26.347438513167685,genuine
test,1,-44.06877815953365,genuine
test,1,-30.875951175188085,genuine
test,1,-32.069457029105585,genuine
test,1,-26.10676039531623,genuine
test,1,-20.69126114465784,genuine
test,1,-19.91601694228369,genuine
test,1,-25.77433141900734,genuine
test,1,-29.65956987717144,genuine
test,1,-91.89714952189621,genuine
test,1,-22.49420101647631,genuine
test,1,-30.372469141797392,genuine
test,1,-21.920259455356472,genuine
test,1,-25.78544344766911,genuine
test,1,-16.004581370360185,genuine
test,1,-27.881857718423824,genuine
test,1,-25.871102448888994,genuine
test,1,-18.944360417255222,genuine
test,1,-58.34996549800873,genuine
test,1,-26.536299881861318,genuine
test,1,-25.871787288016023,genuine
test,1,-28.599482379857612,genuine
test,1,-23.65202692906711,genuine
test,1,-22.660586062145804,genuine
test,1,-20.399031469125763,genuine
test,1,-24.556391861515312,genuine
test,1,-53.03393736427095,genuine
test,1,-27.054972619435052,genuine
test,1,-34.44250494785286,genuine
test,1,-24.553112678289505,genuine
test,1,-28.254509754951446,genuine
test,1,-23.025940072721458,genuine
test,1,-24.280953516565738,genuine
test,1,-34.13722027916202,genuine
test,1,-27.783325002735175,genuine
test,1,-26.80249830088667,genuine
test,1,-29.542560870741294,genuine
test,1,-31.0175240328627,genuine
test,1,-22.5007403724069,genuine
test,1,-23.42927648389767,genuine
test,1,-23.13617201664713,genuine
test,1,-20.064234789249255,genuine
test,1,-25.095949462730307,genuine
test,1,-25.558928533534534,genuine
test,1,-29.190119838769558,genuine
test,1,-23.105504877393734,genuine
test,1,-78.02321391902925,genuine
test,1,-26.94789591219026,genuine
test,1,-47.03706761679618,genuine
test,1,-21.32608235947102,genuine
test,1,-23.690404151890323,genuine
test,1,-41.07398200252426,genuine
test,1,-29.981449816312246,genuine
test,1,-32.190609300144565,genuine
test,1,-34.243870446855844,genuine
test,1,-25.947008262810936,genuine
test,1,-26.53240394705598,genuine
test,1,-26.2198267525896,genuine
test,1,-29.969087003661905,genuine
test,1,-103.42454113967375,genuine
test,1,-32.50948899984503,genuine
test,1,-27.647257451640705,genuine
test,1,-72.52411640082265,genuine
test,1,-28.876279696827122,genuine
test,1,-29.90688948330019,genuine
test,1,-28.856521392526723,genuine
test,1,-24.307603020382903,genuine
test,1,-27.995139661763037,genuine
test,1,-29.31677654888848,genuine
test,1,-20.580717861125926,genuine
test,1,-39.10863662610955,genuine
test,1,-29.4213506154591,genuine
test,1,-31.651954522272636,genuine
test,1,-30.867310473752106,genuine
test,1,-29.044288648677977,genuine
test,1,-28.337388431169977,genuine
test,1,-32.518409831182844,genuine
test,1,-26.614158821895312,genuine
test,1,-34.478497610713944,genuine
test,1,-40.12022019848182,genuine
test,1,-28.92821186592875,genuine
test,1,-25.17418259939103,genuine
test,1,-34.293286301944626,genuine
test,1,-30.91556030915733,genuine
test,1,-35.530475282672384,genuine
test,1,-33.30745851305353,genuine
test,1,-27.96248750857687,genuine
test,1,-37.03888999664467,genuine
test,1,-31.6672944236188,genuine
test,1,-41.33968138872485,genuine
test,1,-94.30815407786724,genuine
test,1,-35.2956070257796,genuine
test,1,-36.956078678310426,genuine
test,1,-33.392884901926834,genuine
test,1,-31.315915641098,genuine
test,1,-36.78851470069276,genuine
test,1,-40.5087821245821,genuine
test,1,-43.73047365421134,genuine
test,1,-54.450811733075824,genuine
test,1,-32.16913692463574,genuine
test,1,-25.435768953684626,genuine
test,1,-45.188210255619076,genuine
test,1,-32.98846967855816,genuine
test,1,-42.39552584237197,genuine
test,1,-32.34601390894846,genuine
test,1,-33.64676081200199,genuine
test,1,-27.381042391406133,genuine
test,1,-29.190696673495495,genuine
test,1,-33.59003248670729,genuine
test,1,-40.67377216765649,genuine
test,1,-26.87262807128622,genuine
test,1,-33.228054112001686,genuine
test,1,-36.45451989105281,genuine
test,1,-33.33508296410206,genuine
test,1,-37.18118061506137,genuine
test,1,-33.96093160926223,genuine
test,1,-28.054859775804125,genuine
test,1,-43.13526881317,genuine
test,1,-36.72453810894981,genuine
test,1,-42.42220360306094,genuine
test,1,-39.49700792851663,genuine
test,1,-36.037596944720484,genuine
test,1,-41.186915213370824,genuine
test,1,-62.7710571136453,genuine
test,1,-32.03756219162434,genuine
test,1,-38.50331024395542,genuine
test,1,-34.902395499005046,genuine
test,1,-34.07987504048482,genuine
test,1,-33.49314112287623,genuine
test,1,-36.62038012280711,genuine
test,1,-37.38272753853488,genuine
test,1,-35.22881460831266,genuine
test,1,-32.26572768811389,genuine
test,1,-36.647637861683776,genuine
test,1,-30.323116929052144,genuine
test,1,-30.342727280640936,genuine
test,1,-33.76300508229344,genuine
test,1,-32.341956121010355,genuine
test,1,-33.10599788910853,genuine
test,1,-55.242637570712574,genuine
test,1,-34.900021610676184,genuine
test,1,-46.79436568806964,genuine
test,1,-43.74874422671733,genuine
test,1,-99.174765968589,genuine
test,1,-29.453773722208982,genuine
test,1,-48.62870454089478,genuine
test,1,-122.19218680925526,genuine
test,1,-44.3774243477665,genuine
test,0,-54.30608549187127,impostor
test,0,-63.994207162139126,impostor
test,0,-77.77257589764304,impostor
test,0,-57.5609224428684,impostor
test,0,-55.031765716645886,impostor
test,0,-163.41300200811543,impostor
test,0,-147.76874123618998,impostor
test,0,-134.6073843823629,impostor
test,0,-156.33046717157185,impostor
test,0,-147.25244634215068,impostor
test,0,-289.4304101849513,impostor
test,0,-228.04695262841167,impostor
test,0,-204.84343983344377,impostor
test,0,-235.29835418354452,impostor
test,0,-184.0913131956469,impostor
test,0,-56.7815569582683,impostor
test,0,-52.653870060091315,impostor
test,0,-93.81182598643566,impostor
test,0,-52.474890053030286,impostor
test,0,-47.52604164738389,impostor
test,0,-102.2484142094598,impostor
test,0,-157.4872027658884,impostor
test,0,-183.73284089237848,impostor
test,0,-59.99834782753205,impostor
test,0,-83.94565583908523,impostor
test,0,-44.76332755517796,impostor
test,0,-35.76808658282489,impostor
test,0,-78.55904574746266,impostor
test,0,-46.96865454825651,impostor
test,0,-62.20450598309988,impostor
test,0,-347.41136630015654,impostor
test,0,-365.25167707491755,impostor
test,0,-366.84048945768103,impostor
test,0,-375.71773005016587,impostor
test,0,-290.3955636750499,impostor
test,0,-505.978261342702,impostor
test,0,-380.2608001116854,impostor
test,0,-399.8373699747944,impostor
test,0,-213.28778729906787,impostor
test,0,-368.3962244497457,impostor
test,0,-55.17733402738143,impostor
test,0,-65.59030418292303,impostor
test,0,-85.08180622068541,impostor
test,0,-74.6940137678781,impostor
test,0,-50.659183396733894,impostor
test,0,-406.10348742205105,impostor
test,0,-155.0332026939524,impostor
test,0,-137.02160244910868,impostor
test,0,-109.27978702025358,impostor
test,0,-122.93412380142135,impostor
test,0,-87.9974971789397,impostor
test,0,-78.84628756759696,impostor
test,0,-76.76607570504343,impostor
test,0,-50.92532070955027,impostor
test,0,-55.60346794746967,impostor
test,0,-282.77103892739734,impostor
test,0,-187.68221037408233,impostor
test,0,-221.74394514950103,impostor
test,0,-152.02940048889627,impostor
test,0,-127.16227457561837,impostor
test,0,-102.46050765414681,impostor
test,0,-97.12087992368359,impostor
test,0,-65.82089816642755,impostor
test,0,-72.49490013453709,impostor
test,0,-53.14661885458436,impostor
test,0,-247.12533896551753,impostor
test,0,-238.69559015745972,impostor
test,0,-187.12817160708096,impostor
test,0,-176.4497821818282,impostor
test,0,-190.55461961892775,impostor
test,0,-150.90878425366074,impostor
test,0,-106.46108292136681,impostor
test,0,-109.53556338289467,impostor
test,0,-57.752058229092455,impostor
test,0,-144.1898702929129,impostor
test,0,-50.208267149197304,impostor
test,0,-136.72556438809923,impostor
test,0,-92.59592825499124,impostor
test,0,-99.15744306143506,impostor
test,0,-72.17417795866058,impostor
test,0,-27.861766509899933,impostor
test,0,-54.48394508211922,impostor
test,0,-61.65878523941109,impostor
test,0,-33.78961299293071,impostor
test,0,-45.79025143270456,impostor
test,0,-84.28318274216466,impostor
test,0,-107.60467968127465,impostor
test,0,-143.07101820071594,impostor
test,0,-106.80921576434578,impostor
test,0,-79.76329958905255,impostor
test,0,-94.11595675298511,impostor
test,0,-72.35724022740537,impostor
test,0,-78.64502155928511,impostor
test,0,-62.525031931350455,impostor
test,0,-68.16447058033718,impostor
test,0,-48.905660436924805,impostor
test,0,-68.01265180319045,impostor
test,0,-52.509337239635514,impostor
test,0,-50.5212816378104,impostor
test,0,-69.67163744022247,impostor
test,0,-84.25119728103998,impostor
test,0,-39.86709024667395,impostor
test,0,-46.923154902583185,impostor
test,0,-44.455129837560285,impostor
test,0,-63.58242526210545,impostor
test,0,-91.8845247851427,impostor
test,0,-87.7866161716098,impostor
test,0,-118.74420994835006,impostor
test,0,-189.13338988034403,impostor
test,0,-121.22765760326034,impostor
test,0,-106.69788508263966,impostor
test,0,-116.69974691632667,impostor
test,0,-95.46133558283948,impostor
test,0,-144.5620778551999,impostor
test,0,-93.4018123315571,impostor
test,0,-214.60833011550756,impostor
test,0,-181.73694700229584,impostor
test,0,-246.12029728089954,impostor
test,0,-111.03162360700652,impostor
test,0,-162.84114678024588,impostor
test,0,-165.64689981518083,impostor
test,0,-134.79035818977016,impostor
test,0,-138.52931063792195,impostor
test,0,-143.17859791590837,impostor
test,0,-76.8549352491252,impostor
test,0,-63.9616639756302,impostor
test,0,-57.13632732255755,impostor
test,0,-43.19757521635427,impostor
test,0,-44.1390733229426,impostor
test,0,-36.38554428962544,impostor
test,0,-510.08825845039996,impostor
test,0,-69.0984458881372,impostor
test,0,-63.850613591076616,impostor
test,0,-131.77311515609816,impostor
test,0,-63.21186097921649,impostor
test,0,-219.43832774947055,impostor
test,0,-99.30156742940642,impostor
test,0,-83.18265980810348,impostor
test,0,-76.12061715015003,impostor
test,0,-80.1920907455506,impostor
test,0,-138.27609466133327,impostor
test,0,-93.01995511842887,impostor
test,0,-100.81273450211658,impostor
test,0,-103.26585327530172,impostor
test,0,-80.3852416611196,impostor
test,0,-163.80013672746716,impostor
test,0,-160.98261523430347,impostor
test,0,-110.26575967489507,impostor
test,0,-139.52748442601438,impostor
test,0,-95.26867267324629,impostor
test,0,-91.18528331909835,impostor
test,0,-81.79689740016472,impostor
test,0,-57.818687055615804,impostor
test,0,-97.51796109499409,impostor
test,0,-63.75025518322671,impostor
test,0,-78.24390528841761,impostor
test,0,-84.8817389714599,impostor
test,0,-80.886130002535,impostor
test,0,-80.74220676408807,impostor
test,0,-82.14424799843538,impostor
test,0,-57.026262443423335,impostor
test,0,-57.77204622684683,impostor
test,0,-60.436204096936116,impostor
test,0,-61.721695099147055,impostor
test,0,-58.00834334975837,impostor
test,0,-43.52211656332802,impostor
test,0,-60.322230925303,impostor
test,0,-65.43989719425439,impostor
test,0,-49.12153103225336,impostor
test,0,-46.49490410491475,impostor
test,0,-180.33525108261404,impostor
test,0,-118.78929595070944,impostor
test,0,-87.13974459501094,impostor
test,0,-90.06786798465502,impostor
test,0,-99.04042094130341,impostor
test,0,-133.83278761891526,impostor
test,0,-213.4756533246489,impostor
test,0,-105.99551013666293,impostor
test,0,-107.43580320091797,impostor
test,0,-77.12194525213133,impostor
test,0,-248.40139871206532,impostor
test,0,-166.29720736186837,impostor
test,0,-195.98075501604256,impostor
test,0,-156.84828171003926,impostor
test,0,-171.7714885133153,impostor
test,0,-197.9766903396721,impostor
test,0,-55.69065366818286,impostor
test,0,-96.84602945457145,impostor
test,0,-58.850663348937026,impostor
test,0,-111.95708217585441,impostor
test,0,-151.82363918357535,impostor
test,0,-170.5583088184904,impostor
test,0,-140.81431499759896,impostor
test,0,-157.26766555719422,impostor
test,0,-151.5536707395661,impostor
test,0,-72.09931376375403,impostor
test,0,-52.510578808089434,impostor
test,0,-65.49218218642557,impostor
test,0,-79.33173111045669,impostor
test,0,-65.0144634201568,impostor
test,0,-51.9557627585599,impostor
test,0,-57.82395911037618,impostor
test,0,-49.13124481035367,impostor
test,0,-48.98356274436711,impostor
test,0,-48.5162696739263,impostor
test,0,-103.52293396253825,impostor
test,0,-88.09896876473894,impostor
test,0,-94.69715611453005,impostor
test,0,-53.43050765579282,impostor
test,0,-59.62197848248517,impostor
test,0,-137.08724131782682,impostor
test,0,-113.8778412947582,impostor
test,0,-60.062276231270694,impostor
test,0,-59.21264659348325,impostor
test,0,-89.09982703841645,impostor
test,0,-171.585550886083,impostor
test,0,-150.84320918090236,impostor
test,0,-281.0063535766734,impostor
test,0,-171.36661155681054,impostor
test,0,-139.4642042366254,impostor
test,0,-62.07955038201093,impostor
test,0,-47.270993576787454,impostor
test,0,-48.34673101453995,impostor
test,0,-78.80025961231883,impostor
test,0,-70.97121504293635,impostor
test,0,-204.51775871069265,impostor
test,0,-108.78802738931464,impostor
test,0,-76.27364166179684,impostor
test,0,-59.36042205181815,impostor
test,0,-41.47507312841731,impostor
test,0,-208.92657585385126,impostor
test,0,-151.41943772529058,impostor
test,0,-160.47924269626478,impostor
test,0,-183.99685396500738,impostor
test,0,-112.95814878711175,impostor
test,0,-68.74823727524182,impostor
test,0,-117.20046161692632,impostor
test,0,-70.47662528116504,impostor
test,0,-65.65905154388602,impostor
test,0,-68.93260175350284,impostor
test,0,-81.12237589098177,impostor
test,0,-82.65214347433219,impostor
test,0,-67.98650966078858,impostor
test,0,-75.83442324564828,impostor
test,0,-98.1566177336635,impostor
test,0,-60.41569462059479,impostor
test,0,-64.2110372099886,impostor
test,0,-56.16439511342922,impostor
test,0,-72.13259370191139,impostor
test,0,-68.51694789915335,impostor
