[0;34mUsing docker and docker compose[0m
[0;34mdeploying chaincode on channel 'mychannel'[0m
executing with the following
- CHANNEL_NAME: [0;32mmychannel[0m
- CC_NAME: [0;32mbzt[0m
- CC_SRC_PATH: [0;32m/home/runner/work/bzt-id-experiments/bzt-id-experiments/fabric-bench/chaincode[0m
- CC_SRC_LANGUAGE: [0;32mjavascript[0m
- CC_VERSION: [0;32m1.0[0m
- CC_SEQUENCE: [0;32mauto[0m
- CC_END_POLICY: [0;32mNA[0m
- CC_COLL_CONFIG: [0;32mNA[0m
- CC_INIT_FCN: [0;32mNA[0m
- DELAY: [0;32m3[0m
- MAX_RETRY: [0;32m5[0m
- VERBOSE: [0;32mfalse[0m
executing with the following
- CC_NAME: [0;32mbzt[0m
- CC_SRC_PATH: [0;32m/home/runner/work/bzt-id-experiments/bzt-id-experiments/fabric-bench/chaincode[0m
- CC_SRC_LANGUAGE: [0;32mjavascript[0m
- CC_VERSION: [0;32m1.0[0m
+ '[' false = true ']'
+ peer lifecycle chaincode package bzt.tar.gz --path /home/runner/work/bzt-id-experiments/bzt-id-experiments/fabric-bench/chaincode --lang node --label bzt_1.0
+ res=0
[0;32mChaincode is packaged[0m
[0;34mInstalling chaincode on peer0.org1...[0m
[0;34mUsing organization 1[0m
+ peer lifecycle chaincode queryinstalled --output json
+ jq -r 'try (.installed_chaincodes[].package_id)'
+ grep '^bzt_1.0:777c383bc4d25d7dc5610f92a201167f7301ed4b2cd3593b83e643df51c39c71$'
[34m2026-10-08 05:25:33.711 UTC 0001 INFO[0m [grpc] [34;1mInfof[0m -> [core] original dial target is: "localhost:7051"
[34m2026-10-08 05:25:33.711 UTC 0002 INFO[0m [grpc] [34;1mAddTraceEvent[0m -> [core] [Channel #1]Channel created
[34m2026-10-08 05:25:33.711 UTC 0003 INFO[0m [grpc] [34;1mAddTraceEvent[0m -> [core] [Channel #1]parsed dial target is: resolver.Target{URL:url.URL{Scheme:"passthrough", Opaque:"", User:(*url.Userinfo)(nil), Host:"", Path:"/localhost:7051", RawPath:"", OmitHost:false, ForceQuery:false, RawQuery:"", Fragment:"", RawFragment:""}}
[34m2026-10-08 05:25:33.711 UTC 0004 INFO[0m [grpc] [34;1mAddTraceEvent[0m -> [core] [Channel #1]Channel authority set to "localhost:7051"
[34m2026-10-08 05:25:33.711 UTC 0005 INFO[0m [grpc] [34;1mAddTraceEvent[0m -> [core] [Channel #1]Resolver state updated: {
  "Addresses": [
    {
      "Addr": "localhost:7051",
      "ServerName": "",
      "Attributes": null,
      "BalancerAttributes": null,
      "Metadata": null
    }
  ],
  "Endpoints": [
    {
      "Addresses": [
        {
          "Addr": "localhost:7051",
          "ServerName": "",
          "Attributes": null,
          "BalancerAttributes": null,
          "Metadata": null
        }
      ],
      "Attributes": null
    }
  ],
  "ServiceConfig": null,
  "Attributes": null
} (resolver returned new addresses)
[34m2026-10-08 05:25:33.711 UTC 0006 INFO[0m [grpc] [34;1mAddTraceEvent[0m -> [core] [Channel #1]Channel switches to new LB policy "pick_first"
[34m2026-10-08 05:25:33.711 UTC 0007 INFO[0m [grpc] [34;1mInfof[0m -> [pick-first-lb] [pick-first-lb 0xc0004944b0] Received new config {
  "shuffleAddressList": false
}, resolver state {
  "Addresses": [
    {
      "Addr": "localhost:7051",
      "ServerName": "",
      "Attributes": null,
      "BalancerAttributes": null,
      "Metadata": null
    }
  ],
  "Endpoints": [
    {
      "Addresses": [
        {
          "Addr": "localhost:7051",
          "ServerName": "",
          "Attributes": null,
          "BalancerAttributes": null,
          "Metadata": null
        }
      ],
      "Attributes": null
    }
  ],
  "ServiceConfig": null,
  "Attributes": null
}
[34m2026-10-08 05:25:33.711 UTC 0008 INFO[0m [grpc] [34;1mAddTraceEvent[0m -> [core] [Channel #1 SubChannel #2]Subchannel created
[34m2026-10-08 05:25:33.711 UTC 0009 INFO[0m [grpc] [34;1mAddTraceEvent[0m -> [core] [Channel #1]Channel Connectivity change to CONNECTING
[34m2026-10-08 05:25:33.711 UTC 000a INFO[0m [grpc] [34;1mAddTraceEvent[0m -> [core] [Channel #1]Channel exiting idle mode
[34m2026-10-08 05:25:33.711 UTC 000b INFO[0m [grpc] [34;1mAddTraceEvent[0m -> [core] [Channel #1 SubChannel #2]Subchannel Connectivity change to CONNECTING
[34m2026-10-08 05:25:33.711 UTC 000c INFO[0m [grpc] [34;1mAddTraceEvent[0m -> [core] [Channel #1 SubChannel #2]Subchannel picks a new address "localhost:7051" to connect
[34m2026-10-08 05:25:33.711 UTC 000d INFO[0m [grpc] [34;1mInfof[0m -> [pick-first-lb] [pick-first-lb 0xc0004944b0] Received SubConn state update: 0xc000494540, {ConnectivityState:CONNECTING ConnectionError:<nil> connectedAddress:{Addr: ServerName: Attributes:<nil> BalancerAttributes:<nil> Metadata:<nil>}}
[34m2026-10-08 05:25:33.713 UTC 000e INFO[0m [grpc] [34;1mAddTraceEvent[0m -> [core] [Channel #1 SubChannel #2]Subchannel Connectivity change to READY
[34m2026-10-08 05:25:33.713 UTC 000f INFO[0m [grpc] [34;1mInfof[0m -> [pick-first-lb] [pick-first-lb 0xc0004944b0] Received SubConn state update: 0xc000494540, {ConnectivityState:READY ConnectionError:<nil> connectedAddress:{Addr:localhost:7051 ServerName:localhost:7051 Attributes:<nil> BalancerAttributes:<nil> Metadata:<nil>}}
[34m2026-10-08 05:25:33.713 UTC 0010 INFO[0m [grpc] [34;1mAddTraceEvent[0m -> [core] [Channel #1]Channel Connectivity change to READY
[34m2026-10-08 05:25:33.713 UTC 0011 INFO[0m [grpc] [34;1mInfof[0m -> [core] original dial target is: "localhost:7051"
[34m2026-10-08 05:25:33.714 UTC 0012 INFO[0m [grpc] [34;1mAddTraceEvent[0m -> [core] [Channel #4]Channel created
[34m2026-10-08 05:25:33.714 UTC 0013 INFO[0m [grpc] [34;1mAddTraceEvent[0m -> [core] [Channel #4]parsed dial target is: resolver.Target{URL:url.URL{Scheme:"passthrough", Opaque:"", User:(*url.Userinfo)(nil), Host:"", Path:"/localhost:7051", RawPath:"", OmitHost:false, ForceQuery:false, RawQuery:"", Fragment:"", RawFragment:""}}
[34m2026-10-08 05:25:33.714 UTC 0014 INFO[0m [grpc] [34;1mAddTraceEvent[0m -> [core] [Channel #4]Channel authority set to "localhost:7051"
[34m2026-10-08 05:25:33.714 UTC 0015 INFO[0m [grpc] [34;1mAddTraceEvent[0m -> [core] [Channel #4]Resolver state updated: {
  "Addresses": [
    {
      "Addr": "localhost:7051",
      "ServerName": "",
      "Attributes": null,
      "BalancerAttributes": null,
      "Metadata": null
    }
  ],
  "Endpoints": [
    {
      "Addresses": [
        {
          "Addr": "localhost:7051",
          "ServerName": "",
          "Attributes": null,
          "BalancerAttributes": null,
          "Metadata": null
        }
      ],
      "Attributes": null
    }
  ],
  "ServiceConfig": null,
  "Attributes": null
} (resolver returned new addresses)
[34m2026-10-08 05:25:33.714 UTC 0016 INFO[0m [grpc] [34;1mAddTraceEvent[0m -> [core] [Channel #4]Channel switches to new LB policy "pick_first"
[34m2026-10-08 05:25:33.714 UTC 0017 INFO[0m [grpc] [34;1mInfof[0m -> [pick-first-lb] [pick-first-lb 0xc000580810] Received new config {
  "shuffleAddressList": false
}, resolver state {
  "Addresses": [
    {
      "Addr": "localhost:7051",
      "ServerName": "",
      "Attributes": null,
      "BalancerAttributes": null,
      "Metadata": null
    }
  ],
  "Endpoints": [
    {
      "Addresses": [
        {
          "Addr": "localhost:7051",
          "ServerName": "",
          "Attributes": null,
          "BalancerAttributes": null,
          "Metadata": null
        }
      ],
      "Attributes": null
    }
  ],
  "ServiceConfig": null,
  "Attributes": null
}
[34m2026-10-08 05:25:33.714 UTC 0018 INFO[0m [grpc] [34;1mAddTraceEvent[0m -> [core] [Channel #4 SubChannel #5]Subchannel created
[34m2026-10-08 05:25:33.714 UTC 0019 INFO[0m [grpc] [34;1mAddTraceEvent[0m -> [core] [Channel #4]Channel Connectivity change to CONNECTING
[34m2026-10-08 05:25:33.714 UTC 001a INFO[0m [grpc] [34;1mAddTraceEvent[0m -> [core] [Channel #4]Channel exiting idle mode
[34m2026-10-08 05:25:33.714 UTC 001b INFO[0m [grpc] [34;1mAddTraceEvent[0m -> [core] [Channel #4 SubChannel #5]Subchannel Connectivity change to CONNECTING
[34m2026-10-08 05:25:33.714 UTC 001c INFO[0m [grpc] [34;1mAddTraceEvent[0m -> [core] [Channel #4 SubChannel #5]Subchannel picks a new address "localhost:7051" to connect
[34m2026-10-08 05:25:33.714 UTC 001d INFO[0m [grpc] [34;1mInfof[0m -> [pick-first-lb] [pick-first-lb 0xc000580810] Received SubConn state update: 0xc000580870, {ConnectivityState:CONNECTING ConnectionError:<nil> connectedAddress:{Addr: ServerName: Attributes:<nil> BalancerAttributes:<nil> Metadata:<nil>}}
[34m2026-10-08 05:25:33.716 UTC 001e INFO[0m [grpc] [34;1mAddTraceEvent[0m -> [core] [Channel #4 SubChannel #5]Subchannel Connectivity change to READY
[34m2026-10-08 05:25:33.716 UTC 001f INFO[0m [grpc] [34;1mInfof[0m -> [pick-first-lb] [pick-first-lb 0xc000580810] Received SubConn state update: 0xc000580870, {ConnectivityState:READY ConnectionError:<nil> connectedAddress:{Addr:localhost:7051 ServerName:localhost:7051 Attributes:<nil> BalancerAttributes:<nil> Metadata:<nil>}}
[34m2026-10-08 05:25:33.716 UTC 0020 INFO[0m [grpc] [34;1mAddTraceEvent[0m -> [core] [Channel #4]Channel Connectivity change to READY
+ test 1 -ne 0
+ peer lifecycle chaincode install bzt.tar.gz
+ res=0
[34m2026-10-08 05:25:33.762 UTC 0001 INFO[0m [grpc] [34;1mInfof[0m -> [core] original dial target is: "localhost:7051"
[34m2026-10-08 05:25:33.762 UTC 0002 INFO[0m [grpc] [34;1mAddTraceEvent[0m -> [core] [Channel #1]Channel created
[34m2026-10-08 05:25:33.762 UTC 0003 INFO[0m [grpc] [34;1mAddTraceEvent[0m -> [core] [Channel #1]parsed dial target is: resolver.Target{URL:url.URL{Scheme:"passthrough", Opaque:"", User:(*url.Userinfo)(nil), Host:"", Path:"/localhost:7051", RawPath:"", OmitHost:false, ForceQuery:false, RawQuery:"", Fragment:"", RawFragment:""}}
[34m2026-10-08 05:25:33.762 UTC 0004 INFO[0m [grpc] [34;1mAddTraceEvent[0m -> [core] [Channel #1]Channel authority set to "localhost:7051"
[34m2026-10-08 05:25:33.762 UTC 0005 INFO[0m [grpc] [34;1mAddTraceEvent[0m -> [core] [Channel #1]Resolver state updated: {
  "Addresses": [
    {
      "Addr": "localhost:7051",
      "ServerName": "",
      "Attributes": null,
      "BalancerAttributes": null,
      "Metadata": null
    }
  ],
  "Endpoints": [
    {
      "Addresses": [
        {
          "Addr": "localhost:7051",
          "ServerName": "",
          "Attributes": null,
          "BalancerAttributes": null,
          "Metadata": null
        }
      ],
      "Attributes": null
    }
  ],
  "ServiceConfig": null,
  "Attributes": null
} (resolver returned new addresses)
[34m2026-10-08 05:25:33.762 UTC 0006 INFO[0m [grpc] [34;1mAddTraceEvent[0m -> [core] [Channel #1]Channel switches to new LB policy "pick_first"
[34m2026-10-08 05:25:33.762 UTC 0007 INFO[0m [grpc] [34;1mInfof[0m -> [pick-first-lb] [pick-first-lb 0xc00038eab0] Received new config {
  "shuffleAddressList": false
}, resolver state {
  "Addresses": [
    {
      "Addr": "localhost:7051",
      "ServerName": "",
      "Attributes": null,
      "BalancerAttributes": null,
      "Metadata": null
    }
  ],
  "Endpoints": [
    {
      "Addresses": [
        {
          "Addr": "localhost:7051",
          "ServerName": "",
          "Attributes": null,
          "BalancerAttributes": null,
          "Metadata": null
        }
      ],
      "Attributes": null
    }
  ],
  "ServiceConfig": null,
  "Attributes": null
}
[34m2026-10-08 05:25:33.762 UTC 0008 INFO[0m [grpc] [34;1mAddTraceEvent[0m -> [core] [Channel #1 SubChannel #2]Subchannel created
[34m2026-10-08 05:25:33.762 UTC 0009 INFO[0m [grpc] [34;1mAddTraceEvent[0m -> [core] [Channel #1]Channel Connectivity change to CONNECTING
[34m2026-10-08 05:25:33.762 UTC 000a INFO[0m [grpc] [34;1mAddTraceEvent[0m -> [core] [Channel #1]Channel exiting idle mode
[34m2026-10-08 05:25:33.762 UTC 000b INFO[0m [grpc] [34;1mAddTraceEvent[0m -> [core] [Channel #1 SubChannel #2]Subchannel Connectivity change to CONNECTING
[34m2026-10-08 05:25:33.762 UTC 000c INFO[0m [grpc] [34;1mAddTraceEvent[0m -> [core] [Channel #1 SubChannel #2]Subchannel picks a new address "localhost:7051" to connect
[34m2026-10-08 05:25:33.762 UTC 000d INFO[0m [grpc] [34;1mInfof[0m -> [pick-first-lb] [pick-first-lb 0xc00038eab0] Received SubConn state update: 0xc00038eb40, {ConnectivityState:CONNECTING ConnectionError:<nil> connectedAddress:{Addr: ServerName: Attributes:<nil> BalancerAttributes:<nil> Metadata:<nil>}}
[34m2026-10-08 05:25:33.764 UTC 000e INFO[0m [grpc] [34;1mAddTraceEvent[0m -> [core] [Channel #1 SubChannel #2]Subchannel Connectivity change to READY
[34m2026-10-08 05:25:33.764 UTC 000f INFO[0m [grpc] [34;1mInfof[0m -> [pick-first-lb] [pick-first-lb 0xc00038eab0] Received SubConn state update: 0xc00038eb40, {ConnectivityState:READY ConnectionError:<nil> connectedAddress:{Addr:localhost:7051 ServerName:localhost:7051 Attributes:<nil> BalancerAttributes:<nil> Metadata:<nil>}}
[34m2026-10-08 05:25:33.764 UTC 0010 INFO[0m [grpc] [34;1mAddTraceEvent[0m -> [core] [Channel #1]Channel Connectivity change to READY
[34m2026-10-08 05:25:33.765 UTC 0011 INFO[0m [grpc] [34;1mInfof[0m -> [core] original dial target is: "localhost:7051"
[34m2026-10-08 05:25:33.765 UTC 0012 INFO[0m [grpc] [34;1mAddTraceEvent[0m -> [core] [Channel #4]Channel created
[34m2026-10-08 05:25:33.765 UTC 0013 INFO[0m [grpc] [34;1mAddTraceEvent[0m -> [core] [Channel #4]parsed dial target is: resolver.Target{URL:url.URL{Scheme:"passthrough", Opaque:"", User:(*url.Userinfo)(nil), Host:"", Path:"/localhost:7051", RawPath:"", OmitHost:false, ForceQuery:false, RawQuery:"", Fragment:"", RawFragment:""}}
[34m2026-10-08 05:25:33.765 UTC 0014 INFO[0m [grpc] [34;1mAddTraceEvent[0m -> [core] [Channel #4]Channel authority set to "localhost:7051"
[34m2026-10-08 05:25:33.765 UTC 0015 INFO[0m [grpc] [34;1mAddTraceEvent[0m -> [core] [Channel #4]Resolver state updated: {
  "Addresses": [
    {
      "Addr": "localhost:7051",
      "ServerName": "",
      "Attributes": null,
      "BalancerAttributes": null,
      "Metadata": null
    }
  ],
  "Endpoints": [
    {
      "Addresses": [
        {
          "Addr": "localhost:7051",
          "ServerName": "",
          "Attributes": null,
          "BalancerAttributes": null,
          "Metadata": null
        }
      ],
      "Attributes": null
    }
  ],
  "ServiceConfig": null,
  "Attributes": null
} (resolver returned new addresses)
[34m2026-10-08 05:25:33.765 UTC 0016 INFO[0m [grpc] [34;1mAddTraceEvent[0m -> [core] [Channel #4]Channel switches to new LB policy "pick_first"
[34m2026-10-08 05:25:33.765 UTC 0017 INFO[0m [grpc] [34;1mInfof[0m -> [pick-first-lb] [pick-first-lb 0xc0003feed0] Received new config {
  "shuffleAddressList": false
}, resolver state {
  "Addresses": [
    {
      "Addr": "localhost:7051",
      "ServerName": "",
      "Attributes": null,
      "BalancerAttributes": null,
      "Metadata": null
    }
  ],
  "Endpoints": [
    {
      "Addresses": [
        {
          "Addr": "localhost:7051",
          "ServerName": "",
          "Attributes": null,
          "BalancerAttributes": null,
          "Metadata": null
        }
      ],
      "Attributes": null
    }
  ],
  "ServiceConfig": null,
  "Attributes": null
}
[34m2026-10-08 05:25:33.765 UTC 0018 INFO[0m [grpc] [34;1mAddTraceEvent[0m -> [core] [Channel #4 SubChannel #5]Subchannel created
[34m2026-10-08 05:25:33.765 UTC 0019 INFO[0m [grpc] [34;1mAddTraceEvent[0m -> [core] [Channel #4]Channel Connectivity change to CONNECTING
[34m2026-10-08 05:25:33.765 UTC 001a INFO[0m [grpc] [34;1mAddTraceEvent[0m -> [core] [Channel #4]Channel exiting idle mode
[34m2026-10-08 05:25:33.765 UTC 001b INFO[0m [grpc] [34;1mAddTraceEvent[0m -> [core] [Channel #4 SubChannel #5]Subchannel Connectivity change to CONNECTING
[34m2026-10-08 05:25:33.765 UTC 001c INFO[0m [grpc] [34;1mAddTraceEvent[0m -> [core] [Channel #4 SubChannel #5]Subchannel picks a new address "localhost:7051" to connect
[34m2026-10-08 05:25:33.765 UTC 001d INFO[0m [grpc] [34;1mInfof[0m -> [pick-first-lb] [pick-first-lb 0xc0003feed0] Received SubConn state update: 0xc00059a240, {ConnectivityState:CONNECTING ConnectionError:<nil> connectedAddress:{Addr: ServerName: Attributes:<nil> BalancerAttributes:<nil> Metadata:<nil>}}
[34m2026-10-08 05:25:33.767 UTC 001e INFO[0m [grpc] [34;1mAddTraceEvent[0m -> [core] [Channel #4 SubChannel #5]Subchannel Connectivity change to READY
[34m2026-10-08 05:25:33.767 UTC 001f INFO[0m [grpc] [34;1mInfof[0m -> [pick-first-lb] [pick-first-lb 0xc0003feed0] Received SubConn state update: 0xc00059a240, {ConnectivityState:READY ConnectionError:<nil> connectedAddress:{Addr:localhost:7051 ServerName:localhost:7051 Attributes:<nil> BalancerAttributes:<nil> Metadata:<nil>}}
[34m2026-10-08 05:25:33.767 UTC 0020 INFO[0m [grpc] [34;1mAddTraceEvent[0m -> [core] [Channel #4]Channel Connectivity change to READY
[34m2026-10-08 05:25:48.038 UTC 0021 INFO[0m [cli.lifecycle.chaincode] [34;1msubmitInstallProposal[0m -> Installed remotely: response:{status:200  payload:"\nHbzt_1.0:777c383bc4d25d7dc5610f92a201167f7301ed4b2cd3593b83e643df51c39c71\x12\x07bzt_1.0"}
[34m2026-10-08 05:25:48.038 UTC 0022 INFO[0m [cli.lifecycle.chaincode] [34;1msubmitInstallProposal[0m -> Chaincode code package identifier: bzt_1.0:777c383bc4d25d7dc5610f92a201167f7301ed4b2cd3593b83e643df51c39c71
[0;32mChaincode is installed on peer0.org1[0m
[0;34mInstall chaincode on peer0.org2...[0m
[0;34mUsing organization 2[0m
+ peer lifecycle chaincode queryinstalled --output json
+ jq -r 'try (.installed_chaincodes[].package_id)'
+ grep '^bzt_1.0:777c383bc4d25d7dc5610f92a201167f7301ed4b2cd3593b83e643df51c39c71$'
[34m2026-10-08 05:25:48.084 UTC 0001 INFO[0m [grpc] [34;1mInfof[0m -> [core] original dial target is: "localhost:9051"
[34m2026-10-08 05:25:48.084 UTC 0002 INFO[0m [grpc] [34;1mAddTraceEvent[0m -> [core] [Channel #1]Channel created
[34m2026-10-08 05:25:48.084 UTC 0003 INFO[0m [grpc] [34;1mAddTraceEvent[0m -> [core] [Channel #1]parsed dial target is: resolver.Target{URL:url.URL{Scheme:"passthrough", Opaque:"", User:(*url.Userinfo)(nil), Host:"", Path:"/localhost:9051", RawPath:"", OmitHost:false, ForceQuery:false, RawQuery:"", Fragment:"", RawFragment:""}}
[34m2026-10-08 05:25:48.084 UTC 0004 INFO[0m [grpc] [34;1mAddTraceEvent[0m -> [core] [Channel #1]Channel authority set to "localhost:9051"
[34m2026-10-08 05:25:48.084 UTC 0005 INFO[0m [grpc] [34;1mAddTraceEvent[0m -> [core] [Channel #1]Resolver state updated: {
  "Addresses": [
    {
      "Addr": "localhost:9051",
      "ServerName": "",
      "Attributes": null,
      "BalancerAttributes": null,
      "Metadata": null
    }
  ],
  "Endpoints": [
    {
      "Addresses": [
        {
          "Addr": "localhost:9051",
          "ServerName": "",
          "Attributes": null,
          "BalancerAttributes": null,
          "Metadata": null
        }
      ],
      "Attributes": null
    }
  ],
  "ServiceConfig": null,
  "Attributes": null
} (resolver returned new addresses)
[34m2026-10-08 05:25:48.084 UTC 0006 INFO[0m [grpc] [34;1mAddTraceEvent[0m -> [core] [Channel #1]Channel switches to new LB policy "pick_first"
[34m2026-10-08 05:25:48.084 UTC 0007 INFO[0m [grpc] [34;1mInfof[0m -> [pick-first-lb] [pick-first-lb 0xc00043f8f0] Received new config {
  "shuffleAddressList": false
}, resolver state {
  "Addresses": [
    {
      "Addr": "localhost:9051",
      "ServerName": "",
      "Attributes": null,
      "BalancerAttributes": null,
      "Metadata": null
    }
  ],
  "Endpoints": [
    {
      "Addresses": [
        {
          "Addr": "localhost:9051",
          "ServerName": "",
          "Attributes": null,
          "BalancerAttributes": null,
          "Metadata": null
        }
      ],
      "Attributes": null
    }
  ],
  "ServiceConfig": null,
  "Attributes": null
}
[34m2026-10-08 05:25:48.084 UTC 0008 INFO[0m [grpc] [34;1mAddTraceEvent[0m -> [core] [Channel #1 SubChannel #2]Subchannel created
[34m2026-10-08 05:25:48.084 UTC 0009 INFO[0m [grpc] [34;1mAddTraceEvent[0m -> [core] [Channel #1]Channel Connectivity change to CONNECTING
[34m2026-10-08 05:25:48.084 UTC 000a INFO[0m [grpc] [34;1mAddTraceEvent[0m -> [core] [Channel #1]Channel exiting idle mode
[34m2026-10-08 05:25:48.084 UTC 000b INFO[0m [grpc] [34;1mAddTraceEvent[0m -> [core] [Channel #1 SubChannel #2]Subchannel Connectivity change to CONNECTING
[34m2026-10-08 05:25:48.084 UTC 000c INFO[0m [grpc] [34;1mAddTraceEvent[0m -> [core] [Channel #1 SubChannel #2]Subchannel picks a new address "localhost:9051" to connect
[34m2026-10-08 05:25:48.085 UTC 000d INFO[0m [grpc] [34;1mInfof[0m -> [pick-first-lb] [pick-first-lb 0xc00043f8f0] Received SubConn state update: 0xc00043f980, {ConnectivityState:CONNECTING ConnectionError:<nil> connectedAddress:{Addr: ServerName: Attributes:<nil> BalancerAttributes:<nil> Metadata:<nil>}}
[34m2026-10-08 05:25:48.087 UTC 000e INFO[0m [grpc] [34;1mAddTraceEvent[0m -> [core] [Channel #1 SubChannel #2]Subchannel Connectivity change to READY
[34m2026-10-08 05:25:48.087 UTC 000f INFO[0m [grpc] [34;1mInfof[0m -> [pick-first-lb] [pick-first-lb 0xc00043f8f0] Received SubConn state update: 0xc00043f980, {ConnectivityState:READY ConnectionError:<nil> connectedAddress:{Addr:localhost:9051 ServerName:localhost:9051 Attributes:<nil> BalancerAttributes:<nil> Metadata:<nil>}}
[34m2026-10-08 05:25:48.087 UTC 0010 INFO[0m [grpc] [34;1mAddTraceEvent[0m -> [core] [Channel #1]Channel Connectivity change to READY
[34m2026-10-08 05:25:48.087 UTC 0011 INFO[0m [grpc] [34;1mInfof[0m -> [core] original dial target is: "localhost:9051"
[34m2026-10-08 05:25:48.087 UTC 0012 INFO[0m [grpc] [34;1mAddTraceEvent[0m -> [core] [Channel #4]Channel created
[34m2026-10-08 05:25:48.087 UTC 0013 INFO[0m [grpc] [34;1mAddTraceEvent[0m -> [core] [Channel #4]parsed dial target is: resolver.Target{URL:url.URL{Scheme:"passthrough", Opaque:"", User:(*url.Userinfo)(nil), Host:"", Path:"/localhost:9051", RawPath:"", OmitHost:false, ForceQuery:false, RawQuery:"", Fragment:"", RawFragment:""}}
[34m2026-10-08 05:25:48.087 UTC 0014 INFO[0m [grpc] [34;1mAddTraceEvent[0m -> [core] [Channel #4]Channel authority set to "localhost:9051"
[34m2026-10-08 05:25:48.087 UTC 0015 INFO[0m [grpc] [34;1mAddTraceEvent[0m -> [core] [Channel #4]Resolver state updated: {
  "Addresses": [
    {
      "Addr": "localhost:9051",
      "ServerName": "",
      "Attributes": null,
      "BalancerAttributes": null,
      "Metadata": null
    }
  ],
  "Endpoints": [
    {
      "Addresses": [
        {
          "Addr": "localhost:9051",
          "ServerName": "",
          "Attributes": null,
          "BalancerAttributes": null,
          "Metadata": null
        }
      ],
      "Attributes": null
    }
  ],
  "ServiceConfig": null,
  "Attributes": null
} (resolver returned new addresses)
[34m2026-10-08 05:25:48.087 UTC 0016 INFO[0m [grpc] [34;1mAddTraceEvent[0m -> [core] [Channel #4]Channel switches to new LB policy "pick_first"
[34m2026-10-08 05:25:48.088 UTC 0017 INFO[0m [grpc] [34;1mInfof[0m -> [pick-first-lb] [pick-first-lb 0xc0002a50e0] Received new config {
  "shuffleAddressList": false
}, resolver state {
  "Addresses": [
    {
      "Addr": "localhost:9051",
      "ServerName": "",
      "Attributes": null,
      "BalancerAttributes": null,
      "Metadata": null
    }
  ],
  "Endpoints": [
    {
      "Addresses": [
        {
          "Addr": "localhost:9051",
          "ServerName": "",
          "Attributes": null,
          "BalancerAttributes": null,
          "Metadata": null
        }
      ],
      "Attributes": null
    }
  ],
  "ServiceConfig": null,
  "Attributes": null
}
[34m2026-10-08 05:25:48.088 UTC 0018 INFO[0m [grpc] [34;1mAddTraceEvent[0m -> [core] [Channel #4 SubChannel #5]Subchannel created
[34m2026-10-08 05:25:48.088 UTC 0019 INFO[0m [grpc] [34;1mAddTraceEvent[0m -> [core] [Channel #4]Channel Connectivity change to CONNECTING
[34m2026-10-08 05:25:48.088 UTC 001a INFO[0m [grpc] [34;1mAddTraceEvent[0m -> [core] [Channel #4]Channel exiting idle mode
[34m2026-10-08 05:25:48.088 UTC 001b INFO[0m [grpc] [34;1mAddTraceEvent[0m -> [core] [Channel #4 SubChannel #5]Subchannel Connectivity change to CONNECTING
[34m2026-10-08 05:25:48.088 UTC 001c INFO[0m [grpc] [34;1mAddTraceEvent[0m -> [core] [Channel #4 SubChannel #5]Subchannel picks a new address "localhost:9051" to connect
[34m2026-10-08 05:25:48.088 UTC 001d INFO[0m [grpc] [34;1mInfof[0m -> [pick-first-lb] [pick-first-lb 0xc0002a50e0] Received SubConn state update: 0xc0002a5140, {ConnectivityState:CONNECTING ConnectionError:<nil> connectedAddress:{Addr: ServerName: Attributes:<nil> BalancerAttributes:<nil> Metadata:<nil>}}
[34m2026-10-08 05:25:48.089 UTC 001e INFO[0m [grpc] [34;1mAddTraceEvent[0m -> [core] [Channel #4 SubChannel #5]Subchannel Connectivity change to READY
[34m2026-10-08 05:25:48.090 UTC 001f INFO[0m [grpc] [34;1mInfof[0m -> [pick-first-lb] [pick-first-lb 0xc0002a50e0] Received SubConn state update: 0xc0002a5140, {ConnectivityState:READY ConnectionError:<nil> connectedAddress:{Addr:localhost:9051 ServerName:localhost:9051 Attributes:<nil> BalancerAttributes:<nil> Metadata:<nil>}}
[34m2026-10-08 05:25:48.090 UTC 0020 INFO[0m [grpc] [34;1mAddTraceEvent[0m -> [core] [Channel #4]Channel Connectivity change to READY
+ test 1 -ne 0
+ peer lifecycle chaincode install bzt.tar.gz
+ res=0
[34m2026-10-08 05:25:48.134 UTC 0001 INFO[0m [grpc] [34;1mInfof[0m -> [core] original dial target is: "localhost:9051"
[34m2026-10-08 05:25:48.134 UTC 0002 INFO[0m [grpc] [34;1mAddTraceEvent[0m -> [core] [Channel #1]Channel created
[34m2026-10-08 05:25:48.134 UTC 0003 INFO[0m [grpc] [34;1mAddTraceEvent[0m -> [core] [Channel #1]parsed dial target is: resolver.Target{URL:url.URL{Scheme:"passthrough", Opaque:"", User:(*url.Userinfo)(nil), Host:"", Path:"/localhost:9051", RawPath:"", OmitHost:false, ForceQuery:false, RawQuery:"", Fragment:"", RawFragment:""}}
[34m2026-10-08 05:25:48.134 UTC 0004 INFO[0m [grpc] [34;1mAddTraceEvent[0m -> [core] [Channel #1]Channel authority set to "localhost:9051"
[34m2026-10-08 05:25:48.134 UTC 0005 INFO[0m [grpc] [34;1mAddTraceEvent[0m -> [core] [Channel #1]Resolver state updated: {
  "Addresses": [
    {
      "Addr": "localhost:9051",
      "ServerName": "",
      "Attributes": null,
      "BalancerAttributes": null,
      "Metadata": null
    }
  ],
  "Endpoints": [
    {
      "Addresses": [
        {
          "Addr": "localhost:9051",
          "ServerName": "",
          "Attributes": null,
          "BalancerAttributes": null,
          "Metadata": null
        }
      ],
      "Attributes": null
    }
  ],
  "ServiceConfig": null,
  "Attributes": null
} (resolver returned new addresses)
[34m2026-10-08 05:25:48.134 UTC 0006 INFO[0m [grpc] [34;1mAddTraceEvent[0m -> [core] [Channel #1]Channel switches to new LB policy "pick_first"
[34m2026-10-08 05:25:48.134 UTC 0007 INFO[0m [grpc] [34;1mInfof[0m -> [pick-first-lb] [pick-first-lb 0xc0003a38f0] Received new config {
  "shuffleAddressList": false
}, resolver state {
  "Addresses": [
    {
      "Addr": "localhost:9051",
      "ServerName": "",
      "Attributes": null,
      "BalancerAttributes": null,
      "Metadata": null
    }
  ],
  "Endpoints": [
    {
      "Addresses": [
        {
          "Addr": "localhost:9051",
          "ServerName": "",
          "Attributes": null,
          "BalancerAttributes": null,
          "Metadata": null
        }
      ],
      "Attributes": null
    }
  ],
  "ServiceConfig": null,
  "Attributes": null
}
[34m2026-10-08 05:25:48.134 UTC 0008 INFO[0m [grpc] [34;1mAddTraceEvent[0m -> [core] [Channel #1 SubChannel #2]Subchannel created
[34m2026-10-08 05:25:48.134 UTC 0009 INFO[0m [grpc] [34;1mAddTraceEvent[0m -> [core] [Channel #1]Channel Connectivity change to CONNECTING
[34m2026-10-08 05:25:48.134 UTC 000a INFO[0m [grpc] [34;1mAddTraceEvent[0m -> [core] [Channel #1]Channel exiting idle mode
[34m2026-10-08 05:25:48.134 UTC 000b INFO[0m [grpc] [34;1mAddTraceEvent[0m -> [core] [Channel #1 SubChannel #2]Subchannel Connectivity change to CONNECTING
[34m2026-10-08 05:25:48.134 UTC 000c INFO[0m [grpc] [34;1mAddTraceEvent[0m -> [core] [Channel #1 SubChannel #2]Subchannel picks a new address "localhost:9051" to connect
[34m2026-10-08 05:25:48.135 UTC 000d INFO[0m [grpc] [34;1mInfof[0m -> [pick-first-lb] [pick-first-lb 0xc0003a38f0] Received SubConn state update: 0xc0003a3980, {ConnectivityState:CONNECTING ConnectionError:<nil> connectedAddress:{Addr: ServerName: Attributes:<nil> BalancerAttributes:<nil> Metadata:<nil>}}
[34m2026-10-08 05:25:48.137 UTC 000e INFO[0m [grpc] [34;1mAddTraceEvent[0m -> [core] [Channel #1 SubChannel #2]Subchannel Connectivity change to READY
[34m2026-10-08 05:25:48.137 UTC 000f INFO[0m [grpc] [34;1mInfof[0m -> [pick-first-lb] [pick-first-lb 0xc0003a38f0] Received SubConn state update: 0xc0003a3980, {ConnectivityState:READY ConnectionError:<nil> connectedAddress:{Addr:localhost:9051 ServerName:localhost:9051 Attributes:<nil> BalancerAttributes:<nil> Metadata:<nil>}}
[34m2026-10-08 05:25:48.137 UTC 0010 INFO[0m [grpc] [34;1mAddTraceEvent[0m -> [core] [Channel #1]Channel Connectivity change to READY
[34m2026-10-08 05:25:48.137 UTC 0011 INFO[0m [grpc] [34;1mInfof[0m -> [core] original dial target is: "localhost:9051"
[34m2026-10-08 05:25:48.137 UTC 0012 INFO[0m [grpc] [34;1mAddTraceEvent[0m -> [core] [Channel #4]Channel created
[34m2026-10-08 05:25:48.137 UTC 0013 INFO[0m [grpc] [34;1mAddTraceEvent[0m -> [core] [Channel #4]parsed dial target is: resolver.Target{URL:url.URL{Scheme:"passthrough", Opaque:"", User:(*url.Userinfo)(nil), Host:"", Path:"/localhost:9051", RawPath:"", OmitHost:false, ForceQuery:false, RawQuery:"", Fragment:"", RawFragment:""}}
[34m2026-10-08 05:25:48.137 UTC 0014 INFO[0m [grpc] [34;1mAddTraceEvent[0m -> [core] [Channel #4]Channel authority set to "localhost:9051"
[34m2026-10-08 05:25:48.137 UTC 0015 INFO[0m [grpc] [34;1mAddTraceEvent[0m -> [core] [Channel #4]Resolver state updated: {
  "Addresses": [
    {
      "Addr": "localhost:9051",
      "ServerName": "",
      "Attributes": null,
      "BalancerAttributes": null,
      "Metadata": null
    }
  ],
  "Endpoints": [
    {
      "Addresses": [
        {
          "Addr": "localhost:9051",
          "ServerName": "",
          "Attributes": null,
          "BalancerAttributes": null,
          "Metadata": null
        }
      ],
      "Attributes": null
    }
  ],
  "ServiceConfig": null,
  "Attributes": null
} (resolver returned new addresses)
[34m2026-10-08 05:25:48.138 UTC 0016 INFO[0m [grpc] [34;1mAddTraceEvent[0m -> [core] [Channel #4]Channel switches to new LB policy "pick_first"
[34m2026-10-08 05:25:48.138 UTC 0017 INFO[0m [grpc] [34;1mInfof[0m -> [pick-first-lb] [pick-first-lb 0xc0003a2090] Received new config {
  "shuffleAddressList": false
}, resolver state {
  "Addresses": [
    {
      "Addr": "localhost:9051",
      "ServerName": "",
      "Attributes": null,
      "BalancerAttributes": null,
      "Metadata": null
    }
  ],
  "Endpoints": [
    {
      "Addresses": [
        {
          "Addr": "localhost:9051",
          "ServerName": "",
          "Attributes": null,
          "BalancerAttributes": null,
          "Metadata": null
        }
      ],
      "Attributes": null
    }
  ],
  "ServiceConfig": null,
  "Attributes": null
}
[34m2026-10-08 05:25:48.138 UTC 0018 INFO[0m [grpc] [34;1mAddTraceEvent[0m -> [core] [Channel #4 SubChannel #5]Subchannel created
[34m2026-10-08 05:25:48.138 UTC 0019 INFO[0m [grpc] [34;1mAddTraceEvent[0m -> [core] [Channel #4]Channel Connectivity change to CONNECTING
[34m2026-10-08 05:25:48.138 UTC 001a INFO[0m [grpc] [34;1mAddTraceEvent[0m -> [core] [Channel #4]Channel exiting idle mode
[34m2026-10-08 05:25:48.138 UTC 001b INFO[0m [grpc] [34;1mAddTraceEvent[0m -> [core] [Channel #4 SubChannel #5]Subchannel Connectivity change to CONNECTING
[34m2026-10-08 05:25:48.138 UTC 001c INFO[0m [grpc] [34;1mAddTraceEvent[0m -> [core] [Channel #4 SubChannel #5]Subchannel picks a new address "localhost:9051" to connect
[34m2026-10-08 05:25:48.138 UTC 001d INFO[0m [grpc] [34;1mInfof[0m -> [pick-first-lb] [pick-first-lb 0xc0003a2090] Received SubConn state update: 0xc0003a2150, {ConnectivityState:CONNECTING ConnectionError:<nil> connectedAddress:{Addr: ServerName: Attributes:<nil> BalancerAttributes:<nil> Metadata:<nil>}}
[34m2026-10-08 05:25:48.139 UTC 001e INFO[0m [grpc] [34;1mAddTraceEvent[0m -> [core] [Channel #4 SubChannel #5]Subchannel Connectivity change to READY
[34m2026-10-08 05:25:48.139 UTC 001f INFO[0m [grpc] [34;1mInfof[0m -> [pick-first-lb] [pick-first-lb 0xc0003a2090] Received SubConn state update: 0xc0003a2150, {ConnectivityState:READY ConnectionError:<nil> connectedAddress:{Addr:localhost:9051 ServerName:localhost:9051 Attributes:<nil> BalancerAttributes:<nil> Metadata:<nil>}}
[34m2026-10-08 05:25:48.139 UTC 0020 INFO[0m [grpc] [34;1mAddTraceEvent[0m -> [core] [Channel #4]Channel Connectivity change to READY
[34m2026-10-08 05:25:57.033 UTC 0021 INFO[0m [cli.lifecycle.chaincode] [34;1msubmitInstallProposal[0m -> Installed remotely: response:{status:200  payload:"\nHbzt_1.0:777c383bc4d25d7dc5610f92a201167f7301ed4b2cd3593b83e643df51c39c71\x12\x07bzt_1.0"}
[34m2026-10-08 05:25:57.033 UTC 0022 INFO[0m [cli.lifecycle.chaincode] [34;1msubmitInstallProposal[0m -> Chaincode code package identifier: bzt_1.0:777c383bc4d25d7dc5610f92a201167f7301ed4b2cd3593b83e643df51c39c71
[0;32mChaincode is installed on peer0.org2[0m
++ peer lifecycle chaincode querycommitted --channelID mychannel --name bzt
++ sed -n '/Version:/{s/.*Sequence: //; s/, Endorsement Plugin:.*$//; p;}'
[34m2026-10-08 05:25:57.077 UTC 0001 INFO[0m [grpc] [34;1mInfof[0m -> [core] original dial target is: "localhost:9051"
[34m2026-10-08 05:25:57.077 UTC 0002 INFO[0m [grpc] [34;1mAddTraceEvent[0m -> [core] [Channel #1]Channel created
[34m2026-10-08 05:25:57.077 UTC 0003 INFO[0m [grpc] [34;1mAddTraceEvent[0m -> [core] [Channel #1]parsed dial target is: resolver.Target{URL:url.URL{Scheme:"passthrough", Opaque:"", User:(*url.Userinfo)(nil), Host:"", Path:"/localhost:9051", RawPath:"", OmitHost:false, ForceQuery:false, RawQuery:"", Fragment:"", RawFragment:""}}
[34m2026-10-08 05:25:57.077 UTC 0004 INFO[0m [grpc] [34;1mAddTraceEvent[0m -> [core] [Channel #1]Channel authority set to "localhost:9051"
[34m2026-10-08 05:25:57.077 UTC 0005 INFO[0m [grpc] [34;1mAddTraceEvent[0m -> [core] [Channel #1]Resolver state updated: {
  "Addresses": [
    {
      "Addr": "localhost:9051",
      "ServerName": "",
      "Attributes": null,
      "BalancerAttributes": null,
      "Metadata": null
    }
  ],
  "Endpoints": [
    {
      "Addresses": [
        {
          "Addr": "localhost:9051",
          "ServerName": "",
          "Attributes": null,
          "BalancerAttributes": null,
          "Metadata": null
        }
      ],
      "Attributes": null
    }
  ],
  "ServiceConfig": null,
  "Attributes": null
} (resolver returned new addresses)
[34m2026-10-08 05:25:57.077 UTC 0006 INFO[0m [grpc] [34;1mAddTraceEvent[0m -> [core] [Channel #1]Channel switches to new LB policy "pick_first"
[34m2026-10-08 05:25:57.077 UTC 0007 INFO[0m [grpc] [34;1mInfof[0m -> [pick-first-lb] [pick-first-lb 0xc00056c5d0] Received new config {
  "shuffleAddressList": false
}, resolver state {
  "Addresses": [
    {
      "Addr": "localhost:9051",
      "ServerName": "",
      "Attributes": null,
      "BalancerAttributes": null,
      "Metadata": null
    }
  ],
  "Endpoints": [
    {
      "Addresses": [
        {
          "Addr": "localhost:9051",
          "ServerName": "",
          "Attributes": null,
          "BalancerAttributes": null,
          "Metadata": null
        }
      ],
      "Attributes": null
    }
  ],
  "ServiceConfig": null,
  "Attributes": null
}
[34m2026-10-08 05:25:57.077 UTC 0008 INFO[0m [grpc] [34;1mAddTraceEvent[0m -> [core] [Channel #1 SubChannel #2]Subchannel created
[34m2026-10-08 05:25:57.077 UTC 0009 INFO[0m [grpc] [34;1mAddTraceEvent[0m -> [core] [Channel #1]Channel Connectivity change to CONNECTING
[34m2026-10-08 05:25:57.077 UTC 000a INFO[0m [grpc] [34;1mAddTraceEvent[0m -> [core] [Channel #1]Channel exiting idle mode
[34m2026-10-08 05:25:57.077 UTC 000b INFO[0m [grpc] [34;1mAddTraceEvent[0m -> [core] [Channel #1 SubChannel #2]Subchannel Connectivity change to CONNECTING
[34m2026-10-08 05:25:57.077 UTC 000c INFO[0m [grpc] [34;1mAddTraceEvent[0m -> [core] [Channel #1 SubChannel #2]Subchannel picks a new address "localhost:9051" to connect
[34m2026-10-08 05:25:57.077 UTC 000d INFO[0m [grpc] [34;1mInfof[0m -> [pick-first-lb] [pick-first-lb 0xc00056c5d0] Received SubConn state update: 0xc00056c660, {ConnectivityState:CONNECTING ConnectionError:<nil> connectedAddress:{Addr: ServerName: Attributes:<nil> BalancerAttributes:<nil> Metadata:<nil>}}
[34m2026-10-08 05:25:57.080 UTC 000e INFO[0m [grpc] [34;1mAddTraceEvent[0m -> [core] [Channel #1 SubChannel #2]Subchannel Connectivity change to READY
[34m2026-10-08 05:25:57.080 UTC 000f INFO[0m [grpc] [34;1mInfof[0m -> [pick-first-lb] [pick-first-lb 0xc00056c5d0] Received SubConn state update: 0xc00056c660, {ConnectivityState:READY ConnectionError:<nil> connectedAddress:{Addr:localhost:9051 ServerName:localhost:9051 Attributes:<nil> BalancerAttributes:<nil> Metadata:<nil>}}
[34m2026-10-08 05:25:57.080 UTC 0010 INFO[0m [grpc] [34;1mAddTraceEvent[0m -> [core] [Channel #1]Channel Connectivity change to READY
[34m2026-10-08 05:25:57.080 UTC 0011 INFO[0m [grpc] [34;1mInfof[0m -> [core] original dial target is: "localhost:9051"
[34m2026-10-08 05:25:57.080 UTC 0012 INFO[0m [grpc] [34;1mAddTraceEvent[0m -> [core] [Channel #4]Channel created
[34m2026-10-08 05:25:57.080 UTC 0013 INFO[0m [grpc] [34;1mAddTraceEvent[0m -> [core] [Channel #4]parsed dial target is: resolver.Target{URL:url.URL{Scheme:"passthrough", Opaque:"", User:(*url.Userinfo)(nil), Host:"", Path:"/localhost:9051", RawPath:"", OmitHost:false, ForceQuery:false, RawQuery:"", Fragment:"", RawFragment:""}}
[34m2026-10-08 05:25:57.080 UTC 0014 INFO[0m [grpc] [34;1mAddTraceEvent[0m -> [core] [Channel #4]Channel authority set to "localhost:9051"
[34m2026-10-08 05:25:57.080 UTC 0015 INFO[0m [grpc] [34;1mAddTraceEvent[0m -> [core] [Channel #4]Resolver state updated: {
  "Addresses": [
    {
      "Addr": "localhost:9051",
      "ServerName": "",
      "Attributes": null,
      "BalancerAttributes": null,
      "Metadata": null
    }
  ],
  "Endpoints": [
    {
      "Addresses": [
        {
          "Addr": "localhost:9051",
          "ServerName": "",
          "Attributes": null,
          "BalancerAttributes": null,
          "Metadata": null
        }
      ],
      "Attributes": null
    }
  ],
  "ServiceConfig": null,
  "Attributes": null
} (resolver returned new addresses)
[34m2026-10-08 05:25:57.080 UTC 0016 INFO[0m [grpc] [34;1mAddTraceEvent[0m -> [core] [Channel #4]Channel switches to new LB policy "pick_first"
[34m2026-10-08 05:25:57.080 UTC 0017 INFO[0m [grpc] [34;1mInfof[0m -> [pick-first-lb] [pick-first-lb 0xc00059c090] Received new config {
  "shuffleAddressList": false
}, resolver state {
  "Addresses": [
    {
      "Addr": "localhost:9051",
      "ServerName": "",
      "Attributes": null,
      "BalancerAttributes": null,
      "Metadata": null
    }
  ],
  "Endpoints": [
    {
      "Addresses": [
        {
          "Addr": "localhost:9051",
          "ServerName": "",
          "Attributes": null,
          "BalancerAttributes": null,
          "Metadata": null
        }
      ],
      "Attributes": null
    }
  ],
  "ServiceConfig": null,
  "Attributes": null
}
[34m2026-10-08 05:25:57.080 UTC 0018 INFO[0m [grpc] [34;1mAddTraceEvent[0m -> [core] [Channel #4 SubChannel #5]Subchannel created
[34m2026-10-08 05:25:57.080 UTC 0019 INFO[0m [grpc] [34;1mAddTraceEvent[0m -> [core] [Channel #4]Channel Connectivity change to CONNECTING
[34m2026-10-08 05:25:57.080 UTC 001a INFO[0m [grpc] [34;1mAddTraceEvent[0m -> [core] [Channel #4]Channel exiting idle mode
[34m2026-10-08 05:25:57.081 UTC 001b INFO[0m [grpc] [34;1mAddTraceEvent[0m -> [core] [Channel #4 SubChannel #5]Subchannel Connectivity change to CONNECTING
[34m2026-10-08 05:25:57.081 UTC 001c INFO[0m [grpc] [34;1mAddTraceEvent[0m -> [core] [Channel #4 SubChannel #5]Subchannel picks a new address "localhost:9051" to connect
[34m2026-10-08 05:25:57.081 UTC 001d INFO[0m [grpc] [34;1mInfof[0m -> [pick-first-lb] [pick-first-lb 0xc00059c090] Received SubConn state update: 0xc00059c0f0, {ConnectivityState:CONNECTING ConnectionError:<nil> connectedAddress:{Addr: ServerName: Attributes:<nil> BalancerAttributes:<nil> Metadata:<nil>}}
[34m2026-10-08 05:25:57.083 UTC 001e INFO[0m [grpc] [34;1mAddTraceEvent[0m -> [core] [Channel #4 SubChannel #5]Subchannel Connectivity change to READY
[34m2026-10-08 05:25:57.083 UTC 001f INFO[0m [grpc] [34;1mInfof[0m -> [pick-first-lb] [pick-first-lb 0xc00059c090] Received SubConn state update: 0xc00059c0f0, {ConnectivityState:READY ConnectionError:<nil> connectedAddress:{Addr:localhost:9051 ServerName:localhost:9051 Attributes:<nil> BalancerAttributes:<nil> Metadata:<nil>}}
[34m2026-10-08 05:25:57.083 UTC 0020 INFO[0m [grpc] [34;1mAddTraceEvent[0m -> [core] [Channel #4]Channel Connectivity change to READY
Error: query failed with status: 404 - namespace bzt is not defined
+ COMMITTED_CC_SEQUENCE=
+ res=0
[0;34mUsing organization 1[0m
+ peer lifecycle chaincode queryinstalled --output json
+ jq -r 'try (.installed_chaincodes[].package_id)'
+ grep '^bzt_1.0:777c383bc4d25d7dc5610f92a201167f7301ed4b2cd3593b83e643df51c39c71$'
[34m2026-10-08 05:25:57.130 UTC 0001 INFO[0m [grpc] [34;1mInfof[0m -> [core] original dial target is: "localhost:7051"
[34m2026-10-08 05:25:57.130 UTC 0002 INFO[0m [grpc] [34;1mAddTraceEvent[0m -> [core] [Channel #1]Channel created
[34m2026-10-08 05:25:57.131 UTC 0003 INFO[0m [grpc] [34;1mAddTraceEvent[0m -> [core] [Channel #1]parsed dial target is: resolver.Target{URL:url.URL{Scheme:"passthrough", Opaque:"", User:(*url.Userinfo)(nil), Host:"", Path:"/localhost:7051", RawPath:"", OmitHost:false, ForceQuery:false, RawQuery:"", Fragment:"", RawFragment:""}}
[34m2026-10-08 05:25:57.131 UTC 0004 INFO[0m [grpc] [34;1mAddTraceEvent[0m -> [core] [Channel #1]Channel authority set to "localhost:7051"
[34m2026-10-08 05:25:57.131 UTC 0005 INFO[0m [grpc] [34;1mAddTraceEvent[0m -> [core] [Channel #1]Resolver state updated: {
  "Addresses": [
    {
      "Addr": "localhost:7051",
      "ServerName": "",
      "Attributes": null,
      "BalancerAttributes": null,
      "Metadata": null
    }
  ],
  "Endpoints": [
    {
      "Addresses": [
        {
          "Addr": "localhost:7051",
          "ServerName": "",
          "Attributes": null,
          "BalancerAttributes": null,
          "Metadata": null
        }
      ],
      "Attributes": null
    }
  ],
  "ServiceConfig": null,
  "Attributes": null
} (resolver returned new addresses)
[34m2026-10-08 05:25:57.131 UTC 0006 INFO[0m [grpc] [34;1mAddTraceEvent[0m -> [core] [Channel #1]Channel switches to new LB policy "pick_first"
[34m2026-10-08 05:25:57.131 UTC 0007 INFO[0m [grpc] [34;1mInfof[0m -> [pick-first-lb] [pick-first-lb 0xc00039f8c0] Received new config {
  "shuffleAddressList": false
}, resolver state {
  "Addresses": [
    {
      "Addr": "localhost:7051",
      "ServerName": "",
      "Attributes": null,
      "BalancerAttributes": null,
      "Metadata": null
    }
  ],
  "Endpoints": [
    {
      "Addresses": [
        {
          "Addr": "localhost:7051",
          "ServerName": "",
          "Attributes": null,
          "BalancerAttributes": null,
          "Metadata": null
        }
      ],
      "Attributes": null
    }
  ],
  "ServiceConfig": null,
  "Attributes": null
}
[34m2026-10-08 05:25:57.131 UTC 0008 INFO[0m [grpc] [34;1mAddTraceEvent[0m -> [core] [Channel #1 SubChannel #2]Subchannel created
[34m2026-10-08 05:25:57.131 UTC 0009 INFO[0m [grpc] [34;1mAddTraceEvent[0m -> [core] [Channel #1]Channel Connectivity change to CONNECTING
[34m2026-10-08 05:25:57.131 UTC 000a INFO[0m [grpc] [34;1mAddTraceEvent[0m -> [core] [Channel #1]Channel exiting idle mode
[34m2026-10-08 05:25:57.131 UTC 000b INFO[0m [grpc] [34;1mAddTraceEvent[0m -> [core] [Channel #1 SubChannel #2]Subchannel Connectivity change to CONNECTING
[34m2026-10-08 05:25:57.131 UTC 000c INFO[0m [grpc] [34;1mAddTraceEvent[0m -> [core] [Channel #1 SubChannel #2]Subchannel picks a new address "localhost:7051" to connect
[34m2026-10-08 05:25:57.131 UTC 000d INFO[0m [grpc] [34;1mInfof[0m -> [pick-first-lb] [pick-first-lb 0xc00039f8c0] Received SubConn state update: 0xc00039f950, {ConnectivityState:CONNECTING ConnectionError:<nil> connectedAddress:{Addr: ServerName: Attributes:<nil> BalancerAttributes:<nil> Metadata:<nil>}}
[34m2026-10-08 05:25:57.134 UTC 000e INFO[0m [grpc] [34;1mAddTraceEvent[0m -> [core] [Channel #1 SubChannel #2]Subchannel Connectivity change to READY
[34m2026-10-08 05:25:57.134 UTC 000f INFO[0m [grpc] [34;1mInfof[0m -> [pick-first-lb] [pick-first-lb 0xc00039f8c0] Received SubConn state update: 0xc00039f950, {ConnectivityState:READY ConnectionError:<nil> connectedAddress:{Addr:localhost:7051 ServerName:localhost:7051 Attributes:<nil> BalancerAttributes:<nil> Metadata:<nil>}}
[34m2026-10-08 05:25:57.134 UTC 0010 INFO[0m [grpc] [34;1mAddTraceEvent[0m -> [core] [Channel #1]Channel Connectivity change to READY
[34m2026-10-08 05:25:57.134 UTC 0011 INFO[0m [grpc] [34;1mInfof[0m -> [core] original dial target is: "localhost:7051"
[34m2026-10-08 05:25:57.134 UTC 0012 INFO[0m [grpc] [34;1mAddTraceEvent[0m -> [core] [Channel #4]Channel created
[34m2026-10-08 05:25:57.134 UTC 0013 INFO[0m [grpc] [34;1mAddTraceEvent[0m -> [core] [Channel #4]parsed dial target is: resolver.Target{URL:url.URL{Scheme:"passthrough", Opaque:"", User:(*url.Userinfo)(nil), Host:"", Path:"/localhost:7051", RawPath:"", OmitHost:false, ForceQuery:false, RawQuery:"", Fragment:"", RawFragment:""}}
[34m2026-10-08 05:25:57.134 UTC 0014 INFO[0m [grpc] [34;1mAddTraceEvent[0m -> [core] [Channel #4]Channel authority set to "localhost:7051"
[34m2026-10-08 05:25:57.134 UTC 0015 INFO[0m [grpc] [34;1mAddTraceEvent[0m -> [core] [Channel #4]Resolver state updated: {
  "Addresses": [
    {
      "Addr": "localhost:7051",
      "ServerName": "",
      "Attributes": null,
      "BalancerAttributes": null,
      "Metadata": null
    }
  ],
  "Endpoints": [
    {
      "Addresses": [
        {
          "Addr": "localhost:7051",
          "ServerName": "",
          "Attributes": null,
          "BalancerAttributes": null,
          "Metadata": null
        }
      ],
      "Attributes": null
    }
  ],
  "ServiceConfig": null,
  "Attributes": null
} (resolver returned new addresses)
[34m2026-10-08 05:25:57.134 UTC 0016 INFO[0m [grpc] [34;1mAddTraceEvent[0m -> [core] [Channel #4]Channel switches to new LB policy "pick_first"
[34m2026-10-08 05:25:57.134 UTC 0017 INFO[0m [grpc] [34;1mInfof[0m -> [pick-first-lb] [pick-first-lb 0xc000604060] Received new config {
  "shuffleAddressList": false
}, resolver state {
  "Addresses": [
    {
      "Addr": "localhost:7051",
      "ServerName": "",
      "Attributes": null,
      "BalancerAttributes": null,
      "Metadata": null
    }
  ],
  "Endpoints": [
    {
      "Addresses": [
        {
          "Addr": "localhost:7051",
          "ServerName": "",
          "Attributes": null,
          "BalancerAttributes": null,
          "Metadata": null
        }
      ],
      "Attributes": null
    }
  ],
  "ServiceConfig": null,
  "Attributes": null
}
[34m2026-10-08 05:25:57.134 UTC 0018 INFO[0m [grpc] [34;1mAddTraceEvent[0m -> [core] [Channel #4 SubChannel #5]Subchannel created
[34m2026-10-08 05:25:57.135 UTC 0019 INFO[0m [grpc] [34;1mAddTraceEvent[0m -> [core] [Channel #4]Channel Connectivity change to CONNECTING
[34m2026-10-08 05:25:57.135 UTC 001a INFO[0m [grpc] [34;1mAddTraceEvent[0m -> [core] [Channel #4]Channel exiting idle mode
[34m2026-10-08 05:25:57.135 UTC 001b INFO[0m [grpc] [34;1mAddTraceEvent[0m -> [core] [Channel #4 SubChannel #5]Subchannel Connectivity change to CONNECTING
[34m2026-10-08 05:25:57.135 UTC 001c INFO[0m [grpc] [34;1mAddTraceEvent[0m -> [core] [Channel #4 SubChannel #5]Subchannel picks a new address "localhost:7051" to connect
[34m2026-10-08 05:25:57.135 UTC 001d INFO[0m [grpc] [34;1mInfof[0m -> [pick-first-lb] [pick-first-lb 0xc000604060] Received SubConn state update: 0xc00042eae0, {ConnectivityState:CONNECTING ConnectionError:<nil> connectedAddress:{Addr: ServerName: Attributes:<nil> BalancerAttributes:<nil> Metadata:<nil>}}
[34m2026-10-08 05:25:57.137 UTC 001e INFO[0m [grpc] [34;1mAddTraceEvent[0m -> [core] [Channel #4 SubChannel #5]Subchannel Connectivity change to READY
[34m2026-10-08 05:25:57.137 UTC 001f INFO[0m [grpc] [34;1mInfof[0m -> [pick-first-lb] [pick-first-lb 0xc000604060] Received SubConn state update: 0xc00042eae0, {ConnectivityState:READY ConnectionError:<nil> connectedAddress:{Addr:localhost:7051 ServerName:localhost:7051 Attributes:<nil> BalancerAttributes:<nil> Metadata:<nil>}}
[34m2026-10-08 05:25:57.137 UTC 0020 INFO[0m [grpc] [34;1mAddTraceEvent[0m -> [core] [Channel #4]Channel Connectivity change to READY
+ res=0
bzt_1.0:777c383bc4d25d7dc5610f92a201167f7301ed4b2cd3593b83e643df51c39c71
[0;32mQuery installed successful on peer0.org1 on channel[0m
[0;34mUsing organization 1[0m
+ peer lifecycle chaincode approveformyorg -o localhost:7050 --ordererTLSHostnameOverride orderer.example.com --tls --cafile /home/runner/work/bzt-id-experiments/bzt-id-experiments/fabric-samples/test-network/organizations/ordererOrganizations/example.com/tlsca/tlsca.example.com-cert.pem --channelID mychannel --name bzt --version 1.0 --package-id bzt_1.0:777c383bc4d25d7dc5610f92a201167f7301ed4b2cd3593b83e643df51c39c71 --sequence 1
+ res=0
[34m2026-10-08 05:25:57.183 UTC 0001 INFO[0m [grpc] [34;1mInfof[0m -> [core] original dial target is: "localhost:7051"
[34m2026-10-08 05:25:57.183 UTC 0002 INFO[0m [grpc] [34;1mAddTraceEvent[0m -> [core] [Channel #1]Channel created
[34m2026-10-08 05:25:57.183 UTC 0003 INFO[0m [grpc] [34;1mAddTraceEvent[0m -> [core] [Channel #1]parsed dial target is: resolver.Target{URL:url.URL{Scheme:"passthrough", Opaque:"", User:(*url.Userinfo)(nil), Host:"", Path:"/localhost:7051", RawPath:"", OmitHost:false, ForceQuery:false, RawQuery:"", Fragment:"", RawFragment:""}}
[34m2026-10-08 05:25:57.183 UTC 0004 INFO[0m [grpc] [34;1mAddTraceEvent[0m -> [core] [Channel #1]Channel authority set to "localhost:7051"
[34m2026-10-08 05:25:57.183 UTC 0005 INFO[0m [grpc] [34;1mAddTraceEvent[0m -> [core] [Channel #1]Resolver state updated: {
  "Addresses": [
    {
      "Addr": "localhost:7051",
      "ServerName": "",
      "Attributes": null,
      "BalancerAttributes": null,
      "Metadata": null
    }
  ],
  "Endpoints": [
    {
      "Addresses": [
        {
          "Addr": "localhost:7051",
          "ServerName": "",
          "Attributes": null,
          "BalancerAttributes": null,
          "Metadata": null
        }
      ],
      "Attributes": null
    }
  ],
  "ServiceConfig": null,
  "Attributes": null
} (resolver returned new addresses)
[34m2026-10-08 05:25:57.183 UTC 0006 INFO[0m [grpc] [34;1mAddTraceEvent[0m -> [core] [Channel #1]Channel switches to new LB policy "pick_first"
[34m2026-10-08 05:25:57.184 UTC 0007 INFO[0m [grpc] [34;1mInfof[0m -> [pick-first-lb] [pick-first-lb 0xc0003c7950] Received new config {
  "shuffleAddressList": false
}, resolver state {
  "Addresses": [
    {
      "Addr": "localhost:7051",
      "ServerName": "",
      "Attributes": null,
      "BalancerAttributes": null,
      "Metadata": null
    }
  ],
  "Endpoints": [
    {
      "Addresses": [
        {
          "Addr": "localhost:7051",
          "ServerName": "",
          "Attributes": null,
          "BalancerAttributes": null,
          "Metadata": null
        }
      ],
      "Attributes": null
    }
  ],
  "ServiceConfig": null,
  "Attributes": null
}
[34m2026-10-08 05:25:57.184 UTC 0008 INFO[0m [grpc] [34;1mAddTraceEvent[0m -> [core] [Channel #1 SubChannel #2]Subchannel created
[34m2026-10-08 05:25:57.184 UTC 0009 INFO[0m [grpc] [34;1mAddTraceEvent[0m -> [core] [Channel #1]Channel Connectivity change to CONNECTING
[34m2026-10-08 05:25:57.184 UTC 000a INFO[0m [grpc] [34;1mAddTraceEvent[0m -> [core] [Channel #1]Channel exiting idle mode
[34m2026-10-08 05:25:57.184 UTC 000b INFO[0m [grpc] [34;1mAddTraceEvent[0m -> [core] [Channel #1 SubChannel #2]Subchannel Connectivity change to CONNECTING
[34m2026-10-08 05:25:57.184 UTC 000c INFO[0m [grpc] [34;1mAddTraceEvent[0m -> [core] [Channel #1 SubChannel #2]Subchannel picks a new address "localhost:7051" to connect
[34m2026-10-08 05:25:57.184 UTC 000d INFO[0m [grpc] [34;1mInfof[0m -> [pick-first-lb] [pick-first-lb 0xc0003c7950] Received SubConn state update: 0xc0003c79e0, {ConnectivityState:CONNECTING ConnectionError:<nil> connectedAddress:{Addr: ServerName: Attributes:<nil> BalancerAttributes:<nil> Metadata:<nil>}}
[34m2026-10-08 05:25:57.186 UTC 000e INFO[0m [grpc] [34;1mAddTraceEvent[0m -> [core] [Channel #1 SubChannel #2]Subchannel Connectivity change to READY
[34m2026-10-08 05:25:57.186 UTC 000f INFO[0m [grpc] [34;1mInfof[0m -> [pick-first-lb] [pick-first-lb 0xc0003c7950] Received SubConn state update: 0xc0003c79e0, {ConnectivityState:READY ConnectionError:<nil> connectedAddress:{Addr:localhost:7051 ServerName:localhost:7051 Attributes:<nil> BalancerAttributes:<nil> Metadata:<nil>}}
[34m2026-10-08 05:25:57.186 UTC 0010 INFO[0m [grpc] [34;1mAddTraceEvent[0m -> [core] [Channel #1]Channel Connectivity change to READY
[34m2026-10-08 05:25:57.186 UTC 0011 INFO[0m [grpc] [34;1mInfof[0m -> [core] original dial target is: "localhost:7051"
[34m2026-10-08 05:25:57.186 UTC 0012 INFO[0m [grpc] [34;1mAddTraceEvent[0m -> [core] [Channel #4]Channel created
[34m2026-10-08 05:25:57.186 UTC 0013 INFO[0m [grpc] [34;1mAddTraceEvent[0m -> [core] [Channel #4]parsed dial target is: resolver.Target{URL:url.URL{Scheme:"passthrough", Opaque:"", User:(*url.Userinfo)(nil), Host:"", Path:"/localhost:7051", RawPath:"", OmitHost:false, ForceQuery:false, RawQuery:"", Fragment:"", RawFragment:""}}
[34m2026-10-08 05:25:57.186 UTC 0014 INFO[0m [grpc] [34;1mAddTraceEvent[0m -> [core] [Channel #4]Channel authority set to "localhost:7051"
[34m2026-10-08 05:25:57.186 UTC 0015 INFO[0m [grpc] [34;1mAddTraceEvent[0m -> [core] [Channel #4]Resolver state updated: {
  "Addresses": [
    {
      "Addr": "localhost:7051",
      "ServerName": "",
      "Attributes": null,
      "BalancerAttributes": null,
      "Metadata": null
    }
  ],
  "Endpoints": [
    {
      "Addresses": [
        {
          "Addr": "localhost:7051",
          "ServerName": "",
          "Attributes": null,
          "BalancerAttributes": null,
          "Metadata": null
        }
      ],
      "Attributes": null
    }
  ],
  "ServiceConfig": null,
  "Attributes": null
} (resolver returned new addresses)
[34m2026-10-08 05:25:57.186 UTC 0016 INFO[0m [grpc] [34;1mAddTraceEvent[0m -> [core] [Channel #4]Channel switches to new LB policy "pick_first"
[34m2026-10-08 05:25:57.186 UTC 0017 INFO[0m [grpc] [34;1mInfof[0m -> [pick-first-lb] [pick-first-lb 0xc000608090] Received new config {
  "shuffleAddressList": false
}, resolver state {
  "Addresses": [
    {
      "Addr": "localhost:7051",
      "ServerName": "",
      "Attributes": null,
      "BalancerAttributes": null,
      "Metadata": null
    }
  ],
  "Endpoints": [
    {
      "Addresses": [
        {
          "Addr": "localhost:7051",
          "ServerName": "",
          "Attributes": null,
          "BalancerAttributes": null,
          "Metadata": null
        }
      ],
      "Attributes": null
    }
  ],
  "ServiceConfig": null,
  "Attributes": null
}
[34m2026-10-08 05:25:57.186 UTC 0018 INFO[0m [grpc] [34;1mAddTraceEvent[0m -> [core] [Channel #4 SubChannel #5]Subchannel created
[34m2026-10-08 05:25:57.186 UTC 0019 INFO[0m [grpc] [34;1mAddTraceEvent[0m -> [core] [Channel #4]Channel Connectivity change to CONNECTING
[34m2026-10-08 05:25:57.187 UTC 001a INFO[0m [grpc] [34;1mAddTraceEvent[0m -> [core] [Channel #4]Channel exiting idle mode
[34m2026-10-08 05:25:57.187 UTC 001b INFO[0m [grpc] [34;1mAddTraceEvent[0m -> [core] [Channel #4 SubChannel #5]Subchannel Connectivity change to CONNECTING
[34m2026-10-08 05:25:57.187 UTC 001c INFO[0m [grpc] [34;1mAddTraceEvent[0m -> [core] [Channel #4 SubChannel #5]Subchannel picks a new address "localhost:7051" to connect
[34m2026-10-08 05:25:57.187 UTC 001d INFO[0m [grpc] [34;1mInfof[0m -> [pick-first-lb] [pick-first-lb 0xc000608090] Received SubConn state update: 0xc000608120, {ConnectivityState:CONNECTING ConnectionError:<nil> connectedAddress:{Addr: ServerName: Attributes:<nil> BalancerAttributes:<nil> Metadata:<nil>}}
[34m2026-10-08 05:25:57.188 UTC 001e INFO[0m [grpc] [34;1mAddTraceEvent[0m -> [core] [Channel #4 SubChannel #5]Subchannel Connectivity change to READY
[34m2026-10-08 05:25:57.188 UTC 001f INFO[0m [grpc] [34;1mInfof[0m -> [pick-first-lb] [pick-first-lb 0xc000608090] Received SubConn state update: 0xc000608120, {ConnectivityState:READY ConnectionError:<nil> connectedAddress:{Addr:localhost:7051 ServerName:localhost:7051 Attributes:<nil> BalancerAttributes:<nil> Metadata:<nil>}}
[34m2026-10-08 05:25:57.188 UTC 0020 INFO[0m [grpc] [34;1mAddTraceEvent[0m -> [core] [Channel #4]Channel Connectivity change to READY
[33m2026-10-08 05:25:57.188 UTC 0021 WARN[0m [grpc] [33;1mWarningf[0m -> [core] Adjusting keepalive ping interval to minimum period of 10s
[34m2026-10-08 05:25:57.188 UTC 0022 INFO[0m [grpc] [34;1mInfof[0m -> [core] original dial target is: "localhost:7050"
[34m2026-10-08 05:25:57.188 UTC 0023 INFO[0m [grpc] [34;1mAddTraceEvent[0m -> [core] [Channel #7]Channel created
[34m2026-10-08 05:25:57.188 UTC 0024 INFO[0m [grpc] [34;1mAddTraceEvent[0m -> [core] [Channel #7]parsed dial target is: resolver.Target{URL:url.URL{Scheme:"passthrough", Opaque:"", User:(*url.Userinfo)(nil), Host:"", Path:"/localhost:7050", RawPath:"", OmitHost:false, ForceQuery:false, RawQuery:"", Fragment:"", RawFragment:""}}
[34m2026-10-08 05:25:57.188 UTC 0025 INFO[0m [grpc] [34;1mAddTraceEvent[0m -> [core] [Channel #7]Channel authority set to "orderer.example.com"
[34m2026-10-08 05:25:57.188 UTC 0026 INFO[0m [grpc] [34;1mAddTraceEvent[0m -> [core] [Channel #7]Resolver state updated: {
  "Addresses": [
    {
      "Addr": "localhost:7050",
      "ServerName": "",
      "Attributes": null,
      "BalancerAttributes": null,
      "Metadata": null
    }
  ],
  "Endpoints": [
    {
      "Addresses": [
        {
          "Addr": "localhost:7050",
          "ServerName": "",
          "Attributes": null,
          "BalancerAttributes": null,
          "Metadata": null
        }
      ],
      "Attributes": null
    }
  ],
  "ServiceConfig": null,
  "Attributes": null
} (resolver returned new addresses)
[34m2026-10-08 05:25:57.188 UTC 0027 INFO[0m [grpc] [34;1mAddTraceEvent[0m -> [core] [Channel #7]Channel switches to new LB policy "pick_first"
[34m2026-10-08 05:25:57.188 UTC 0028 INFO[0m [grpc] [34;1mInfof[0m -> [pick-first-lb] [pick-first-lb 0xc0004acc00] Received new config {
  "shuffleAddressList": false
}, resolver state {
  "Addresses": [
    {
      "Addr": "localhost:7050",
      "ServerName": "",
      "Attributes": null,
      "BalancerAttributes": null,
      "Metadata": null
    }
  ],
  "Endpoints": [
    {
      "Addresses": [
        {
          "Addr": "localhost:7050",
          "ServerName": "",
          "Attributes": null,
          "BalancerAttributes": null,
          "Metadata": null
        }
      ],
      "Attributes": null
    }
  ],
  "ServiceConfig": null,
  "Attributes": null
}
[34m2026-10-08 05:25:57.188 UTC 0029 INFO[0m [grpc] [34;1mAddTraceEvent[0m -> [core] [Channel #7 SubChannel #8]Subchannel created
[34m2026-10-08 05:25:57.189 UTC 002a INFO[0m [grpc] [34;1mAddTraceEvent[0m -> [core] [Channel #7]Channel Connectivity change to CONNECTING
[34m2026-10-08 05:25:57.189 UTC 002b INFO[0m [grpc] [34;1mAddTraceEvent[0m -> [core] [Channel #7]Channel exiting idle mode
[34m2026-10-08 05:25:57.189 UTC 002c INFO[0m [grpc] [34;1mAddTraceEvent[0m -> [core] [Channel #7 SubChannel #8]Subchannel Connectivity change to CONNECTING
[34m2026-10-08 05:25:57.189 UTC 002d INFO[0m [grpc] [34;1mAddTraceEvent[0m -> [core] [Channel #7 SubChannel #8]Subchannel picks a new address "localhost:7050" to connect
[34m2026-10-08 05:25:57.189 UTC 002e INFO[0m [grpc] [34;1mInfof[0m -> [pick-first-lb] [pick-first-lb 0xc0004acc00] Received SubConn state update: 0xc0004acc90, {ConnectivityState:CONNECTING ConnectionError:<nil> connectedAddress:{Addr: ServerName: Attributes:<nil> BalancerAttributes:<nil> Metadata:<nil>}}
[34m2026-10-08 05:25:57.190 UTC 002f INFO[0m [grpc] [34;1mAddTraceEvent[0m -> [core] [Channel #7 SubChannel #8]Subchannel Connectivity change to READY
[34m2026-10-08 05:25:57.190 UTC 0030 INFO[0m [grpc] [34;1mInfof[0m -> [pick-first-lb] [pick-first-lb 0xc0004acc00] Received SubConn state update: 0xc0004acc90, {ConnectivityState:READY ConnectionError:<nil> connectedAddress:{Addr:localhost:7050 ServerName:orderer.example.com Attributes:<nil> BalancerAttributes:<nil> Metadata:<nil>}}
[34m2026-10-08 05:25:57.190 UTC 0031 INFO[0m [grpc] [34;1mAddTraceEvent[0m -> [core] [Channel #7]Channel Connectivity change to READY
[34m2026-10-08 05:25:59.203 UTC 0032 INFO[0m [chaincodeCmd] [34;1mClientWait[0m -> txid [652fe156d30dee452dc31066604e2ab3c65246e5f35a5a541f7df5530a672fa7] committed with status (VALID) at localhost:7051
[0;32mChaincode definition approved on peer0.org1 on channel 'mychannel'[0m
[0;34mUsing organization 1[0m
[0;34mChecking the commit readiness of the chaincode definition on peer0.org1 on channel 'mychannel'...[0m
[0;34mAttempting to check the commit readiness of the chaincode definition on peer0.org1, Retry after 3 seconds.[0m
+ peer lifecycle chaincode checkcommitreadiness --channelID mychannel --name bzt --version 1.0 --sequence 1 --output json
+ res=0
[34m2026-10-08 05:26:02.248 UTC 0001 INFO[0m [grpc] [34;1mInfof[0m -> [core] original dial target is: "localhost:7051"
[34m2026-10-08 05:26:02.248 UTC 0002 INFO[0m [grpc] [34;1mAddTraceEvent[0m -> [core] [Channel #1]Channel created
[34m2026-10-08 05:26:02.248 UTC 0003 INFO[0m [grpc] [34;1mAddTraceEvent[0m -> [core] [Channel #1]parsed dial target is: resolver.Target{URL:url.URL{Scheme:"passthrough", Opaque:"", User:(*url.Userinfo)(nil), Host:"", Path:"/localhost:7051", RawPath:"", OmitHost:false, ForceQuery:false, RawQuery:"", Fragment:"", RawFragment:""}}
[34m2026-10-08 05:26:02.248 UTC 0004 INFO[0m [grpc] [34;1mAddTraceEvent[0m -> [core] [Channel #1]Channel authority set to "localhost:7051"
[34m2026-10-08 05:26:02.249 UTC 0005 INFO[0m [grpc] [34;1mAddTraceEvent[0m -> [core] [Channel #1]Resolver state updated: {
  "Addresses": [
    {
      "Addr": "localhost:7051",
      "ServerName": "",
      "Attributes": null,
      "BalancerAttributes": null,
      "Metadata": null
    }
  ],
  "Endpoints": [
    {
      "Addresses": [
        {
          "Addr": "localhost:7051",
          "ServerName": "",
          "Attributes": null,
          "BalancerAttributes": null,
          "Metadata": null
        }
      ],
      "Attributes": null
    }
  ],
  "ServiceConfig": null,
  "Attributes": null
} (resolver returned new addresses)
[34m2026-10-08 05:26:02.249 UTC 0006 INFO[0m [grpc] [34;1mAddTraceEvent[0m -> [core] [Channel #1]Channel switches to new LB policy "pick_first"
[34m2026-10-08 05:26:02.249 UTC 0007 INFO[0m [grpc] [34;1mInfof[0m -> [pick-first-lb] [pick-first-lb 0xc000371890] Received new config {
  "shuffleAddressList": false
}, resolver state {
  "Addresses": [
    {
      "Addr": "localhost:7051",
      "ServerName": "",
      "Attributes": null,
      "BalancerAttributes": null,
      "Metadata": null
    }
  ],
  "Endpoints": [
    {
      "Addresses": [
        {
          "Addr": "localhost:7051",
          "ServerName": "",
          "Attributes": null,
          "BalancerAttributes": null,
          "Metadata": null
        }
      ],
      "Attributes": null
    }
  ],
  "ServiceConfig": null,
  "Attributes": null
}
[34m2026-10-08 05:26:02.249 UTC 0008 INFO[0m [grpc] [34;1mAddTraceEvent[0m -> [core] [Channel #1 SubChannel #2]Subchannel created
[34m2026-10-08 05:26:02.249 UTC 0009 INFO[0m [grpc] [34;1mAddTraceEvent[0m -> [core] [Channel #1]Channel Connectivity change to CONNECTING
[34m2026-10-08 05:26:02.249 UTC 000a INFO[0m [grpc] [34;1mAddTraceEvent[0m -> [core] [Channel #1]Channel exiting idle mode
[34m2026-10-08 05:26:02.249 UTC 000b INFO[0m [grpc] [34;1mAddTraceEvent[0m -> [core] [Channel #1 SubChannel #2]Subchannel Connectivity change to CONNECTING
[34m2026-10-08 05:26:02.249 UTC 000c INFO[0m [grpc] [34;1mAddTraceEvent[0m -> [core] [Channel #1 SubChannel #2]Subchannel picks a new address "localhost:7051" to connect
[34m2026-10-08 05:26:02.249 UTC 000d INFO[0m [grpc] [34;1mInfof[0m -> [pick-first-lb] [pick-first-lb 0xc000371890] Received SubConn state update: 0xc000371920, {ConnectivityState:CONNECTING ConnectionError:<nil> connectedAddress:{Addr: ServerName: Attributes:<nil> BalancerAttributes:<nil> Metadata:<nil>}}
[34m2026-10-08 05:26:02.252 UTC 000e INFO[0m [grpc] [34;1mAddTraceEvent[0m -> [core] [Channel #1 SubChannel #2]Subchannel Connectivity change to READY
[34m2026-10-08 05:26:02.252 UTC 000f INFO[0m [grpc] [34;1mInfof[0m -> [pick-first-lb] [pick-first-lb 0xc000371890] Received SubConn state update: 0xc000371920, {ConnectivityState:READY ConnectionError:<nil> connectedAddress:{Addr:localhost:7051 ServerName:localhost:7051 Attributes:<nil> BalancerAttributes:<nil> Metadata:<nil>}}
[34m2026-10-08 05:26:02.252 UTC 0010 INFO[0m [grpc] [34;1mAddTraceEvent[0m -> [core] [Channel #1]Channel Connectivity change to READY
[34m2026-10-08 05:26:02.252 UTC 0011 INFO[0m [grpc] [34;1mInfof[0m -> [core] original dial target is: "localhost:7051"
[34m2026-10-08 05:26:02.252 UTC 0012 INFO[0m [grpc] [34;1mAddTraceEvent[0m -> [core] [Channel #4]Channel created
[34m2026-10-08 05:26:02.252 UTC 0013 INFO[0m [grpc] [34;1mAddTraceEvent[0m -> [core] [Channel #4]parsed dial target is: resolver.Target{URL:url.URL{Scheme:"passthrough", Opaque:"", User:(*url.Userinfo)(nil), Host:"", Path:"/localhost:7051", RawPath:"", OmitHost:false, ForceQuery:false, RawQuery:"", Fragment:"", RawFragment:""}}
[34m2026-10-08 05:26:02.252 UTC 0014 INFO[0m [grpc] [34;1mAddTraceEvent[0m -> [core] [Channel #4]Channel authority set to "localhost:7051"
[34m2026-10-08 05:26:02.252 UTC 0015 INFO[0m [grpc] [34;1mAddTraceEvent[0m -> [core] [Channel #4]Resolver state updated: {
  "Addresses": [
    {
      "Addr": "localhost:7051",
      "ServerName": "",
      "Attributes": null,
      "BalancerAttributes": null,
      "Metadata": null
    }
  ],
  "Endpoints": [
    {
      "Addresses": [
        {
          "Addr": "localhost:7051",
          "ServerName": "",
          "Attributes": null,
          "BalancerAttributes": null,
          "Metadata": null
        }
      ],
      "Attributes": null
    }
  ],
  "ServiceConfig": null,
  "Attributes": null
} (resolver returned new addresses)
[34m2026-10-08 05:26:02.252 UTC 0016 INFO[0m [grpc] [34;1mAddTraceEvent[0m -> [core] [Channel #4]Channel switches to new LB policy "pick_first"
[34m2026-10-08 05:26:02.252 UTC 0017 INFO[0m [grpc] [34;1mInfof[0m -> [pick-first-lb] [pick-first-lb 0xc0003708a0] Received new config {
  "shuffleAddressList": false
}, resolver state {
  "Addresses": [
    {
      "Addr": "localhost:7051",
      "ServerName": "",
      "Attributes": null,
      "BalancerAttributes": null,
      "Metadata": null
    }
  ],
  "Endpoints": [
    {
      "Addresses": [
        {
          "Addr": "localhost:7051",
          "ServerName": "",
          "Attributes": null,
          "BalancerAttributes": null,
          "Metadata": null
        }
      ],
      "Attributes": null
    }
  ],
  "ServiceConfig": null,
  "Attributes": null
}
[34m2026-10-08 05:26:02.252 UTC 0018 INFO[0m [grpc] [34;1mAddTraceEvent[0m -> [core] [Channel #4 SubChannel #5]Subchannel created
[34m2026-10-08 05:26:02.252 UTC 0019 INFO[0m [grpc] [34;1mAddTraceEvent[0m -> [core] [Channel #4]Channel Connectivity change to CONNECTING
[34m2026-10-08 05:26:02.252 UTC 001a INFO[0m [grpc] [34;1mAddTraceEvent[0m -> [core] [Channel #4]Channel exiting idle mode
[34m2026-10-08 05:26:02.252 UTC 001b INFO[0m [grpc] [34;1mAddTraceEvent[0m -> [core] [Channel #4 SubChannel #5]Subchannel Connectivity change to CONNECTING
[34m2026-10-08 05:26:02.252 UTC 001c INFO[0m [grpc] [34;1mAddTraceEvent[0m -> [core] [Channel #4 SubChannel #5]Subchannel picks a new address "localhost:7051" to connect
[34m2026-10-08 05:26:02.252 UTC 001d INFO[0m [grpc] [34;1mInfof[0m -> [pick-first-lb] [pick-first-lb 0xc0003708a0] Received SubConn state update: 0xc000370900, {ConnectivityState:CONNECTING ConnectionError:<nil> connectedAddress:{Addr: ServerName: Attributes:<nil> BalancerAttributes:<nil> Metadata:<nil>}}
[34m2026-10-08 05:26:02.254 UTC 001e INFO[0m [grpc] [34;1mAddTraceEvent[0m -> [core] [Channel #4 SubChannel #5]Subchannel Connectivity change to READY
[34m2026-10-08 05:26:02.254 UTC 001f INFO[0m [grpc] [34;1mInfof[0m -> [pick-first-lb] [pick-first-lb 0xc0003708a0] Received SubConn state update: 0xc000370900, {ConnectivityState:READY ConnectionError:<nil> connectedAddress:{Addr:localhost:7051 ServerName:localhost:7051 Attributes:<nil> BalancerAttributes:<nil> Metadata:<nil>}}
[34m2026-10-08 05:26:02.254 UTC 0020 INFO[0m [grpc] [34;1mAddTraceEvent[0m -> [core] [Channel #4]Channel Connectivity change to READY
{
	"approvals": {
		"Org1MSP": true,
		"Org2MSP": false
	}
}
[0;34mChecking the commit readiness of the chaincode definition successful on peer0.org1 on channel 'mychannel'[0m
[0;34mUsing organization 2[0m
[0;34mChecking the commit readiness of the chaincode definition on peer0.org2 on channel 'mychannel'...[0m
[0;34mAttempting to check the commit readiness of the chaincode definition on peer0.org2, Retry after 3 seconds.[0m
+ peer lifecycle chaincode checkcommitreadiness --channelID mychannel --name bzt --version 1.0 --sequence 1 --output json
+ res=0
[34m2026-10-08 05:26:05.306 UTC 0001 INFO[0m [grpc] [34;1mInfof[0m -> [core] original dial target is: "localhost:9051"
[34m2026-10-08 05:26:05.306 UTC 0002 INFO[0m [grpc] [34;1mAddTraceEvent[0m -> [core] [Channel #1]Channel created
[34m2026-10-08 05:26:05.306 UTC 0003 INFO[0m [grpc] [34;1mAddTraceEvent[0m -> [core] [Channel #1]parsed dial target is: resolver.Target{URL:url.URL{Scheme:"passthrough", Opaque:"", User:(*url.Userinfo)(nil), Host:"", Path:"/localhost:9051", RawPath:"", OmitHost:false, ForceQuery:false, RawQuery:"", Fragment:"", RawFragment:""}}
[34m2026-10-08 05:26:05.306 UTC 0004 INFO[0m [grpc] [34;1mAddTraceEvent[0m -> [core] [Channel #1]Channel authority set to "localhost:9051"
[34m2026-10-08 05:26:05.306 UTC 0005 INFO[0m [grpc] [34;1mAddTraceEvent[0m -> [core] [Channel #1]Resolver state updated: {
  "Addresses": [
    {
      "Addr": "localhost:9051",
      "ServerName": "",
      "Attributes": null,
      "BalancerAttributes": null,
      "Metadata": null
    }
  ],
  "Endpoints": [
    {
      "Addresses": [
        {
          "Addr": "localhost:9051",
          "ServerName": "",
          "Attributes": null,
          "BalancerAttributes": null,
          "Metadata": null
        }
      ],
      "Attributes": null
    }
  ],
  "ServiceConfig": null,
  "Attributes": null
} (resolver returned new addresses)
[34m2026-10-08 05:26:05.306 UTC 0006 INFO[0m [grpc] [34;1mAddTraceEvent[0m -> [core] [Channel #1]Channel switches to new LB policy "pick_first"
[34m2026-10-08 05:26:05.306 UTC 0007 INFO[0m [grpc] [34;1mInfof[0m -> [pick-first-lb] [pick-first-lb 0xc00049cea0] Received new config {
  "shuffleAddressList": false
}, resolver state {
  "Addresses": [
    {
      "Addr": "localhost:9051",
      "ServerName": "",
      "Attributes": null,
      "BalancerAttributes": null,
      "Metadata": null
    }
  ],
  "Endpoints": [
    {
      "Addresses": [
        {
          "Addr": "localhost:9051",
          "ServerName": "",
          "Attributes": null,
          "BalancerAttributes": null,
          "Metadata": null
        }
      ],
      "Attributes": null
    }
  ],
  "ServiceConfig": null,
  "Attributes": null
}
[34m2026-10-08 05:26:05.306 UTC 0008 INFO[0m [grpc] [34;1mAddTraceEvent[0m -> [core] [Channel #1 SubChannel #2]Subchannel created
[34m2026-10-08 05:26:05.306 UTC 0009 INFO[0m [grpc] [34;1mAddTraceEvent[0m -> [core] [Channel #1]Channel Connectivity change to CONNECTING
[34m2026-10-08 05:26:05.306 UTC 000a INFO[0m [grpc] [34;1mAddTraceEvent[0m -> [core] [Channel #1]Channel exiting idle mode
[34m2026-10-08 05:26:05.306 UTC 000b INFO[0m [grpc] [34;1mAddTraceEvent[0m -> [core] [Channel #1 SubChannel #2]Subchannel Connectivity change to CONNECTING
[34m2026-10-08 05:26:05.306 UTC 000c INFO[0m [grpc] [34;1mAddTraceEvent[0m -> [core] [Channel #1 SubChannel #2]Subchannel picks a new address "localhost:9051" to connect
[34m2026-10-08 05:26:05.307 UTC 000d INFO[0m [grpc] [34;1mInfof[0m -> [pick-first-lb] [pick-first-lb 0xc00049cea0] Received SubConn state update: 0xc00049cf30, {ConnectivityState:CONNECTING ConnectionError:<nil> connectedAddress:{Addr: ServerName: Attributes:<nil> BalancerAttributes:<nil> Metadata:<nil>}}
[34m2026-10-08 05:26:05.308 UTC 000e INFO[0m [grpc] [34;1mAddTraceEvent[0m -> [core] [Channel #1 SubChannel #2]Subchannel Connectivity change to READY
[34m2026-10-08 05:26:05.308 UTC 000f INFO[0m [grpc] [34;1mInfof[0m -> [pick-first-lb] [pick-first-lb 0xc00049cea0] Received SubConn state update: 0xc00049cf30, {ConnectivityState:READY ConnectionError:<nil> connectedAddress:{Addr:localhost:9051 ServerName:localhost:9051 Attributes:<nil> BalancerAttributes:<nil> Metadata:<nil>}}
[34m2026-10-08 05:26:05.308 UTC 0010 INFO[0m [grpc] [34;1mAddTraceEvent[0m -> [core] [Channel #1]Channel Connectivity change to READY
[34m2026-10-08 05:26:05.309 UTC 0011 INFO[0m [grpc] [34;1mInfof[0m -> [core] original dial target is: "localhost:9051"
[34m2026-10-08 05:26:05.309 UTC 0012 INFO[0m [grpc] [34;1mAddTraceEvent[0m -> [core] [Channel #4]Channel created
[34m2026-10-08 05:26:05.309 UTC 0013 INFO[0m [grpc] [34;1mAddTraceEvent[0m -> [core] [Channel #4]parsed dial target is: resolver.Target{URL:url.URL{Scheme:"passthrough", Opaque:"", User:(*url.Userinfo)(nil), Host:"", Path:"/localhost:9051", RawPath:"", OmitHost:false, ForceQuery:false, RawQuery:"", Fragment:"", RawFragment:""}}
[34m2026-10-08 05:26:05.309 UTC 0014 INFO[0m [grpc] [34;1mAddTraceEvent[0m -> [core] [Channel #4]Channel authority set to "localhost:9051"
[34m2026-10-08 05:26:05.309 UTC 0015 INFO[0m [grpc] [34;1mAddTraceEvent[0m -> [core] [Channel #4]Resolver state updated: {
  "Addresses": [
    {
      "Addr": "localhost:9051",
      "ServerName": "",
      "Attributes": null,
      "BalancerAttributes": null,
      "Metadata": null
    }
  ],
  "Endpoints": [
    {
      "Addresses": [
        {
          "Addr": "localhost:9051",
          "ServerName": "",
          "Attributes": null,
          "BalancerAttributes": null,
          "Metadata": null
        }
      ],
      "Attributes": null
    }
  ],
  "ServiceConfig": null,
  "Attributes": null
} (resolver returned new addresses)
[34m2026-10-08 05:26:05.309 UTC 0016 INFO[0m [grpc] [34;1mAddTraceEvent[0m -> [core] [Channel #4]Channel switches to new LB policy "pick_first"
[34m2026-10-08 05:26:05.309 UTC 0017 INFO[0m [grpc] [34;1mInfof[0m -> [pick-first-lb] [pick-first-lb 0xc0003d3aa0] Received new config {
  "shuffleAddressList": false
}, resolver state {
  "Addresses": [
    {
      "Addr": "localhost:9051",
      "ServerName": "",
      "Attributes": null,
      "BalancerAttributes": null,
      "Metadata": null
    }
  ],
  "Endpoints": [
    {
      "Addresses": [
        {
          "Addr": "localhost:9051",
          "ServerName": "",
          "Attributes": null,
          "BalancerAttributes": null,
          "Metadata": null
        }
      ],
      "Attributes": null
    }
  ],
  "ServiceConfig": null,
  "Attributes": null
}
[34m2026-10-08 05:26:05.309 UTC 0018 INFO[0m [grpc] [34;1mAddTraceEvent[0m -> [core] [Channel #4 SubChannel #5]Subchannel created
[34m2026-10-08 05:26:05.309 UTC 0019 INFO[0m [grpc] [34;1mAddTraceEvent[0m -> [core] [Channel #4]Channel Connectivity change to CONNECTING
[34m2026-10-08 05:26:05.309 UTC 001a INFO[0m [grpc] [34;1mAddTraceEvent[0m -> [core] [Channel #4]Channel exiting idle mode
[34m2026-10-08 05:26:05.309 UTC 001b INFO[0m [grpc] [34;1mAddTraceEvent[0m -> [core] [Channel #4 SubChannel #5]Subchannel Connectivity change to CONNECTING
[34m2026-10-08 05:26:05.309 UTC 001c INFO[0m [grpc] [34;1mAddTraceEvent[0m -> [core] [Channel #4 SubChannel #5]Subchannel picks a new address "localhost:9051" to connect
[34m2026-10-08 05:26:05.309 UTC 001d INFO[0m [grpc] [34;1mInfof[0m -> [pick-first-lb] [pick-first-lb 0xc0003d3aa0] Received SubConn state update: 0xc0003d3b00, {ConnectivityState:CONNECTING ConnectionError:<nil> connectedAddress:{Addr: ServerName: Attributes:<nil> BalancerAttributes:<nil> Metadata:<nil>}}
[34m2026-10-08 05:26:05.310 UTC 001e INFO[0m [grpc] [34;1mAddTraceEvent[0m -> [core] [Channel #4 SubChannel #5]Subchannel Connectivity change to READY
[34m2026-10-08 05:26:05.311 UTC 001f INFO[0m [grpc] [34;1mInfof[0m -> [pick-first-lb] [pick-first-lb 0xc0003d3aa0] Received SubConn state update: 0xc0003d3b00, {ConnectivityState:READY ConnectionError:<nil> connectedAddress:{Addr:localhost:9051 ServerName:localhost:9051 Attributes:<nil> BalancerAttributes:<nil> Metadata:<nil>}}
[34m2026-10-08 05:26:05.311 UTC 0020 INFO[0m [grpc] [34;1mAddTraceEvent[0m -> [core] [Channel #4]Channel Connectivity change to READY
{
	"approvals": {
		"Org1MSP": true,
		"Org2MSP": false
	}
}
[0;34mChecking the commit readiness of the chaincode definition successful on peer0.org2 on channel 'mychannel'[0m
[0;34mUsing organization 2[0m
+ peer lifecycle chaincode approveformyorg -o localhost:7050 --ordererTLSHostnameOverride orderer.example.com --tls --cafile /home/runner/work/bzt-id-experiments/bzt-id-experiments/fabric-samples/test-network/organizations/ordererOrganizations/example.com/tlsca/tlsca.example.com-cert.pem --channelID mychannel --name bzt --version 1.0 --package-id bzt_1.0:777c383bc4d25d7dc5610f92a201167f7301ed4b2cd3593b83e643df51c39c71 --sequence 1
+ res=0
[34m2026-10-08 05:26:05.360 UTC 0001 INFO[0m [grpc] [34;1mInfof[0m -> [core] original dial target is: "localhost:9051"
[34m2026-10-08 05:26:05.360 UTC 0002 INFO[0m [grpc] [34;1mAddTraceEvent[0m -> [core] [Channel #1]Channel created
[34m2026-10-08 05:26:05.360 UTC 0003 INFO[0m [grpc] [34;1mAddTraceEvent[0m -> [core] [Channel #1]parsed dial target is: resolver.Target{URL:url.URL{Scheme:"passthrough", Opaque:"", User:(*url.Userinfo)(nil), Host:"", Path:"/localhost:9051", RawPath:"", OmitHost:false, ForceQuery:false, RawQuery:"", Fragment:"", RawFragment:""}}
[34m2026-10-08 05:26:05.361 UTC 0004 INFO[0m [grpc] [34;1mAddTraceEvent[0m -> [core] [Channel #1]Channel authority set to "localhost:9051"
[34m2026-10-08 05:26:05.361 UTC 0005 INFO[0m [grpc] [34;1mAddTraceEvent[0m -> [core] [Channel #1]Resolver state updated: {
  "Addresses": [
    {
      "Addr": "localhost:9051",
      "ServerName": "",
      "Attributes": null,
      "BalancerAttributes": null,
      "Metadata": null
    }
  ],
  "Endpoints": [
    {
      "Addresses": [
        {
          "Addr": "localhost:9051",
          "ServerName": "",
          "Attributes": null,
          "BalancerAttributes": null,
          "Metadata": null
        }
      ],
      "Attributes": null
    }
  ],
  "ServiceConfig": null,
  "Attributes": null
} (resolver returned new addresses)
[34m2026-10-08 05:26:05.361 UTC 0006 INFO[0m [grpc] [34;1mAddTraceEvent[0m -> [core] [Channel #1]Channel switches to new LB policy "pick_first"
[34m2026-10-08 05:26:05.361 UTC 0007 INFO[0m [grpc] [34;1mInfof[0m -> [pick-first-lb] [pick-first-lb 0xc00048fcb0] Received new config {
  "shuffleAddressList": false
}, resolver state {
  "Addresses": [
    {
      "Addr": "localhost:9051",
      "ServerName": "",
      "Attributes": null,
      "BalancerAttributes": null,
      "Metadata": null
    }
  ],
  "Endpoints": [
    {
      "Addresses": [
        {
          "Addr": "localhost:9051",
          "ServerName": "",
          "Attributes": null,
          "BalancerAttributes": null,
          "Metadata": null
        }
      ],
      "Attributes": null
    }
  ],
  "ServiceConfig": null,
  "Attributes": null
}
[34m2026-10-08 05:26:05.361 UTC 0008 INFO[0m [grpc] [34;1mAddTraceEvent[0m -> [core] [Channel #1 SubChannel #2]Subchannel created
[34m2026-10-08 05:26:05.361 UTC 0009 INFO[0m [grpc] [34;1mAddTraceEvent[0m -> [core] [Channel #1]Channel Connectivity change to CONNECTING
[34m2026-10-08 05:26:05.361 UTC 000a INFO[0m [grpc] [34;1mAddTraceEvent[0m -> [core] [Channel #1]Channel exiting idle mode
[34m2026-10-08 05:26:05.361 UTC 000b INFO[0m [grpc] [34;1mAddTraceEvent[0m -> [core] [Channel #1 SubChannel #2]Subchannel Connectivity change to CONNECTING
[34m2026-10-08 05:26:05.361 UTC 000c INFO[0m [grpc] [34;1mAddTraceEvent[0m -> [core] [Channel #1 SubChannel #2]Subchannel picks a new address "localhost:9051" to connect
[34m2026-10-08 05:26:05.361 UTC 000d INFO[0m [grpc] [34;1mInfof[0m -> [pick-first-lb] [pick-first-lb 0xc00048fcb0] Received SubConn state update: 0xc00048fd40, {ConnectivityState:CONNECTING ConnectionError:<nil> connectedAddress:{Addr: ServerName: Attributes:<nil> BalancerAttributes:<nil> Metadata:<nil>}}
[34m2026-10-08 05:26:05.363 UTC 000e INFO[0m [grpc] [34;1mAddTraceEvent[0m -> [core] [Channel #1 SubChannel #2]Subchannel Connectivity change to READY
[34m2026-10-08 05:26:05.363 UTC 000f INFO[0m [grpc] [34;1mInfof[0m -> [pick-first-lb] [pick-first-lb 0xc00048fcb0] Received SubConn state update: 0xc00048fd40, {ConnectivityState:READY ConnectionError:<nil> connectedAddress:{Addr:localhost:9051 ServerName:localhost:9051 Attributes:<nil> BalancerAttributes:<nil> Metadata:<nil>}}
[34m2026-10-08 05:26:05.363 UTC 0010 INFO[0m [grpc] [34;1mAddTraceEvent[0m -> [core] [Channel #1]Channel Connectivity change to READY
[34m2026-10-08 05:26:05.363 UTC 0011 INFO[0m [grpc] [34;1mInfof[0m -> [core] original dial target is: "localhost:9051"
[34m2026-10-08 05:26:05.363 UTC 0012 INFO[0m [grpc] [34;1mAddTraceEvent[0m -> [core] [Channel #4]Channel created
[34m2026-10-08 05:26:05.363 UTC 0013 INFO[0m [grpc] [34;1mAddTraceEvent[0m -> [core] [Channel #4]parsed dial target is: resolver.Target{URL:url.URL{Scheme:"passthrough", Opaque:"", User:(*url.Userinfo)(nil), Host:"", Path:"/localhost:9051", RawPath:"", OmitHost:false, ForceQuery:false, RawQuery:"", Fragment:"", RawFragment:""}}
[34m2026-10-08 05:26:05.363 UTC 0014 INFO[0m [grpc] [34;1mAddTraceEvent[0m -> [core] [Channel #4]Channel authority set to "localhost:9051"
[34m2026-10-08 05:26:05.363 UTC 0015 INFO[0m [grpc] [34;1mAddTraceEvent[0m -> [core] [Channel #4]Resolver state updated: {
  "Addresses": [
    {
      "Addr": "localhost:9051",
      "ServerName": "",
      "Attributes": null,
      "BalancerAttributes": null,
      "Metadata": null
    }
  ],
  "Endpoints": [
    {
      "Addresses": [
        {
          "Addr": "localhost:9051",
          "ServerName": "",
          "Attributes": null,
          "BalancerAttributes": null,
          "Metadata": null
        }
      ],
      "Attributes": null
    }
  ],
  "ServiceConfig": null,
  "Attributes": null
} (resolver returned new addresses)
[34m2026-10-08 05:26:05.363 UTC 0016 INFO[0m [grpc] [34;1mAddTraceEvent[0m -> [core] [Channel #4]Channel switches to new LB policy "pick_first"
[34m2026-10-08 05:26:05.363 UTC 0017 INFO[0m [grpc] [34;1mInfof[0m -> [pick-first-lb] [pick-first-lb 0xc000321860] Received new config {
  "shuffleAddressList": false
}, resolver state {
  "Addresses": [
    {
      "Addr": "localhost:9051",
      "ServerName": "",
      "Attributes": null,
      "BalancerAttributes": null,
      "Metadata": null
    }
  ],
  "Endpoints": [
    {
      "Addresses": [
        {
          "Addr": "localhost:9051",
          "ServerName": "",
          "Attributes": null,
          "BalancerAttributes": null,
          "Metadata": null
        }
      ],
      "Attributes": null
    }
  ],
  "ServiceConfig": null,
  "Attributes": null
}
[34m2026-10-08 05:26:05.363 UTC 0018 INFO[0m [grpc] [34;1mAddTraceEvent[0m -> [core] [Channel #4 SubChannel #5]Subchannel created
[34m2026-10-08 05:26:05.363 UTC 0019 INFO[0m [grpc] [34;1mAddTraceEvent[0m -> [core] [Channel #4]Channel Connectivity change to CONNECTING
[34m2026-10-08 05:26:05.363 UTC 001a INFO[0m [grpc] [34;1mAddTraceEvent[0m -> [core] [Channel #4]Channel exiting idle mode
[34m2026-10-08 05:26:05.363 UTC 001b INFO[0m [grpc] [34;1mAddTraceEvent[0m -> [core] [Channel #4 SubChannel #5]Subchannel Connectivity change to CONNECTING
[34m2026-10-08 05:26:05.363 UTC 001c INFO[0m [grpc] [34;1mAddTraceEvent[0m -> [core] [Channel #4 SubChannel #5]Subchannel picks a new address "localhost:9051" to connect
[34m2026-10-08 05:26:05.363 UTC 001d INFO[0m [grpc] [34;1mInfof[0m -> [pick-first-lb] [pick-first-lb 0xc000321860] Received SubConn state update: 0xc0003218c0, {ConnectivityState:CONNECTING ConnectionError:<nil> connectedAddress:{Addr: ServerName: Attributes:<nil> BalancerAttributes:<nil> Metadata:<nil>}}
[34m2026-10-08 05:26:05.365 UTC 001e INFO[0m [grpc] [34;1mAddTraceEvent[0m -> [core] [Channel #4 SubChannel #5]Subchannel Connectivity change to READY
[34m2026-10-08 05:26:05.365 UTC 001f INFO[0m [grpc] [34;1mInfof[0m -> [pick-first-lb] [pick-first-lb 0xc000321860] Received SubConn state update: 0xc0003218c0, {ConnectivityState:READY ConnectionError:<nil> connectedAddress:{Addr:localhost:9051 ServerName:localhost:9051 Attributes:<nil> BalancerAttributes:<nil> Metadata:<nil>}}
[34m2026-10-08 05:26:05.365 UTC 0020 INFO[0m [grpc] [34;1mAddTraceEvent[0m -> [core] [Channel #4]Channel Connectivity change to READY
[33m2026-10-08 05:26:05.365 UTC 0021 WARN[0m [grpc] [33;1mWarningf[0m -> [core] Adjusting keepalive ping interval to minimum period of 10s
[34m2026-10-08 05:26:05.365 UTC 0022 INFO[0m [grpc] [34;1mInfof[0m -> [core] original dial target is: "localhost:7050"
[34m2026-10-08 05:26:05.365 UTC 0023 INFO[0m [grpc] [34;1mAddTraceEvent[0m -> [core] [Channel #7]Channel created
[34m2026-10-08 05:26:05.365 UTC 0024 INFO[0m [grpc] [34;1mAddTraceEvent[0m -> [core] [Channel #7]parsed dial target is: resolver.Target{URL:url.URL{Scheme:"passthrough", Opaque:"", User:(*url.Userinfo)(nil), Host:"", Path:"/localhost:7050", RawPath:"", OmitHost:false, ForceQuery:false, RawQuery:"", Fragment:"", RawFragment:""}}
[34m2026-10-08 05:26:05.365 UTC 0025 INFO[0m [grpc] [34;1mAddTraceEvent[0m -> [core] [Channel #7]Channel authority set to "orderer.example.com"
[34m2026-10-08 05:26:05.365 UTC 0026 INFO[0m [grpc] [34;1mAddTraceEvent[0m -> [core] [Channel #7]Resolver state updated: {
  "Addresses": [
    {
      "Addr": "localhost:7050",
      "ServerName": "",
      "Attributes": null,
      "BalancerAttributes": null,
      "Metadata": null
    }
  ],
  "Endpoints": [
    {
      "Addresses": [
        {
          "Addr": "localhost:7050",
          "ServerName": "",
          "Attributes": null,
          "BalancerAttributes": null,
          "Metadata": null
        }
      ],
      "Attributes": null
    }
  ],
  "ServiceConfig": null,
  "Attributes": null
} (resolver returned new addresses)
[34m2026-10-08 05:26:05.365 UTC 0027 INFO[0m [grpc] [34;1mAddTraceEvent[0m -> [core] [Channel #7]Channel switches to new LB policy "pick_first"
[34m2026-10-08 05:26:05.365 UTC 0028 INFO[0m [grpc] [34;1mInfof[0m -> [pick-first-lb] [pick-first-lb 0xc0004fe3f0] Received new config {
  "shuffleAddressList": false
}, resolver state {
  "Addresses": [
    {
      "Addr": "localhost:7050",
      "ServerName": "",
      "Attributes": null,
      "BalancerAttributes": null,
      "Metadata": null
    }
  ],
  "Endpoints": [
    {
      "Addresses": [
        {
          "Addr": "localhost:7050",
          "ServerName": "",
          "Attributes": null,
          "BalancerAttributes": null,
          "Metadata": null
        }
      ],
      "Attributes": null
    }
  ],
  "ServiceConfig": null,
  "Attributes": null
}
[34m2026-10-08 05:26:05.365 UTC 0029 INFO[0m [grpc] [34;1mAddTraceEvent[0m -> [core] [Channel #7 SubChannel #8]Subchannel created
[34m2026-10-08 05:26:05.365 UTC 002a INFO[0m [grpc] [34;1mAddTraceEvent[0m -> [core] [Channel #7]Channel Connectivity change to CONNECTING
[34m2026-10-08 05:26:05.365 UTC 002b INFO[0m [grpc] [34;1mAddTraceEvent[0m -> [core] [Channel #7]Channel exiting idle mode
[34m2026-10-08 05:26:05.365 UTC 002c INFO[0m [grpc] [34;1mAddTraceEvent[0m -> [core] [Channel #7 SubChannel #8]Subchannel Connectivity change to CONNECTING
[34m2026-10-08 05:26:05.365 UTC 002d INFO[0m [grpc] [34;1mAddTraceEvent[0m -> [core] [Channel #7 SubChannel #8]Subchannel picks a new address "localhost:7050" to connect
[34m2026-10-08 05:26:05.366 UTC 002e INFO[0m [grpc] [34;1mInfof[0m -> [pick-first-lb] [pick-first-lb 0xc0004fe3f0] Received SubConn state update: 0xc0004fe450, {ConnectivityState:CONNECTING ConnectionError:<nil> connectedAddress:{Addr: ServerName: Attributes:<nil> BalancerAttributes:<nil> Metadata:<nil>}}
[34m2026-10-08 05:26:05.368 UTC 002f INFO[0m [grpc] [34;1mAddTraceEvent[0m -> [core] [Channel #7 SubChannel #8]Subchannel Connectivity change to READY
[34m2026-10-08 05:26:05.368 UTC 0030 INFO[0m [grpc] [34;1mInfof[0m -> [pick-first-lb] [pick-first-lb 0xc0004fe3f0] Received SubConn state update: 0xc0004fe450, {ConnectivityState:READY ConnectionError:<nil> connectedAddress:{Addr:localhost:7050 ServerName:orderer.example.com Attributes:<nil> BalancerAttributes:<nil> Metadata:<nil>}}
[34m2026-10-08 05:26:05.368 UTC 0031 INFO[0m [grpc] [34;1mAddTraceEvent[0m -> [core] [Channel #7]Channel Connectivity change to READY
[34m2026-10-08 05:26:07.385 UTC 0032 INFO[0m [chaincodeCmd] [34;1mClientWait[0m -> txid [36cac8f7f2b6cc6a5fb07992d05142a25f8e91a97e7351c8298093792541255f] committed with status (VALID) at localhost:9051
[0;32mChaincode definition approved on peer0.org2 on channel 'mychannel'[0m
[0;34mUsing organization 1[0m
[0;34mChecking the commit readiness of the chaincode definition on peer0.org1 on channel 'mychannel'...[0m
[0;34mAttempting to check the commit readiness of the chaincode definition on peer0.org1, Retry after 3 seconds.[0m
+ peer lifecycle chaincode checkcommitreadiness --channelID mychannel --name bzt --version 1.0 --sequence 1 --output json
+ res=0
[34m2026-10-08 05:26:10.431 UTC 0001 INFO[0m [grpc] [34;1mInfof[0m -> [core] original dial target is: "localhost:7051"
[34m2026-10-08 05:26:10.431 UTC 0002 INFO[0m [grpc] [34;1mAddTraceEvent[0m -> [core] [Channel #1]Channel created
[34m2026-10-08 05:26:10.431 UTC 0003 INFO[0m [grpc] [34;1mAddTraceEvent[0m -> [core] [Channel #1]parsed dial target is: resolver.Target{URL:url.URL{Scheme:"passthrough", Opaque:"", User:(*url.Userinfo)(nil), Host:"", Path:"/localhost:7051", RawPath:"", OmitHost:false, ForceQuery:false, RawQuery:"", Fragment:"", RawFragment:""}}
[34m2026-10-08 05:26:10.431 UTC 0004 INFO[0m [grpc] [34;1mAddTraceEvent[0m -> [core] [Channel #1]Channel authority set to "localhost:7051"
[34m2026-10-08 05:26:10.432 UTC 0005 INFO[0m [grpc] [34;1mAddTraceEvent[0m -> [core] [Channel #1]Resolver state updated: {
  "Addresses": [
    {
      "Addr": "localhost:7051",
      "ServerName": "",
      "Attributes": null,
      "BalancerAttributes": null,
      "Metadata": null
    }
  ],
  "Endpoints": [
    {
      "Addresses": [
        {
          "Addr": "localhost:7051",
          "ServerName": "",
          "Attributes": null,
          "BalancerAttributes": null,
          "Metadata": null
        }
      ],
      "Attributes": null
    }
  ],
  "ServiceConfig": null,
  "Attributes": null
} (resolver returned new addresses)
[34m2026-10-08 05:26:10.432 UTC 0006 INFO[0m [grpc] [34;1mAddTraceEvent[0m -> [core] [Channel #1]Channel switches to new LB policy "pick_first"
[34m2026-10-08 05:26:10.432 UTC 0007 INFO[0m [grpc] [34;1mInfof[0m -> [pick-first-lb] [pick-first-lb 0xc0004f8690] Received new config {
  "shuffleAddressList": false
}, resolver state {
  "Addresses": [
    {
      "Addr": "localhost:7051",
      "ServerName": "",
      "Attributes": null,
      "BalancerAttributes": null,
      "Metadata": null
    }
  ],
  "Endpoints": [
    {
      "Addresses": [
        {
          "Addr": "localhost:7051",
          "ServerName": "",
          "Attributes": null,
          "BalancerAttributes": null,
          "Metadata": null
        }
      ],
      "Attributes": null
    }
  ],
  "ServiceConfig": null,
  "Attributes": null
}
[34m2026-10-08 05:26:10.432 UTC 0008 INFO[0m [grpc] [34;1mAddTraceEvent[0m -> [core] [Channel #1 SubChannel #2]Subchannel created
[34m2026-10-08 05:26:10.432 UTC 0009 INFO[0m [grpc] [34;1mAddTraceEvent[0m -> [core] [Channel #1]Channel Connectivity change to CONNECTING
[34m2026-10-08 05:26:10.432 UTC 000a INFO[0m [grpc] [34;1mAddTraceEvent[0m -> [core] [Channel #1]Channel exiting idle mode
[34m2026-10-08 05:26:10.432 UTC 000b INFO[0m [grpc] [34;1mAddTraceEvent[0m -> [core] [Channel #1 SubChannel #2]Subchannel Connectivity change to CONNECTING
[34m2026-10-08 05:26:10.432 UTC 000c INFO[0m [grpc] [34;1mAddTraceEvent[0m -> [core] [Channel #1 SubChannel #2]Subchannel picks a new address "localhost:7051" to connect
[34m2026-10-08 05:26:10.432 UTC 000d INFO[0m [grpc] [34;1mInfof[0m -> [pick-first-lb] [pick-first-lb 0xc0004f8690] Received SubConn state update: 0xc0004f8720, {ConnectivityState:CONNECTING ConnectionError:<nil> connectedAddress:{Addr: ServerName: Attributes:<nil> BalancerAttributes:<nil> Metadata:<nil>}}
[34m2026-10-08 05:26:10.434 UTC 000e INFO[0m [grpc] [34;1mAddTraceEvent[0m -> [core] [Channel #1 SubChannel #2]Subchannel Connectivity change to READY
[34m2026-10-08 05:26:10.434 UTC 000f INFO[0m [grpc] [34;1mInfof[0m -> [pick-first-lb] [pick-first-lb 0xc0004f8690] Received SubConn state update: 0xc0004f8720, {ConnectivityState:READY ConnectionError:<nil> connectedAddress:{Addr:localhost:7051 ServerName:localhost:7051 Attributes:<nil> BalancerAttributes:<nil> Metadata:<nil>}}
[34m2026-10-08 05:26:10.434 UTC 0010 INFO[0m [grpc] [34;1mAddTraceEvent[0m -> [core] [Channel #1]Channel Connectivity change to READY
[34m2026-10-08 05:26:10.434 UTC 0011 INFO[0m [grpc] [34;1mInfof[0m -> [core] original dial target is: "localhost:7051"
[34m2026-10-08 05:26:10.434 UTC 0012 INFO[0m [grpc] [34;1mAddTraceEvent[0m -> [core] [Channel #4]Channel created
[34m2026-10-08 05:26:10.434 UTC 0013 INFO[0m [grpc] [34;1mAddTraceEvent[0m -> [core] [Channel #4]parsed dial target is: resolver.Target{URL:url.URL{Scheme:"passthrough", Opaque:"", User:(*url.Userinfo)(nil), Host:"", Path:"/localhost:7051", RawPath:"", OmitHost:false, ForceQuery:false, RawQuery:"", Fragment:"", RawFragment:""}}
[34m2026-10-08 05:26:10.434 UTC 0014 INFO[0m [grpc] [34;1mAddTraceEvent[0m -> [core] [Channel #4]Channel authority set to "localhost:7051"
[34m2026-10-08 05:26:10.434 UTC 0015 INFO[0m [grpc] [34;1mAddTraceEvent[0m -> [core] [Channel #4]Resolver state updated: {
  "Addresses": [
    {
      "Addr": "localhost:7051",
      "ServerName": "",
      "Attributes": null,
      "BalancerAttributes": null,
      "Metadata": null
    }
  ],
  "Endpoints": [
    {
      "Addresses": [
        {
          "Addr": "localhost:7051",
          "ServerName": "",
          "Attributes": null,
          "BalancerAttributes": null,
          "Metadata": null
        }
      ],
      "Attributes": null
    }
  ],
  "ServiceConfig": null,
  "Attributes": null
} (resolver returned new addresses)
[34m2026-10-08 05:26:10.434 UTC 0016 INFO[0m [grpc] [34;1mAddTraceEvent[0m -> [core] [Channel #4]Channel switches to new LB policy "pick_first"
[34m2026-10-08 05:26:10.435 UTC 0017 INFO[0m [grpc] [34;1mInfof[0m -> [pick-first-lb] [pick-first-lb 0xc0004f8f90] Received new config {
  "shuffleAddressList": false
}, resolver state {
  "Addresses": [
    {
      "Addr": "localhost:7051",
      "ServerName": "",
      "Attributes": null,
      "BalancerAttributes": null,
      "Metadata": null
    }
  ],
  "Endpoints": [
    {
      "Addresses": [
        {
          "Addr": "localhost:7051",
          "ServerName": "",
          "Attributes": null,
          "BalancerAttributes": null,
          "Metadata": null
        }
      ],
      "Attributes": null
    }
  ],
  "ServiceConfig": null,
  "Attributes": null
}
[34m2026-10-08 05:26:10.435 UTC 0018 INFO[0m [grpc] [34;1mAddTraceEvent[0m -> [core] [Channel #4 SubChannel #5]Subchannel created
[34m2026-10-08 05:26:10.435 UTC 0019 INFO[0m [grpc] [34;1mAddTraceEvent[0m -> [core] [Channel #4]Channel Connectivity change to CONNECTING
[34m2026-10-08 05:26:10.435 UTC 001a INFO[0m [grpc] [34;1mAddTraceEvent[0m -> [core] [Channel #4]Channel exiting idle mode
[34m2026-10-08 05:26:10.435 UTC 001b INFO[0m [grpc] [34;1mAddTraceEvent[0m -> [core] [Channel #4 SubChannel #5]Subchannel Connectivity change to CONNECTING
[34m2026-10-08 05:26:10.435 UTC 001c INFO[0m [grpc] [34;1mAddTraceEvent[0m -> [core] [Channel #4 SubChannel #5]Subchannel picks a new address "localhost:7051" to connect
[34m2026-10-08 05:26:10.435 UTC 001d INFO[0m [grpc] [34;1mInfof[0m -> [pick-first-lb] [pick-first-lb 0xc0004f8f90] Received SubConn state update: 0xc0004f8ff0, {ConnectivityState:CONNECTING ConnectionError:<nil> connectedAddress:{Addr: ServerName: Attributes:<nil> BalancerAttributes:<nil> Metadata:<nil>}}
[34m2026-10-08 05:26:10.437 UTC 001e INFO[0m [grpc] [34;1mAddTraceEvent[0m -> [core] [Channel #4 SubChannel #5]Subchannel Connectivity change to READY
[34m2026-10-08 05:26:10.437 UTC 001f INFO[0m [grpc] [34;1mInfof[0m -> [pick-first-lb] [pick-first-lb 0xc0004f8f90] Received SubConn state update: 0xc0004f8ff0, {ConnectivityState:READY ConnectionError:<nil> connectedAddress:{Addr:localhost:7051 ServerName:localhost:7051 Attributes:<nil> BalancerAttributes:<nil> Metadata:<nil>}}
[34m2026-10-08 05:26:10.437 UTC 0020 INFO[0m [grpc] [34;1mAddTraceEvent[0m -> [core] [Channel #4]Channel Connectivity change to READY
{
	"approvals": {
		"Org1MSP": true,
		"Org2MSP": true
	}
}
[0;34mChecking the commit readiness of the chaincode definition successful on peer0.org1 on channel 'mychannel'[0m
[0;34mUsing organization 2[0m
[0;34mChecking the commit readiness of the chaincode definition on peer0.org2 on channel 'mychannel'...[0m
[0;34mAttempting to check the commit readiness of the chaincode definition on peer0.org2, Retry after 3 seconds.[0m
+ peer lifecycle chaincode checkcommitreadiness --channelID mychannel --name bzt --version 1.0 --sequence 1 --output json
+ res=0
[34m2026-10-08 05:26:13.487 UTC 0001 INFO[0m [grpc] [34;1mInfof[0m -> [core] original dial target is: "localhost:9051"
[34m2026-10-08 05:26:13.487 UTC 0002 INFO[0m [grpc] [34;1mAddTraceEvent[0m -> [core] [Channel #1]Channel created
[34m2026-10-08 05:26:13.487 UTC 0003 INFO[0m [grpc] [34;1mAddTraceEvent[0m -> [core] [Channel #1]parsed dial target is: resolver.Target{URL:url.URL{Scheme:"passthrough", Opaque:"", User:(*url.Userinfo)(nil), Host:"", Path:"/localhost:9051", RawPath:"", OmitHost:false, ForceQuery:false, RawQuery:"", Fragment:"", RawFragment:""}}
[34m2026-10-08 05:26:13.487 UTC 0004 INFO[0m [grpc] [34;1mAddTraceEvent[0m -> [core] [Channel #1]Channel authority set to "localhost:9051"
[34m2026-10-08 05:26:13.488 UTC 0005 INFO[0m [grpc] [34;1mAddTraceEvent[0m -> [core] [Channel #1]Resolver state updated: {
  "Addresses": [
    {
      "Addr": "localhost:9051",
      "ServerName": "",
      "Attributes": null,
      "BalancerAttributes": null,
      "Metadata": null
    }
  ],
  "Endpoints": [
    {
      "Addresses": [
        {
          "Addr": "localhost:9051",
          "ServerName": "",
          "Attributes": null,
          "BalancerAttributes": null,
          "Metadata": null
        }
      ],
      "Attributes": null
    }
  ],
  "ServiceConfig": null,
  "Attributes": null
} (resolver returned new addresses)
[34m2026-10-08 05:26:13.488 UTC 0006 INFO[0m [grpc] [34;1mAddTraceEvent[0m -> [core] [Channel #1]Channel switches to new LB policy "pick_first"
[34m2026-10-08 05:26:13.488 UTC 0007 INFO[0m [grpc] [34;1mInfof[0m -> [pick-first-lb] [pick-first-lb 0xc00001f110] Received new config {
  "shuffleAddressList": false
}, resolver state {
  "Addresses": [
    {
      "Addr": "localhost:9051",
      "ServerName": "",
      "Attributes": null,
      "BalancerAttributes": null,
      "Metadata": null
    }
  ],
  "Endpoints": [
    {
      "Addresses": [
        {
          "Addr": "localhost:9051",
          "ServerName": "",
          "Attributes": null,
          "BalancerAttributes": null,
          "Metadata": null
        }
      ],
      "Attributes": null
    }
  ],
  "ServiceConfig": null,
  "Attributes": null
}
[34m2026-10-08 05:26:13.488 UTC 0008 INFO[0m [grpc] [34;1mAddTraceEvent[0m -> [core] [Channel #1 SubChannel #2]Subchannel created
[34m2026-10-08 05:26:13.488 UTC 0009 INFO[0m [grpc] [34;1mAddTraceEvent[0m -> [core] [Channel #1]Channel Connectivity change to CONNECTING
[34m2026-10-08 05:26:13.488 UTC 000a INFO[0m [grpc] [34;1mAddTraceEvent[0m -> [core] [Channel #1]Channel exiting idle mode
[34m2026-10-08 05:26:13.488 UTC 000b INFO[0m [grpc] [34;1mAddTraceEvent[0m -> [core] [Channel #1 SubChannel #2]Subchannel Connectivity change to CONNECTING
[34m2026-10-08 05:26:13.488 UTC 000c INFO[0m [grpc] [34;1mAddTraceEvent[0m -> [core] [Channel #1 SubChannel #2]Subchannel picks a new address "localhost:9051" to connect
[34m2026-10-08 05:26:13.488 UTC 000d INFO[0m [grpc] [34;1mInfof[0m -> [pick-first-lb] [pick-first-lb 0xc00001f110] Received SubConn state update: 0xc00001f1a0, {ConnectivityState:CONNECTING ConnectionError:<nil> connectedAddress:{Addr: ServerName: Attributes:<nil> BalancerAttributes:<nil> Metadata:<nil>}}
[34m2026-10-08 05:26:13.490 UTC 000e INFO[0m [grpc] [34;1mAddTraceEvent[0m -> [core] [Channel #1 SubChannel #2]Subchannel Connectivity change to READY
[34m2026-10-08 05:26:13.490 UTC 000f INFO[0m [grpc] [34;1mInfof[0m -> [pick-first-lb] [pick-first-lb 0xc00001f110] Received SubConn state update: 0xc00001f1a0, {ConnectivityState:READY ConnectionError:<nil> connectedAddress:{Addr:localhost:9051 ServerName:localhost:9051 Attributes:<nil> BalancerAttributes:<nil> Metadata:<nil>}}
[34m2026-10-08 05:26:13.490 UTC 0010 INFO[0m [grpc] [34;1mAddTraceEvent[0m -> [core] [Channel #1]Channel Connectivity change to READY
[34m2026-10-08 05:26:13.490 UTC 0011 INFO[0m [grpc] [34;1mInfof[0m -> [core] original dial target is: "localhost:9051"
[34m2026-10-08 05:26:13.490 UTC 0012 INFO[0m [grpc] [34;1mAddTraceEvent[0m -> [core] [Channel #4]Channel created
[34m2026-10-08 05:26:13.490 UTC 0013 INFO[0m [grpc] [34;1mAddTraceEvent[0m -> [core] [Channel #4]parsed dial target is: resolver.Target{URL:url.URL{Scheme:"passthrough", Opaque:"", User:(*url.Userinfo)(nil), Host:"", Path:"/localhost:9051", RawPath:"", OmitHost:false, ForceQuery:false, RawQuery:"", Fragment:"", RawFragment:""}}
[34m2026-10-08 05:26:13.490 UTC 0014 INFO[0m [grpc] [34;1mAddTraceEvent[0m -> [core] [Channel #4]Channel authority set to "localhost:9051"
[34m2026-10-08 05:26:13.490 UTC 0015 INFO[0m [grpc] [34;1mAddTraceEvent[0m -> [core] [Channel #4]Resolver state updated: {
  "Addresses": [
    {
      "Addr": "localhost:9051",
      "ServerName": "",
      "Attributes": null,
      "BalancerAttributes": null,
      "Metadata": null
    }
  ],
  "Endpoints": [
    {
      "Addresses": [
        {
          "Addr": "localhost:9051",
          "ServerName": "",
          "Attributes": null,
          "BalancerAttributes": null,
          "Metadata": null
        }
      ],
      "Attributes": null
    }
  ],
  "ServiceConfig": null,
  "Attributes": null
} (resolver returned new addresses)
[34m2026-10-08 05:26:13.490 UTC 0016 INFO[0m [grpc] [34;1mAddTraceEvent[0m -> [core] [Channel #4]Channel switches to new LB policy "pick_first"
[34m2026-10-08 05:26:13.490 UTC 0017 INFO[0m [grpc] [34;1mInfof[0m -> [pick-first-lb] [pick-first-lb 0xc00001fa40] Received new config {
  "shuffleAddressList": false
}, resolver state {
  "Addresses": [
    {
      "Addr": "localhost:9051",
      "ServerName": "",
      "Attributes": null,
      "BalancerAttributes": null,
      "Metadata": null
    }
  ],
  "Endpoints": [
    {
      "Addresses": [
        {
          "Addr": "localhost:9051",
          "ServerName": "",
          "Attributes": null,
          "BalancerAttributes": null,
          "Metadata": null
        }
      ],
      "Attributes": null
    }
  ],
  "ServiceConfig": null,
  "Attributes": null
}
[34m2026-10-08 05:26:13.490 UTC 0018 INFO[0m [grpc] [34;1mAddTraceEvent[0m -> [core] [Channel #4 SubChannel #5]Subchannel created
[34m2026-10-08 05:26:13.490 UTC 0019 INFO[0m [grpc] [34;1mAddTraceEvent[0m -> [core] [Channel #4]Channel Connectivity change to CONNECTING
[34m2026-10-08 05:26:13.490 UTC 001a INFO[0m [grpc] [34;1mAddTraceEvent[0m -> [core] [Channel #4]Channel exiting idle mode
[34m2026-10-08 05:26:13.490 UTC 001b INFO[0m [grpc] [34;1mAddTraceEvent[0m -> [core] [Channel #4 SubChannel #5]Subchannel Connectivity change to CONNECTING
[34m2026-10-08 05:26:13.490 UTC 001c INFO[0m [grpc] [34;1mAddTraceEvent[0m -> [core] [Channel #4 SubChannel #5]Subchannel picks a new address "localhost:9051" to connect
[34m2026-10-08 05:26:13.490 UTC 001d INFO[0m [grpc] [34;1mInfof[0m -> [pick-first-lb] [pick-first-lb 0xc00001fa40] Received SubConn state update: 0xc00001faa0, {ConnectivityState:CONNECTING ConnectionError:<nil> connectedAddress:{Addr: ServerName: Attributes:<nil> BalancerAttributes:<nil> Metadata:<nil>}}
[34m2026-10-08 05:26:13.492 UTC 001e INFO[0m [grpc] [34;1mAddTraceEvent[0m -> [core] [Channel #4 SubChannel #5]Subchannel Connectivity change to READY
[34m2026-10-08 05:26:13.492 UTC 001f INFO[0m [grpc] [34;1mInfof[0m -> [pick-first-lb] [pick-first-lb 0xc00001fa40] Received SubConn state update: 0xc00001faa0, {ConnectivityState:READY ConnectionError:<nil> connectedAddress:{Addr:localhost:9051 ServerName:localhost:9051 Attributes:<nil> BalancerAttributes:<nil> Metadata:<nil>}}
[34m2026-10-08 05:26:13.492 UTC 0020 INFO[0m [grpc] [34;1mAddTraceEvent[0m -> [core] [Channel #4]Channel Connectivity change to READY
{
	"approvals": {
		"Org1MSP": true,
		"Org2MSP": true
	}
}
[0;34mChecking the commit readiness of the chaincode definition successful on peer0.org2 on channel 'mychannel'[0m
[0;34mUsing organization 1[0m
[0;34mUsing organization 2[0m
+ peer lifecycle chaincode commit -o localhost:7050 --ordererTLSHostnameOverride orderer.example.com --tls --cafile /home/runner/work/bzt-id-experiments/bzt-id-experiments/fabric-samples/test-network/organizations/ordererOrganizations/example.com/tlsca/tlsca.example.com-cert.pem --channelID mychannel --name bzt --peerAddresses localhost:7051 --tlsRootCertFiles /home/runner/work/bzt-id-experiments/bzt-id-experiments/fabric-samples/test-network/organizations/peerOrganizations/org1.example.com/tlsca/tlsca.org1.example.com-cert.pem --peerAddresses localhost:9051 --tlsRootCertFiles /home/runner/work/bzt-id-experiments/bzt-id-experiments/fabric-samples/test-network/organizations/peerOrganizations/org2.example.com/tlsca/tlsca.org2.example.com-cert.pem --version 1.0 --sequence 1
+ res=0
[34m2026-10-08 05:26:13.542 UTC 0001 INFO[0m [grpc] [34;1mInfof[0m -> [core] original dial target is: "localhost:7051"
[34m2026-10-08 05:26:13.543 UTC 0002 INFO[0m [grpc] [34;1mAddTraceEvent[0m -> [core] [Channel #1]Channel created
[34m2026-10-08 05:26:13.543 UTC 0003 INFO[0m [grpc] [34;1mAddTraceEvent[0m -> [core] [Channel #1]parsed dial target is: resolver.Target{URL:url.URL{Scheme:"passthrough", Opaque:"", User:(*url.Userinfo)(nil), Host:"", Path:"/localhost:7051", RawPath:"", OmitHost:false, ForceQuery:false, RawQuery:"", Fragment:"", RawFragment:""}}
[34m2026-10-08 05:26:13.543 UTC 0004 INFO[0m [grpc] [34;1mAddTraceEvent[0m -> [core] [Channel #1]Channel authority set to "localhost:7051"
[34m2026-10-08 05:26:13.543 UTC 0005 INFO[0m [grpc] [34;1mAddTraceEvent[0m -> [core] [Channel #1]Resolver state updated: {
  "Addresses": [
    {
      "Addr": "localhost:7051",
      "ServerName": "",
      "Attributes": null,
      "BalancerAttributes": null,
      "Metadata": null
    }
  ],
  "Endpoints": [
    {
      "Addresses": [
        {
          "Addr": "localhost:7051",
          "ServerName": "",
          "Attributes": null,
          "BalancerAttributes": null,
          "Metadata": null
        }
      ],
      "Attributes": null
    }
  ],
  "ServiceConfig": null,
  "Attributes": null
} (resolver returned new addresses)
[34m2026-10-08 05:26:13.543 UTC 0006 INFO[0m [grpc] [34;1mAddTraceEvent[0m -> [core] [Channel #1]Channel switches to new LB policy "pick_first"
[34m2026-10-08 05:26:13.543 UTC 0007 INFO[0m [grpc] [34;1mInfof[0m -> [pick-first-lb] [pick-first-lb 0xc0003c5f50] Received new config {
  "shuffleAddressList": false
}, resolver state {
  "Addresses": [
    {
      "Addr": "localhost:7051",
      "ServerName": "",
      "Attributes": null,
      "BalancerAttributes": null,
      "Metadata": null
    }
  ],
  "Endpoints": [
    {
      "Addresses": [
        {
          "Addr": "localhost:7051",
          "ServerName": "",
          "Attributes": null,
          "BalancerAttributes": null,
          "Metadata": null
        }
      ],
      "Attributes": null
    }
  ],
  "ServiceConfig": null,
  "Attributes": null
}
[34m2026-10-08 05:26:13.543 UTC 0008 INFO[0m [grpc] [34;1mAddTraceEvent[0m -> [core] [Channel #1 SubChannel #2]Subchannel created
[34m2026-10-08 05:26:13.543 UTC 0009 INFO[0m [grpc] [34;1mAddTraceEvent[0m -> [core] [Channel #1]Channel Connectivity change to CONNECTING
[34m2026-10-08 05:26:13.543 UTC 000a INFO[0m [grpc] [34;1mAddTraceEvent[0m -> [core] [Channel #1]Channel exiting idle mode
[34m2026-10-08 05:26:13.543 UTC 000b INFO[0m [grpc] [34;1mAddTraceEvent[0m -> [core] [Channel #1 SubChannel #2]Subchannel Connectivity change to CONNECTING
[34m2026-10-08 05:26:13.543 UTC 000c INFO[0m [grpc] [34;1mAddTraceEvent[0m -> [core] [Channel #1 SubChannel #2]Subchannel picks a new address "localhost:7051" to connect
[34m2026-10-08 05:26:13.543 UTC 000d INFO[0m [grpc] [34;1mInfof[0m -> [pick-first-lb] [pick-first-lb 0xc0003c5f50] Received SubConn state update: 0xc000408060, {ConnectivityState:CONNECTING ConnectionError:<nil> connectedAddress:{Addr: ServerName: Attributes:<nil> BalancerAttributes:<nil> Metadata:<nil>}}
[34m2026-10-08 05:26:13.545 UTC 000e INFO[0m [grpc] [34;1mAddTraceEvent[0m -> [core] [Channel #1 SubChannel #2]Subchannel Connectivity change to READY
[34m2026-10-08 05:26:13.545 UTC 000f INFO[0m [grpc] [34;1mInfof[0m -> [pick-first-lb] [pick-first-lb 0xc0003c5f50] Received SubConn state update: 0xc000408060, {ConnectivityState:READY ConnectionError:<nil> connectedAddress:{Addr:localhost:7051 ServerName:localhost:7051 Attributes:<nil> BalancerAttributes:<nil> Metadata:<nil>}}
[34m2026-10-08 05:26:13.545 UTC 0010 INFO[0m [grpc] [34;1mAddTraceEvent[0m -> [core] [Channel #1]Channel Connectivity change to READY
[34m2026-10-08 05:26:13.546 UTC 0011 INFO[0m [grpc] [34;1mInfof[0m -> [core] original dial target is: "localhost:7051"
[34m2026-10-08 05:26:13.546 UTC 0012 INFO[0m [grpc] [34;1mAddTraceEvent[0m -> [core] [Channel #4]Channel created
[34m2026-10-08 05:26:13.546 UTC 0013 INFO[0m [grpc] [34;1mAddTraceEvent[0m -> [core] [Channel #4]parsed dial target is: resolver.Target{URL:url.URL{Scheme:"passthrough", Opaque:"", User:(*url.Userinfo)(nil), Host:"", Path:"/localhost:7051", RawPath:"", OmitHost:false, ForceQuery:false, RawQuery:"", Fragment:"", RawFragment:""}}
[34m2026-10-08 05:26:13.546 UTC 0014 INFO[0m [grpc] [34;1mAddTraceEvent[0m -> [core] [Channel #4]Channel authority set to "localhost:7051"
[34m2026-10-08 05:26:13.546 UTC 0015 INFO[0m [grpc] [34;1mAddTraceEvent[0m -> [core] [Channel #4]Resolver state updated: {
  "Addresses": [
    {
      "Addr": "localhost:7051",
      "ServerName": "",
      "Attributes": null,
      "BalancerAttributes": null,
      "Metadata": null
    }
  ],
  "Endpoints": [
    {
      "Addresses": [
        {
          "Addr": "localhost:7051",
          "ServerName": "",
          "Attributes": null,
          "BalancerAttributes": null,
          "Metadata": null
        }
      ],
      "Attributes": null
    }
  ],
  "ServiceConfig": null,
  "Attributes": null
} (resolver returned new addresses)
[34m2026-10-08 05:26:13.546 UTC 0016 INFO[0m [grpc] [34;1mAddTraceEvent[0m -> [core] [Channel #4]Channel switches to new LB policy "pick_first"
[34m2026-10-08 05:26:13.546 UTC 0017 INFO[0m [grpc] [34;1mInfof[0m -> [pick-first-lb] [pick-first-lb 0xc0004082a0] Received new config {
  "shuffleAddressList": false
}, resolver state {
  "Addresses": [
    {
      "Addr": "localhost:7051",
      "ServerName": "",
      "Attributes": null,
      "BalancerAttributes": null,
      "Metadata": null
    }
  ],
  "Endpoints": [
    {
      "Addresses": [
        {
          "Addr": "localhost:7051",
          "ServerName": "",
          "Attributes": null,
          "BalancerAttributes": null,
          "Metadata": null
        }
      ],
      "Attributes": null
    }
  ],
  "ServiceConfig": null,
  "Attributes": null
}
[34m2026-10-08 05:26:13.546 UTC 0018 INFO[0m [grpc] [34;1mAddTraceEvent[0m -> [core] [Channel #4 SubChannel #5]Subchannel created
[34m2026-10-08 05:26:13.546 UTC 0019 INFO[0m [grpc] [34;1mAddTraceEvent[0m -> [core] [Channel #4]Channel Connectivity change to CONNECTING
[34m2026-10-08 05:26:13.546 UTC 001a INFO[0m [grpc] [34;1mAddTraceEvent[0m -> [core] [Channel #4]Channel exiting idle mode
[34m2026-10-08 05:26:13.546 UTC 001b INFO[0m [grpc] [34;1mAddTraceEvent[0m -> [core] [Channel #4 SubChannel #5]Subchannel Connectivity change to CONNECTING
[34m2026-10-08 05:26:13.546 UTC 001c INFO[0m [grpc] [34;1mAddTraceEvent[0m -> [core] [Channel #4 SubChannel #5]Subchannel picks a new address "localhost:7051" to connect
[34m2026-10-08 05:26:13.546 UTC 001d INFO[0m [grpc] [34;1mInfof[0m -> [pick-first-lb] [pick-first-lb 0xc0004082a0] Received SubConn state update: 0xc000408300, {ConnectivityState:CONNECTING ConnectionError:<nil> connectedAddress:{Addr: ServerName: Attributes:<nil> BalancerAttributes:<nil> Metadata:<nil>}}
[34m2026-10-08 05:26:13.548 UTC 001e INFO[0m [grpc] [34;1mAddTraceEvent[0m -> [core] [Channel #4 SubChannel #5]Subchannel Connectivity change to READY
[34m2026-10-08 05:26:13.548 UTC 001f INFO[0m [grpc] [34;1mInfof[0m -> [pick-first-lb] [pick-first-lb 0xc0004082a0] Received SubConn state update: 0xc000408300, {ConnectivityState:READY ConnectionError:<nil> connectedAddress:{Addr:localhost:7051 ServerName:localhost:7051 Attributes:<nil> BalancerAttributes:<nil> Metadata:<nil>}}
[34m2026-10-08 05:26:13.548 UTC 0020 INFO[0m [grpc] [34;1mAddTraceEvent[0m -> [core] [Channel #4]Channel Connectivity change to READY
[34m2026-10-08 05:26:13.548 UTC 0021 INFO[0m [grpc] [34;1mInfof[0m -> [core] original dial target is: "localhost:9051"
[34m2026-10-08 05:26:13.548 UTC 0022 INFO[0m [grpc] [34;1mAddTraceEvent[0m -> [core] [Channel #7]Channel created
[34m2026-10-08 05:26:13.548 UTC 0023 INFO[0m [grpc] [34;1mAddTraceEvent[0m -> [core] [Channel #7]parsed dial target is: resolver.Target{URL:url.URL{Scheme:"passthrough", Opaque:"", User:(*url.Userinfo)(nil), Host:"", Path:"/localhost:9051", RawPath:"", OmitHost:false, ForceQuery:false, RawQuery:"", Fragment:"", RawFragment:""}}
[34m2026-10-08 05:26:13.548 UTC 0024 INFO[0m [grpc] [34;1mAddTraceEvent[0m -> [core] [Channel #7]Channel authority set to "localhost:9051"
[34m2026-10-08 05:26:13.548 UTC 0025 INFO[0m [grpc] [34;1mAddTraceEvent[0m -> [core] [Channel #7]Resolver state updated: {
  "Addresses": [
    {
      "Addr": "localhost:9051",
      "ServerName": "",
      "Attributes": null,
      "BalancerAttributes": null,
      "Metadata": null
    }
  ],
  "Endpoints": [
    {
      "Addresses": [
        {
          "Addr": "localhost:9051",
          "ServerName": "",
          "Attributes": null,
          "BalancerAttributes": null,
          "Metadata": null
        }
      ],
      "Attributes": null
    }
  ],
  "ServiceConfig": null,
  "Attributes": null
} (resolver returned new addresses)
[34m2026-10-08 05:26:13.548 UTC 0026 INFO[0m [grpc] [34;1mAddTraceEvent[0m -> [core] [Channel #7]Channel switches to new LB policy "pick_first"
[34m2026-10-08 05:26:13.548 UTC 0027 INFO[0m [grpc] [34;1mInfof[0m -> [pick-first-lb] [pick-first-lb 0xc000408cc0] Received new config {
  "shuffleAddressList": false
}, resolver state {
  "Addresses": [
    {
      "Addr": "localhost:9051",
      "ServerName": "",
      "Attributes": null,
      "BalancerAttributes": null,
      "Metadata": null
    }
  ],
  "Endpoints": [
    {
      "Addresses": [
        {
          "Addr": "localhost:9051",
          "ServerName": "",
          "Attributes": null,
          "BalancerAttributes": null,
          "Metadata": null
        }
      ],
      "Attributes": null
    }
  ],
  "ServiceConfig": null,
  "Attributes": null
}
[34m2026-10-08 05:26:13.548 UTC 0028 INFO[0m [grpc] [34;1mAddTraceEvent[0m -> [core] [Channel #7 SubChannel #8]Subchannel created
[34m2026-10-08 05:26:13.548 UTC 0029 INFO[0m [grpc] [34;1mAddTraceEvent[0m -> [core] [Channel #7]Channel Connectivity change to CONNECTING
[34m2026-10-08 05:26:13.548 UTC 002a INFO[0m [grpc] [34;1mAddTraceEvent[0m -> [core] [Channel #7]Channel exiting idle mode
[34m2026-10-08 05:26:13.548 UTC 002b INFO[0m [grpc] [34;1mAddTraceEvent[0m -> [core] [Channel #7 SubChannel #8]Subchannel Connectivity change to CONNECTING
[34m2026-10-08 05:26:13.548 UTC 002c INFO[0m [grpc] [34;1mAddTraceEvent[0m -> [core] [Channel #7 SubChannel #8]Subchannel picks a new address "localhost:9051" to connect
[34m2026-10-08 05:26:13.548 UTC 002d INFO[0m [grpc] [34;1mInfof[0m -> [pick-first-lb] [pick-first-lb 0xc000408cc0] Received SubConn state update: 0xc000408d20, {ConnectivityState:CONNECTING ConnectionError:<nil> connectedAddress:{Addr: ServerName: Attributes:<nil> BalancerAttributes:<nil> Metadata:<nil>}}
[34m2026-10-08 05:26:13.550 UTC 002e INFO[0m [grpc] [34;1mAddTraceEvent[0m -> [core] [Channel #7 SubChannel #8]Subchannel Connectivity change to READY
[34m2026-10-08 05:26:13.550 UTC 002f INFO[0m [grpc] [34;1mInfof[0m -> [pick-first-lb] [pick-first-lb 0xc000408cc0] Received SubConn state update: 0xc000408d20, {ConnectivityState:READY ConnectionError:<nil> connectedAddress:{Addr:localhost:9051 ServerName:localhost:9051 Attributes:<nil> BalancerAttributes:<nil> Metadata:<nil>}}
[34m2026-10-08 05:26:13.550 UTC 0030 INFO[0m [grpc] [34;1mAddTraceEvent[0m -> [core] [Channel #7]Channel Connectivity change to READY
[34m2026-10-08 05:26:13.550 UTC 0031 INFO[0m [grpc] [34;1mInfof[0m -> [core] original dial target is: "localhost:9051"
[34m2026-10-08 05:26:13.550 UTC 0032 INFO[0m [grpc] [34;1mAddTraceEvent[0m -> [core] [Channel #10]Channel created
[34m2026-10-08 05:26:13.550 UTC 0033 INFO[0m [grpc] [34;1mAddTraceEvent[0m -> [core] [Channel #10]parsed dial target is: resolver.Target{URL:url.URL{Scheme:"passthrough", Opaque:"", User:(*url.Userinfo)(nil), Host:"", Path:"/localhost:9051", RawPath:"", OmitHost:false, ForceQuery:false, RawQuery:"", Fragment:"", RawFragment:""}}
[34m2026-10-08 05:26:13.550 UTC 0034 INFO[0m [grpc] [34;1mAddTraceEvent[0m -> [core] [Channel #10]Channel authority set to "localhost:9051"
[34m2026-10-08 05:26:13.550 UTC 0035 INFO[0m [grpc] [34;1mAddTraceEvent[0m -> [core] [Channel #10]Resolver state updated: {
  "Addresses": [
    {
      "Addr": "localhost:9051",
      "ServerName": "",
      "Attributes": null,
      "BalancerAttributes": null,
      "Metadata": null
    }
  ],
  "Endpoints": [
    {
      "Addresses": [
        {
          "Addr": "localhost:9051",
          "ServerName": "",
          "Attributes": null,
          "BalancerAttributes": null,
          "Metadata": null
        }
      ],
      "Attributes": null
    }
  ],
  "ServiceConfig": null,
  "Attributes": null
} (resolver returned new addresses)
[34m2026-10-08 05:26:13.550 UTC 0036 INFO[0m [grpc] [34;1mAddTraceEvent[0m -> [core] [Channel #10]Channel switches to new LB policy "pick_first"
[34m2026-10-08 05:26:13.550 UTC 0037 INFO[0m [grpc] [34;1mInfof[0m -> [pick-first-lb] [pick-first-lb 0xc000409530] Received new config {
  "shuffleAddressList": false
}, resolver state {
  "Addresses": [
    {
      "Addr": "localhost:9051",
      "ServerName": "",
      "Attributes": null,
      "BalancerAttributes": null,
      "Metadata": null
    }
  ],
  "Endpoints": [
    {
      "Addresses": [
        {
          "Addr": "localhost:9051",
          "ServerName": "",
          "Attributes": null,
          "BalancerAttributes": null,
          "Metadata": null
        }
      ],
      "Attributes": null
    }
  ],
  "ServiceConfig": null,
  "Attributes": null
}
[34m2026-10-08 05:26:13.550 UTC 0038 INFO[0m [grpc] [34;1mAddTraceEvent[0m -> [core] [Channel #10 SubChannel #11]Subchannel created
[34m2026-10-08 05:26:13.550 UTC 0039 INFO[0m [grpc] [34;1mAddTraceEvent[0m -> [core] [Channel #10]Channel Connectivity change to CONNECTING
[34m2026-10-08 05:26:13.550 UTC 003a INFO[0m [grpc] [34;1mAddTraceEvent[0m -> [core] [Channel #10]Channel exiting idle mode
[34m2026-10-08 05:26:13.550 UTC 003b INFO[0m [grpc] [34;1mAddTraceEvent[0m -> [core] [Channel #10 SubChannel #11]Subchannel Connectivity change to CONNECTING
[34m2026-10-08 05:26:13.550 UTC 003c INFO[0m [grpc] [34;1mAddTraceEvent[0m -> [core] [Channel #10 SubChannel #11]Subchannel picks a new address "localhost:9051" to connect
[34m2026-10-08 05:26:13.551 UTC 003d INFO[0m [grpc] [34;1mInfof[0m -> [pick-first-lb] [pick-first-lb 0xc000409530] Received SubConn state update: 0xc000409590, {ConnectivityState:CONNECTING ConnectionError:<nil> connectedAddress:{Addr: ServerName: Attributes:<nil> BalancerAttributes:<nil> Metadata:<nil>}}
[34m2026-10-08 05:26:13.552 UTC 003e INFO[0m [grpc] [34;1mAddTraceEvent[0m -> [core] [Channel #10 SubChannel #11]Subchannel Connectivity change to READY
[34m2026-10-08 05:26:13.552 UTC 003f INFO[0m [grpc] [34;1mInfof[0m -> [pick-first-lb] [pick-first-lb 0xc000409530] Received SubConn state update: 0xc000409590, {ConnectivityState:READY ConnectionError:<nil> connectedAddress:{Addr:localhost:9051 ServerName:localhost:9051 Attributes:<nil> BalancerAttributes:<nil> Metadata:<nil>}}
[34m2026-10-08 05:26:13.552 UTC 0040 INFO[0m [grpc] [34;1mAddTraceEvent[0m -> [core] [Channel #10]Channel Connectivity change to READY
[33m2026-10-08 05:26:13.552 UTC 0041 WARN[0m [grpc] [33;1mWarningf[0m -> [core] Adjusting keepalive ping interval to minimum period of 10s
[34m2026-10-08 05:26:13.552 UTC 0042 INFO[0m [grpc] [34;1mInfof[0m -> [core] original dial target is: "localhost:7050"
[34m2026-10-08 05:26:13.552 UTC 0043 INFO[0m [grpc] [34;1mAddTraceEvent[0m -> [core] [Channel #13]Channel created
[34m2026-10-08 05:26:13.552 UTC 0044 INFO[0m [grpc] [34;1mAddTraceEvent[0m -> [core] [Channel #13]parsed dial target is: resolver.Target{URL:url.URL{Scheme:"passthrough", Opaque:"", User:(*url.Userinfo)(nil), Host:"", Path:"/localhost:7050", RawPath:"", OmitHost:false, ForceQuery:false, RawQuery:"", Fragment:"", RawFragment:""}}
[34m2026-10-08 05:26:13.552 UTC 0045 INFO[0m [grpc] [34;1mAddTraceEvent[0m -> [core] [Channel #13]Channel authority set to "orderer.example.com"
[34m2026-10-08 05:26:13.552 UTC 0046 INFO[0m [grpc] [34;1mAddTraceEvent[0m -> [core] [Channel #13]Resolver state updated: {
  "Addresses": [
    {
      "Addr": "localhost:7050",
      "ServerName": "",
      "Attributes": null,
      "BalancerAttributes": null,
      "Metadata": null
    }
  ],
  "Endpoints": [
    {
      "Addresses": [
        {
          "Addr": "localhost:7050",
          "ServerName": "",
          "Attributes": null,
          "BalancerAttributes": null,
          "Metadata": null
        }
      ],
      "Attributes": null
    }
  ],
  "ServiceConfig": null,
  "Attributes": null
} (resolver returned new addresses)
[34m2026-10-08 05:26:13.552 UTC 0047 INFO[0m [grpc] [34;1mAddTraceEvent[0m -> [core] [Channel #13]Channel switches to new LB policy "pick_first"
[34m2026-10-08 05:26:13.552 UTC 0048 INFO[0m [grpc] [34;1mInfof[0m -> [pick-first-lb] [pick-first-lb 0xc000609590] Received new config {
  "shuffleAddressList": false
}, resolver state {
  "Addresses": [
    {
      "Addr": "localhost:7050",
      "ServerName": "",
      "Attributes": null,
      "BalancerAttributes": null,
      "Metadata": null
    }
  ],
  "Endpoints": [
    {
      "Addresses": [
        {
          "Addr": "localhost:7050",
          "ServerName": "",
          "Attributes": null,
          "BalancerAttributes": null,
          "Metadata": null
        }
      ],
      "Attributes": null
    }
  ],
  "ServiceConfig": null,
  "Attributes": null
}
[34m2026-10-08 05:26:13.552 UTC 0049 INFO[0m [grpc] [34;1mAddTraceEvent[0m -> [core] [Channel #13 SubChannel #14]Subchannel created
[34m2026-10-08 05:26:13.552 UTC 004a INFO[0m [grpc] [34;1mAddTraceEvent[0m -> [core] [Channel #13]Channel Connectivity change to CONNECTING
[34m2026-10-08 05:26:13.552 UTC 004b INFO[0m [grpc] [34;1mAddTraceEvent[0m -> [core] [Channel #13]Channel exiting idle mode
[34m2026-10-08 05:26:13.552 UTC 004c INFO[0m [grpc] [34;1mAddTraceEvent[0m -> [core] [Channel #13 SubChannel #14]Subchannel Connectivity change to CONNECTING
[34m2026-10-08 05:26:13.552 UTC 004d INFO[0m [grpc] [34;1mAddTraceEvent[0m -> [core] [Channel #13 SubChannel #14]Subchannel picks a new address "localhost:7050" to connect
[34m2026-10-08 05:26:13.553 UTC 004e INFO[0m [grpc] [34;1mInfof[0m -> [pick-first-lb] [pick-first-lb 0xc000609590] Received SubConn state update: 0xc0006095f0, {ConnectivityState:CONNECTING ConnectionError:<nil> connectedAddress:{Addr: ServerName: Attributes:<nil> BalancerAttributes:<nil> Metadata:<nil>}}
[34m2026-10-08 05:26:13.554 UTC 004f INFO[0m [grpc] [34;1mAddTraceEvent[0m -> [core] [Channel #13 SubChannel #14]Subchannel Connectivity change to READY
[34m2026-10-08 05:26:13.554 UTC 0050 INFO[0m [grpc] [34;1mInfof[0m -> [pick-first-lb] [pick-first-lb 0xc000609590] Received SubConn state update: 0xc0006095f0, {ConnectivityState:READY ConnectionError:<nil> connectedAddress:{Addr:localhost:7050 ServerName:orderer.example.com Attributes:<nil> BalancerAttributes:<nil> Metadata:<nil>}}
[34m2026-10-08 05:26:13.554 UTC 0051 INFO[0m [grpc] [34;1mAddTraceEvent[0m -> [core] [Channel #13]Channel Connectivity change to READY
[34m2026-10-08 05:26:15.568 UTC 0053 INFO[0m [chaincodeCmd] [34;1mClientWait[0m -> txid [9b020d70959287fa4650ffe7931e371e96bd779710b9e4824acc23cec1db2b98] committed with status (VALID) at localhost:7051
[34m2026-10-08 05:26:15.568 UTC 0052 INFO[0m [chaincodeCmd] [34;1mClientWait[0m -> txid [9b020d70959287fa4650ffe7931e371e96bd779710b9e4824acc23cec1db2b98] committed with status (VALID) at localhost:9051
[0;32mChaincode definition committed on channel 'mychannel'[0m
[0;34mUsing organization 1[0m
[0;34mQuerying chaincode definition on peer0.org1 on channel 'mychannel'...[0m
[0;34mAttempting to Query committed status on peer0.org1, Retry after 3 seconds.[0m
+ peer lifecycle chaincode querycommitted --channelID mychannel --name bzt
+ res=0
[34m2026-10-08 05:26:18.619 UTC 0001 INFO[0m [grpc] [34;1mInfof[0m -> [core] original dial target is: "localhost:7051"
[34m2026-10-08 05:26:18.619 UTC 0002 INFO[0m [grpc] [34;1mAddTraceEvent[0m -> [core] [Channel #1]Channel created
[34m2026-10-08 05:26:18.619 UTC 0003 INFO[0m [grpc] [34;1mAddTraceEvent[0m -> [core] [Channel #1]parsed dial target is: resolver.Target{URL:url.URL{Scheme:"passthrough", Opaque:"", User:(*url.Userinfo)(nil), Host:"", Path:"/localhost:7051", RawPath:"", OmitHost:false, ForceQuery:false, RawQuery:"", Fragment:"", RawFragment:""}}
[34m2026-10-08 05:26:18.619 UTC 0004 INFO[0m [grpc] [34;1mAddTraceEvent[0m -> [core] [Channel #1]Channel authority set to "localhost:7051"
[34m2026-10-08 05:26:18.619 UTC 0005 INFO[0m [grpc] [34;1mAddTraceEvent[0m -> [core] [Channel #1]Resolver state updated: {
  "Addresses": [
    {
      "Addr": "localhost:7051",
      "ServerName": "",
      "Attributes": null,
      "BalancerAttributes": null,
      "Metadata": null
    }
  ],
  "Endpoints": [
    {
      "Addresses": [
        {
          "Addr": "localhost:7051",
          "ServerName": "",
          "Attributes": null,
          "BalancerAttributes": null,
          "Metadata": null
        }
      ],
      "Attributes": null
    }
  ],
  "ServiceConfig": null,
  "Attributes": null
} (resolver returned new addresses)
[34m2026-10-08 05:26:18.619 UTC 0006 INFO[0m [grpc] [34;1mAddTraceEvent[0m -> [core] [Channel #1]Channel switches to new LB policy "pick_first"
[34m2026-10-08 05:26:18.619 UTC 0007 INFO[0m [grpc] [34;1mInfof[0m -> [pick-first-lb] [pick-first-lb 0xc0005eae70] Received new config {
  "shuffleAddressList": false
}, resolver state {
  "Addresses": [
    {
      "Addr": "localhost:7051",
      "ServerName": "",
      "Attributes": null,
      "BalancerAttributes": null,
      "Metadata": null
    }
  ],
  "Endpoints": [
    {
      "Addresses": [
        {
          "Addr": "localhost:7051",
          "ServerName": "",
          "Attributes": null,
          "BalancerAttributes": null,
          "Metadata": null
        }
      ],
      "Attributes": null
    }
  ],
  "ServiceConfig": null,
  "Attributes": null
}
[34m2026-10-08 05:26:18.619 UTC 0008 INFO[0m [grpc] [34;1mAddTraceEvent[0m -> [core] [Channel #1 SubChannel #2]Subchannel created
[34m2026-10-08 05:26:18.619 UTC 0009 INFO[0m [grpc] [34;1mAddTraceEvent[0m -> [core] [Channel #1]Channel Connectivity change to CONNECTING
[34m2026-10-08 05:26:18.619 UTC 000a INFO[0m [grpc] [34;1mAddTraceEvent[0m -> [core] [Channel #1]Channel exiting idle mode
[34m2026-10-08 05:26:18.619 UTC 000b INFO[0m [grpc] [34;1mAddTraceEvent[0m -> [core] [Channel #1 SubChannel #2]Subchannel Connectivity change to CONNECTING
[34m2026-10-08 05:26:18.619 UTC 000c INFO[0m [grpc] [34;1mAddTraceEvent[0m -> [core] [Channel #1 SubChannel #2]Subchannel picks a new address "localhost:7051" to connect
[34m2026-10-08 05:26:18.619 UTC 000d INFO[0m [grpc] [34;1mInfof[0m -> [pick-first-lb] [pick-first-lb 0xc0005eae70] Received SubConn state update: 0xc0005eaf00, {ConnectivityState:CONNECTING ConnectionError:<nil> connectedAddress:{Addr: ServerName: Attributes:<nil> BalancerAttributes:<nil> Metadata:<nil>}}
[34m2026-10-08 05:26:18.621 UTC 000e INFO[0m [grpc] [34;1mAddTraceEvent[0m -> [core] [Channel #1 SubChannel #2]Subchannel Connectivity change to READY
[34m2026-10-08 05:26:18.621 UTC 000f INFO[0m [grpc] [34;1mInfof[0m -> [pick-first-lb] [pick-first-lb 0xc0005eae70] Received SubConn state update: 0xc0005eaf00, {ConnectivityState:READY ConnectionError:<nil> connectedAddress:{Addr:localhost:7051 ServerName:localhost:7051 Attributes:<nil> BalancerAttributes:<nil> Metadata:<nil>}}
[34m2026-10-08 05:26:18.621 UTC 0010 INFO[0m [grpc] [34;1mAddTraceEvent[0m -> [core] [Channel #1]Channel Connectivity change to READY
[34m2026-10-08 05:26:18.621 UTC 0011 INFO[0m [grpc] [34;1mInfof[0m -> [core] original dial target is: "localhost:7051"
[34m2026-10-08 05:26:18.621 UTC 0012 INFO[0m [grpc] [34;1mAddTraceEvent[0m -> [core] [Channel #4]Channel created
[34m2026-10-08 05:26:18.622 UTC 0013 INFO[0m [grpc] [34;1mAddTraceEvent[0m -> [core] [Channel #4]parsed dial target is: resolver.Target{URL:url.URL{Scheme:"passthrough", Opaque:"", User:(*url.Userinfo)(nil), Host:"", Path:"/localhost:7051", RawPath:"", OmitHost:false, ForceQuery:false, RawQuery:"", Fragment:"", RawFragment:""}}
[34m2026-10-08 05:26:18.622 UTC 0014 INFO[0m [grpc] [34;1mAddTraceEvent[0m -> [core] [Channel #4]Channel authority set to "localhost:7051"
[34m2026-10-08 05:26:18.622 UTC 0015 INFO[0m [grpc] [34;1mAddTraceEvent[0m -> [core] [Channel #4]Resolver state updated: {
  "Addresses": [
    {
      "Addr": "localhost:7051",
      "ServerName": "",
      "Attributes": null,
      "BalancerAttributes": null,
      "Metadata": null
    }
  ],
  "Endpoints": [
    {
      "Addresses": [
        {
          "Addr": "localhost:7051",
          "ServerName": "",
          "Attributes": null,
          "BalancerAttributes": null,
          "Metadata": null
        }
      ],
      "Attributes": null
    }
  ],
  "ServiceConfig": null,
  "Attributes": null
} (resolver returned new addresses)
[34m2026-10-08 05:26:18.622 UTC 0016 INFO[0m [grpc] [34;1mAddTraceEvent[0m -> [core] [Channel #4]Channel switches to new LB policy "pick_first"
[34m2026-10-08 05:26:18.622 UTC 0017 INFO[0m [grpc] [34;1mInfof[0m -> [pick-first-lb] [pick-first-lb 0xc0000239e0] Received new config {
  "shuffleAddressList": false
}, resolver state {
  "Addresses": [
    {
      "Addr": "localhost:7051",
      "ServerName": "",
      "Attributes": null,
      "BalancerAttributes": null,
      "Metadata": null
    }
  ],
  "Endpoints": [
    {
      "Addresses": [
        {
          "Addr": "localhost:7051",
          "ServerName": "",
          "Attributes": null,
          "BalancerAttributes": null,
          "Metadata": null
        }
      ],
      "Attributes": null
    }
  ],
  "ServiceConfig": null,
  "Attributes": null
}
[34m2026-10-08 05:26:18.622 UTC 0018 INFO[0m [grpc] [34;1mAddTraceEvent[0m -> [core] [Channel #4 SubChannel #5]Subchannel created
[34m2026-10-08 05:26:18.622 UTC 0019 INFO[0m [grpc] [34;1mAddTraceEvent[0m -> [core] [Channel #4]Channel Connectivity change to CONNECTING
[34m2026-10-08 05:26:18.622 UTC 001a INFO[0m [grpc] [34;1mAddTraceEvent[0m -> [core] [Channel #4]Channel exiting idle mode
[34m2026-10-08 05:26:18.622 UTC 001b INFO[0m [grpc] [34;1mAddTraceEvent[0m -> [core] [Channel #4 SubChannel #5]Subchannel Connectivity change to CONNECTING
[34m2026-10-08 05:26:18.622 UTC 001c INFO[0m [grpc] [34;1mAddTraceEvent[0m -> [core] [Channel #4 SubChannel #5]Subchannel picks a new address "localhost:7051" to connect
[34m2026-10-08 05:26:18.622 UTC 001d INFO[0m [grpc] [34;1mInfof[0m -> [pick-first-lb] [pick-first-lb 0xc0000239e0] Received SubConn state update: 0xc000023a40, {ConnectivityState:CONNECTING ConnectionError:<nil> connectedAddress:{Addr: ServerName: Attributes:<nil> BalancerAttributes:<nil> Metadata:<nil>}}
[34m2026-10-08 05:26:18.624 UTC 001e INFO[0m [grpc] [34;1mAddTraceEvent[0m -> [core] [Channel #4 SubChannel #5]Subchannel Connectivity change to READY
[34m2026-10-08 05:26:18.624 UTC 001f INFO[0m [grpc] [34;1mInfof[0m -> [pick-first-lb] [pick-first-lb 0xc0000239e0] Received SubConn state update: 0xc000023a40, {ConnectivityState:READY ConnectionError:<nil> connectedAddress:{Addr:localhost:7051 ServerName:localhost:7051 Attributes:<nil> BalancerAttributes:<nil> Metadata:<nil>}}
[34m2026-10-08 05:26:18.624 UTC 0020 INFO[0m [grpc] [34;1mAddTraceEvent[0m -> [core] [Channel #4]Channel Connectivity change to READY
Committed chaincode definition for chaincode 'bzt' on channel 'mychannel':
Version: 1.0, Sequence: 1, Endorsement Plugin: escc, Validation Plugin: vscc, Approvals: [Org1MSP: true, Org2MSP: true]
[0;32mQuery chaincode definition successful on peer0.org1 on channel 'mychannel'[0m
[0;34mUsing organization 2[0m
[0;34mQuerying chaincode definition on peer0.org2 on channel 'mychannel'...[0m
[0;34mAttempting to Query committed status on peer0.org2, Retry after 3 seconds.[0m
+ peer lifecycle chaincode querycommitted --channelID mychannel --name bzt
+ res=0
[34m2026-10-08 05:26:21.674 UTC 0001 INFO[0m [grpc] [34;1mInfof[0m -> [core] original dial target is: "localhost:9051"
[34m2026-10-08 05:26:21.674 UTC 0002 INFO[0m [grpc] [34;1mAddTraceEvent[0m -> [core] [Channel #1]Channel created
[34m2026-10-08 05:26:21.674 UTC 0003 INFO[0m [grpc] [34;1mAddTraceEvent[0m -> [core] [Channel #1]parsed dial target is: resolver.Target{URL:url.URL{Scheme:"passthrough", Opaque:"", User:(*url.Userinfo)(nil), Host:"", Path:"/localhost:9051", RawPath:"", OmitHost:false, ForceQuery:false, RawQuery:"", Fragment:"", RawFragment:""}}
[34m2026-10-08 05:26:21.674 UTC 0004 INFO[0m [grpc] [34;1mAddTraceEvent[0m -> [core] [Channel #1]Channel authority set to "localhost:9051"
[34m2026-10-08 05:26:21.674 UTC 0005 INFO[0m [grpc] [34;1mAddTraceEvent[0m -> [core] [Channel #1]Resolver state updated: {
  "Addresses": [
    {
      "Addr": "localhost:9051",
      "ServerName": "",
      "Attributes": null,
      "BalancerAttributes": null,
      "Metadata": null
    }
  ],
  "Endpoints": [
    {
      "Addresses": [
        {
          "Addr": "localhost:9051",
          "ServerName": "",
          "Attributes": null,
          "BalancerAttributes": null,
          "Metadata": null
        }
      ],
      "Attributes": null
    }
  ],
  "ServiceConfig": null,
  "Attributes": null
} (resolver returned new addresses)
[34m2026-10-08 05:26:21.674 UTC 0006 INFO[0m [grpc] [34;1mAddTraceEvent[0m -> [core] [Channel #1]Channel switches to new LB policy "pick_first"
[34m2026-10-08 05:26:21.674 UTC 0007 INFO[0m [grpc] [34;1mInfof[0m -> [pick-first-lb] [pick-first-lb 0xc000381530] Received new config {
  "shuffleAddressList": false
}, resolver state {
  "Addresses": [
    {
      "Addr": "localhost:9051",
      "ServerName": "",
      "Attributes": null,
      "BalancerAttributes": null,
      "Metadata": null
    }
  ],
  "Endpoints": [
    {
      "Addresses": [
        {
          "Addr": "localhost:9051",
          "ServerName": "",
          "Attributes": null,
          "BalancerAttributes": null,
          "Metadata": null
        }
      ],
      "Attributes": null
    }
  ],
  "ServiceConfig": null,
  "Attributes": null
}
[34m2026-10-08 05:26:21.674 UTC 0008 INFO[0m [grpc] [34;1mAddTraceEvent[0m -> [core] [Channel #1 SubChannel #2]Subchannel created
[34m2026-10-08 05:26:21.674 UTC 0009 INFO[0m [grpc] [34;1mAddTraceEvent[0m -> [core] [Channel #1]Channel Connectivity change to CONNECTING
[34m2026-10-08 05:26:21.674 UTC 000a INFO[0m [grpc] [34;1mAddTraceEvent[0m -> [core] [Channel #1]Channel exiting idle mode
[34m2026-10-08 05:26:21.674 UTC 000b INFO[0m [grpc] [34;1mAddTraceEvent[0m -> [core] [Channel #1 SubChannel #2]Subchannel Connectivity change to CONNECTING
[34m2026-10-08 05:26:21.674 UTC 000c INFO[0m [grpc] [34;1mAddTraceEvent[0m -> [core] [Channel #1 SubChannel #2]Subchannel picks a new address "localhost:9051" to connect
[34m2026-10-08 05:26:21.674 UTC 000d INFO[0m [grpc] [34;1mInfof[0m -> [pick-first-lb] [pick-first-lb 0xc000381530] Received SubConn state update: 0xc0003815c0, {ConnectivityState:CONNECTING ConnectionError:<nil> connectedAddress:{Addr: ServerName: Attributes:<nil> BalancerAttributes:<nil> Metadata:<nil>}}
[34m2026-10-08 05:26:21.676 UTC 000e INFO[0m [grpc] [34;1mAddTraceEvent[0m -> [core] [Channel #1 SubChannel #2]Subchannel Connectivity change to READY
[34m2026-10-08 05:26:21.676 UTC 000f INFO[0m [grpc] [34;1mInfof[0m -> [pick-first-lb] [pick-first-lb 0xc000381530] Received SubConn state update: 0xc0003815c0, {ConnectivityState:READY ConnectionError:<nil> connectedAddress:{Addr:localhost:9051 ServerName:localhost:9051 Attributes:<nil> BalancerAttributes:<nil> Metadata:<nil>}}
[34m2026-10-08 05:26:21.676 UTC 0010 INFO[0m [grpc] [34;1mAddTraceEvent[0m -> [core] [Channel #1]Channel Connectivity change to READY
[34m2026-10-08 05:26:21.676 UTC 0011 INFO[0m [grpc] [34;1mInfof[0m -> [core] original dial target is: "localhost:9051"
[34m2026-10-08 05:26:21.676 UTC 0012 INFO[0m [grpc] [34;1mAddTraceEvent[0m -> [core] [Channel #4]Channel created
[34m2026-10-08 05:26:21.676 UTC 0013 INFO[0m [grpc] [34;1mAddTraceEvent[0m -> [core] [Channel #4]parsed dial target is: resolver.Target{URL:url.URL{Scheme:"passthrough", Opaque:"", User:(*url.Userinfo)(nil), Host:"", Path:"/localhost:9051", RawPath:"", OmitHost:false, ForceQuery:false, RawQuery:"", Fragment:"", RawFragment:""}}
[34m2026-10-08 05:26:21.676 UTC 0014 INFO[0m [grpc] [34;1mAddTraceEvent[0m -> [core] [Channel #4]Channel authority set to "localhost:9051"
[34m2026-10-08 05:26:21.676 UTC 0015 INFO[0m [grpc] [34;1mAddTraceEvent[0m -> [core] [Channel #4]Resolver state updated: {
  "Addresses": [
    {
      "Addr": "localhost:9051",
      "ServerName": "",
      "Attributes": null,
      "BalancerAttributes": null,
      "Metadata": null
    }
  ],
  "Endpoints": [
    {
      "Addresses": [
        {
          "Addr": "localhost:9051",
          "ServerName": "",
          "Attributes": null,
          "BalancerAttributes": null,
          "Metadata": null
        }
      ],
      "Attributes": null
    }
  ],
  "ServiceConfig": null,
  "Attributes": null
} (resolver returned new addresses)
[34m2026-10-08 05:26:21.676 UTC 0016 INFO[0m [grpc] [34;1mAddTraceEvent[0m -> [core] [Channel #4]Channel switches to new LB policy "pick_first"
[34m2026-10-08 05:26:21.676 UTC 0017 INFO[0m [grpc] [34;1mInfof[0m -> [pick-first-lb] [pick-first-lb 0xc0004948d0] Received new config {
  "shuffleAddressList": false
}, resolver state {
  "Addresses": [
    {
      "Addr": "localhost:9051",
      "ServerName": "",
      "Attributes": null,
      "BalancerAttributes": null,
      "Metadata": null
    }
  ],
  "Endpoints": [
    {
      "Addresses": [
        {
          "Addr": "localhost:9051",
          "ServerName": "",
          "Attributes": null,
          "BalancerAttributes": null,
          "Metadata": null
        }
      ],
      "Attributes": null
    }
  ],
  "ServiceConfig": null,
  "Attributes": null
}
[34m2026-10-08 05:26:21.676 UTC 0018 INFO[0m [grpc] [34;1mAddTraceEvent[0m -> [core] [Channel #4 SubChannel #5]Subchannel created
[34m2026-10-08 05:26:21.676 UTC 0019 INFO[0m [grpc] [34;1mAddTraceEvent[0m -> [core] [Channel #4]Channel Connectivity change to CONNECTING
[34m2026-10-08 05:26:21.676 UTC 001a INFO[0m [grpc] [34;1mAddTraceEvent[0m -> [core] [Channel #4]Channel exiting idle mode
[34m2026-10-08 05:26:21.676 UTC 001b INFO[0m [grpc] [34;1mAddTraceEvent[0m -> [core] [Channel #4 SubChannel #5]Subchannel Connectivity change to CONNECTING
[34m2026-10-08 05:26:21.676 UTC 001c INFO[0m [grpc] [34;1mAddTraceEvent[0m -> [core] [Channel #4 SubChannel #5]Subchannel picks a new address "localhost:9051" to connect
[34m2026-10-08 05:26:21.677 UTC 001d INFO[0m [grpc] [34;1mInfof[0m -> [pick-first-lb] [pick-first-lb 0xc0004948d0] Received SubConn state update: 0xc000494930, {ConnectivityState:CONNECTING ConnectionError:<nil> connectedAddress:{Addr: ServerName: Attributes:<nil> BalancerAttributes:<nil> Metadata:<nil>}}
[34m2026-10-08 05:26:21.679 UTC 001e INFO[0m [grpc] [34;1mAddTraceEvent[0m -> [core] [Channel #4 SubChannel #5]Subchannel Connectivity change to READY
[34m2026-10-08 05:26:21.679 UTC 001f INFO[0m [grpc] [34;1mInfof[0m -> [pick-first-lb] [pick-first-lb 0xc0004948d0] Received SubConn state update: 0xc000494930, {ConnectivityState:READY ConnectionError:<nil> connectedAddress:{Addr:localhost:9051 ServerName:localhost:9051 Attributes:<nil> BalancerAttributes:<nil> Metadata:<nil>}}
[34m2026-10-08 05:26:21.679 UTC 0020 INFO[0m [grpc] [34;1mAddTraceEvent[0m -> [core] [Channel #4]Channel Connectivity change to READY
Committed chaincode definition for chaincode 'bzt' on channel 'mychannel':
Version: 1.0, Sequence: 1, Endorsement Plugin: escc, Validation Plugin: vscc, Approvals: [Org1MSP: true, Org2MSP: true]
[0;32mQuery chaincode definition successful on peer0.org2 on channel 'mychannel'[0m
[0;34mChaincode initialization is not required[0m
