split,genuine,kind,imgA,imgB
calibration,1,Easy-Zcut,data/soco/socofing/test/Real/492__F_Left_thumb_finger.BMP,data/soco/socofing/train/Altered/Altered-Easy/492__F_Left_thumb_finger_Zcut.BMP
calibration,1,Easy-Zcut,data/soco/socofing/train/Real/267__M_Right_index_finger.BMP,data/soco/socofing/train/Altered/Altered-Easy/267__M_Right_index_finger_Zcut.BMP
calibration,1,Easy-Obl,data/soco/socofing/train/Real/587__M_Left_ring_finger.BMP,data/soco/socofing/train/Altered/Altered-Easy/587__M_Left_ring_finger_Obl.BMP
calibration,1,Medium-Zcut,data/soco/socofing/train/Real/529__M_Left_ring_finger.BMP,data/soco/socofing/train/Altered/Altered-Medium/529__M_Left_ring_finger_Zcut.BMP
calibration,1,Medium-CR,data/soco/socofing/test/Real/473__M_Right_thumb_finger.BMP,data/soco/socofing/train/Altered/Altered-Medium/473__M_Right_thumb_finger_CR.BMP
calibration,1,Easy-Obl,data/soco/socofing/val/Real/425__M_Right_ring_finger.BMP,data/soco/socofing/train/Altered/Altered-Easy/425__M_Right_ring_finger_Obl.BMP
calibration,1,Medium-Zcut,data/soco/socofing/train/Real/319__M_Left_little_finger.BMP,data/soco/socofing/test/Altered/Altered-Medium/319__M_Left_little_finger_Zcut.BMP
calibration,1,Hard-Zcut,data/soco/socofing/test/Real/398__M_Right_ring_finger.BMP,data/soco/socofing/test/Altered/Altered-Hard/398__M_Right_ring_finger_Zcut.BMP
calibration,1,Easy-Zcut,data/soco/socofing/train/Real/364__M_Right_thumb_finger.BMP,data/soco/socofing/train/Altered/Altered-Easy/364__M_Right_thumb_finger_Zcut.BMP
calibration,1,Hard-Obl,data/soco/socofing/train/Real/576__M_Left_index_finger.BMP,data/soco/socofing/val/Altered/Altered-Hard/576__M_Left_index_finger_Obl.BMP
calibration,1,Medium-Zcut,data/soco/socofing/test/Real/281__M_Left_little_finger.BMP,data/soco/socofing/train/Altered/Altered-Medium/281__M_Left_little_finger_Zcut.BMP
calibration,1,Medium-CR,data/soco/socofing/train/Real/68__M_Right_index_finger.BMP,data/soco/socofing/train/Altered/Altered-Medium/68__M_Right_index_finger_CR.BMP
calibration,1,Medium-Obl,data/soco/socofing/val/Real/283__M_Right_index_finger.BMP,data/soco/socofing/train/Altered/Altered-Medium/283__M_Right_index_finger_Obl.BMP
calibration,1,Hard-Obl,data/soco/socofing/train/Real/572__F_Right_little_finger.BMP,data/soco/socofing/train/Altered/Altered-Hard/572__F_Right_little_finger_Obl.BMP
calibration,1,Hard-Obl,data/soco/socofing/train/Real/154__F_Right_index_finger.BMP,data/soco/socofing/train/Altered/Altered-Hard/154__F_Right_index_finger_Obl.BMP
calibration,1,Medium-CR,data/soco/socofing/train/Real/69__M_Right_ring_finger.BMP,data/soco/socofing/test/Altered/Altered-Medium/69__M_Right_ring_finger_CR.BMP
calibration,1,Medium-Zcut,data/soco/socofing/val/Real/327__M_Left_little_finger.BMP,data/soco/socofing/train/Altered/Altered-Medium/327__M_Left_little_finger_Zcut.BMP
calibration,1,Easy-Zcut,data/soco/socofing/train/Real/516__M_Right_ring_finger.BMP,data/soco/socofing/train/Altered/Altered-Easy/516__M_Right_ring_finger_Zcut.BMP
calibration,1,Medium-Obl,data/soco/socofing/test/Real/214__M_Right_ring_finger.BMP,data/soco/socofing/train/Altered/Altered-Medium/214__M_Right_ring_finger_Obl.BMP
calibration,1,Easy-Zcut,data/soco/socofing/train/Real/387__F_Right_ring_finger.BMP,data/soco/socofing/train/Altered/Altered-Easy/387__F_Right_ring_finger_Zcut.BMP
calibration,1,Easy-Zcut,data/soco/socofing/val/Real/398__M_Right_middle_finger.BMP,data/soco/socofing/train/Altered/Altered-Easy/398__M_Right_middle_finger_Zcut.BMP
calibration,1,Medium-CR,data/soco/socofing/val/Real/263__F_Right_little_finger.BMP,data/soco/socofing/train/Altered/Altered-Medium/263__F_Right_little_finger_CR.BMP
calibration,1,Easy-Obl,data/soco/socofing/test/Real/529__M_Left_little_finger.BMP,data/soco/socofing/train/Altered/Altered-Easy/529__M_Left_little_finger_Obl.BMP
calibration,1,Easy-Zcut,data/soco/socofing/val/Real/141__F_Right_thumb_finger.BMP,data/soco/socofing/train/Altered/Altered-Easy/141__F_Right_thumb_finger_Zcut.BMP
calibration,1,Medium-CR,data/soco/socofing/train/Real/296__M_Left_thumb_finger.BMP,data/soco/socofing/train/Altered/Altered-Medium/296__M_Left_thumb_finger_CR.BMP
calibration,1,Medium-CR,data/soco/socofing/train/Real/425__M_Left_little_finger.BMP,data/soco/socofing/train/Altered/Altered-Medium/425__M_Left_little_finger_CR.BMP
calibration,1,Hard-CR,data/soco/socofing/test/Real/138__M_Left_thumb_finger.BMP,data/soco/socofing/train/Altered/Altered-Hard/138__M_Left_thumb_finger_CR.BMP
calibration,1,Easy-Zcut,data/soco/socofing/train/Real/55__M_Right_ring_finger.BMP,data/soco/socofing/train/Altered/Altered-Easy/55__M_Right_ring_finger_Zcut.BMP
calibration,1,Easy-CR,data/soco/socofing/train/Real/267__M_Right_little_finger.BMP,data/soco/socofing/train/Altered/Altered-Easy/267__M_Right_little_finger_CR.BMP
calibration,1,Medium-CR,data/soco/socofing/train/Real/167__M_Left_index_finger.BMP,data/soco/socofing/test/Altered/Altered-Medium/167__M_Left_index_finger_CR.BMP
calibration,1,Hard-Obl,data/soco/socofing/test/Real/306__M_Left_middle_finger.BMP,data/soco/socofing/train/Altered/Altered-Hard/306__M_Left_middle_finger_Obl.BMP
calibration,1,Hard-CR,data/soco/socofing/val/Real/128__M_Left_index_finger.BMP,data/soco/socofing/train/Altered/Altered-Hard/128__M_Left_index_finger_CR.BMP
calibration,1,Medium-Zcut,data/soco/socofing/train/Real/547__M_Right_middle_finger.BMP,data/soco/socofing/train/Altered/Altered-Medium/547__M_Right_middle_finger_Zcut.BMP
calibration,1,Medium-CR,data/soco/socofing/train/Real/304__M_Right_middle_finger.BMP,data/soco/socofing/train/Altered/Altered-Medium/304__M_Right_middle_finger_CR.BMP
calibration,1,Hard-Obl,data/soco/socofing/train/Real/90__M_Right_little_finger.BMP,data/soco/socofing/train/Altered/Altered-Hard/90__M_Right_little_finger_Obl.BMP
calibration,1,Medium-CR,data/soco/socofing/train/Real/163__M_Left_middle_finger.BMP,data/soco/socofing/train/Altered/Altered-Medium/163__M_Left_middle_finger_CR.BMP
calibration,1,Easy-CR,data/soco/socofing/val/Real/569__M_Right_ring_finger.BMP,data/soco/socofing/train/Altered/Altered-Easy/569__M_Right_ring_finger_CR.BMP
calibration,1,Hard-Obl,data/soco/socofing/val/Real/493__M_Left_little_finger.BMP,data/soco/socofing/train/Altered/Altered-Hard/493__M_Left_little_finger_Obl.BMP
calibration,1,Hard-CR,data/soco/socofing/train/Real/285__M_Right_index_finger.BMP,data/soco/socofing/val/Altered/Altered-Hard/285__M_Right_index_finger_CR.BMP
calibration,1,Hard-Obl,data/soco/socofing/test/Real/499__M_Right_index_finger.BMP,data/soco/socofing/train/Altered/Altered-Hard/499__M_Right_index_finger_Obl.BMP
calibration,1,Hard-Obl,data/soco/socofing/test/Real/412__M_Right_little_finger.BMP,data/soco/socofing/train/Altered/Altered-Hard/412__M_Right_little_finger_Obl.BMP
calibration,1,Hard-Obl,data/soco/socofing/train/Real/231__M_Left_thumb_finger.BMP,data/soco/socofing/train/Altered/Altered-Hard/231__M_Left_thumb_finger_Obl.BMP
calibration,1,Hard-Obl,data/soco/socofing/train/Real/166__M_Right_index_finger.BMP,data/soco/socofing/train/Altered/Altered-Hard/166__M_Right_index_finger_Obl.BMP
calibration,1,Medium-CR,data/soco/socofing/train/Real/446__M_Left_index_finger.BMP,data/soco/socofing/train/Altered/Altered-Medium/446__M_Left_index_finger_CR.BMP
calibration,1,Hard-Obl,data/soco/socofing/train/Real/569__M_Left_index_finger.BMP,data/soco/socofing/train/Altered/Altered-Hard/569__M_Left_index_finger_Obl.BMP
calibration,1,Medium-Obl,data/soco/socofing/train/Real/508__F_Left_ring_finger.BMP,data/soco/socofing/train/Altered/Altered-Medium/508__F_Left_ring_finger_Obl.BMP
calibration,1,Medium-Zcut,data/soco/socofing/train/Real/358__M_Right_ring_finger.BMP,data/soco/socofing/val/Altered/Altered-Medium/358__M_Right_ring_finger_Zcut.BMP
calibration,1,Hard-Obl,data/soco/socofing/train/Real/329__M_Right_middle_finger.BMP,data/soco/socofing/train/Altered/Altered-Hard/329__M_Right_middle_finger_Obl.BMP
calibration,1,Easy-CR,data/soco/socofing/train/Real/124__M_Right_index_finger.BMP,data/soco/socofing/test/Altered/Altered-Easy/124__M_Right_index_finger_CR.BMP
calibration,1,Hard-Zcut,data/soco/socofing/train/Real/285__M_Right_index_finger.BMP,data/soco/socofing/train/Altered/Altered-Hard/285__M_Right_index_finger_Zcut.BMP
calibration,1,Medium-Zcut,data/soco/socofing/train/Real/532__M_Left_little_finger.BMP,data/soco/socofing/train/Altered/Altered-Medium/532__M_Left_little_finger_Zcut.BMP
calibration,1,Medium-CR,data/soco/socofing/train/Real/251__M_Left_middle_finger.BMP,data/soco/socofing/train/Altered/Altered-Medium/251__M_Left_middle_finger_CR.BMP
calibration,1,Easy-Obl,data/soco/socofing/train/Real/387__F_Right_middle_finger.BMP,data/soco/socofing/train/Altered/Altered-Easy/387__F_Right_middle_finger_Obl.BMP
calibration,1,Easy-Obl,data/soco/socofing/train/Real/459__M_Left_thumb_finger.BMP,data/soco/socofing/train/Altered/Altered-Easy/459__M_Left_thumb_finger_Obl.BMP
calibration,1,Easy-CR,data/soco/socofing/train/Real/181__M_Right_little_finger.BMP,data/soco/socofing/train/Altered/Altered-Easy/181__M_Right_little_finger_CR.BMP
calibration,1,Hard-Obl,data/soco/socofing/train/Real/367__M_Left_thumb_finger.BMP,data/soco/socofing/train/Altered/Altered-Hard/367__M_Left_thumb_finger_Obl.BMP
calibration,1,Easy-Zcut,data/soco/socofing/train/Real/116__M_Left_ring_finger.BMP,data/soco/socofing/train/Altered/Altered-Easy/116__M_Left_ring_finger_Zcut.BMP
calibration,1,Easy-Zcut,data/soco/socofing/train/Real/333__M_Left_middle_finger.BMP,data/soco/socofing/test/Altered/Altered-Easy/333__M_Left_middle_finger_Zcut.BMP
calibration,1,Medium-CR,data/soco/socofing/val/Real/444__M_Right_little_finger.BMP,data/soco/socofing/train/Altered/Altered-Medium/444__M_Right_little_finger_CR.BMP
calibration,1,Easy-Obl,data/soco/socofing/val/Real/552__M_Right_ring_finger.BMP,data/soco/socofing/train/Altered/Altered-Easy/552__M_Right_ring_finger_Obl.BMP
calibration,1,Easy-CR,data/soco/socofing/test/Real/510__M_Left_middle_finger.BMP,data/soco/socofing/train/Altered/Altered-Easy/510__M_Left_middle_finger_CR.BMP
calibration,1,Hard-Obl,data/soco/socofing/train/Real/2__F_Right_middle_finger.BMP,data/soco/socofing/train/Altered/Altered-Hard/2__F_Right_middle_finger_Obl.BMP
calibration,1,Hard-Zcut,data/soco/socofing/test/Real/122__M_Left_thumb_finger.BMP,data/soco/socofing/train/Altered/Altered-Hard/122__M_Left_thumb_finger_Zcut.BMP
calibration,1,Hard-Zcut,data/soco/socofing/train/Real/161__F_Right_little_finger.BMP,data/soco/socofing/train/Altered/Altered-Hard/161__F_Right_little_finger_Zcut.BMP
calibration,1,Hard-CR,data/soco/socofing/train/Real/346__M_Right_index_finger.BMP,data/soco/socofing/train/Altered/Altered-Hard/346__M_Right_index_finger_CR.BMP
calibration,1,Hard-Zcut,data/soco/socofing/train/Real/341__M_Left_ring_finger.BMP,data/soco/socofing/train/Altered/Altered-Hard/341__M_Left_ring_finger_Zcut.BMP
calibration,1,Hard-CR,data/soco/socofing/val/Real/296__M_Right_middle_finger.BMP,data/soco/socofing/train/Altered/Altered-Hard/296__M_Right_middle_finger_CR.BMP
calibration,1,Easy-CR,data/soco/socofing/train/Real/493__M_Right_little_finger.BMP,data/soco/socofing/train/Altered/Altered-Easy/493__M_Right_little_finger_CR.BMP
calibration,1,Hard-Obl,data/soco/socofing/train/Real/476__M_Left_little_finger.BMP,data/soco/socofing/train/Altered/Altered-Hard/476__M_Left_little_finger_Obl.BMP
calibration,1,Medium-Zcut,data/soco/socofing/test/Real/5__M_Left_ring_finger.BMP,data/soco/socofing/train/Altered/Altered-Medium/5__M_Left_ring_finger_Zcut.BMP
calibration,1,Easy-Obl,data/soco/socofing/train/Real/269__M_Right_middle_finger.BMP,data/soco/socofing/train/Altered/Altered-Easy/269__M_Right_middle_finger_Obl.BMP
calibration,1,Medium-Zcut,data/soco/socofing/train/Real/197__M_Left_middle_finger.BMP,data/soco/socofing/train/Altered/Altered-Medium/197__M_Left_middle_finger_Zcut.BMP
calibration,1,Easy-Obl,data/soco/socofing/train/Real/547__M_Left_middle_finger.BMP,data/soco/socofing/train/Altered/Altered-Easy/547__M_Left_middle_finger_Obl.BMP
calibration,1,Medium-Obl,data/soco/socofing/train/Real/364__M_Right_ring_finger.BMP,data/soco/socofing/train/Altered/Altered-Medium/364__M_Right_ring_finger_Obl.BMP
calibration,1,Medium-Zcut,data/soco/socofing/train/Real/514__F_Left_ring_finger.BMP,data/soco/socofing/test/Altered/Altered-Medium/514__F_Left_ring_finger_Zcut.BMP
calibration,1,Medium-CR,data/soco/socofing/train/Real/296__M_Left_little_finger.BMP,data/soco/socofing/val/Altered/Altered-Medium/296__M_Left_little_finger_CR.BMP
calibration,1,Medium-Obl,data/soco/socofing/train/Real/385__M_Left_ring_finger.BMP,data/soco/socofing/train/Altered/Altered-Medium/385__M_Left_ring_finger_Obl.BMP
calibration,1,Hard-CR,data/soco/socofing/val/Real/321__M_Left_index_finger.BMP,data/soco/socofing/train/Altered/Altered-Hard/321__M_Left_index_finger_CR.BMP
calibration,1,Medium-Zcut,data/soco/socofing/train/Real/138__M_Left_middle_finger.BMP,data/soco/socofing/train/Altered/Altered-Medium/138__M_Left_middle_finger_Zcut.BMP
calibration,1,Hard-CR,data/soco/socofing/train/Real/200__M_Left_thumb_finger.BMP,data/soco/socofing/train/Altered/Altered-Hard/200__M_Left_thumb_finger_CR.BMP
calibration,1,Easy-Obl,data/soco/socofing/train/Real/346__M_Right_thumb_finger.BMP,data/soco/socofing/test/Altered/Altered-Easy/346__M_Right_thumb_finger_Obl.BMP
calibration,1,Hard-Zcut,data/soco/socofing/train/Real/499__M_Right_thumb_finger.BMP,data/soco/socofing/train/Altered/Altered-Hard/499__M_Right_thumb_finger_Zcut.BMP
calibration,1,Medium-Zcut,data/soco/socofing/train/Real/139__M_Left_little_finger.BMP,data/soco/socofing/test/Altered/Altered-Medium/139__M_Left_little_finger_Zcut.BMP
calibration,1,Easy-CR,data/soco/socofing/val/Real/575__M_Right_index_finger.BMP,data/soco/socofing/train/Altered/Altered-Easy/575__M_Right_index_finger_CR.BMP
calibration,1,Easy-Obl,data/soco/socofing/train/Real/228__M_Left_ring_finger.BMP,data/soco/socofing/train/Altered/Altered-Easy/228__M_Left_ring_finger_Obl.BMP
calibration,1,Easy-CR,data/soco/socofing/train/Real/590__M_Right_thumb_finger.BMP,data/soco/socofing/train/Altered/Altered-Easy/590__M_Right_thumb_finger_CR.BMP
calibration,1,Medium-Obl,data/soco/socofing/train/Real/433__M_Left_thumb_finger.BMP,data/soco/socofing/val/Altered/Altered-Medium/433__M_Left_thumb_finger_Obl.BMP
calibration,1,Easy-Obl,data/soco/socofing/test/Real/285__M_Left_thumb_finger.BMP,data/soco/socofing/train/Altered/Altered-Easy/285__M_Left_thumb_finger_Obl.BMP
calibration,1,Medium-Obl,data/soco/socofing/train/Real/293__F_Left_middle_finger.BMP,data/soco/socofing/train/Altered/Altered-Medium/293__F_Left_middle_finger_Obl.BMP
calibration,1,Hard-Zcut,data/soco/socofing/train/Real/46__M_Left_thumb_finger.BMP,data/soco/socofing/train/Altered/Altered-Hard/46__M_Left_thumb_finger_Zcut.BMP
calibration,1,Medium-CR,data/soco/socofing/train/Real/25__F_Right_middle_finger.BMP,data/soco/socofing/val/Altered/Altered-Medium/25__F_Right_middle_finger_CR.BMP
calibration,1,Medium-Obl,data/soco/socofing/train/Real/451__M_Left_thumb_finger.BMP,data/soco/socofing/train/Altered/Altered-Medium/451__M_Left_thumb_finger_Obl.BMP
calibration,1,Hard-Obl,data/soco/socofing/train/Real/260__M_Right_ring_finger.BMP,data/soco/socofing/train/Altered/Altered-Hard/260__M_Right_ring_finger_Obl.BMP
calibration,1,Hard-Obl,data/soco/socofing/train/Real/576__M_Left_ring_finger.BMP,data/soco/socofing/train/Altered/Altered-Hard/576__M_Left_ring_finger_Obl.BMP
calibration,1,Hard-Obl,data/soco/socofing/train/Real/385__M_Right_middle_finger.BMP,data/soco/socofing/train/Altered/Altered-Hard/385__M_Right_middle_finger_Obl.BMP
calibration,1,Easy-CR,data/soco/socofing/train/Real/231__M_Right_thumb_finger.BMP,data/soco/socofing/train/Altered/Altered-Easy/231__M_Right_thumb_finger_CR.BMP
calibration,1,Medium-CR,data/soco/socofing/train/Real/244__M_Left_thumb_finger.BMP,data/soco/socofing/train/Altered/Altered-Medium/244__M_Left_thumb_finger_CR.BMP
calibration,1,Medium-CR,data/soco/socofing/train/Real/502__F_Right_index_finger.BMP,data/soco/socofing/train/Altered/Altered-Medium/502__F_Right_index_finger_CR.BMP
calibration,1,Easy-Zcut,data/soco/socofing/train/Real/139__M_Right_ring_finger.BMP,data/soco/socofing/train/Altered/Altered-Easy/139__M_Right_ring_finger_Zcut.BMP
calibration,1,Medium-CR,data/soco/socofing/train/Real/210__M_Right_ring_finger.BMP,data/soco/socofing/train/Altered/Altered-Medium/210__M_Right_ring_finger_CR.BMP
calibration,1,Medium-CR,data/soco/socofing/train/Real/161__F_Left_thumb_finger.BMP,data/soco/socofing/train/Altered/Altered-Medium/161__F_Left_thumb_finger_CR.BMP
calibration,1,Hard-CR,data/soco/socofing/train/Real/236__M_Left_little_finger.BMP,data/soco/socofing/train/Altered/Altered-Hard/236__M_Left_little_finger_CR.BMP
calibration,1,Easy-Zcut,data/soco/socofing/train/Real/224__M_Left_ring_finger.BMP,data/soco/socofing/train/Altered/Altered-Easy/224__M_Left_ring_finger_Zcut.BMP
calibration,1,Hard-Obl,data/soco/socofing/train/Real/158__M_Left_middle_finger.BMP,data/soco/socofing/train/Altered/Altered-Hard/158__M_Left_middle_finger_Obl.BMP
calibration,1,Easy-CR,data/soco/socofing/train/Real/209__F_Right_little_finger.BMP,data/soco/socofing/train/Altered/Altered-Easy/209__F_Right_little_finger_CR.BMP
calibration,1,Easy-Zcut,data/soco/socofing/train/Real/539__F_Left_middle_finger.BMP,data/soco/socofing/train/Altered/Altered-Easy/539__F_Left_middle_finger_Zcut.BMP
calibration,1,Easy-CR,data/soco/socofing/train/Real/281__M_Left_middle_finger.BMP,data/soco/socofing/test/Altered/Altered-Easy/281__M_Left_middle_finger_CR.BMP
calibration,1,Medium-Obl,data/soco/socofing/train/Real/257__M_Right_thumb_finger.BMP,data/soco/socofing/train/Altered/Altered-Medium/257__M_Right_thumb_finger_Obl.BMP
calibration,1,Hard-CR,data/soco/socofing/train/Real/413__M_Left_index_finger.BMP,data/soco/socofing/train/Altered/Altered-Hard/413__M_Left_index_finger_CR.BMP
calibration,1,Medium-Zcut,data/soco/socofing/train/Real/550__F_Right_little_finger.BMP,data/soco/socofing/train/Altered/Altered-Medium/550__F_Right_little_finger_Zcut.BMP
calibration,1,Medium-CR,data/soco/socofing/train/Real/423__M_Left_thumb_finger.BMP,data/soco/socofing/train/Altered/Altered-Medium/423__M_Left_thumb_finger_CR.BMP
calibration,1,Hard-Zcut,data/soco/socofing/train/Real/423__M_Right_index_finger.BMP,data/soco/socofing/train/Altered/Altered-Hard/423__M_Right_index_finger_Zcut.BMP
calibration,1,Hard-Zcut,data/soco/socofing/train/Real/286__M_Right_index_finger.BMP,data/soco/socofing/train/Altered/Altered-Hard/286__M_Right_index_finger_Zcut.BMP
calibration,1,Easy-Zcut,data/soco/socofing/val/Real/391__M_Right_middle_finger.BMP,data/soco/socofing/train/Altered/Altered-Easy/391__M_Right_middle_finger_Zcut.BMP
calibration,1,Easy-Obl,data/soco/socofing/train/Real/165__M_Right_middle_finger.BMP,data/soco/socofing/train/Altered/Altered-Easy/165__M_Right_middle_finger_Obl.BMP
calibration,1,Hard-Obl,data/soco/socofing/train/Real/180__F_Right_middle_finger.BMP,data/soco/socofing/train/Altered/Altered-Hard/180__F_Right_middle_finger_Obl.BMP
calibration,1,Hard-CR,data/soco/socofing/train/Real/191__F_Right_index_finger.BMP,data/soco/socofing/train/Altered/Altered-Hard/191__F_Right_index_finger_CR.BMP
calibration,1,Easy-Zcut,data/soco/socofing/train/Real/493__M_Right_little_finger.BMP,data/soco/socofing/val/Altered/Altered-Easy/493__M_Right_little_finger_Zcut.BMP
calibration,1,Hard-Obl,data/soco/socofing/train/Real/191__F_Left_little_finger.BMP,data/soco/socofing/train/Altered/Altered-Hard/191__F_Left_little_finger_Obl.BMP
calibration,1,Easy-Obl,data/soco/socofing/train/Real/267__M_Right_middle_finger.BMP,data/soco/socofing/train/Altered/Altered-Easy/267__M_Right_middle_finger_Obl.BMP
calibration,1,Easy-Zcut,data/soco/socofing/train/Real/162__M_Right_thumb_finger.BMP,data/soco/socofing/train/Altered/Altered-Easy/162__M_Right_thumb_finger_Zcut.BMP
calibration,1,Hard-Obl,data/soco/socofing/train/Real/222__M_Right_middle_finger.BMP,data/soco/socofing/train/Altered/Altered-Hard/222__M_Right_middle_finger_Obl.BMP
calibration,1,Medium-Zcut,data/soco/socofing/train/Real/590__M_Right_middle_finger.BMP,data/soco/socofing/train/Altered/Altered-Medium/590__M_Right_middle_finger_Zcut.BMP
calibration,1,Medium-Obl,data/soco/socofing/train/Real/208__M_Right_ring_finger.BMP,data/soco/socofing/train/Altered/Altered-Medium/208__M_Right_ring_finger_Obl.BMP
calibration,1,Hard-Zcut,data/soco/socofing/train/Real/79__M_Right_index_finger.BMP,data/soco/socofing/test/Altered/Altered-Hard/79__M_Right_index_finger_Zcut.BMP
calibration,1,Hard-Zcut,data/soco/socofing/train/Real/198__M_Left_thumb_finger.BMP,data/soco/socofing/train/Altered/Altered-Hard/198__M_Left_thumb_finger_Zcut.BMP
calibration,1,Medium-Obl,data/soco/socofing/val/Real/343__M_Left_little_finger.BMP,data/soco/socofing/train/Altered/Altered-Medium/343__M_Left_little_finger_Obl.BMP
calibration,1,Easy-CR,data/soco/socofing/val/Real/224__M_Left_thumb_finger.BMP,data/soco/socofing/train/Altered/Altered-Easy/224__M_Left_thumb_finger_CR.BMP
calibration,1,Medium-Obl,data/soco/socofing/test/Real/18__M_Left_middle_finger.BMP,data/soco/socofing/test/Altered/Altered-Medium/18__M_Left_middle_finger_Obl.BMP
calibration,1,Easy-CR,data/soco/socofing/train/Real/510__M_Right_thumb_finger.BMP,data/soco/socofing/train/Altered/Altered-Easy/510__M_Right_thumb_finger_CR.BMP
calibration,1,Medium-Zcut,data/soco/socofing/val/Real/397__M_Left_middle_finger.BMP,data/soco/socofing/train/Altered/Altered-Medium/397__M_Left_middle_finger_Zcut.BMP
calibration,1,Easy-CR,data/soco/socofing/train/Real/138__M_Right_index_finger.BMP,data/soco/socofing/test/Altered/Altered-Easy/138__M_Right_index_finger_CR.BMP
calibration,1,Medium-Zcut,data/soco/socofing/train/Real/341__M_Right_thumb_finger.BMP,data/soco/socofing/train/Altered/Altered-Medium/341__M_Right_thumb_finger_Zcut.BMP
calibration,1,Hard-Obl,data/soco/socofing/train/Real/577__M_Right_thumb_finger.BMP,data/soco/socofing/train/Altered/Altered-Hard/577__M_Right_thumb_finger_Obl.BMP
calibration,1,Medium-Zcut,data/soco/socofing/train/Real/373__M_Right_ring_finger.BMP,data/soco/socofing/train/Altered/Altered-Medium/373__M_Right_ring_finger_Zcut.BMP
calibration,1,Medium-CR,data/soco/socofing/train/Real/157__M_Left_little_finger.BMP,data/soco/socofing/train/Altered/Altered-Medium/157__M_Left_little_finger_CR.BMP
calibration,1,Easy-Zcut,data/soco/socofing/test/Real/281__M_Right_little_finger.BMP,data/soco/socofing/train/Altered/Altered-Easy/281__M_Right_little_finger_Zcut.BMP
calibration,1,Medium-Obl,data/soco/socofing/train/Real/68__M_Right_index_finger.BMP,data/soco/socofing/test/Altered/Altered-Medium/68__M_Right_index_finger_Obl.BMP
calibration,1,Hard-CR,data/soco/socofing/val/Real/591__M_Left_ring_finger.BMP,data/soco/socofing/val/Altered/Altered-Hard/591__M_Left_ring_finger_CR.BMP
calibration,1,Hard-Obl,data/soco/socofing/train/Real/150__M_Right_middle_finger.BMP,data/soco/socofing/train/Altered/Altered-Hard/150__M_Right_middle_finger_Obl.BMP
calibration,1,Hard-CR,data/soco/socofing/train/Real/132__M_Right_little_finger.BMP,data/soco/socofing/val/Altered/Altered-Hard/132__M_Right_little_finger_CR.BMP
calibration,1,Hard-Obl,data/soco/socofing/train/Real/367__M_Left_little_finger.BMP,data/soco/socofing/train/Altered/Altered-Hard/367__M_Left_little_finger_Obl.BMP
calibration,1,Easy-Obl,data/soco/socofing/train/Real/508__F_Right_thumb_finger.BMP,data/soco/socofing/train/Altered/Altered-Easy/508__F_Right_thumb_finger_Obl.BMP
calibration,1,Hard-Zcut,data/soco/socofing/train/Real/458__M_Left_thumb_finger.BMP,data/soco/socofing/test/Altered/Altered-Hard/458__M_Left_thumb_finger_Zcut.BMP
calibration,1,Easy-Obl,data/soco/socofing/train/Real/167__M_Right_thumb_finger.BMP,data/soco/socofing/train/Altered/Altered-Easy/167__M_Right_thumb_finger_Obl.BMP
calibration,1,Medium-Obl,data/soco/socofing/test/Real/280__M_Right_ring_finger.BMP,data/soco/socofing/train/Altered/Altered-Medium/280__M_Right_ring_finger_Obl.BMP
calibration,1,Hard-Zcut,data/soco/socofing/train/Real/30__F_Left_index_finger.BMP,data/soco/socofing/val/Altered/Altered-Hard/30__F_Left_index_finger_Zcut.BMP
calibration,1,Easy-CR,data/soco/socofing/train/Real/131__M_Right_index_finger.BMP,data/soco/socofing/train/Altered/Altered-Easy/131__M_Right_index_finger_CR.BMP
calibration,1,Medium-Obl,data/soco/socofing/train/Real/198__M_Right_thumb_finger.BMP,data/soco/socofing/train/Altered/Altered-Medium/198__M_Right_thumb_finger_Obl.BMP
calibration,1,Hard-Obl,data/soco/socofing/train/Real/480__M_Right_little_finger.BMP,data/soco/socofing/train/Altered/Altered-Hard/480__M_Right_little_finger_Obl.BMP
calibration,1,Easy-Zcut,data/soco/socofing/train/Real/590__M_Left_index_finger.BMP,data/soco/socofing/val/Altered/Altered-Easy/590__M_Left_index_finger_Zcut.BMP
calibration,1,Easy-CR,data/soco/socofing/val/Real/200__M_Right_ring_finger.BMP,data/soco/socofing/train/Altered/Altered-Easy/200__M_Right_ring_finger_CR.BMP
calibration,1,Easy-CR,data/soco/socofing/train/Real/408__M_Right_index_finger.BMP,data/soco/socofing/train/Altered/Altered-Easy/408__M_Right_index_finger_CR.BMP
calibration,1,Easy-Obl,data/soco/socofing/train/Real/270__M_Left_thumb_finger.BMP,data/soco/socofing/train/Altered/Altered-Easy/270__M_Left_thumb_finger_Obl.BMP
calibration,1,Hard-Obl,data/soco/socofing/train/Real/395__M_Right_thumb_finger.BMP,data/soco/socofing/train/Altered/Altered-Hard/395__M_Right_thumb_finger_Obl.BMP
calibration,1,Easy-Obl,data/soco/socofing/train/Real/378__F_Left_middle_finger.BMP,data/soco/socofing/train/Altered/Altered-Easy/378__F_Left_middle_finger_Obl.BMP
calibration,1,Easy-Obl,data/soco/socofing/train/Real/165__M_Right_thumb_finger.BMP,data/soco/socofing/train/Altered/Altered-Easy/165__M_Right_thumb_finger_Obl.BMP
calibration,1,Easy-CR,data/soco/socofing/train/Real/444__M_Right_middle_finger.BMP,data/soco/socofing/val/Altered/Altered-Easy/444__M_Right_middle_finger_CR.BMP
calibration,1,Medium-Zcut,data/soco/socofing/train/Real/421__F_Left_index_finger.BMP,data/soco/socofing/train/Altered/Altered-Medium/421__F_Left_index_finger_Zcut.BMP
calibration,1,Medium-CR,data/soco/socofing/val/Real/444__M_Left_little_finger.BMP,data/soco/socofing/val/Altered/Altered-Medium/444__M_Left_little_finger_CR.BMP
calibration,1,Easy-Zcut,data/soco/socofing/train/Real/583__M_Right_little_finger.BMP,data/soco/socofing/train/Altered/Altered-Easy/583__M_Right_little_finger_Zcut.BMP
calibration,1,Easy-Zcut,data/soco/socofing/test/Real/299__M_Left_ring_finger.BMP,data/soco/socofing/train/Altered/Altered-Easy/299__M_Left_ring_finger_Zcut.BMP
calibration,1,Easy-CR,data/soco/socofing/train/Real/233__M_Right_middle_finger.BMP,data/soco/socofing/train/Altered/Altered-Easy/233__M_Right_middle_finger_CR.BMP
calibration,1,Easy-Zcut,data/soco/socofing/train/Real/5__M_Right_middle_finger.BMP,data/soco/socofing/train/Altered/Altered-Easy/5__M_Right_middle_finger_Zcut.BMP
calibration,1,Medium-Obl,data/soco/socofing/train/Real/570__M_Left_middle_finger.BMP,data/soco/socofing/train/Altered/Altered-Medium/570__M_Left_middle_finger_Obl.BMP
calibration,1,Easy-Obl,data/soco/socofing/train/Real/401__M_Right_thumb_finger.BMP,data/soco/socofing/val/Altered/Altered-Easy/401__M_Right_thumb_finger_Obl.BMP
calibration,1,Easy-CR,data/soco/socofing/test/Real/159__M_Right_index_finger.BMP,data/soco/socofing/train/Altered/Altered-Easy/159__M_Right_index_finger_CR.BMP
calibration,1,Easy-Obl,data/soco/socofing/test/Real/587__M_Right_middle_finger.BMP,data/soco/socofing/train/Altered/Altered-Easy/587__M_Right_middle_finger_Obl.BMP
calibration,1,Easy-Obl,data/soco/socofing/train/Real/449__F_Right_little_finger.BMP,data/soco/socofing/train/Altered/Altered-Easy/449__F_Right_little_finger_Obl.BMP
calibration,1,Hard-Obl,data/soco/socofing/train/Real/366__M_Left_ring_finger.BMP,data/soco/socofing/train/Altered/Altered-Hard/366__M_Left_ring_finger_Obl.BMP
calibration,1,Hard-CR,data/soco/socofing/val/Real/431__M_Left_little_finger.BMP,data/soco/socofing/train/Altered/Altered-Hard/431__M_Left_little_finger_CR.BMP
calibration,1,Medium-Obl,data/soco/socofing/train/Real/70__M_Right_ring_finger.BMP,data/soco/socofing/train/Altered/Altered-Medium/70__M_Right_ring_finger_Obl.BMP
calibration,1,Easy-CR,data/soco/socofing/train/Real/348__F_Left_little_finger.BMP,data/soco/socofing/train/Altered/Altered-Easy/348__F_Left_little_finger_CR.BMP
calibration,1,Hard-Obl,data/soco/socofing/train/Real/446__M_Left_little_finger.BMP,data/soco/socofing/train/Altered/Altered-Hard/446__M_Left_little_finger_Obl.BMP
calibration,1,Medium-Zcut,data/soco/socofing/train/Real/333__M_Right_middle_finger.BMP,data/soco/socofing/train/Altered/Altered-Medium/333__M_Right_middle_finger_Zcut.BMP
calibration,1,Medium-Obl,data/soco/socofing/train/Real/218__M_Right_thumb_finger.BMP,data/soco/socofing/train/Altered/Altered-Medium/218__M_Right_thumb_finger_Obl.BMP
calibration,1,Hard-Obl,data/soco/socofing/train/Real/224__M_Right_index_finger.BMP,data/soco/socofing/train/Altered/Altered-Hard/224__M_Right_index_finger_Obl.BMP
calibration,1,Easy-Obl,data/soco/socofing/train/Real/577__M_Right_thumb_finger.BMP,data/soco/socofing/test/Altered/Altered-Easy/577__M_Right_thumb_finger_Obl.BMP
calibration,1,Medium-Obl,data/soco/socofing/train/Real/370__M_Left_middle_finger.BMP,data/soco/socofing/train/Altered/Altered-Medium/370__M_Left_middle_finger_Obl.BMP
calibration,1,Easy-Zcut,data/soco/socofing/train/Real/378__F_Right_ring_finger.BMP,data/soco/socofing/test/Altered/Altered-Easy/378__F_Right_ring_finger_Zcut.BMP
calibration,1,Easy-Obl,data/soco/socofing/train/Real/10__M_Right_thumb_finger.BMP,data/soco/socofing/val/Altered/Altered-Easy/10__M_Right_thumb_finger_Obl.BMP
calibration,1,Medium-Obl,data/soco/socofing/train/Real/270__M_Right_middle_finger.BMP,data/soco/socofing/train/Altered/Altered-Medium/270__M_Right_middle_finger_Obl.BMP
calibration,1,Hard-CR,data/soco/socofing/train/Real/219__M_Right_index_finger.BMP,data/soco/socofing/val/Altered/Altered-Hard/219__M_Right_index_finger_CR.BMP
calibration,1,Medium-CR,data/soco/socofing/train/Real/469__M_Right_index_finger.BMP,data/soco/socofing/train/Altered/Altered-Medium/469__M_Right_index_finger_CR.BMP
calibration,1,Medium-Obl,data/soco/socofing/train/Real/415__M_Right_middle_finger.BMP,data/soco/socofing/train/Altered/Altered-Medium/415__M_Right_middle_finger_Obl.BMP
calibration,1,Medium-CR,data/soco/socofing/train/Real/514__F_Right_little_finger.BMP,data/soco/socofing/train/Altered/Altered-Medium/514__F_Right_little_finger_CR.BMP
calibration,1,Hard-CR,data/soco/socofing/test/Real/262__M_Right_little_finger.BMP,data/soco/socofing/val/Altered/Altered-Hard/262__M_Right_little_finger_CR.BMP
calibration,1,Easy-Zcut,data/soco/socofing/train/Real/576__M_Right_little_finger.BMP,data/soco/socofing/train/Altered/Altered-Easy/576__M_Right_little_finger_Zcut.BMP
calibration,1,Hard-Zcut,data/soco/socofing/train/Real/551__F_Right_ring_finger.BMP,data/soco/socofing/train/Altered/Altered-Hard/551__F_Right_ring_finger_Zcut.BMP
calibration,1,Medium-Zcut,data/soco/socofing/train/Real/69__M_Right_little_finger.BMP,data/soco/socofing/train/Altered/Altered-Medium/69__M_Right_little_finger_Zcut.BMP
calibration,1,Easy-Zcut,data/soco/socofing/train/Real/34__M_Left_index_finger.BMP,data/soco/socofing/train/Altered/Altered-Easy/34__M_Left_index_finger_Zcut.BMP
calibration,1,Medium-Obl,data/soco/socofing/train/Real/29__F_Right_thumb_finger.BMP,data/soco/socofing/train/Altered/Altered-Medium/29__F_Right_thumb_finger_Obl.BMP
calibration,1,Easy-Zcut,data/soco/socofing/train/Real/541__M_Left_index_finger.BMP,data/soco/socofing/test/Altered/Altered-Easy/541__M_Left_index_finger_Zcut.BMP
calibration,1,Hard-Obl,data/soco/socofing/val/Real/368__M_Left_ring_finger.BMP,data/soco/socofing/train/Altered/Altered-Hard/368__M_Left_ring_finger_Obl.BMP
calibration,1,Easy-Obl,data/soco/socofing/test/Real/11__M_Right_middle_finger.BMP,data/soco/socofing/train/Altered/Altered-Easy/11__M_Right_middle_finger_Obl.BMP
calibration,1,Easy-Zcut,data/soco/socofing/train/Real/303__F_Left_middle_finger.BMP,data/soco/socofing/train/Altered/Altered-Easy/303__F_Left_middle_finger_Zcut.BMP
calibration,1,Medium-Zcut,data/soco/socofing/train/Real/366__M_Right_thumb_finger.BMP,data/soco/socofing/train/Altered/Altered-Medium/366__M_Right_thumb_finger_Zcut.BMP
calibration,1,Medium-Obl,data/soco/socofing/train/Real/577__M_Right_thumb_finger.BMP,data/soco/socofing/train/Altered/Altered-Medium/577__M_Right_thumb_finger_Obl.BMP
calibration,1,Hard-Obl,data/soco/socofing/train/Real/286__M_Left_thumb_finger.BMP,data/soco/socofing/train/Altered/Altered-Hard/286__M_Left_thumb_finger_Obl.BMP
calibration,1,Hard-Obl,data/soco/socofing/train/Real/433__M_Left_thumb_finger.BMP,data/soco/socofing/train/Altered/Altered-Hard/433__M_Left_thumb_finger_Obl.BMP
calibration,1,Hard-Obl,data/soco/socofing/train/Real/36__M_Right_index_finger.BMP,data/soco/socofing/val/Altered/Altered-Hard/36__M_Right_index_finger_Obl.BMP
calibration,1,Medium-Obl,data/soco/socofing/train/Real/4__M_Right_index_finger.BMP,data/soco/socofing/train/Altered/Altered-Medium/4__M_Right_index_finger_Obl.BMP
calibration,1,Easy-Obl,data/soco/socofing/train/Real/458__M_Right_ring_finger.BMP,data/soco/socofing/train/Altered/Altered-Easy/458__M_Right_ring_finger_Obl.BMP
calibration,1,Easy-Zcut,data/soco/socofing/train/Real/541__M_Left_middle_finger.BMP,data/soco/socofing/train/Altered/Altered-Easy/541__M_Left_middle_finger_Zcut.BMP
calibration,1,Hard-Zcut,data/soco/socofing/train/Real/372__M_Right_middle_finger.BMP,data/soco/socofing/val/Altered/Altered-Hard/372__M_Right_middle_finger_Zcut.BMP
calibration,1,Easy-Zcut,data/soco/socofing/val/Real/233__M_Right_index_finger.BMP,data/soco/socofing/train/Altered/Altered-Easy/233__M_Right_index_finger_Zcut.BMP
calibration,1,Hard-Obl,data/soco/socofing/train/Real/56__F_Left_ring_finger.BMP,data/soco/socofing/test/Altered/Altered-Hard/56__F_Left_ring_finger_Obl.BMP
calibration,1,Easy-Zcut,data/soco/socofing/train/Real/34__M_Left_little_finger.BMP,data/soco/socofing/train/Altered/Altered-Easy/34__M_Left_little_finger_Zcut.BMP
calibration,1,Easy-Zcut,data/soco/socofing/train/Real/301__F_Left_middle_finger.BMP,data/soco/socofing/train/Altered/Altered-Easy/301__F_Left_middle_finger_Zcut.BMP
calibration,1,Easy-CR,data/soco/socofing/train/Real/55__M_Right_thumb_finger.BMP,data/soco/socofing/test/Altered/Altered-Easy/55__M_Right_thumb_finger_CR.BMP
calibration,1,Hard-CR,data/soco/socofing/val/Real/323__M_Left_index_finger.BMP,data/soco/socofing/train/Altered/Altered-Hard/323__M_Left_index_finger_CR.BMP
calibration,1,Easy-Obl,data/soco/socofing/train/Real/539__F_Left_ring_finger.BMP,data/soco/socofing/train/Altered/Altered-Easy/539__F_Left_ring_finger_Obl.BMP
calibration,1,Easy-Zcut,data/soco/socofing/val/Real/280__M_Right_little_finger.BMP,data/soco/socofing/train/Altered/Altered-Easy/280__M_Right_little_finger_Zcut.BMP
calibration,1,Easy-Obl,data/soco/socofing/val/Real/151__M_Left_middle_finger.BMP,data/soco/socofing/train/Altered/Altered-Easy/151__M_Left_middle_finger_Obl.BMP
calibration,1,Easy-Zcut,data/soco/socofing/val/Real/110__F_Right_index_finger.BMP,data/soco/socofing/val/Altered/Altered-Easy/110__F_Right_index_finger_Zcut.BMP
calibration,1,Medium-Obl,data/soco/socofing/train/Real/209__F_Left_middle_finger.BMP,data/soco/socofing/test/Altered/Altered-Medium/209__F_Left_middle_finger_Obl.BMP
calibration,1,Easy-CR,data/soco/socofing/val/Real/23__M_Right_index_finger.BMP,data/soco/socofing/train/Altered/Altered-Easy/23__M_Right_index_finger_CR.BMP
calibration,1,Hard-Obl,data/soco/socofing/train/Real/149__F_Left_middle_finger.BMP,data/soco/socofing/train/Altered/Altered-Hard/149__F_Left_middle_finger_Obl.BMP
calibration,1,Easy-CR,data/soco/socofing/train/Real/272__M_Right_little_finger.BMP,data/soco/socofing/train/Altered/Altered-Easy/272__M_Right_little_finger_CR.BMP
calibration,1,Medium-CR,data/soco/socofing/train/Real/570__M_Right_middle_finger.BMP,data/soco/socofing/val/Altered/Altered-Medium/570__M_Right_middle_finger_CR.BMP
calibration,1,Easy-Zcut,data/soco/socofing/train/Real/446__M_Right_index_finger.BMP,data/soco/socofing/train/Altered/Altered-Easy/446__M_Right_index_finger_Zcut.BMP
calibration,1,Hard-CR,data/soco/socofing/train/Real/331__M_Right_middle_finger.BMP,data/soco/socofing/train/Altered/Altered-Hard/331__M_Right_middle_finger_CR.BMP
calibration,1,Medium-CR,data/soco/socofing/val/Real/116__M_Right_thumb_finger.BMP,data/soco/socofing/train/Altered/Altered-Medium/116__M_Right_thumb_finger_CR.BMP
calibration,1,Medium-Zcut,data/soco/socofing/val/Real/319__M_Left_ring_finger.BMP,data/soco/socofing/train/Altered/Altered-Medium/319__M_Left_ring_finger_Zcut.BMP
calibration,1,Medium-Zcut,data/soco/socofing/train/Real/510__M_Left_little_finger.BMP,data/soco/socofing/test/Altered/Altered-Medium/510__M_Left_little_finger_Zcut.BMP
calibration,1,Easy-CR,data/soco/socofing/test/Real/219__M_Left_index_finger.BMP,data/soco/socofing/train/Altered/Altered-Easy/219__M_Left_index_finger_CR.BMP
calibration,1,Medium-Zcut,data/soco/socofing/train/Real/240__F_Left_thumb_finger.BMP,data/soco/socofing/train/Altered/Altered-Medium/240__F_Left_thumb_finger_Zcut.BMP
calibration,1,Hard-Obl,data/soco/socofing/train/Real/168__M_Right_little_finger.BMP,data/soco/socofing/test/Altered/Altered-Hard/168__M_Right_little_finger_Obl.BMP
calibration,1,Medium-CR,data/soco/socofing/train/Real/181__M_Right_little_finger.BMP,data/soco/socofing/test/Altered/Altered-Medium/181__M_Right_little_finger_CR.BMP
calibration,1,Medium-CR,data/soco/socofing/train/Real/434__M_Right_ring_finger.BMP,data/soco/socofing/val/Altered/Altered-Medium/434__M_Right_ring_finger_CR.BMP
calibration,1,Easy-Obl,data/soco/socofing/train/Real/306__M_Right_thumb_finger.BMP,data/soco/socofing/test/Altered/Altered-Easy/306__M_Right_thumb_finger_Obl.BMP
calibration,1,Medium-Zcut,data/soco/socofing/test/Real/116__M_Left_middle_finger.BMP,data/soco/socofing/train/Altered/Altered-Medium/116__M_Left_middle_finger_Zcut.BMP
calibration,1,Hard-Obl,data/soco/socofing/train/Real/99__M_Left_ring_finger.BMP,data/soco/socofing/train/Altered/Altered-Hard/99__M_Left_ring_finger_Obl.BMP
calibration,1,Hard-Obl,data/soco/socofing/train/Real/38__M_Right_thumb_finger.BMP,data/soco/socofing/train/Altered/Altered-Hard/38__M_Right_thumb_finger_Obl.BMP
calibration,1,Easy-Zcut,data/soco/socofing/train/Real/146__M_Left_index_finger.BMP,data/soco/socofing/train/Altered/Altered-Easy/146__M_Left_index_finger_Zcut.BMP
calibration,1,Medium-Zcut,data/soco/socofing/train/Real/228__M_Right_little_finger.BMP,data/soco/socofing/train/Altered/Altered-Medium/228__M_Right_little_finger_Zcut.BMP
calibration,1,Medium-Obl,data/soco/socofing/train/Real/192__M_Left_ring_finger.BMP,data/soco/socofing/train/Altered/Altered-Medium/192__M_Left_ring_finger_Obl.BMP
calibration,1,Medium-Zcut,data/soco/socofing/train/Real/581__F_Right_ring_finger.BMP,data/soco/socofing/train/Altered/Altered-Medium/581__F_Right_ring_finger_Zcut.BMP
calibration,1,Easy-CR,data/soco/socofing/train/Real/23__M_Left_index_finger.BMP,data/soco/socofing/train/Altered/Altered-Easy/23__M_Left_index_finger_CR.BMP
calibration,1,Hard-CR,data/soco/socofing/val/Real/10__M_Left_index_finger.BMP,data/soco/socofing/val/Altered/Altered-Hard/10__M_Left_index_finger_CR.BMP
calibration,1,Easy-Zcut,data/soco/socofing/train/Real/479__F_Left_little_finger.BMP,data/soco/socofing/train/Altered/Altered-Easy/479__F_Left_little_finger_Zcut.BMP
calibration,1,Easy-Obl,data/soco/socofing/train/Real/30__F_Right_ring_finger.BMP,data/soco/socofing/train/Altered/Altered-Easy/30__F_Right_ring_finger_Obl.BMP
calibration,1,Medium-Obl,data/soco/socofing/train/Real/444__M_Right_index_finger.BMP,data/soco/socofing/train/Altered/Altered-Medium/444__M_Right_index_finger_Obl.BMP
calibration,1,Medium-CR,data/soco/socofing/train/Real/434__M_Left_index_finger.BMP,data/soco/socofing/train/Altered/Altered-Medium/434__M_Left_index_finger_CR.BMP
calibration,1,Medium-Zcut,data/soco/socofing/train/Real/232__M_Right_little_finger.BMP,data/soco/socofing/train/Altered/Altered-Medium/232__M_Right_little_finger_Zcut.BMP
calibration,1,Medium-Obl,data/soco/socofing/train/Real/210__M_Left_ring_finger.BMP,data/soco/socofing/test/Altered/Altered-Medium/210__M_Left_ring_finger_Obl.BMP
calibration,1,Easy-Obl,data/soco/socofing/test/Real/262__M_Right_little_finger.BMP,data/soco/socofing/train/Altered/Altered-Easy/262__M_Right_little_finger_Obl.BMP
calibration,1,Hard-CR,data/soco/socofing/train/Real/207__M_Left_middle_finger.BMP,data/soco/socofing/train/Altered/Altered-Hard/207__M_Left_middle_finger_CR.BMP
calibration,1,Easy-Zcut,data/soco/socofing/train/Real/419__F_Right_index_finger.BMP,data/soco/socofing/train/Altered/Altered-Easy/419__F_Right_index_finger_Zcut.BMP
calibration,1,Hard-CR,data/soco/socofing/train/Real/146__M_Left_index_finger.BMP,data/soco/socofing/train/Altered/Altered-Hard/146__M_Left_index_finger_CR.BMP
calibration,1,Easy-Zcut,data/soco/socofing/train/Real/346__M_Right_little_finger.BMP,data/soco/socofing/val/Altered/Altered-Easy/346__M_Right_little_finger_Zcut.BMP
calibration,1,Hard-Obl,data/soco/socofing/train/Real/599__M_Right_middle_finger.BMP,data/soco/socofing/train/Altered/Altered-Hard/599__M_Right_middle_finger_Obl.BMP
calibration,1,Hard-Obl,data/soco/socofing/train/Real/395__M_Left_little_finger.BMP,data/soco/socofing/train/Altered/Altered-Hard/395__M_Left_little_finger_Obl.BMP
calibration,1,Hard-CR,data/soco/socofing/train/Real/233__M_Left_thumb_finger.BMP,data/soco/socofing/train/Altered/Altered-Hard/233__M_Left_thumb_finger_CR.BMP
calibration,1,Hard-Obl,data/soco/socofing/train/Real/598__M_Right_middle_finger.BMP,data/soco/socofing/train/Altered/Altered-Hard/598__M_Right_middle_finger_Obl.BMP
calibration,1,Medium-Zcut,data/soco/socofing/train/Real/561__M_Left_little_finger.BMP,data/soco/socofing/train/Altered/Altered-Medium/561__M_Left_little_finger_Zcut.BMP
calibration,1,Hard-Obl,data/soco/socofing/train/Real/181__M_Right_thumb_finger.BMP,data/soco/socofing/train/Altered/Altered-Hard/181__M_Right_thumb_finger_Obl.BMP
calibration,1,Medium-Zcut,data/soco/socofing/train/Real/158__M_Left_little_finger.BMP,data/soco/socofing/train/Altered/Altered-Medium/158__M_Left_little_finger_Zcut.BMP
calibration,1,Hard-CR,data/soco/socofing/train/Real/152__M_Right_index_finger.BMP,data/soco/socofing/train/Altered/Altered-Hard/152__M_Right_index_finger_CR.BMP
calibration,1,Medium-CR,data/soco/socofing/train/Real/467__M_Left_middle_finger.BMP,data/soco/socofing/train/Altered/Altered-Medium/467__M_Left_middle_finger_CR.BMP
calibration,1,Hard-Zcut,data/soco/socofing/train/Real/149__F_Right_middle_finger.BMP,data/soco/socofing/train/Altered/Altered-Hard/149__F_Right_middle_finger_Zcut.BMP
calibration,1,Easy-Obl,data/soco/socofing/train/Real/401__M_Left_index_finger.BMP,data/soco/socofing/train/Altered/Altered-Easy/401__M_Left_index_finger_Obl.BMP
calibration,1,Medium-Obl,data/soco/socofing/train/Real/590__M_Right_index_finger.BMP,data/soco/socofing/train/Altered/Altered-Medium/590__M_Right_index_finger_Obl.BMP
calibration,1,Medium-Obl,data/soco/socofing/train/Real/340__M_Left_index_finger.BMP,data/soco/socofing/train/Altered/Altered-Medium/340__M_Left_index_finger_Obl.BMP
calibration,1,Easy-Zcut,data/soco/socofing/train/Real/150__M_Right_thumb_finger.BMP,data/soco/socofing/train/Altered/Altered-Easy/150__M_Right_thumb_finger_Zcut.BMP
calibration,1,Medium-CR,data/soco/socofing/val/Real/587__M_Right_index_finger.BMP,data/soco/socofing/train/Altered/Altered-Medium/587__M_Right_index_finger_CR.BMP
calibration,1,Hard-CR,data/soco/socofing/val/Real/427__M_Left_little_finger.BMP,data/soco/socofing/test/Altered/Altered-Hard/427__M_Left_little_finger_CR.BMP
calibration,1,Medium-CR,data/soco/socofing/train/Real/494__F_Right_thumb_finger.BMP,data/soco/socofing/test/Altered/Altered-Medium/494__F_Right_thumb_finger_CR.BMP
calibration,1,Easy-Zcut,data/soco/socofing/train/Real/484__M_Right_index_finger.BMP,data/soco/socofing/train/Altered/Altered-Easy/484__M_Right_index_finger_Zcut.BMP
calibration,1,Easy-Obl,data/soco/socofing/val/Real/339__M_Right_ring_finger.BMP,data/soco/socofing/train/Altered/Altered-Easy/339__M_Right_ring_finger_Obl.BMP
calibration,1,Medium-Zcut,data/soco/socofing/train/Real/2__F_Right_index_finger.BMP,data/soco/socofing/train/Altered/Altered-Medium/2__F_Right_index_finger_Zcut.BMP
calibration,1,Medium-Obl,data/soco/socofing/val/Real/286__M_Left_little_finger.BMP,data/soco/socofing/train/Altered/Altered-Medium/286__M_Left_little_finger_Obl.BMP
calibration,1,Easy-Zcut,data/soco/socofing/train/Real/366__M_Right_middle_finger.BMP,data/soco/socofing/train/Altered/Altered-Easy/366__M_Right_middle_finger_Zcut.BMP
calibration,1,Hard-Zcut,data/soco/socofing/train/Real/433__M_Right_thumb_finger.BMP,data/soco/socofing/train/Altered/Altered-Hard/433__M_Right_thumb_finger_Zcut.BMP
calibration,1,Easy-Obl,data/soco/socofing/train/Real/236__M_Left_little_finger.BMP,data/soco/socofing/train/Altered/Altered-Easy/236__M_Left_little_finger_Obl.BMP
calibration,1,Easy-Obl,data/soco/socofing/train/Real/18__M_Left_index_finger.BMP,data/soco/socofing/train/Altered/Altered-Easy/18__M_Left_index_finger_Obl.BMP
calibration,1,Easy-CR,data/soco/socofing/train/Real/305__M_Right_index_finger.BMP,data/soco/socofing/test/Altered/Altered-Easy/305__M_Right_index_finger_CR.BMP
calibration,1,Hard-Zcut,data/soco/socofing/train/Real/142__F_Right_little_finger.BMP,data/soco/socofing/train/Altered/Altered-Hard/142__F_Right_little_finger_Zcut.BMP
calibration,1,Medium-CR,data/soco/socofing/test/Real/451__M_Left_middle_finger.BMP,data/soco/socofing/val/Altered/Altered-Medium/451__M_Left_middle_finger_CR.BMP
calibration,1,Easy-CR,data/soco/socofing/train/Real/537__M_Right_middle_finger.BMP,data/soco/socofing/train/Altered/Altered-Easy/537__M_Right_middle_finger_CR.BMP
calibration,1,Easy-Zcut,data/soco/socofing/test/Real/18__M_Left_middle_finger.BMP,data/soco/socofing/train/Altered/Altered-Easy/18__M_Left_middle_finger_Zcut.BMP
calibration,1,Medium-Zcut,data/soco/socofing/train/Real/228__M_Left_thumb_finger.BMP,data/soco/socofing/train/Altered/Altered-Medium/228__M_Left_thumb_finger_Zcut.BMP
calibration,1,Medium-CR,data/soco/socofing/train/Real/17__M_Right_middle_finger.BMP,data/soco/socofing/train/Altered/Altered-Medium/17__M_Right_middle_finger_CR.BMP
calibration,1,Medium-CR,data/soco/socofing/train/Real/552__M_Right_thumb_finger.BMP,data/soco/socofing/train/Altered/Altered-Medium/552__M_Right_thumb_finger_CR.BMP
calibration,1,Hard-CR,data/soco/socofing/train/Real/189__F_Left_little_finger.BMP,data/soco/socofing/train/Altered/Altered-Hard/189__F_Left_little_finger_CR.BMP
calibration,1,Medium-Zcut,data/soco/socofing/val/Real/261__M_Right_index_finger.BMP,data/soco/socofing/train/Altered/Altered-Medium/261__M_Right_index_finger_Zcut.BMP
calibration,1,Easy-Obl,data/soco/socofing/val/Real/508__F_Left_thumb_finger.BMP,data/soco/socofing/train/Altered/Altered-Easy/508__F_Left_thumb_finger_Obl.BMP
calibration,1,Hard-Zcut,data/soco/socofing/train/Real/311__M_Left_ring_finger.BMP,data/soco/socofing/train/Altered/Altered-Hard/311__M_Left_ring_finger_Zcut.BMP
calibration,1,Easy-Obl,data/soco/socofing/train/Real/257__M_Right_little_finger.BMP,data/soco/socofing/train/Altered/Altered-Easy/257__M_Right_little_finger_Obl.BMP
calibration,1,Hard-CR,data/soco/socofing/train/Real/467__M_Right_little_finger.BMP,data/soco/socofing/train/Altered/Altered-Hard/467__M_Right_little_finger_CR.BMP
calibration,1,Easy-CR,data/soco/socofing/val/Real/600__M_Right_middle_finger.BMP,data/soco/socofing/train/Altered/Altered-Easy/600__M_Right_middle_finger_CR.BMP
calibration,1,Hard-Zcut,data/soco/socofing/train/Real/513__M_Right_middle_finger.BMP,data/soco/socofing/test/Altered/Altered-Hard/513__M_Right_middle_finger_Zcut.BMP
calibration,1,Easy-Obl,data/soco/socofing/val/Real/284__M_Left_ring_finger.BMP,data/soco/socofing/train/Altered/Altered-Easy/284__M_Left_ring_finger_Obl.BMP
calibration,1,Easy-Obl,data/soco/socofing/train/Real/427__M_Left_ring_finger.BMP,data/soco/socofing/test/Altered/Altered-Easy/427__M_Left_ring_finger_Obl.BMP
calibration,1,Easy-Zcut,data/soco/socofing/train/Real/401__M_Right_middle_finger.BMP,data/soco/socofing/test/Altered/Altered-Easy/401__M_Right_middle_finger_Zcut.BMP
calibration,1,Easy-Obl,data/soco/socofing/train/Real/401__M_Left_little_finger.BMP,data/soco/socofing/test/Altered/Altered-Easy/401__M_Left_little_finger_Obl.BMP
calibration,1,Medium-CR,data/soco/socofing/train/Real/360__M_Left_index_finger.BMP,data/soco/socofing/train/Altered/Altered-Medium/360__M_Left_index_finger_CR.BMP
calibration,1,Hard-CR,data/soco/socofing/train/Real/146__M_Left_little_finger.BMP,data/soco/socofing/train/Altered/Altered-Hard/146__M_Left_little_finger_CR.BMP
calibration,1,Hard-Obl,data/soco/socofing/train/Real/224__M_Right_middle_finger.BMP,data/soco/socofing/train/Altered/Altered-Hard/224__M_Right_middle_finger_Obl.BMP
calibration,1,Hard-Zcut,data/soco/socofing/test/Real/152__M_Left_ring_finger.BMP,data/soco/socofing/train/Altered/Altered-Hard/152__M_Left_ring_finger_Zcut.BMP
calibration,1,Medium-Obl,data/soco/socofing/train/Real/141__F_Left_thumb_finger.BMP,data/soco/socofing/train/Altered/Altered-Medium/141__F_Left_thumb_finger_Obl.BMP
calibration,1,Easy-Obl,data/soco/socofing/train/Real/110__F_Right_middle_finger.BMP,data/soco/socofing/train/Altered/Altered-Easy/110__F_Right_middle_finger_Obl.BMP
calibration,1,Hard-Zcut,data/soco/socofing/train/Real/22__M_Right_thumb_finger.BMP,data/soco/socofing/train/Altered/Altered-Hard/22__M_Right_thumb_finger_Zcut.BMP
calibration,1,Medium-Obl,data/soco/socofing/train/Real/147__M_Right_thumb_finger.BMP,data/soco/socofing/train/Altered/Altered-Medium/147__M_Right_thumb_finger_Obl.BMP
calibration,1,Hard-CR,data/soco/socofing/train/Real/494__F_Left_index_finger.BMP,data/soco/socofing/train/Altered/Altered-Hard/494__F_Left_index_finger_CR.BMP
calibration,1,Easy-CR,data/soco/socofing/train/Real/462__M_Left_middle_finger.BMP,data/soco/socofing/train/Altered/Altered-Easy/462__M_Left_middle_finger_CR.BMP
calibration,1,Medium-Obl,data/soco/socofing/train/Real/455__M_Right_middle_finger.BMP,data/soco/socofing/train/Altered/Altered-Medium/455__M_Right_middle_finger_Obl.BMP
calibration,1,Medium-Zcut,data/soco/socofing/train/Real/462__M_Left_index_finger.BMP,data/soco/socofing/train/Altered/Altered-Medium/462__M_Left_index_finger_Zcut.BMP
calibration,1,Medium-CR,data/soco/socofing/train/Real/240__F_Right_little_finger.BMP,data/soco/socofing/train/Altered/Altered-Medium/240__F_Right_little_finger_CR.BMP
calibration,1,Hard-CR,data/soco/socofing/train/Real/197__M_Right_ring_finger.BMP,data/soco/socofing/test/Altered/Altered-Hard/197__M_Right_ring_finger_CR.BMP
calibration,1,Easy-Obl,data/soco/socofing/train/Real/304__M_Right_ring_finger.BMP,data/soco/socofing/train/Altered/Altered-Easy/304__M_Right_ring_finger_Obl.BMP
calibration,1,Medium-Obl,data/soco/socofing/train/Real/146__M_Left_index_finger.BMP,data/soco/socofing/train/Altered/Altered-Medium/146__M_Left_index_finger_Obl.BMP
calibration,1,Medium-CR,data/soco/socofing/train/Real/166__M_Right_middle_finger.BMP,data/soco/socofing/val/Altered/Altered-Medium/166__M_Right_middle_finger_CR.BMP
calibration,1,Easy-Obl,data/soco/socofing/val/Real/321__M_Left_index_finger.BMP,data/soco/socofing/train/Altered/Altered-Easy/321__M_Left_index_finger_Obl.BMP
calibration,1,Easy-CR,data/soco/socofing/train/Real/494__F_Right_little_finger.BMP,data/soco/socofing/train/Altered/Altered-Easy/494__F_Right_little_finger_CR.BMP
calibration,1,Hard-Zcut,data/soco/socofing/train/Real/126__F_Left_thumb_finger.BMP,data/soco/socofing/train/Altered/Altered-Hard/126__F_Left_thumb_finger_Zcut.BMP
calibration,1,Medium-Obl,data/soco/socofing/train/Real/263__F_Right_thumb_finger.BMP,data/soco/socofing/train/Altered/Altered-Medium/263__F_Right_thumb_finger_Obl.BMP
calibration,1,Easy-Zcut,data/soco/socofing/train/Real/328__M_Left_index_finger.BMP,data/soco/socofing/train/Altered/Altered-Easy/328__M_Left_index_finger_Zcut.BMP
calibration,1,Easy-Zcut,data/soco/socofing/train/Real/327__M_Left_thumb_finger.BMP,data/soco/socofing/val/Altered/Altered-Easy/327__M_Left_thumb_finger_Zcut.BMP
calibration,1,Medium-CR,data/soco/socofing/train/Real/408__M_Left_middle_finger.BMP,data/soco/socofing/train/Altered/Altered-Medium/408__M_Left_middle_finger_CR.BMP
calibration,1,Medium-Obl,data/soco/socofing/val/Real/401__M_Right_little_finger.BMP,data/soco/socofing/train/Altered/Altered-Medium/401__M_Right_little_finger_Obl.BMP
calibration,1,Easy-Obl,data/soco/socofing/train/Real/6__M_Right_little_finger.BMP,data/soco/socofing/train/Altered/Altered-Easy/6__M_Right_little_finger_Obl.BMP
calibration,1,Hard-CR,data/soco/socofing/train/Real/581__F_Left_middle_finger.BMP,data/soco/socofing/train/Altered/Altered-Hard/581__F_Left_middle_finger_CR.BMP
calibration,1,Medium-Zcut,data/soco/socofing/train/Real/207__M_Right_little_finger.BMP,data/soco/socofing/val/Altered/Altered-Medium/207__M_Right_little_finger_Zcut.BMP
calibration,1,Hard-Zcut,data/soco/socofing/train/Real/595__M_Right_ring_finger.BMP,data/soco/socofing/train/Altered/Altered-Hard/595__M_Right_ring_finger_Zcut.BMP
calibration,1,Easy-Obl,data/soco/socofing/val/Real/397__M_Left_index_finger.BMP,data/soco/socofing/train/Altered/Altered-Easy/397__M_Left_index_finger_Obl.BMP
calibration,1,Medium-CR,data/soco/socofing/train/Real/24__F_Left_ring_finger.BMP,data/soco/socofing/train/Altered/Altered-Medium/24__F_Left_ring_finger_CR.BMP
calibration,1,Hard-Obl,data/soco/socofing/train/Real/17__M_Left_index_finger.BMP,data/soco/socofing/train/Altered/Altered-Hard/17__M_Left_index_finger_Obl.BMP
calibration,1,Easy-Zcut,data/soco/socofing/train/Real/252__F_Left_ring_finger.BMP,data/soco/socofing/train/Altered/Altered-Easy/252__F_Left_ring_finger_Zcut.BMP
calibration,1,Medium-Obl,data/soco/socofing/train/Real/463__F_Left_ring_finger.BMP,data/soco/socofing/train/Altered/Altered-Medium/463__F_Left_ring_finger_Obl.BMP
calibration,1,Hard-Obl,data/soco/socofing/train/Real/358__M_Right_ring_finger.BMP,data/soco/socofing/train/Altered/Altered-Hard/358__M_Right_ring_finger_Obl.BMP
calibration,1,Medium-Zcut,data/soco/socofing/train/Real/462__M_Right_little_finger.BMP,data/soco/socofing/train/Altered/Altered-Medium/462__M_Right_little_finger_Zcut.BMP
calibration,1,Easy-Zcut,data/soco/socofing/val/Real/22__M_Left_thumb_finger.BMP,data/soco/socofing/train/Altered/Altered-Easy/22__M_Left_thumb_finger_Zcut.BMP
calibration,1,Medium-Obl,data/soco/socofing/train/Real/583__M_Left_middle_finger.BMP,data/soco/socofing/train/Altered/Altered-Medium/583__M_Left_middle_finger_Obl.BMP
calibration,1,Hard-Obl,data/soco/socofing/train/Real/6__M_Right_little_finger.BMP,data/soco/socofing/train/Altered/Altered-Hard/6__M_Right_little_finger_Obl.BMP
calibration,1,Medium-Obl,data/soco/socofing/train/Real/512__M_Right_index_finger.BMP,data/soco/socofing/train/Altered/Altered-Medium/512__M_Right_index_finger_Obl.BMP
calibration,1,Medium-Zcut,data/soco/socofing/train/Real/444__M_Right_middle_finger.BMP,data/soco/socofing/train/Altered/Altered-Medium/444__M_Right_middle_finger_Zcut.BMP
calibration,1,Easy-Obl,data/soco/socofing/val/Real/301__F_Right_index_finger.BMP,data/soco/socofing/val/Altered/Altered-Easy/301__F_Right_index_finger_Obl.BMP
calibration,1,Hard-Obl,data/soco/socofing/test/Real/152__M_Left_ring_finger.BMP,data/soco/socofing/train/Altered/Altered-Hard/152__M_Left_ring_finger_Obl.BMP
calibration,1,Easy-Zcut,data/soco/socofing/train/Real/550__F_Left_little_finger.BMP,data/soco/socofing/train/Altered/Altered-Easy/550__F_Left_little_finger_Zcut.BMP
calibration,1,Easy-Zcut,data/soco/socofing/train/Real/126__F_Right_little_finger.BMP,data/soco/socofing/test/Altered/Altered-Easy/126__F_Right_little_finger_Zcut.BMP
calibration,1,Hard-CR,data/soco/socofing/train/Real/451__M_Left_thumb_finger.BMP,data/soco/socofing/train/Altered/Altered-Hard/451__M_Left_thumb_finger_CR.BMP
calibration,1,Easy-Zcut,data/soco/socofing/train/Real/413__M_Right_ring_finger.BMP,data/soco/socofing/train/Altered/Altered-Easy/413__M_Right_ring_finger_Zcut.BMP
calibration,1,Medium-Zcut,data/soco/socofing/train/Real/122__M_Right_middle_finger.BMP,data/soco/socofing/train/Altered/Altered-Medium/122__M_Right_middle_finger_Zcut.BMP
calibration,1,Easy-CR,data/soco/socofing/train/Real/157__M_Right_thumb_finger.BMP,data/soco/socofing/train/Altered/Altered-Easy/157__M_Right_thumb_finger_CR.BMP
calibration,1,Easy-Obl,data/soco/socofing/test/Real/181__M_Right_index_finger.BMP,data/soco/socofing/train/Altered/Altered-Easy/181__M_Right_index_finger_Obl.BMP
calibration,1,Medium-Zcut,data/soco/socofing/train/Real/481__F_Left_thumb_finger.BMP,data/soco/socofing/test/Altered/Altered-Medium/481__F_Left_thumb_finger_Zcut.BMP
calibration,1,Medium-CR,data/soco/socofing/train/Real/289__F_Right_middle_finger.BMP,data/soco/socofing/train/Altered/Altered-Medium/289__F_Right_middle_finger_CR.BMP
calibration,1,Easy-Obl,data/soco/socofing/val/Real/340__M_Left_middle_finger.BMP,data/soco/socofing/val/Altered/Altered-Easy/340__M_Left_middle_finger_Obl.BMP
calibration,1,Easy-Zcut,data/soco/socofing/train/Real/294__M_Left_little_finger.BMP,data/soco/socofing/train/Altered/Altered-Easy/294__M_Left_little_finger_Zcut.BMP
calibration,1,Medium-Obl,data/soco/socofing/train/Real/218__M_Right_thumb_finger.BMP,data/soco/socofing/train/Altered/Altered-Medium/218__M_Right_thumb_finger_Obl.BMP
calibration,1,Easy-CR,data/soco/socofing/train/Real/481__F_Left_thumb_finger.BMP,data/soco/socofing/train/Altered/Altered-Easy/481__F_Left_thumb_finger_CR.BMP
calibration,1,Easy-Obl,data/soco/socofing/train/Real/581__F_Left_little_finger.BMP,data/soco/socofing/test/Altered/Altered-Easy/581__F_Left_little_finger_Obl.BMP
calibration,1,Hard-Obl,data/soco/socofing/train/Real/276__M_Left_index_finger.BMP,data/soco/socofing/train/Altered/Altered-Hard/276__M_Left_index_finger_Obl.BMP
calibration,1,Medium-CR,data/soco/socofing/train/Real/524__M_Right_thumb_finger.BMP,data/soco/socofing/train/Altered/Altered-Medium/524__M_Right_thumb_finger_CR.BMP
calibration,1,Easy-Obl,data/soco/socofing/train/Real/324__M_Left_index_finger.BMP,data/soco/socofing/train/Altered/Altered-Easy/324__M_Left_index_finger_Obl.BMP
calibration,1,Hard-Zcut,data/soco/socofing/train/Real/451__M_Left_little_finger.BMP,data/soco/socofing/train/Altered/Altered-Hard/451__M_Left_little_finger_Zcut.BMP
calibration,1,Easy-Obl,data/soco/socofing/train/Real/577__M_Left_index_finger.BMP,data/soco/socofing/train/Altered/Altered-Easy/577__M_Left_index_finger_Obl.BMP
calibration,1,Easy-Zcut,data/soco/socofing/train/Real/576__M_Left_index_finger.BMP,data/soco/socofing/train/Altered/Altered-Easy/576__M_Left_index_finger_Zcut.BMP
calibration,1,Medium-Obl,data/soco/socofing/test/Real/232__M_Left_ring_finger.BMP,data/soco/socofing/val/Altered/Altered-Medium/232__M_Left_ring_finger_Obl.BMP
calibration,1,Medium-Zcut,data/soco/socofing/val/Real/280__M_Right_little_finger.BMP,data/soco/socofing/train/Altered/Altered-Medium/280__M_Right_little_finger_Zcut.BMP
calibration,1,Easy-Obl,data/soco/socofing/train/Real/109__F_Left_little_finger.BMP,data/soco/socofing/train/Altered/Altered-Easy/109__F_Left_little_finger_Obl.BMP
calibration,1,Medium-CR,data/soco/socofing/test/Real/321__M_Right_middle_finger.BMP,data/soco/socofing/train/Altered/Altered-Medium/321__M_Right_middle_finger_CR.BMP
calibration,1,Easy-Zcut,data/soco/socofing/val/Real/373__M_Left_ring_finger.BMP,data/soco/socofing/test/Altered/Altered-Easy/373__M_Left_ring_finger_Zcut.BMP
calibration,1,Medium-Zcut,data/soco/socofing/train/Real/289__F_Right_ring_finger.BMP,data/soco/socofing/train/Altered/Altered-Medium/289__F_Right_ring_finger_Zcut.BMP
calibration,1,Medium-Obl,data/soco/socofing/val/Real/463__F_Right_ring_finger.BMP,data/soco/socofing/train/Altered/Altered-Medium/463__F_Right_ring_finger_Obl.BMP
calibration,1,Hard-Zcut,data/soco/socofing/train/Real/147__M_Left_middle_finger.BMP,data/soco/socofing/val/Altered/Altered-Hard/147__M_Left_middle_finger_Zcut.BMP
calibration,1,Medium-Zcut,data/soco/socofing/train/Real/59__F_Right_ring_finger.BMP,data/soco/socofing/train/Altered/Altered-Medium/59__F_Right_ring_finger_Zcut.BMP
calibration,1,Hard-CR,data/soco/socofing/train/Real/163__M_Right_thumb_finger.BMP,data/soco/socofing/train/Altered/Altered-Hard/163__M_Right_thumb_finger_CR.BMP
calibration,1,Medium-Obl,data/soco/socofing/train/Real/329__M_Right_ring_finger.BMP,data/soco/socofing/train/Altered/Altered-Medium/329__M_Right_ring_finger_Obl.BMP
calibration,1,Easy-CR,data/soco/socofing/val/Real/311__M_Left_thumb_finger.BMP,data/soco/socofing/train/Altered/Altered-Easy/311__M_Left_thumb_finger_CR.BMP
calibration,1,Hard-Obl,data/soco/socofing/train/Real/516__M_Right_index_finger.BMP,data/soco/socofing/train/Altered/Altered-Hard/516__M_Right_index_finger_Obl.BMP
calibration,1,Hard-Obl,data/soco/socofing/train/Real/367__M_Right_ring_finger.BMP,data/soco/socofing/train/Altered/Altered-Hard/367__M_Right_ring_finger_Obl.BMP
calibration,1,Medium-CR,data/soco/socofing/train/Real/550__F_Right_middle_finger.BMP,data/soco/socofing/train/Altered/Altered-Medium/550__F_Right_middle_finger_CR.BMP
calibration,1,Medium-Obl,data/soco/socofing/train/Real/197__M_Left_ring_finger.BMP,data/soco/socofing/train/Altered/Altered-Medium/197__M_Left_ring_finger_Obl.BMP
calibration,1,Easy-Obl,data/soco/socofing/train/Real/512__M_Left_middle_finger.BMP,data/soco/socofing/train/Altered/Altered-Easy/512__M_Left_middle_finger_Obl.BMP
calibration,1,Hard-CR,data/soco/socofing/train/Real/516__M_Right_thumb_finger.BMP,data/soco/socofing/train/Altered/Altered-Hard/516__M_Right_thumb_finger_CR.BMP
calibration,1,Medium-Zcut,data/soco/socofing/train/Real/474__M_Left_middle_finger.BMP,data/soco/socofing/train/Altered/Altered-Medium/474__M_Left_middle_finger_Zcut.BMP
calibration,1,Easy-Zcut,data/soco/socofing/train/Real/5__M_Right_index_finger.BMP,data/soco/socofing/train/Altered/Altered-Easy/5__M_Right_index_finger_Zcut.BMP
calibration,1,Hard-Zcut,data/soco/socofing/train/Real/13__F_Right_middle_finger.BMP,data/soco/socofing/train/Altered/Altered-Hard/13__F_Right_middle_finger_Zcut.BMP
calibration,1,Medium-Zcut,data/soco/socofing/train/Real/197__M_Left_middle_finger.BMP,data/soco/socofing/train/Altered/Altered-Medium/197__M_Left_middle_finger_Zcut.BMP
calibration,1,Medium-Zcut,data/soco/socofing/train/Real/162__M_Left_middle_finger.BMP,data/soco/socofing/train/Altered/Altered-Medium/162__M_Left_middle_finger_Zcut.BMP
calibration,1,Medium-Zcut,data/soco/socofing/train/Real/360__M_Right_ring_finger.BMP,data/soco/socofing/train/Altered/Altered-Medium/360__M_Right_ring_finger_Zcut.BMP
calibration,1,Hard-Obl,data/soco/socofing/train/Real/412__M_Left_thumb_finger.BMP,data/soco/socofing/train/Altered/Altered-Hard/412__M_Left_thumb_finger_Obl.BMP
calibration,1,Hard-Zcut,data/soco/socofing/test/Real/582__M_Left_middle_finger.BMP,data/soco/socofing/train/Altered/Altered-Hard/582__M_Left_middle_finger_Zcut.BMP
calibration,1,Medium-Obl,data/soco/socofing/train/Real/191__F_Right_index_finger.BMP,data/soco/socofing/train/Altered/Altered-Medium/191__F_Right_index_finger_Obl.BMP
calibration,1,Medium-Zcut,data/soco/socofing/train/Real/114__F_Left_thumb_finger.BMP,data/soco/socofing/train/Altered/Altered-Medium/114__F_Left_thumb_finger_Zcut.BMP
calibration,1,Easy-Obl,data/soco/socofing/train/Real/200__M_Right_middle_finger.BMP,data/soco/socofing/val/Altered/Altered-Easy/200__M_Right_middle_finger_Obl.BMP
calibration,1,Easy-Zcut,data/soco/socofing/train/Real/167__M_Right_thumb_finger.BMP,data/soco/socofing/train/Altered/Altered-Easy/167__M_Right_thumb_finger_Zcut.BMP
calibration,1,Medium-CR,data/soco/socofing/train/Real/209__F_Right_little_finger.BMP,data/soco/socofing/train/Altered/Altered-Medium/209__F_Right_little_finger_CR.BMP
calibration,1,Medium-Obl,data/soco/socofing/train/Real/296__M_Left_thumb_finger.BMP,data/soco/socofing/test/Altered/Altered-Medium/296__M_Left_thumb_finger_Obl.BMP
calibration,1,Hard-Zcut,data/soco/socofing/train/Real/36__M_Left_index_finger.BMP,data/soco/socofing/train/Altered/Altered-Hard/36__M_Left_index_finger_Zcut.BMP
calibration,1,Easy-Zcut,data/soco/socofing/train/Real/33__M_Right_thumb_finger.BMP,data/soco/socofing/train/Altered/Altered-Easy/33__M_Right_thumb_finger_Zcut.BMP
calibration,1,Medium-Obl,data/soco/socofing/train/Real/198__M_Right_ring_finger.BMP,data/soco/socofing/train/Altered/Altered-Medium/198__M_Right_ring_finger_Obl.BMP
calibration,1,Hard-Obl,data/soco/socofing/train/Real/528__F_Right_index_finger.BMP,data/soco/socofing/train/Altered/Altered-Hard/528__F_Right_index_finger_Obl.BMP
calibration,1,Easy-Obl,data/soco/socofing/train/Real/550__F_Right_index_finger.BMP,data/soco/socofing/train/Altered/Altered-Easy/550__F_Right_index_finger_Obl.BMP
calibration,1,Medium-CR,data/soco/socofing/train/Real/256__M_Left_thumb_finger.BMP,data/soco/socofing/train/Altered/Altered-Medium/256__M_Left_thumb_finger_CR.BMP
calibration,1,Medium-CR,data/soco/socofing/train/Real/294__M_Right_middle_finger.BMP,data/soco/socofing/train/Altered/Altered-Medium/294__M_Right_middle_finger_CR.BMP
calibration,1,Hard-CR,data/soco/socofing/train/Real/116__M_Right_ring_finger.BMP,data/soco/socofing/train/Altered/Altered-Hard/116__M_Right_ring_finger_CR.BMP
calibration,1,Hard-Zcut,data/soco/socofing/train/Real/398__M_Right_index_finger.BMP,data/soco/socofing/train/Altered/Altered-Hard/398__M_Right_index_finger_Zcut.BMP
calibration,1,Easy-Obl,data/soco/socofing/val/Real/296__M_Right_middle_finger.BMP,data/soco/socofing/val/Altered/Altered-Easy/296__M_Right_middle_finger_Obl.BMP
calibration,1,Medium-CR,data/soco/socofing/train/Real/521__M_Left_little_finger.BMP,data/soco/socofing/train/Altered/Altered-Medium/521__M_Left_little_finger_CR.BMP
calibration,1,Easy-Obl,data/soco/socofing/train/Real/231__M_Left_thumb_finger.BMP,data/soco/socofing/train/Altered/Altered-Easy/231__M_Left_thumb_finger_Obl.BMP
calibration,1,Easy-Obl,data/soco/socofing/train/Real/589__M_Right_ring_finger.BMP,data/soco/socofing/train/Altered/Altered-Easy/589__M_Right_ring_finger_Obl.BMP
calibration,1,Medium-Obl,data/soco/socofing/train/Real/55__M_Right_thumb_finger.BMP,data/soco/socofing/train/Altered/Altered-Medium/55__M_Right_thumb_finger_Obl.BMP
calibration,1,Easy-Zcut,data/soco/socofing/train/Real/594__M_Right_index_finger.BMP,data/soco/socofing/train/Altered/Altered-Easy/594__M_Right_index_finger_Zcut.BMP
calibration,1,Easy-CR,data/soco/socofing/train/Real/288__M_Left_thumb_finger.BMP,data/soco/socofing/val/Altered/Altered-Easy/288__M_Left_thumb_finger_CR.BMP
calibration,1,Hard-Zcut,data/soco/socofing/val/Real/208__M_Left_middle_finger.BMP,data/soco/socofing/val/Altered/Altered-Hard/208__M_Left_middle_finger_Zcut.BMP
calibration,1,Hard-CR,data/soco/socofing/val/Real/147__M_Left_index_finger.BMP,data/soco/socofing/train/Altered/Altered-Hard/147__M_Left_index_finger_CR.BMP
calibration,1,Medium-CR,data/soco/socofing/train/Real/594__M_Left_ring_finger.BMP,data/soco/socofing/train/Altered/Altered-Medium/594__M_Left_ring_finger_CR.BMP
calibration,1,Hard-Obl,data/soco/socofing/train/Real/464__M_Left_index_finger.BMP,data/soco/socofing/train/Altered/Altered-Hard/464__M_Left_index_finger_Obl.BMP
calibration,1,Medium-Zcut,data/soco/socofing/train/Real/367__M_Right_index_finger.BMP,data/soco/socofing/train/Altered/Altered-Medium/367__M_Right_index_finger_Zcut.BMP
calibration,1,Medium-Zcut,data/soco/socofing/train/Real/191__F_Right_ring_finger.BMP,data/soco/socofing/train/Altered/Altered-Medium/191__F_Right_ring_finger_Zcut.BMP
calibration,1,Medium-Zcut,data/soco/socofing/train/Real/139__M_Right_index_finger.BMP,data/soco/socofing/train/Altered/Altered-Medium/139__M_Right_index_finger_Zcut.BMP
calibration,1,Hard-Obl,data/soco/socofing/train/Real/109__F_Right_index_finger.BMP,data/soco/socofing/train/Altered/Altered-Hard/109__F_Right_index_finger_Obl.BMP
calibration,1,Easy-Obl,data/soco/socofing/train/Real/497__M_Left_index_finger.BMP,data/soco/socofing/train/Altered/Altered-Easy/497__M_Left_index_finger_Obl.BMP
calibration,1,Medium-Obl,data/soco/socofing/train/Real/269__M_Right_ring_finger.BMP,data/soco/socofing/train/Altered/Altered-Medium/269__M_Right_ring_finger_Obl.BMP
calibration,1,Hard-Obl,data/soco/socofing/val/Real/2__F_Left_middle_finger.BMP,data/soco/socofing/train/Altered/Altered-Hard/2__F_Left_middle_finger_Obl.BMP
calibration,1,Medium-Zcut,data/soco/socofing/test/Real/34__M_Right_thumb_finger.BMP,data/soco/socofing/train/Altered/Altered-Medium/34__M_Right_thumb_finger_Zcut.BMP
calibration,1,Medium-Zcut,data/soco/socofing/train/Real/293__F_Left_middle_finger.BMP,data/soco/socofing/train/Altered/Altered-Medium/293__F_Left_middle_finger_Zcut.BMP
calibration,1,Easy-Obl,data/soco/socofing/val/Real/267__M_Left_little_finger.BMP,data/soco/socofing/train/Altered/Altered-Easy/267__M_Left_little_finger_Obl.BMP
calibration,1,Easy-Obl,data/soco/socofing/test/Real/56__F_Left_little_finger.BMP,data/soco/socofing/train/Altered/Altered-Easy/56__F_Left_little_finger_Obl.BMP
calibration,1,Easy-CR,data/soco/socofing/train/Real/214__M_Right_middle_finger.BMP,data/soco/socofing/train/Altered/Altered-Easy/214__M_Right_middle_finger_CR.BMP
calibration,1,Medium-Zcut,data/soco/socofing/val/Real/573__F_Right_thumb_finger.BMP,data/soco/socofing/train/Altered/Altered-Medium/573__F_Right_thumb_finger_Zcut.BMP
calibration,1,Medium-Zcut,data/soco/socofing/train/Real/162__M_Right_little_finger.BMP,data/soco/socofing/test/Altered/Altered-Medium/162__M_Right_little_finger_Zcut.BMP
calibration,1,Medium-Zcut,data/soco/socofing/train/Real/323__M_Left_middle_finger.BMP,data/soco/socofing/test/Altered/Altered-Medium/323__M_Left_middle_finger_Zcut.BMP
calibration,1,Easy-CR,data/soco/socofing/train/Real/141__F_Left_ring_finger.BMP,data/soco/socofing/test/Altered/Altered-Easy/141__F_Left_ring_finger_CR.BMP
calibration,1,Medium-Obl,data/soco/socofing/train/Real/454__M_Right_ring_finger.BMP,data/soco/socofing/train/Altered/Altered-Medium/454__M_Right_ring_finger_Obl.BMP
calibration,1,Easy-CR,data/soco/socofing/train/Real/329__M_Right_ring_finger.BMP,data/soco/socofing/val/Altered/Altered-Easy/329__M_Right_ring_finger_CR.BMP
calibration,1,Medium-Zcut,data/soco/socofing/val/Real/476__M_Right_ring_finger.BMP,data/soco/socofing/val/Altered/Altered-Medium/476__M_Right_ring_finger_Zcut.BMP
calibration,1,Medium-CR,data/soco/socofing/train/Real/219__M_Left_middle_finger.BMP,data/soco/socofing/train/Altered/Altered-Medium/219__M_Left_middle_finger_CR.BMP
calibration,1,Medium-CR,data/soco/socofing/train/Real/489__M_Right_index_finger.BMP,data/soco/socofing/train/Altered/Altered-Medium/489__M_Right_index_finger_CR.BMP
calibration,1,Medium-CR,data/soco/socofing/train/Real/90__M_Right_middle_finger.BMP,data/soco/socofing/train/Altered/Altered-Medium/90__M_Right_middle_finger_CR.BMP
calibration,1,Medium-CR,data/soco/socofing/val/Real/503__M_Left_ring_finger.BMP,data/soco/socofing/train/Altered/Altered-Medium/503__M_Left_ring_finger_CR.BMP
calibration,1,Easy-CR,data/soco/socofing/val/Real/217__M_Right_middle_finger.BMP,data/soco/socofing/train/Altered/Altered-Easy/217__M_Right_middle_finger_CR.BMP
calibration,1,Medium-Obl,data/soco/socofing/train/Real/552__M_Right_middle_finger.BMP,data/soco/socofing/train/Altered/Altered-Medium/552__M_Right_middle_finger_Obl.BMP
calibration,1,Easy-Zcut,data/soco/socofing/train/Real/575__M_Right_ring_finger.BMP,data/soco/socofing/train/Altered/Altered-Easy/575__M_Right_ring_finger_Zcut.BMP
calibration,1,Easy-Obl,data/soco/socofing/train/Real/594__M_Right_thumb_finger.BMP,data/soco/socofing/test/Altered/Altered-Easy/594__M_Right_thumb_finger_Obl.BMP
calibration,1,Medium-Zcut,data/soco/socofing/train/Real/46__M_Left_index_finger.BMP,data/soco/socofing/test/Altered/Altered-Medium/46__M_Left_index_finger_Zcut.BMP
calibration,1,Easy-Zcut,data/soco/socofing/train/Real/449__F_Right_thumb_finger.BMP,data/soco/socofing/train/Altered/Altered-Easy/449__F_Right_thumb_finger_Zcut.BMP
calibration,1,Medium-CR,data/soco/socofing/train/Real/483__M_Right_little_finger.BMP,data/soco/socofing/train/Altered/Altered-Medium/483__M_Right_little_finger_CR.BMP
calibration,1,Easy-CR,data/soco/socofing/train/Real/527__M_Left_middle_finger.BMP,data/soco/socofing/train/Altered/Altered-Easy/527__M_Left_middle_finger_CR.BMP
calibration,1,Hard-Obl,data/soco/socofing/val/Real/13__F_Right_thumb_finger.BMP,data/soco/socofing/train/Altered/Altered-Hard/13__F_Right_thumb_finger_Obl.BMP
calibration,1,Medium-CR,data/soco/socofing/train/Real/363__M_Right_middle_finger.BMP,data/soco/socofing/train/Altered/Altered-Medium/363__M_Right_middle_finger_CR.BMP
calibration,1,Easy-Obl,data/soco/socofing/test/Real/473__M_Right_thumb_finger.BMP,data/soco/socofing/train/Altered/Altered-Easy/473__M_Right_thumb_finger_Obl.BMP
calibration,1,Medium-Zcut,data/soco/socofing/test/Real/219__M_Left_index_finger.BMP,data/soco/socofing/train/Altered/Altered-Medium/219__M_Left_index_finger_Zcut.BMP
calibration,1,Easy-Zcut,data/soco/socofing/train/Real/397__M_Left_little_finger.BMP,data/soco/socofing/train/Altered/Altered-Easy/397__M_Left_little_finger_Zcut.BMP
calibration,1,Easy-Obl,data/soco/socofing/train/Real/218__M_Right_thumb_finger.BMP,data/soco/socofing/val/Altered/Altered-Easy/218__M_Right_thumb_finger_Obl.BMP
calibration,1,Easy-CR,data/soco/socofing/train/Real/529__M_Right_middle_finger.BMP,data/soco/socofing/train/Altered/Altered-Easy/529__M_Right_middle_finger_CR.BMP
calibration,1,Hard-Zcut,data/soco/socofing/train/Real/263__F_Left_index_finger.BMP,data/soco/socofing/train/Altered/Altered-Hard/263__F_Left_index_finger_Zcut.BMP
calibration,1,Easy-Zcut,data/soco/socofing/train/Real/181__M_Left_index_finger.BMP,data/soco/socofing/train/Altered/Altered-Easy/181__M_Left_index_finger_Zcut.BMP
calibration,1,Medium-Zcut,data/soco/socofing/train/Real/570__M_Right_index_finger.BMP,data/soco/socofing/val/Altered/Altered-Medium/570__M_Right_index_finger_Zcut.BMP
calibration,1,Easy-Zcut,data/soco/socofing/train/Real/512__M_Right_index_finger.BMP,data/soco/socofing/train/Altered/Altered-Easy/512__M_Right_index_finger_Zcut.BMP
calibration,1,Hard-CR,data/soco/socofing/test/Real/151__M_Right_little_finger.BMP,data/soco/socofing/train/Altered/Altered-Hard/151__M_Right_little_finger_CR.BMP
calibration,1,Medium-Zcut,data/soco/socofing/test/Real/331__M_Right_thumb_finger.BMP,data/soco/socofing/val/Altered/Altered-Medium/331__M_Right_thumb_finger_Zcut.BMP
calibration,1,Easy-Zcut,data/soco/socofing/train/Real/81__F_Left_middle_finger.BMP,data/soco/socofing/train/Altered/Altered-Easy/81__F_Left_middle_finger_Zcut.BMP
calibration,1,Easy-Zcut,data/soco/socofing/test/Real/499__M_Right_ring_finger.BMP,data/soco/socofing/train/Altered/Altered-Easy/499__M_Right_ring_finger_Zcut.BMP
calibration,1,Easy-CR,data/soco/socofing/test/Real/329__M_Left_ring_finger.BMP,data/soco/socofing/train/Altered/Altered-Easy/329__M_Left_ring_finger_CR.BMP
calibration,1,Hard-CR,data/soco/socofing/train/Real/557__M_Left_thumb_finger.BMP,data/soco/socofing/train/Altered/Altered-Hard/557__M_Left_thumb_finger_CR.BMP
calibration,1,Hard-CR,data/soco/socofing/train/Real/434__M_Left_little_finger.BMP,data/soco/socofing/train/Altered/Altered-Hard/434__M_Left_little_finger_CR.BMP
calibration,1,Easy-Obl,data/soco/socofing/train/Real/587__M_Left_middle_finger.BMP,data/soco/socofing/test/Altered/Altered-Easy/587__M_Left_middle_finger_Obl.BMP
calibration,1,Medium-Zcut,data/soco/socofing/val/Real/244__M_Left_index_finger.BMP,data/soco/socofing/train/Altered/Altered-Medium/244__M_Left_index_finger_Zcut.BMP
calibration,1,Hard-Obl,data/soco/socofing/train/Real/598__M_Right_middle_finger.BMP,data/soco/socofing/train/Altered/Altered-Hard/598__M_Right_middle_finger_Obl.BMP
calibration,1,Medium-CR,data/soco/socofing/train/Real/589__M_Left_middle_finger.BMP,data/soco/socofing/train/Altered/Altered-Medium/589__M_Left_middle_finger_CR.BMP
calibration,1,Hard-CR,data/soco/socofing/train/Real/494__F_Right_index_finger.BMP,data/soco/socofing/train/Altered/Altered-Hard/494__F_Right_index_finger_CR.BMP
calibration,1,Medium-CR,data/soco/socofing/train/Real/600__M_Right_index_finger.BMP,data/soco/socofing/train/Altered/Altered-Medium/600__M_Right_index_finger_CR.BMP
calibration,1,Medium-CR,data/soco/socofing/train/Real/126__F_Right_index_finger.BMP,data/soco/socofing/train/Altered/Altered-Medium/126__F_Right_index_finger_CR.BMP
calibration,1,Easy-Zcut,data/soco/socofing/train/Real/21__M_Right_index_finger.BMP,data/soco/socofing/test/Altered/Altered-Easy/21__M_Right_index_finger_Zcut.BMP
calibration,1,Easy-Zcut,data/soco/socofing/train/Real/29__F_Right_index_finger.BMP,data/soco/socofing/train/Altered/Altered-Easy/29__F_Right_index_finger_Zcut.BMP
calibration,1,Easy-Obl,data/soco/socofing/train/Real/200__M_Right_middle_finger.BMP,data/soco/socofing/val/Altered/Altered-Easy/200__M_Right_middle_finger_Obl.BMP
calibration,1,Hard-Zcut,data/soco/socofing/val/Real/30__F_Right_thumb_finger.BMP,data/soco/socofing/train/Altered/Altered-Hard/30__F_Right_thumb_finger_Zcut.BMP
calibration,1,Hard-Obl,data/soco/socofing/test/Real/73__M_Right_index_finger.BMP,data/soco/socofing/train/Altered/Altered-Hard/73__M_Right_index_finger_Obl.BMP
calibration,1,Hard-Obl,data/soco/socofing/train/Real/557__M_Right_middle_finger.BMP,data/soco/socofing/train/Altered/Altered-Hard/557__M_Right_middle_finger_Obl.BMP
calibration,1,Easy-Zcut,data/soco/socofing/train/Real/259__M_Right_little_finger.BMP,data/soco/socofing/train/Altered/Altered-Easy/259__M_Right_little_finger_Zcut.BMP
calibration,1,Easy-Obl,data/soco/socofing/train/Real/503__M_Left_little_finger.BMP,data/soco/socofing/train/Altered/Altered-Easy/503__M_Left_little_finger_Obl.BMP
calibration,1,Medium-Zcut,data/soco/socofing/train/Real/218__M_Left_index_finger.BMP,data/soco/socofing/test/Altered/Altered-Medium/218__M_Left_index_finger_Zcut.BMP
calibration,1,Medium-Zcut,data/soco/socofing/train/Real/492__F_Left_middle_finger.BMP,data/soco/socofing/train/Altered/Altered-Medium/492__F_Left_middle_finger_Zcut.BMP
calibration,1,Medium-CR,data/soco/socofing/val/Real/58__M_Right_middle_finger.BMP,data/soco/socofing/val/Altered/Altered-Medium/58__M_Right_middle_finger_CR.BMP
calibration,1,Medium-Obl,data/soco/socofing/train/Real/300__F_Right_little_finger.BMP,data/soco/socofing/train/Altered/Altered-Medium/300__F_Right_little_finger_Obl.BMP
calibration,1,Medium-CR,data/soco/socofing/train/Real/481__F_Left_little_finger.BMP,data/soco/socofing/train/Altered/Altered-Medium/481__F_Left_little_finger_CR.BMP
calibration,1,Medium-Obl,data/soco/socofing/train/Real/194__M_Right_thumb_finger.BMP,data/soco/socofing/train/Altered/Altered-Medium/194__M_Right_thumb_finger_Obl.BMP
calibration,1,Medium-Zcut,data/soco/socofing/test/Real/461__F_Left_middle_finger.BMP,data/soco/socofing/train/Altered/Altered-Medium/461__F_Left_middle_finger_Zcut.BMP
calibration,1,Medium-CR,data/soco/socofing/val/Real/59__F_Right_thumb_finger.BMP,data/soco/socofing/val/Altered/Altered-Medium/59__F_Right_thumb_finger_CR.BMP
calibration,1,Medium-CR,data/soco/socofing/train/Real/489__M_Left_thumb_finger.BMP,data/soco/socofing/train/Altered/Altered-Medium/489__M_Left_thumb_finger_CR.BMP
calibration,1,Medium-Zcut,data/soco/socofing/test/Real/423__M_Right_thumb_finger.BMP,data/soco/socofing/train/Altered/Altered-Medium/423__M_Right_thumb_finger_Zcut.BMP
calibration,1,Medium-CR,data/soco/socofing/val/Real/128__M_Left_index_finger.BMP,data/soco/socofing/train/Altered/Altered-Medium/128__M_Left_index_finger_CR.BMP
calibration,1,Hard-CR,data/soco/socofing/train/Real/299__M_Right_middle_finger.BMP,data/soco/socofing/train/Altered/Altered-Hard/299__M_Right_middle_finger_CR.BMP
calibration,1,Medium-Zcut,data/soco/socofing/train/Real/116__M_Right_index_finger.BMP,data/soco/socofing/val/Altered/Altered-Medium/116__M_Right_index_finger_Zcut.BMP
calibration,1,Easy-CR,data/soco/socofing/test/Real/256__M_Right_ring_finger.BMP,data/soco/socofing/train/Altered/Altered-Easy/256__M_Right_ring_finger_CR.BMP
calibration,1,Medium-Zcut,data/soco/socofing/train/Real/524__M_Right_thumb_finger.BMP,data/soco/socofing/train/Altered/Altered-Medium/524__M_Right_thumb_finger_Zcut.BMP
calibration,1,Medium-Zcut,data/soco/socofing/train/Real/158__M_Right_middle_finger.BMP,data/soco/socofing/train/Altered/Altered-Medium/158__M_Right_middle_finger_Zcut.BMP
calibration,1,Medium-CR,data/soco/socofing/train/Real/300__F_Right_little_finger.BMP,data/soco/socofing/train/Altered/Altered-Medium/300__F_Right_little_finger_CR.BMP
calibration,1,Medium-Obl,data/soco/socofing/val/Real/378__F_Left_index_finger.BMP,data/soco/socofing/train/Altered/Altered-Medium/378__F_Left_index_finger_Obl.BMP
calibration,1,Medium-Zcut,data/soco/socofing/train/Real/102__M_Left_middle_finger.BMP,data/soco/socofing/train/Altered/Altered-Medium/102__M_Left_middle_finger_Zcut.BMP
calibration,1,Medium-Zcut,data/soco/socofing/train/Real/480__M_Right_middle_finger.BMP,data/soco/socofing/train/Altered/Altered-Medium/480__M_Right_middle_finger_Zcut.BMP
calibration,1,Hard-Obl,data/soco/socofing/train/Real/181__M_Right_little_finger.BMP,data/soco/socofing/train/Altered/Altered-Hard/181__M_Right_little_finger_Obl.BMP
calibration,1,Hard-Zcut,data/soco/socofing/train/Real/163__M_Right_ring_finger.BMP,data/soco/socofing/train/Altered/Altered-Hard/163__M_Right_ring_finger_Zcut.BMP
calibration,1,Medium-Zcut,data/soco/socofing/train/Real/418__F_Left_middle_finger.BMP,data/soco/socofing/train/Altered/Altered-Medium/418__F_Left_middle_finger_Zcut.BMP
calibration,1,Easy-Zcut,data/soco/socofing/train/Real/449__F_Left_middle_finger.BMP,data/soco/socofing/train/Altered/Altered-Easy/449__F_Left_middle_finger_Zcut.BMP
calibration,1,Medium-Zcut,data/soco/socofing/train/Real/415__M_Left_ring_finger.BMP,data/soco/socofing/train/Altered/Altered-Medium/415__M_Left_ring_finger_Zcut.BMP
calibration,1,Medium-CR,data/soco/socofing/train/Real/154__F_Left_ring_finger.BMP,data/soco/socofing/train/Altered/Altered-Medium/154__F_Left_ring_finger_CR.BMP
calibration,1,Easy-CR,data/soco/socofing/train/Real/530__M_Right_thumb_finger.BMP,data/soco/socofing/val/Altered/Altered-Easy/530__M_Right_thumb_finger_CR.BMP
calibration,1,Easy-Zcut,data/soco/socofing/test/Real/259__M_Left_index_finger.BMP,data/soco/socofing/train/Altered/Altered-Easy/259__M_Left_index_finger_Zcut.BMP
calibration,1,Hard-Obl,data/soco/socofing/train/Real/455__M_Left_middle_finger.BMP,data/soco/socofing/train/Altered/Altered-Hard/455__M_Left_middle_finger_Obl.BMP
calibration,1,Easy-CR,data/soco/socofing/train/Real/141__F_Left_ring_finger.BMP,data/soco/socofing/test/Altered/Altered-Easy/141__F_Left_ring_finger_CR.BMP
calibration,1,Hard-Obl,data/soco/socofing/train/Real/22__M_Right_middle_finger.BMP,data/soco/socofing/train/Altered/Altered-Hard/22__M_Right_middle_finger_Obl.BMP
calibration,1,Medium-Obl,data/soco/socofing/train/Real/499__M_Right_little_finger.BMP,data/soco/socofing/val/Altered/Altered-Medium/499__M_Right_little_finger_Obl.BMP
calibration,1,Medium-CR,data/soco/socofing/train/Real/493__M_Left_middle_finger.BMP,data/soco/socofing/train/Altered/Altered-Medium/493__M_Left_middle_finger_CR.BMP
calibration,1,Easy-CR,data/soco/socofing/train/Real/2__F_Left_thumb_finger.BMP,data/soco/socofing/train/Altered/Altered-Easy/2__F_Left_thumb_finger_CR.BMP
calibration,1,Hard-CR,data/soco/socofing/train/Real/494__F_Right_ring_finger.BMP,data/soco/socofing/train/Altered/Altered-Hard/494__F_Right_ring_finger_CR.BMP
calibration,1,Medium-Obl,data/soco/socofing/train/Real/208__M_Right_little_finger.BMP,data/soco/socofing/train/Altered/Altered-Medium/208__M_Right_little_finger_Obl.BMP
calibration,1,Medium-CR,data/soco/socofing/train/Real/170__M_Right_little_finger.BMP,data/soco/socofing/train/Altered/Altered-Medium/170__M_Right_little_finger_CR.BMP
calibration,1,Easy-CR,data/soco/socofing/test/Real/198__M_Left_middle_finger.BMP,data/soco/socofing/train/Altered/Altered-Easy/198__M_Left_middle_finger_CR.BMP
calibration,1,Hard-Obl,data/soco/socofing/train/Real/513__M_Left_middle_finger.BMP,data/soco/socofing/train/Altered/Altered-Hard/513__M_Left_middle_finger_Obl.BMP
calibration,1,Easy-Obl,data/soco/socofing/train/Real/288__M_Right_index_finger.BMP,data/soco/socofing/train/Altered/Altered-Easy/288__M_Right_index_finger_Obl.BMP
calibration,1,Medium-Obl,data/soco/socofing/val/Real/174__F_Right_little_finger.BMP,data/soco/socofing/train/Altered/Altered-Medium/174__F_Right_little_finger_Obl.BMP
calibration,1,Easy-CR,data/soco/socofing/train/Real/13__F_Left_index_finger.BMP,data/soco/socofing/val/Altered/Altered-Easy/13__F_Left_index_finger_CR.BMP
calibration,1,Hard-CR,data/soco/socofing/val/Real/539__F_Left_thumb_finger.BMP,data/soco/socofing/train/Altered/Altered-Hard/539__F_Left_thumb_finger_CR.BMP
calibration,1,Medium-CR,data/soco/socofing/train/Real/537__M_Left_index_finger.BMP,data/soco/socofing/train/Altered/Altered-Medium/537__M_Left_index_finger_CR.BMP
calibration,1,Medium-CR,data/soco/socofing/train/Real/557__M_Right_ring_finger.BMP,data/soco/socofing/train/Altered/Altered-Medium/557__M_Right_ring_finger_CR.BMP
calibration,1,Easy-CR,data/soco/socofing/train/Real/401__M_Left_ring_finger.BMP,data/soco/socofing/train/Altered/Altered-Easy/401__M_Left_ring_finger_CR.BMP
calibration,1,Hard-Obl,data/soco/socofing/train/Real/532__M_Left_ring_finger.BMP,data/soco/socofing/train/Altered/Altered-Hard/532__M_Left_ring_finger_Obl.BMP
calibration,1,Medium-Obl,data/soco/socofing/train/Real/251__M_Right_middle_finger.BMP,data/soco/socofing/train/Altered/Altered-Medium/251__M_Right_middle_finger_Obl.BMP
calibration,1,Medium-CR,data/soco/socofing/train/Real/108__M_Left_thumb_finger.BMP,data/soco/socofing/train/Altered/Altered-Medium/108__M_Left_thumb_finger_CR.BMP
calibration,1,Medium-Obl,data/soco/socofing/test/Real/151__M_Left_ring_finger.BMP,data/soco/socofing/train/Altered/Altered-Medium/151__M_Left_ring_finger_Obl.BMP
calibration,1,Hard-Obl,data/soco/socofing/train/Real/339__M_Right_middle_finger.BMP,data/soco/socofing/train/Altered/Altered-Hard/339__M_Right_middle_finger_Obl.BMP
calibration,1,Medium-Obl,data/soco/socofing/train/Real/257__M_Left_middle_finger.BMP,data/soco/socofing/train/Altered/Altered-Medium/257__M_Left_middle_finger_Obl.BMP
calibration,1,Medium-Zcut,data/soco/socofing/train/Real/197__M_Left_thumb_finger.BMP,data/soco/socofing/test/Altered/Altered-Medium/197__M_Left_thumb_finger_Zcut.BMP
calibration,1,Easy-CR,data/soco/socofing/test/Real/557__M_Right_little_finger.BMP,data/soco/socofing/train/Altered/Altered-Easy/557__M_Right_little_finger_CR.BMP
calibration,1,Easy-CR,data/soco/socofing/train/Real/541__M_Left_little_finger.BMP,data/soco/socofing/train/Altered/Altered-Easy/541__M_Left_little_finger_CR.BMP
calibration,1,Medium-CR,data/soco/socofing/train/Real/260__M_Left_ring_finger.BMP,data/soco/socofing/val/Altered/Altered-Medium/260__M_Left_ring_finger_CR.BMP
calibration,1,Easy-Zcut,data/soco/socofing/train/Real/235__M_Left_middle_finger.BMP,data/soco/socofing/train/Altered/Altered-Easy/235__M_Left_middle_finger_Zcut.BMP
calibration,1,Hard-CR,data/soco/socofing/train/Real/334__F_Left_middle_finger.BMP,data/soco/socofing/test/Altered/Altered-Hard/334__F_Left_middle_finger_CR.BMP
calibration,1,Medium-CR,data/soco/socofing/train/Real/280__M_Right_index_finger.BMP,data/soco/socofing/val/Altered/Altered-Medium/280__M_Right_index_finger_CR.BMP
calibration,1,Hard-CR,data/soco/socofing/train/Real/232__M_Right_ring_finger.BMP,data/soco/socofing/train/Altered/Altered-Hard/232__M_Right_ring_finger_CR.BMP
calibration,1,Hard-CR,data/soco/socofing/train/Real/284__M_Left_thumb_finger.BMP,data/soco/socofing/train/Altered/Altered-Hard/284__M_Left_thumb_finger_CR.BMP
calibration,1,Easy-Obl,data/soco/socofing/train/Real/369__F_Left_thumb_finger.BMP,data/soco/socofing/test/Altered/Altered-Easy/369__F_Left_thumb_finger_Obl.BMP
calibration,1,Medium-Zcut,data/soco/socofing/train/Real/217__M_Right_little_finger.BMP,data/soco/socofing/train/Altered/Altered-Medium/217__M_Right_little_finger_Zcut.BMP
calibration,1,Hard-CR,data/soco/socofing/train/Real/341__M_Right_little_finger.BMP,data/soco/socofing/train/Altered/Altered-Hard/341__M_Right_little_finger_CR.BMP
calibration,1,Medium-Obl,data/soco/socofing/train/Real/146__M_Left_index_finger.BMP,data/soco/socofing/train/Altered/Altered-Medium/146__M_Left_index_finger_Obl.BMP
calibration,1,Medium-CR,data/soco/socofing/train/Real/219__M_Left_middle_finger.BMP,data/soco/socofing/train/Altered/Altered-Medium/219__M_Left_middle_finger_CR.BMP
calibration,1,Easy-Obl,data/soco/socofing/train/Real/348__F_Left_thumb_finger.BMP,data/soco/socofing/train/Altered/Altered-Easy/348__F_Left_thumb_finger_Obl.BMP
calibration,1,Hard-CR,data/soco/socofing/train/Real/224__M_Left_little_finger.BMP,data/soco/socofing/train/Altered/Altered-Hard/224__M_Left_little_finger_CR.BMP
calibration,1,Hard-CR,data/soco/socofing/train/Real/132__M_Left_thumb_finger.BMP,data/soco/socofing/train/Altered/Altered-Hard/132__M_Left_thumb_finger_CR.BMP
calibration,1,Easy-Obl,data/soco/socofing/train/Real/285__M_Right_thumb_finger.BMP,data/soco/socofing/test/Altered/Altered-Easy/285__M_Right_thumb_finger_Obl.BMP
calibration,1,Easy-Obl,data/soco/socofing/train/Real/412__M_Left_little_finger.BMP,data/soco/socofing/train/Altered/Altered-Easy/412__M_Left_little_finger_Obl.BMP
calibration,1,Hard-Obl,data/soco/socofing/train/Real/46__M_Left_middle_finger.BMP,data/soco/socofing/train/Altered/Altered-Hard/46__M_Left_middle_finger_Obl.BMP
calibration,1,Easy-Obl,data/soco/socofing/train/Real/102__M_Right_middle_finger.BMP,data/soco/socofing/train/Altered/Altered-Easy/102__M_Right_middle_finger_Obl.BMP
calibration,1,Easy-Obl,data/soco/socofing/train/Real/38__M_Right_little_finger.BMP,data/soco/socofing/train/Altered/Altered-Easy/38__M_Right_little_finger_Obl.BMP
calibration,1,Hard-Zcut,data/soco/socofing/train/Real/194__M_Right_index_finger.BMP,data/soco/socofing/train/Altered/Altered-Hard/194__M_Right_index_finger_Zcut.BMP
calibration,1,Medium-Zcut,data/soco/socofing/train/Real/406__M_Left_middle_finger.BMP,data/soco/socofing/train/Altered/Altered-Medium/406__M_Left_middle_finger_Zcut.BMP
calibration,1,Medium-CR,data/soco/socofing/test/Real/140__F_Left_ring_finger.BMP,data/soco/socofing/train/Altered/Altered-Medium/140__F_Left_ring_finger_CR.BMP
calibration,1,Medium-Zcut,data/soco/socofing/test/Real/124__M_Left_middle_finger.BMP,data/soco/socofing/train/Altered/Altered-Medium/124__M_Left_middle_finger_Zcut.BMP
calibration,1,Easy-CR,data/soco/socofing/train/Real/109__F_Left_middle_finger.BMP,data/soco/socofing/train/Altered/Altered-Easy/109__F_Left_middle_finger_CR.BMP
calibration,1,Easy-CR,data/soco/socofing/train/Real/324__M_Left_thumb_finger.BMP,data/soco/socofing/test/Altered/Altered-Easy/324__M_Left_thumb_finger_CR.BMP
calibration,1,Medium-Obl,data/soco/socofing/train/Real/348__F_Left_thumb_finger.BMP,data/soco/socofing/train/Altered/Altered-Medium/348__F_Left_thumb_finger_Obl.BMP
calibration,1,Easy-CR,data/soco/socofing/train/Real/228__M_Left_middle_finger.BMP,data/soco/socofing/train/Altered/Altered-Easy/228__M_Left_middle_finger_CR.BMP
calibration,1,Hard-Zcut,data/soco/socofing/train/Real/197__M_Left_little_finger.BMP,data/soco/socofing/train/Altered/Altered-Hard/197__M_Left_little_finger_Zcut.BMP
calibration,1,Medium-CR,data/soco/socofing/test/Real/401__M_Right_index_finger.BMP,data/soco/socofing/train/Altered/Altered-Medium/401__M_Right_index_finger_CR.BMP
calibration,1,Easy-CR,data/soco/socofing/train/Real/364__M_Left_middle_finger.BMP,data/soco/socofing/train/Altered/Altered-Easy/364__M_Left_middle_finger_CR.BMP
calibration,1,Hard-Obl,data/soco/socofing/train/Real/141__F_Right_little_finger.BMP,data/soco/socofing/train/Altered/Altered-Hard/141__F_Right_little_finger_Obl.BMP
calibration,1,Medium-CR,data/soco/socofing/train/Real/368__M_Left_little_finger.BMP,data/soco/socofing/train/Altered/Altered-Medium/368__M_Left_little_finger_CR.BMP
calibration,1,Hard-Obl,data/soco/socofing/train/Real/402__M_Right_thumb_finger.BMP,data/soco/socofing/train/Altered/Altered-Hard/402__M_Right_thumb_finger_Obl.BMP
calibration,1,Easy-Zcut,data/soco/socofing/train/Real/165__M_Right_index_finger.BMP,data/soco/socofing/train/Altered/Altered-Easy/165__M_Right_index_finger_Zcut.BMP
calibration,1,Medium-CR,data/soco/socofing/train/Real/530__M_Left_ring_finger.BMP,data/soco/socofing/train/Altered/Altered-Medium/530__M_Left_ring_finger_CR.BMP
calibration,1,Medium-Zcut,data/soco/socofing/train/Real/168__M_Right_thumb_finger.BMP,data/soco/socofing/train/Altered/Altered-Medium/168__M_Right_thumb_finger_Zcut.BMP
calibration,1,Hard-CR,data/soco/socofing/train/Real/260__M_Right_thumb_finger.BMP,data/soco/socofing/train/Altered/Altered-Hard/260__M_Right_thumb_finger_CR.BMP
calibration,1,Easy-CR,data/soco/socofing/train/Real/537__M_Right_index_finger.BMP,data/soco/socofing/train/Altered/Altered-Easy/537__M_Right_index_finger_CR.BMP
calibration,1,Medium-CR,data/soco/socofing/val/Real/436__M_Right_index_finger.BMP,data/soco/socofing/train/Altered/Altered-Medium/436__M_Right_index_finger_CR.BMP
calibration,1,Easy-Obl,data/soco/socofing/train/Real/542__M_Left_middle_finger.BMP,data/soco/socofing/train/Altered/Altered-Easy/542__M_Left_middle_finger_Obl.BMP
calibration,1,Medium-Obl,data/soco/socofing/test/Real/514__F_Right_middle_finger.BMP,data/soco/socofing/train/Altered/Altered-Medium/514__F_Right_middle_finger_Obl.BMP
calibration,1,Easy-Zcut,data/soco/socofing/train/Real/376__F_Right_ring_finger.BMP,data/soco/socofing/train/Altered/Altered-Easy/376__F_Right_ring_finger_Zcut.BMP
calibration,1,Medium-CR,data/soco/socofing/train/Real/476__M_Right_thumb_finger.BMP,data/soco/socofing/train/Altered/Altered-Medium/476__M_Right_thumb_finger_CR.BMP
calibration,1,Hard-CR,data/soco/socofing/train/Real/387__F_Right_middle_finger.BMP,data/soco/socofing/train/Altered/Altered-Hard/387__F_Right_middle_finger_CR.BMP
calibration,1,Easy-Zcut,data/soco/socofing/train/Real/479__F_Left_index_finger.BMP,data/soco/socofing/train/Altered/Altered-Easy/479__F_Left_index_finger_Zcut.BMP
calibration,1,Easy-Obl,data/soco/socofing/val/Real/458__M_Right_middle_finger.BMP,data/soco/socofing/train/Altered/Altered-Easy/458__M_Right_middle_finger_Obl.BMP
calibration,1,Easy-Zcut,data/soco/socofing/train/Real/481__F_Right_index_finger.BMP,data/soco/socofing/train/Altered/Altered-Easy/481__F_Right_index_finger_Zcut.BMP
calibration,1,Easy-Obl,data/soco/socofing/test/Real/398__M_Right_ring_finger.BMP,data/soco/socofing/train/Altered/Altered-Easy/398__M_Right_ring_finger_Obl.BMP
calibration,1,Hard-Obl,data/soco/socofing/train/Real/8__M_Right_index_finger.BMP,data/soco/socofing/train/Altered/Altered-Hard/8__M_Right_index_finger_Obl.BMP
calibration,1,Easy-Zcut,data/soco/socofing/test/Real/582__M_Left_middle_finger.BMP,data/soco/socofing/val/Altered/Altered-Easy/582__M_Left_middle_finger_Zcut.BMP
calibration,1,Medium-CR,data/soco/socofing/train/Real/163__M_Right_index_finger.BMP,data/soco/socofing/train/Altered/Altered-Medium/163__M_Right_index_finger_CR.BMP
calibration,1,Easy-Obl,data/soco/socofing/train/Real/542__M_Left_ring_finger.BMP,data/soco/socofing/train/Altered/Altered-Easy/542__M_Left_ring_finger_Obl.BMP
calibration,1,Hard-CR,data/soco/socofing/train/Real/110__F_Right_thumb_finger.BMP,data/soco/socofing/train/Altered/Altered-Hard/110__F_Right_thumb_finger_CR.BMP
calibration,1,Medium-CR,data/soco/socofing/train/Real/547__M_Right_thumb_finger.BMP,data/soco/socofing/train/Altered/Altered-Medium/547__M_Right_thumb_finger_CR.BMP
calibration,1,Hard-CR,data/soco/socofing/train/Real/339__M_Right_little_finger.BMP,data/soco/socofing/train/Altered/Altered-Hard/339__M_Right_little_finger_CR.BMP
calibration,1,Medium-Zcut,data/soco/socofing/train/Real/5__M_Left_middle_finger.BMP,data/soco/socofing/train/Altered/Altered-Medium/5__M_Left_middle_finger_Zcut.BMP
calibration,1,Easy-Zcut,data/soco/socofing/train/Real/20__M_Right_thumb_finger.BMP,data/soco/socofing/train/Altered/Altered-Easy/20__M_Right_thumb_finger_Zcut.BMP
calibration,1,Easy-CR,data/soco/socofing/train/Real/595__M_Right_ring_finger.BMP,data/soco/socofing/train/Altered/Altered-Easy/595__M_Right_ring_finger_CR.BMP
calibration,1,Medium-Obl,data/soco/socofing/val/Real/306__M_Left_thumb_finger.BMP,data/soco/socofing/test/Altered/Altered-Medium/306__M_Left_thumb_finger_Obl.BMP
calibration,1,Medium-CR,data/soco/socofing/train/Real/20__M_Right_little_finger.BMP,data/soco/socofing/train/Altered/Altered-Medium/20__M_Right_little_finger_CR.BMP
calibration,1,Easy-Obl,data/soco/socofing/train/Real/484__M_Left_middle_finger.BMP,data/soco/socofing/train/Altered/Altered-Easy/484__M_Left_middle_finger_Obl.BMP
calibration,1,Easy-Obl,data/soco/socofing/val/Real/418__F_Right_ring_finger.BMP,data/soco/socofing/train/Altered/Altered-Easy/418__F_Right_ring_finger_Obl.BMP
calibration,1,Medium-CR,data/soco/socofing/train/Real/346__M_Right_ring_finger.BMP,data/soco/socofing/train/Altered/Altered-Medium/346__M_Right_ring_finger_CR.BMP
calibration,1,Hard-Obl,data/soco/socofing/val/Real/261__M_Right_index_finger.BMP,data/soco/socofing/train/Altered/Altered-Hard/261__M_Right_index_finger_Obl.BMP
calibration,1,Hard-Obl,data/soco/socofing/train/Real/413__M_Left_little_finger.BMP,data/soco/socofing/train/Altered/Altered-Hard/413__M_Left_little_finger_Obl.BMP
calibration,1,Hard-Obl,data/soco/socofing/train/Real/30__F_Right_ring_finger.BMP,data/soco/socofing/train/Altered/Altered-Hard/30__F_Right_ring_finger_Obl.BMP
calibration,1,Easy-Zcut,data/soco/socofing/train/Real/364__M_Right_little_finger.BMP,data/soco/socofing/train/Altered/Altered-Easy/364__M_Right_little_finger_Zcut.BMP
calibration,1,Easy-CR,data/soco/socofing/train/Real/536__F_Right_little_finger.BMP,data/soco/socofing/train/Altered/Altered-Easy/536__F_Right_little_finger_CR.BMP
calibration,1,Hard-Zcut,data/soco/socofing/train/Real/575__M_Left_middle_finger.BMP,data/soco/socofing/train/Altered/Altered-Hard/575__M_Left_middle_finger_Zcut.BMP
calibration,1,Easy-Obl,data/soco/socofing/test/Real/272__M_Right_middle_finger.BMP,data/soco/socofing/train/Altered/Altered-Easy/272__M_Right_middle_finger_Obl.BMP
calibration,0,impostor,data/soco/socofing/train/Real/212__M_Left_little_finger.BMP,data/soco/socofing/val/Real/5__M_Left_little_finger.BMP
calibration,0,impostor,data/soco/socofing/train/Real/40__F_Left_little_finger.BMP,data/soco/socofing/train/Real/165__M_Left_little_finger.BMP
calibration,0,impostor,data/soco/socofing/train/Real/132__M_Left_index_finger.BMP,data/soco/socofing/train/Real/335__M_Left_index_finger.BMP
calibration,0,impostor,data/soco/socofing/train/Real/324__M_Right_little_finger.BMP,data/soco/socofing/train/Real/172__M_Right_little_finger.BMP
calibration,0,impostor,data/soco/socofing/train/Real/154__F_Right_middle_finger.BMP,data/soco/socofing/train/Real/427__M_Right_middle_finger.BMP
calibration,0,impostor,data/soco/socofing/train/Real/56__F_Right_ring_finger.BMP,data/soco/socofing/train/Real/21__M_Right_ring_finger.BMP
calibration,0,impostor,data/soco/socofing/train/Real/69__M_Left_ring_finger.BMP,data/soco/socofing/train/Real/467__M_Left_ring_finger.BMP
calibration,0,impostor,data/soco/socofing/train/Real/536__F_Left_index_finger.BMP,data/soco/socofing/val/Real/189__F_Left_index_finger.BMP
calibration,0,impostor,data/soco/socofing/train/Real/319__M_Left_index_finger.BMP,data/soco/socofing/train/Real/369__F_Left_index_finger.BMP
calibration,0,impostor,data/soco/socofing/train/Real/189__F_Right_index_finger.BMP,data/soco/socofing/train/Real/557__M_Right_index_finger.BMP
calibration,0,impostor,data/soco/socofing/val/Real/421__F_Right_middle_finger.BMP,data/soco/socofing/val/Real/341__M_Right_middle_finger.BMP
calibration,0,impostor,data/soco/socofing/train/Real/236__M_Left_little_finger.BMP,data/soco/socofing/train/Real/224__M_Left_little_finger.BMP
calibration,0,impostor,data/soco/socofing/train/Real/335__M_Left_ring_finger.BMP,data/soco/socofing/train/Real/147__M_Left_ring_finger.BMP
calibration,0,impostor,data/soco/socofing/train/Real/464__M_Right_middle_finger.BMP,data/soco/socofing/train/Real/81__F_Right_middle_finger.BMP
calibration,0,impostor,data/soco/socofing/train/Real/168__M_Right_thumb_finger.BMP,data/soco/socofing/train/Real/582__M_Right_thumb_finger.BMP
calibration,0,impostor,data/soco/socofing/train/Real/141__F_Left_middle_finger.BMP,data/soco/socofing/train/Real/122__M_Left_middle_finger.BMP
calibration,0,impostor,data/soco/socofing/train/Real/557__M_Right_index_finger.BMP,data/soco/socofing/train/Real/252__F_Right_index_finger.BMP
calibration,0,impostor,data/soco/socofing/train/Real/439__M_Right_index_finger.BMP,data/soco/socofing/train/Real/276__M_Right_index_finger.BMP
calibration,0,impostor,data/soco/socofing/train/Real/259__M_Right_little_finger.BMP,data/soco/socofing/train/Real/196__M_Right_little_finger.BMP
calibration,0,impostor,data/soco/socofing/train/Real/598__M_Right_thumb_finger.BMP,data/soco/socofing/train/Real/536__F_Right_thumb_finger.BMP
calibration,0,impostor,data/soco/socofing/train/Real/513__M_Left_index_finger.BMP,data/soco/socofing/train/Real/19__M_Left_index_finger.BMP
calibration,0,impostor,data/soco/socofing/train/Real/328__M_Left_middle_finger.BMP,data/soco/socofing/test/Real/508__F_Left_middle_finger.BMP
calibration,0,impostor,data/soco/socofing/test/Real/102__M_Right_little_finger.BMP,data/soco/socofing/train/Real/387__F_Right_little_finger.BMP
calibration,0,impostor,data/soco/socofing/train/Real/337__F_Left_little_finger.BMP,data/soco/socofing/train/Real/162__M_Left_little_finger.BMP
calibration,0,impostor,data/soco/socofing/test/Real/412__M_Right_index_finger.BMP,data/soco/socofing/train/Real/454__M_Right_index_finger.BMP
calibration,0,impostor,data/soco/socofing/train/Real/574__F_Left_ring_finger.BMP,data/soco/socofing/train/Real/412__M_Left_ring_finger.BMP
calibration,0,impostor,data/soco/socofing/train/Real/108__M_Right_index_finger.BMP,data/soco/socofing/train/Real/395__M_Right_index_finger.BMP
calibration,0,impostor,data/soco/socofing/train/Real/469__M_Right_little_finger.BMP,data/soco/socofing/train/Real/118__F_Right_little_finger.BMP
calibration,0,impostor,data/soco/socofing/train/Real/218__M_Right_ring_finger.BMP,data/soco/socofing/train/Real/166__M_Right_ring_finger.BMP
calibration,0,impostor,data/soco/socofing/test/Real/150__M_Left_middle_finger.BMP,data/soco/socofing/train/Real/436__M_Left_middle_finger.BMP
calibration,0,impostor,data/soco/socofing/test/Real/508__F_Right_little_finger.BMP,data/soco/socofing/train/Real/233__M_Right_little_finger.BMP
calibration,0,impostor,data/soco/socofing/train/Real/110__F_Left_thumb_finger.BMP,data/soco/socofing/train/Real/256__M_Left_thumb_finger.BMP
calibration,0,impostor,data/soco/socofing/train/Real/455__M_Right_thumb_finger.BMP,data/soco/socofing/val/Real/116__M_Right_thumb_finger.BMP
calibration,0,impostor,data/soco/socofing/test/Real/281__M_Right_little_finger.BMP,data/soco/socofing/train/Real/108__M_Right_little_finger.BMP
calibration,0,impostor,data/soco/socofing/train/Real/150__M_Left_little_finger.BMP,data/soco/socofing/train/Real/289__F_Left_little_finger.BMP
calibration,0,impostor,data/soco/socofing/train/Real/484__M_Left_middle_finger.BMP,data/soco/socofing/train/Real/570__M_Left_middle_finger.BMP
calibration,0,impostor,data/soco/socofing/train/Real/252__F_Left_thumb_finger.BMP,data/soco/socofing/train/Real/540__F_Left_thumb_finger.BMP
calibration,0,impostor,data/soco/socofing/train/Real/370__M_Right_thumb_finger.BMP,data/soco/socofing/train/Real/263__F_Right_thumb_finger.BMP
calibration,0,impostor,data/soco/socofing/train/Real/441__M_Right_ring_finger.BMP,data/soco/socofing/train/Real/494__F_Right_ring_finger.BMP
calibration,0,impostor,data/soco/socofing/test/Real/529__M_Left_little_finger.BMP,data/soco/socofing/train/Real/524__M_Left_little_finger.BMP
calibration,0,impostor,data/soco/socofing/train/Real/17__M_Right_ring_finger.BMP,data/soco/socofing/train/Real/510__M_Right_ring_finger.BMP
calibration,0,impostor,data/soco/socofing/train/Real/331__M_Left_middle_finger.BMP,data/soco/socofing/val/Real/260__M_Left_middle_finger.BMP
calibration,0,impostor,data/soco/socofing/train/Real/587__M_Left_middle_finger.BMP,data/soco/socofing/test/Real/341__M_Left_middle_finger.BMP
calibration,0,impostor,data/soco/socofing/train/Real/527__M_Right_thumb_finger.BMP,data/soco/socofing/train/Real/166__M_Right_thumb_finger.BMP
calibration,0,impostor,data/soco/socofing/train/Real/200__M_Right_middle_finger.BMP,data/soco/socofing/train/Real/244__M_Right_middle_finger.BMP
calibration,0,impostor,data/soco/socofing/train/Real/21__M_Right_ring_finger.BMP,data/soco/socofing/test/Real/423__M_Right_ring_finger.BMP
calibration,0,impostor,data/soco/socofing/val/Real/139__M_Right_little_finger.BMP,data/soco/socofing/val/Real/444__M_Right_little_finger.BMP
calibration,0,impostor,data/soco/socofing/train/Real/532__M_Left_little_finger.BMP,data/soco/socofing/train/Real/583__M_Left_little_finger.BMP
calibration,0,impostor,data/soco/socofing/test/Real/502__F_Right_thumb_finger.BMP,data/soco/socofing/train/Real/56__F_Right_thumb_finger.BMP
calibration,0,impostor,data/soco/socofing/train/Real/20__M_Right_thumb_finger.BMP,data/soco/socofing/train/Real/252__F_Right_thumb_finger.BMP
calibration,0,impostor,data/soco/socofing/train/Real/46__M_Right_ring_finger.BMP,data/soco/socofing/train/Real/436__M_Right_ring_finger.BMP
calibration,0,impostor,data/soco/socofing/train/Real/129__M_Left_little_finger.BMP,data/soco/socofing/train/Real/189__F_Left_little_finger.BMP
calibration,0,impostor,data/soco/socofing/train/Real/111__M_Right_thumb_finger.BMP,data/soco/socofing/train/Real/418__F_Right_thumb_finger.BMP
calibration,0,impostor,data/soco/socofing/train/Real/17__M_Right_ring_finger.BMP,data/soco/socofing/train/Real/110__F_Right_ring_finger.BMP
calibration,0,impostor,data/soco/socofing/train/Real/8__M_Right_middle_finger.BMP,data/soco/socofing/test/Real/521__M_Right_middle_finger.BMP
calibration,0,impostor,data/soco/socofing/train/Real/527__M_Right_little_finger.BMP,data/soco/socofing/train/Real/207__M_Right_little_finger.BMP
calibration,0,impostor,data/soco/socofing/test/Real/373__M_Left_thumb_finger.BMP,data/soco/socofing/test/Real/474__M_Left_thumb_finger.BMP
calibration,0,impostor,data/soco/socofing/train/Real/412__M_Left_thumb_finger.BMP,data/soco/socofing/train/Real/257__M_Left_thumb_finger.BMP
calibration,0,impostor,data/soco/socofing/train/Real/581__F_Left_middle_finger.BMP,data/soco/socofing/train/Real/298__M_Left_middle_finger.BMP
calibration,0,impostor,data/soco/socofing/test/Real/333__M_Left_thumb_finger.BMP,data/soco/socofing/train/Real/339__M_Left_thumb_finger.BMP
calibration,0,impostor,data/soco/socofing/train/Real/13__F_Left_little_finger.BMP,data/soco/socofing/train/Real/335__M_Left_little_finger.BMP
calibration,0,impostor,data/soco/socofing/train/Real/147__M_Left_ring_finger.BMP,data/soco/socofing/train/Real/492__F_Left_ring_finger.BMP
calibration,0,impostor,data/soco/socofing/train/Real/69__M_Left_index_finger.BMP,data/soco/socofing/train/Real/348__F_Left_index_finger.BMP
calibration,0,impostor,data/soco/socofing/train/Real/419__F_Right_ring_finger.BMP,data/soco/socofing/train/Real/286__M_Right_ring_finger.BMP
calibration,0,impostor,data/soco/socofing/train/Real/129__M_Right_ring_finger.BMP,data/soco/socofing/train/Real/9__M_Right_ring_finger.BMP
calibration,0,impostor,data/soco/socofing/train/Real/276__M_Left_index_finger.BMP,data/soco/socofing/train/Real/450__M_Left_index_finger.BMP
calibration,0,impostor,data/soco/socofing/train/Real/139__M_Right_ring_finger.BMP,data/soco/socofing/val/Real/104__M_Right_ring_finger.BMP
calibration,0,impostor,data/soco/socofing/train/Real/572__F_Left_little_finger.BMP,data/soco/socofing/train/Real/459__M_Left_little_finger.BMP
calibration,0,impostor,data/soco/socofing/train/Real/600__M_Left_index_finger.BMP,data/soco/socofing/train/Real/298__M_Left_index_finger.BMP
calibration,0,impostor,data/soco/socofing/train/Real/102__M_Right_index_finger.BMP,data/soco/socofing/train/Real/163__M_Right_index_finger.BMP
calibration,0,impostor,data/soco/socofing/train/Real/364__M_Left_middle_finger.BMP,data/soco/socofing/test/Real/412__M_Left_middle_finger.BMP
calibration,0,impostor,data/soco/socofing/train/Real/126__F_Right_little_finger.BMP,data/soco/socofing/val/Real/367__M_Right_little_finger.BMP
calibration,0,impostor,data/soco/socofing/train/Real/479__F_Left_thumb_finger.BMP,data/soco/socofing/train/Real/95__M_Left_thumb_finger.BMP
calibration,0,impostor,data/soco/socofing/train/Real/11__M_Right_index_finger.BMP,data/soco/socofing/test/Real/574__F_Right_index_finger.BMP
calibration,0,impostor,data/soco/socofing/train/Real/25__F_Right_thumb_finger.BMP,data/soco/socofing/train/Real/434__M_Right_thumb_finger.BMP
calibration,0,impostor,data/soco/socofing/train/Real/364__M_Left_thumb_finger.BMP,data/soco/socofing/train/Real/449__F_Left_thumb_finger.BMP
calibration,0,impostor,data/soco/socofing/train/Real/244__M_Right_middle_finger.BMP,data/soco/socofing/train/Real/116__M_Right_middle_finger.BMP
calibration,0,impostor,data/soco/socofing/test/Real/95__M_Right_ring_finger.BMP,data/soco/socofing/train/Real/99__M_Right_ring_finger.BMP
calibration,0,impostor,data/soco/socofing/train/Real/459__M_Right_thumb_finger.BMP,data/soco/socofing/train/Real/346__M_Right_thumb_finger.BMP
calibration,0,impostor,data/soco/socofing/train/Real/333__M_Right_little_finger.BMP,data/soco/socofing/val/Real/458__M_Right_little_finger.BMP
calibration,0,impostor,data/soco/socofing/val/Real/304__M_Left_ring_finger.BMP,data/soco/socofing/val/Real/269__M_Left_ring_finger.BMP
calibration,0,impostor,data/soco/socofing/test/Real/569__M_Right_index_finger.BMP,data/soco/socofing/train/Real/489__M_Right_index_finger.BMP
calibration,0,impostor,data/soco/socofing/train/Real/4__M_Right_thumb_finger.BMP,data/soco/socofing/train/Real/128__M_Right_thumb_finger.BMP
calibration,0,impostor,data/soco/socofing/train/Real/572__F_Left_little_finger.BMP,data/soco/socofing/train/Real/24__F_Left_little_finger.BMP
calibration,0,impostor,data/soco/socofing/train/Real/600__M_Left_index_finger.BMP,data/soco/socofing/val/Real/389__F_Left_index_finger.BMP
calibration,0,impostor,data/soco/socofing/train/Real/539__F_Right_index_finger.BMP,data/soco/socofing/train/Real/598__M_Right_index_finger.BMP
calibration,0,impostor,data/soco/socofing/train/Real/467__M_Right_index_finger.BMP,data/soco/socofing/train/Real/395__M_Right_index_finger.BMP
calibration,0,impostor,data/soco/socofing/train/Real/19__M_Right_index_finger.BMP,data/soco/socofing/train/Real/381__M_Right_index_finger.BMP
calibration,0,impostor,data/soco/socofing/test/Real/17__M_Left_ring_finger.BMP,data/soco/socofing/train/Real/542__M_Left_ring_finger.BMP
calibration,0,impostor,data/soco/socofing/train/Real/492__F_Right_index_finger.BMP,data/soco/socofing/train/Real/147__M_Right_index_finger.BMP
calibration,0,impostor,data/soco/socofing/train/Real/167__M_Right_ring_finger.BMP,data/soco/socofing/test/Real/587__M_Right_ring_finger.BMP
calibration,0,impostor,data/soco/socofing/train/Real/166__M_Right_little_finger.BMP,data/soco/socofing/train/Real/4__M_Right_little_finger.BMP
calibration,0,impostor,data/soco/socofing/train/Real/418__F_Right_middle_finger.BMP,data/soco/socofing/train/Real/69__M_Right_middle_finger.BMP
calibration,0,impostor,data/soco/socofing/train/Real/256__M_Left_middle_finger.BMP,data/soco/socofing/train/Real/402__M_Left_middle_finger.BMP
calibration,0,impostor,data/soco/socofing/train/Real/228__M_Left_ring_finger.BMP,data/soco/socofing/val/Real/198__M_Left_ring_finger.BMP
calibration,0,impostor,data/soco/socofing/train/Real/572__F_Left_index_finger.BMP,data/soco/socofing/train/Real/40__F_Left_index_finger.BMP
calibration,0,impostor,data/soco/socofing/train/Real/26__M_Right_middle_finger.BMP,data/soco/socofing/train/Real/360__M_Right_middle_finger.BMP
calibration,0,impostor,data/soco/socofing/train/Real/99__M_Left_index_finger.BMP,data/soco/socofing/train/Real/462__M_Left_index_finger.BMP
calibration,0,impostor,data/soco/socofing/train/Real/222__M_Left_ring_finger.BMP,data/soco/socofing/train/Real/46__M_Left_ring_finger.BMP
calibration,0,impostor,data/soco/socofing/train/Real/267__M_Right_thumb_finger.BMP,data/soco/socofing/train/Real/224__M_Right_thumb_finger.BMP
calibration,0,impostor,data/soco/socofing/train/Real/590__M_Right_thumb_finger.BMP,data/soco/socofing/train/Real/463__F_Right_thumb_finger.BMP
calibration,0,impostor,data/soco/socofing/train/Real/228__M_Left_little_finger.BMP,data/soco/socofing/train/Real/25__F_Left_little_finger.BMP
calibration,0,impostor,data/soco/socofing/train/Real/433__M_Right_middle_finger.BMP,data/soco/socofing/train/Real/19__M_Right_middle_finger.BMP
calibration,0,impostor,data/soco/socofing/test/Real/174__F_Right_thumb_finger.BMP,data/soco/socofing/train/Real/129__M_Right_thumb_finger.BMP
calibration,0,impostor,data/soco/socofing/train/Real/6__M_Left_ring_finger.BMP,data/soco/socofing/train/Real/397__M_Left_ring_finger.BMP
calibration,0,impostor,data/soco/socofing/val/Real/476__M_Left_ring_finger.BMP,data/soco/socofing/train/Real/401__M_Left_ring_finger.BMP
calibration,0,impostor,data/soco/socofing/test/Real/423__M_Right_ring_finger.BMP,data/soco/socofing/test/Real/214__M_Right_ring_finger.BMP
calibration,0,impostor,data/soco/socofing/train/Real/244__M_Left_thumb_finger.BMP,data/soco/socofing/test/Real/333__M_Left_thumb_finger.BMP
calibration,0,impostor,data/soco/socofing/train/Real/461__F_Left_ring_finger.BMP,data/soco/socofing/val/Real/589__M_Left_ring_finger.BMP
calibration,0,impostor,data/soco/socofing/train/Real/527__M_Right_index_finger.BMP,data/soco/socofing/train/Real/21__M_Right_index_finger.BMP
calibration,0,impostor,data/soco/socofing/train/Real/597__M_Left_thumb_finger.BMP,data/soco/socofing/val/Real/539__F_Left_thumb_finger.BMP
calibration,0,impostor,data/soco/socofing/val/Real/450__M_Right_ring_finger.BMP,data/soco/socofing/train/Real/131__M_Right_ring_finger.BMP
calibration,0,impostor,data/soco/socofing/train/Real/36__M_Right_little_finger.BMP,data/soco/socofing/train/Real/442__F_Right_little_finger.BMP
calibration,0,impostor,data/soco/socofing/train/Real/294__M_Left_thumb_finger.BMP,data/soco/socofing/test/Real/585__M_Left_thumb_finger.BMP
calibration,0,impostor,data/soco/socofing/train/Real/593__M_Right_thumb_finger.BMP,data/soco/socofing/train/Real/111__M_Right_thumb_finger.BMP
calibration,0,impostor,data/soco/socofing/train/Real/298__M_Left_index_finger.BMP,data/soco/socofing/train/Real/461__F_Left_index_finger.BMP
calibration,0,impostor,data/soco/socofing/train/Real/542__M_Right_index_finger.BMP,data/soco/socofing/train/Real/154__F_Right_index_finger.BMP
calibration,0,impostor,data/soco/socofing/train/Real/341__M_Right_ring_finger.BMP,data/soco/socofing/val/Real/402__M_Right_ring_finger.BMP
calibration,0,impostor,data/soco/socofing/test/Real/575__M_Right_little_finger.BMP,data/soco/socofing/train/Real/172__M_Right_little_finger.BMP
calibration,0,impostor,data/soco/socofing/train/Real/467__M_Right_index_finger.BMP,data/soco/socofing/train/Real/18__M_Right_index_finger.BMP
calibration,0,impostor,data/soco/socofing/train/Real/427__M_Left_ring_finger.BMP,data/soco/socofing/train/Real/116__M_Left_ring_finger.BMP
calibration,0,impostor,data/soco/socofing/val/Real/587__M_Right_index_finger.BMP,data/soco/socofing/train/Real/254__M_Right_index_finger.BMP
calibration,0,impostor,data/soco/socofing/train/Real/363__M_Left_little_finger.BMP,data/soco/socofing/val/Real/484__M_Left_little_finger.BMP
calibration,0,impostor,data/soco/socofing/train/Real/17__M_Right_middle_finger.BMP,data/soco/socofing/train/Real/231__M_Right_middle_finger.BMP
calibration,0,impostor,data/soco/socofing/train/Real/90__M_Left_middle_finger.BMP,data/soco/socofing/test/Real/508__F_Left_middle_finger.BMP
calibration,0,impostor,data/soco/socofing/test/Real/404__M_Right_middle_finger.BMP,data/soco/socofing/train/Real/304__M_Right_middle_finger.BMP
calibration,0,impostor,data/soco/socofing/train/Real/131__M_Left_thumb_finger.BMP,data/soco/socofing/train/Real/503__M_Left_thumb_finger.BMP
calibration,0,impostor,data/soco/socofing/train/Real/259__M_Left_thumb_finger.BMP,data/soco/socofing/val/Real/536__F_Left_thumb_finger.BMP
calibration,0,impostor,data/soco/socofing/train/Real/34__M_Right_middle_finger.BMP,data/soco/socofing/val/Real/29__F_Right_middle_finger.BMP
calibration,0,impostor,data/soco/socofing/train/Real/594__M_Right_ring_finger.BMP,data/soco/socofing/test/Real/398__M_Right_ring_finger.BMP
calibration,0,impostor,data/soco/socofing/train/Real/236__M_Right_ring_finger.BMP,data/soco/socofing/test/Real/36__M_Right_ring_finger.BMP
calibration,0,impostor,data/soco/socofing/val/Real/58__M_Right_ring_finger.BMP,data/soco/socofing/train/Real/404__M_Right_ring_finger.BMP
calibration,0,impostor,data/soco/socofing/train/Real/128__M_Right_index_finger.BMP,data/soco/socofing/test/Real/412__M_Right_index_finger.BMP
calibration,0,impostor,data/soco/socofing/val/Real/591__M_Left_ring_finger.BMP,data/soco/socofing/train/Real/327__M_Left_ring_finger.BMP
calibration,0,impostor,data/soco/socofing/train/Real/210__M_Left_ring_finger.BMP,data/soco/socofing/test/Real/5__M_Left_ring_finger.BMP
calibration,0,impostor,data/soco/socofing/test/Real/516__M_Left_middle_finger.BMP,data/soco/socofing/train/Real/20__M_Left_middle_finger.BMP
calibration,0,impostor,data/soco/socofing/train/Real/33__M_Right_ring_finger.BMP,data/soco/socofing/train/Real/408__M_Right_ring_finger.BMP
calibration,0,impostor,data/soco/socofing/val/Real/2__F_Left_middle_finger.BMP,data/soco/socofing/train/Real/370__M_Left_middle_finger.BMP
calibration,0,impostor,data/soco/socofing/train/Real/228__M_Right_index_finger.BMP,data/soco/socofing/train/Real/497__M_Right_index_finger.BMP
calibration,0,impostor,data/soco/socofing/train/Real/161__F_Right_index_finger.BMP,data/soco/socofing/train/Real/373__M_Right_index_finger.BMP
calibration,0,impostor,data/soco/socofing/train/Real/25__F_Right_little_finger.BMP,data/soco/socofing/train/Real/494__F_Right_little_finger.BMP
calibration,0,impostor,data/soco/socofing/train/Real/386__M_Right_little_finger.BMP,data/soco/socofing/train/Real/528__F_Right_little_finger.BMP
calibration,0,impostor,data/soco/socofing/train/Real/289__F_Left_ring_finger.BMP,data/soco/socofing/train/Real/340__M_Left_ring_finger.BMP
calibration,0,impostor,data/soco/socofing/train/Real/542__M_Right_index_finger.BMP,data/soco/socofing/val/Real/532__M_Right_index_finger.BMP
calibration,0,impostor,data/soco/socofing/train/Real/455__M_Left_thumb_finger.BMP,data/soco/socofing/val/Real/494__F_Left_thumb_finger.BMP
calibration,0,impostor,data/soco/socofing/val/Real/594__M_Left_index_finger.BMP,data/soco/socofing/train/Real/269__M_Left_index_finger.BMP
calibration,0,impostor,data/soco/socofing/train/Real/408__M_Right_ring_finger.BMP,data/soco/socofing/train/Real/283__M_Right_ring_finger.BMP
calibration,0,impostor,data/soco/socofing/train/Real/343__M_Right_index_finger.BMP,data/soco/socofing/train/Real/422__M_Right_index_finger.BMP
calibration,0,impostor,data/soco/socofing/train/Real/163__M_Left_index_finger.BMP,data/soco/socofing/val/Real/529__M_Left_index_finger.BMP
calibration,0,impostor,data/soco/socofing/train/Real/331__M_Right_middle_finger.BMP,data/soco/socofing/test/Real/499__M_Right_middle_finger.BMP
calibration,0,impostor,data/soco/socofing/train/Real/481__F_Right_index_finger.BMP,data/soco/socofing/train/Real/323__M_Right_index_finger.BMP
calibration,0,impostor,data/soco/socofing/train/Real/268__M_Left_ring_finger.BMP,data/soco/socofing/val/Real/589__M_Left_ring_finger.BMP
calibration,0,impostor,data/soco/socofing/train/Real/436__M_Right_thumb_finger.BMP,data/soco/socofing/train/Real/270__M_Right_thumb_finger.BMP
calibration,0,impostor,data/soco/socofing/test/Real/342__M_Right_thumb_finger.BMP,data/soco/socofing/train/Real/49__M_Right_thumb_finger.BMP
calibration,0,impostor,data/soco/socofing/train/Real/539__F_Left_index_finger.BMP,data/soco/socofing/test/Real/493__M_Left_index_finger.BMP
calibration,0,impostor,data/soco/socofing/test/Real/240__F_Right_index_finger.BMP,data/soco/socofing/train/Real/260__M_Right_index_finger.BMP
calibration,0,impostor,data/soco/socofing/train/Real/209__F_Left_thumb_finger.BMP,data/soco/socofing/train/Real/300__F_Left_thumb_finger.BMP
calibration,0,impostor,data/soco/socofing/val/Real/280__M_Left_ring_finger.BMP,data/soco/socofing/val/Real/49__M_Left_ring_finger.BMP
calibration,0,impostor,data/soco/socofing/val/Real/508__F_Left_thumb_finger.BMP,data/soco/socofing/val/Real/500__M_Left_thumb_finger.BMP
calibration,0,impostor,data/soco/socofing/val/Real/285__M_Right_ring_finger.BMP,data/soco/socofing/train/Real/11__M_Right_ring_finger.BMP
calibration,0,impostor,data/soco/socofing/train/Real/162__M_Left_index_finger.BMP,data/soco/socofing/train/Real/9__M_Left_index_finger.BMP
calibration,0,impostor,data/soco/socofing/train/Real/110__F_Right_middle_finger.BMP,data/soco/socofing/train/Real/328__M_Right_middle_finger.BMP
calibration,0,impostor,data/soco/socofing/train/Real/542__M_Right_ring_finger.BMP,data/soco/socofing/val/Real/5__M_Right_ring_finger.BMP
calibration,0,impostor,data/soco/socofing/train/Real/138__M_Right_middle_finger.BMP,data/soco/socofing/train/Real/528__F_Right_middle_finger.BMP
calibration,0,impostor,data/soco/socofing/train/Real/489__M_Left_index_finger.BMP,data/soco/socofing/train/Real/374__M_Left_index_finger.BMP
calibration,0,impostor,data/soco/socofing/train/Real/68__M_Right_ring_finger.BMP,data/soco/socofing/train/Real/340__M_Right_ring_finger.BMP
calibration,0,impostor,data/soco/socofing/train/Real/29__F_Left_little_finger.BMP,data/soco/socofing/train/Real/321__M_Left_little_finger.BMP
calibration,0,impostor,data/soco/socofing/train/Real/200__M_Right_index_finger.BMP,data/soco/socofing/train/Real/116__M_Right_index_finger.BMP
calibration,0,impostor,data/soco/socofing/train/Real/21__M_Right_thumb_finger.BMP,data/soco/socofing/train/Real/163__M_Right_thumb_finger.BMP
calibration,0,impostor,data/soco/socofing/train/Real/306__M_Left_ring_finger.BMP,data/soco/socofing/train/Real/446__M_Left_ring_finger.BMP
calibration,0,impostor,data/soco/socofing/train/Real/125__M_Left_ring_finger.BMP,data/soco/socofing/train/Real/46__M_Left_ring_finger.BMP
calibration,0,impostor,data/soco/socofing/train/Real/342__M_Right_ring_finger.BMP,data/soco/socofing/train/Real/281__M_Right_ring_finger.BMP
calibration,0,impostor,data/soco/socofing/train/Real/38__M_Right_index_finger.BMP,data/soco/socofing/train/Real/198__M_Right_index_finger.BMP
calibration,0,impostor,data/soco/socofing/val/Real/493__M_Left_little_finger.BMP,data/soco/socofing/train/Real/537__M_Left_little_finger.BMP
calibration,0,impostor,data/soco/socofing/train/Real/25__F_Left_index_finger.BMP,data/soco/socofing/val/Real/281__M_Left_index_finger.BMP
calibration,0,impostor,data/soco/socofing/train/Real/516__M_Left_little_finger.BMP,data/soco/socofing/train/Real/442__F_Left_little_finger.BMP
calibration,0,impostor,data/soco/socofing/train/Real/197__M_Right_little_finger.BMP,data/soco/socofing/train/Real/589__M_Right_little_finger.BMP
calibration,0,impostor,data/soco/socofing/train/Real/69__M_Right_thumb_finger.BMP,data/soco/socofing/train/Real/599__M_Right_thumb_finger.BMP
calibration,0,impostor,data/soco/socofing/train/Real/593__M_Right_index_finger.BMP,data/soco/socofing/train/Real/99__M_Right_index_finger.BMP
calibration,0,impostor,data/soco/socofing/train/Real/461__F_Right_little_finger.BMP,data/soco/socofing/train/Real/476__M_Right_little_finger.BMP
calibration,0,impostor,data/soco/socofing/train/Real/69__M_Right_ring_finger.BMP,data/soco/socofing/train/Real/232__M_Right_ring_finger.BMP
calibration,0,impostor,data/soco/socofing/test/Real/21__M_Left_ring_finger.BMP,data/soco/socofing/val/Real/346__M_Left_ring_finger.BMP
calibration,0,impostor,data/soco/socofing/train/Real/442__F_Left_middle_finger.BMP,data/soco/socofing/train/Real/395__M_Left_middle_finger.BMP
calibration,0,impostor,data/soco/socofing/train/Real/192__M_Right_middle_finger.BMP,data/soco/socofing/train/Real/569__M_Right_middle_finger.BMP
calibration,0,impostor,data/soco/socofing/train/Real/574__F_Right_thumb_finger.BMP,data/soco/socofing/val/Real/589__M_Right_thumb_finger.BMP
calibration,0,impostor,data/soco/socofing/train/Real/13__F_Left_index_finger.BMP,data/soco/socofing/train/Real/341__M_Left_index_finger.BMP
calibration,0,impostor,data/soco/socofing/train/Real/263__F_Left_middle_finger.BMP,data/soco/socofing/train/Real/194__M_Left_middle_finger.BMP
calibration,0,impostor,data/soco/socofing/train/Real/530__M_Left_ring_finger.BMP,data/soco/socofing/test/Real/299__M_Left_ring_finger.BMP
calibration,0,impostor,data/soco/socofing/test/Real/385__M_Right_index_finger.BMP,data/soco/socofing/train/Real/260__M_Right_index_finger.BMP
calibration,0,impostor,data/soco/socofing/train/Real/378__F_Right_little_finger.BMP,data/soco/socofing/test/Real/412__M_Right_little_finger.BMP
calibration,0,impostor,data/soco/socofing/train/Real/68__M_Right_index_finger.BMP,data/soco/socofing/test/Real/104__M_Right_index_finger.BMP
calibration,0,impostor,data/soco/socofing/train/Real/569__M_Left_little_finger.BMP,data/soco/socofing/train/Real/24__F_Left_little_finger.BMP
calibration,0,impostor,data/soco/socofing/train/Real/99__M_Left_thumb_finger.BMP,data/soco/socofing/train/Real/142__F_Left_thumb_finger.BMP
calibration,0,impostor,data/soco/socofing/test/Real/514__F_Right_ring_finger.BMP,data/soco/socofing/train/Real/303__F_Right_ring_finger.BMP
calibration,0,impostor,data/soco/socofing/train/Real/90__M_Left_middle_finger.BMP,data/soco/socofing/val/Real/260__M_Left_middle_finger.BMP
calibration,0,impostor,data/soco/socofing/test/Real/306__M_Left_little_finger.BMP,data/soco/socofing/train/Real/219__M_Left_little_finger.BMP
calibration,0,impostor,data/soco/socofing/train/Real/218__M_Right_thumb_finger.BMP,data/soco/socofing/train/Real/378__F_Right_thumb_finger.BMP
calibration,0,impostor,data/soco/socofing/train/Real/328__M_Right_little_finger.BMP,data/soco/socofing/val/Real/335__M_Right_little_finger.BMP
calibration,0,impostor,data/soco/socofing/train/Real/8__M_Left_thumb_finger.BMP,data/soco/socofing/train/Real/11__M_Left_thumb_finger.BMP
calibration,0,impostor,data/soco/socofing/train/Real/573__F_Left_thumb_finger.BMP,data/soco/socofing/train/Real/33__M_Left_thumb_finger.BMP
calibration,0,impostor,data/soco/socofing/train/Real/454__M_Right_index_finger.BMP,data/soco/socofing/train/Real/581__F_Right_index_finger.BMP
calibration,0,impostor,data/soco/socofing/val/Real/110__F_Right_index_finger.BMP,data/soco/socofing/train/Real/459__M_Right_index_finger.BMP
calibration,0,impostor,data/soco/socofing/train/Real/398__M_Left_thumb_finger.BMP,data/soco/socofing/test/Real/138__M_Left_thumb_finger.BMP
calibration,0,impostor,data/soco/socofing/train/Real/408__M_Left_middle_finger.BMP,data/soco/socofing/train/Real/449__F_Left_middle_finger.BMP
calibration,0,impostor,data/soco/socofing/train/Real/224__M_Left_little_finger.BMP,data/soco/socofing/train/Real/146__M_Left_little_finger.BMP
calibration,0,impostor,data/soco/socofing/train/Real/436__M_Left_index_finger.BMP,data/soco/socofing/train/Real/402__M_Left_index_finger.BMP
calibration,0,impostor,data/soco/socofing/train/Real/364__M_Right_ring_finger.BMP,data/soco/socofing/train/Real/159__M_Right_ring_finger.BMP
calibration,0,impostor,data/soco/socofing/train/Real/311__M_Right_index_finger.BMP,data/soco/socofing/train/Real/358__M_Right_index_finger.BMP
calibration,0,impostor,data/soco/socofing/train/Real/433__M_Right_middle_finger.BMP,data/soco/socofing/train/Real/386__M_Right_middle_finger.BMP
calibration,0,impostor,data/soco/socofing/train/Real/58__M_Left_index_finger.BMP,data/soco/socofing/train/Real/36__M_Left_index_finger.BMP
calibration,0,impostor,data/soco/socofing/train/Real/561__M_Left_ring_finger.BMP,data/soco/socofing/test/Real/419__F_Left_ring_finger.BMP
calibration,0,impostor,data/soco/socofing/train/Real/90__M_Right_ring_finger.BMP,data/soco/socofing/train/Real/431__M_Right_ring_finger.BMP
calibration,0,impostor,data/soco/socofing/train/Real/8__M_Right_middle_finger.BMP,data/soco/socofing/train/Real/9__M_Right_middle_finger.BMP
calibration,0,impostor,data/soco/socofing/train/Real/527__M_Right_middle_finger.BMP,data/soco/socofing/train/Real/138__M_Right_middle_finger.BMP
calibration,0,impostor,data/soco/socofing/val/Real/530__M_Right_middle_finger.BMP,data/soco/socofing/train/Real/360__M_Right_middle_finger.BMP
calibration,0,impostor,data/soco/socofing/train/Real/334__F_Right_middle_finger.BMP,data/soco/socofing/train/Real/576__M_Right_middle_finger.BMP
calibration,0,impostor,data/soco/socofing/train/Real/22__M_Right_little_finger.BMP,data/soco/socofing/train/Real/260__M_Right_little_finger.BMP
calibration,0,impostor,data/soco/socofing/train/Real/551__F_Left_middle_finger.BMP,data/soco/socofing/train/Real/162__M_Left_middle_finger.BMP
calibration,0,impostor,data/soco/socofing/train/Real/283__M_Left_little_finger.BMP,data/soco/socofing/val/Real/463__F_Left_little_finger.BMP
calibration,0,impostor,data/soco/socofing/train/Real/194__M_Right_thumb_finger.BMP,data/soco/socofing/train/Real/454__M_Right_thumb_finger.BMP
calibration,0,impostor,data/soco/socofing/train/Real/480__M_Left_ring_finger.BMP,data/soco/socofing/val/Real/469__M_Left_ring_finger.BMP
calibration,0,impostor,data/soco/socofing/train/Real/284__M_Right_ring_finger.BMP,data/soco/socofing/val/Real/339__M_Right_ring_finger.BMP
calibration,0,impostor,data/soco/socofing/train/Real/210__M_Right_middle_finger.BMP,data/soco/socofing/test/Real/502__F_Right_middle_finger.BMP
calibration,0,impostor,data/soco/socofing/train/Real/333__M_Left_middle_finger.BMP,data/soco/socofing/test/Real/131__M_Left_middle_finger.BMP
calibration,0,impostor,data/soco/socofing/train/Real/319__M_Right_ring_finger.BMP,data/soco/socofing/train/Real/207__M_Right_ring_finger.BMP
calibration,0,impostor,data/soco/socofing/train/Real/180__F_Left_index_finger.BMP,data/soco/socofing/train/Real/570__M_Left_index_finger.BMP
calibration,0,impostor,data/soco/socofing/train/Real/450__M_Right_thumb_finger.BMP,data/soco/socofing/train/Real/483__M_Right_thumb_finger.BMP
calibration,0,impostor,data/soco/socofing/train/Real/541__M_Right_middle_finger.BMP,data/soco/socofing/train/Real/18__M_Right_middle_finger.BMP
calibration,0,impostor,data/soco/socofing/train/Real/9__M_Left_middle_finger.BMP,data/soco/socofing/val/Real/401__M_Left_middle_finger.BMP
calibration,0,impostor,data/soco/socofing/train/Real/588__M_Left_ring_finger.BMP,data/soco/socofing/train/Real/581__F_Left_ring_finger.BMP
calibration,0,impostor,data/soco/socofing/train/Real/58__M_Left_index_finger.BMP,data/soco/socofing/train/Real/530__M_Left_index_finger.BMP
calibration,0,impostor,data/soco/socofing/train/Real/587__M_Right_little_finger.BMP,data/soco/socofing/val/Real/458__M_Right_little_finger.BMP
calibration,0,impostor,data/soco/socofing/val/Real/404__M_Right_index_finger.BMP,data/soco/socofing/val/Real/111__M_Right_index_finger.BMP
calibration,0,impostor,data/soco/socofing/train/Real/102__M_Left_index_finger.BMP,data/soco/socofing/train/Real/16__M_Left_index_finger.BMP
calibration,0,impostor,data/soco/socofing/test/Real/194__M_Left_index_finger.BMP,data/soco/socofing/train/Real/154__F_Left_index_finger.BMP
calibration,0,impostor,data/soco/socofing/train/Real/547__M_Right_little_finger.BMP,data/soco/socofing/train/Real/386__M_Right_little_finger.BMP
calibration,0,impostor,data/soco/socofing/train/Real/118__F_Right_ring_finger.BMP,data/soco/socofing/train/Real/376__F_Right_ring_finger.BMP
calibration,0,impostor,data/soco/socofing/train/Real/476__M_Left_little_finger.BMP,data/soco/socofing/train/Real/461__F_Left_little_finger.BMP
calibration,0,impostor,data/soco/socofing/train/Real/167__M_Left_ring_finger.BMP,data/soco/socofing/train/Real/366__M_Left_ring_finger.BMP
calibration,0,impostor,data/soco/socofing/train/Real/331__M_Left_ring_finger.BMP,data/soco/socofing/train/Real/594__M_Left_ring_finger.BMP
calibration,0,impostor,data/soco/socofing/train/Real/70__M_Left_thumb_finger.BMP,data/soco/socofing/train/Real/367__M_Left_thumb_finger.BMP
calibration,0,impostor,data/soco/socofing/test/Real/481__F_Left_middle_finger.BMP,data/soco/socofing/train/Real/484__M_Left_middle_finger.BMP
calibration,0,impostor,data/soco/socofing/train/Real/158__M_Right_little_finger.BMP,data/soco/socofing/train/Real/328__M_Right_little_finger.BMP
calibration,0,impostor,data/soco/socofing/train/Real/484__M_Right_index_finger.BMP,data/soco/socofing/train/Real/158__M_Right_index_finger.BMP
calibration,0,impostor,data/soco/socofing/train/Real/598__M_Left_little_finger.BMP,data/soco/socofing/train/Real/181__M_Left_little_finger.BMP
calibration,0,impostor,data/soco/socofing/test/Real/102__M_Right_little_finger.BMP,data/soco/socofing/train/Real/219__M_Right_little_finger.BMP
calibration,0,impostor,data/soco/socofing/train/Real/590__M_Left_little_finger.BMP,data/soco/socofing/val/Real/152__M_Left_little_finger.BMP
calibration,0,impostor,data/soco/socofing/train/Real/528__F_Left_ring_finger.BMP,data/soco/socofing/train/Real/147__M_Left_ring_finger.BMP
calibration,0,impostor,data/soco/socofing/val/Real/81__F_Right_index_finger.BMP,data/soco/socofing/test/Real/159__M_Right_index_finger.BMP
calibration,0,impostor,data/soco/socofing/val/Real/312__M_Left_thumb_finger.BMP,data/soco/socofing/val/Real/217__M_Left_thumb_finger.BMP
calibration,0,impostor,data/soco/socofing/train/Real/303__F_Right_middle_finger.BMP,data/soco/socofing/train/Real/374__M_Right_middle_finger.BMP
calibration,0,impostor,data/soco/socofing/test/Real/18__M_Left_middle_finger.BMP,data/soco/socofing/train/Real/305__M_Left_middle_finger.BMP
calibration,0,impostor,data/soco/socofing/val/Real/422__M_Left_index_finger.BMP,data/soco/socofing/train/Real/342__M_Left_index_finger.BMP
calibration,0,impostor,data/soco/socofing/train/Real/29__F_Left_little_finger.BMP,data/soco/socofing/train/Real/251__M_Left_little_finger.BMP
calibration,0,impostor,data/soco/socofing/val/Real/524__M_Left_middle_finger.BMP,data/soco/socofing/train/Real/209__F_Left_middle_finger.BMP
calibration,0,impostor,data/soco/socofing/test/Real/180__F_Right_ring_finger.BMP,data/soco/socofing/train/Real/56__F_Right_ring_finger.BMP
calibration,0,impostor,data/soco/socofing/train/Real/189__F_Right_little_finger.BMP,data/soco/socofing/train/Real/597__M_Right_little_finger.BMP
calibration,0,impostor,data/soco/socofing/train/Real/541__M_Left_index_finger.BMP,data/soco/socofing/train/Real/585__M_Left_index_finger.BMP
calibration,0,impostor,data/soco/socofing/train/Real/19__M_Left_thumb_finger.BMP,data/soco/socofing/train/Real/95__M_Left_thumb_finger.BMP
calibration,0,impostor,data/soco/socofing/train/Real/22__M_Right_little_finger.BMP,data/soco/socofing/train/Real/378__F_Right_little_finger.BMP
calibration,0,impostor,data/soco/socofing/train/Real/157__M_Left_thumb_finger.BMP,data/soco/socofing/train/Real/589__M_Left_thumb_finger.BMP
calibration,0,impostor,data/soco/socofing/train/Real/540__F_Left_middle_finger.BMP,data/soco/socofing/train/Real/305__M_Left_middle_finger.BMP
calibration,0,impostor,data/soco/socofing/train/Real/433__M_Right_little_finger.BMP,data/soco/socofing/train/Real/404__M_Right_little_finger.BMP
calibration,0,impostor,data/soco/socofing/train/Real/300__F_Left_ring_finger.BMP,data/soco/socofing/train/Real/267__M_Left_ring_finger.BMP
calibration,0,impostor,data/soco/socofing/train/Real/286__M_Left_index_finger.BMP,data/soco/socofing/val/Real/591__M_Left_index_finger.BMP
calibration,0,impostor,data/soco/socofing/train/Real/11__M_Right_index_finger.BMP,data/soco/socofing/train/Real/570__M_Right_index_finger.BMP
calibration,0,impostor,data/soco/socofing/val/Real/73__M_Left_thumb_finger.BMP,data/soco/socofing/train/Real/376__F_Left_thumb_finger.BMP
calibration,0,impostor,data/soco/socofing/train/Real/502__F_Left_middle_finger.BMP,data/soco/socofing/train/Real/587__M_Left_middle_finger.BMP
calibration,0,impostor,data/soco/socofing/train/Real/294__M_Left_little_finger.BMP,data/soco/socofing/train/Real/222__M_Left_little_finger.BMP
calibration,0,impostor,data/soco/socofing/train/Real/104__M_Right_middle_finger.BMP,data/soco/socofing/train/Real/263__F_Right_middle_finger.BMP
calibration,0,impostor,data/soco/socofing/train/Real/450__M_Right_thumb_finger.BMP,data/soco/socofing/train/Real/529__M_Right_thumb_finger.BMP
calibration,0,impostor,data/soco/socofing/val/Real/343__M_Left_little_finger.BMP,data/soco/socofing/train/Real/408__M_Left_little_finger.BMP
calibration,0,impostor,data/soco/socofing/train/Real/165__M_Left_little_finger.BMP,data/soco/socofing/train/Real/489__M_Left_little_finger.BMP
calibration,0,impostor,data/soco/socofing/train/Real/139__M_Left_ring_finger.BMP,data/soco/socofing/train/Real/594__M_Left_ring_finger.BMP
calibration,0,impostor,data/soco/socofing/train/Real/527__M_Left_index_finger.BMP,data/soco/socofing/train/Real/473__M_Left_index_finger.BMP
calibration,0,impostor,data/soco/socofing/train/Real/547__M_Right_thumb_finger.BMP,data/soco/socofing/train/Real/109__F_Right_thumb_finger.BMP
calibration,0,impostor,data/soco/socofing/train/Real/283__M_Left_thumb_finger.BMP,data/soco/socofing/train/Real/244__M_Left_thumb_finger.BMP
calibration,0,impostor,data/soco/socofing/train/Real/521__M_Left_little_finger.BMP,data/soco/socofing/val/Real/493__M_Left_little_finger.BMP
calibration,0,impostor,data/soco/socofing/train/Real/363__M_Left_thumb_finger.BMP,data/soco/socofing/train/Real/451__M_Left_thumb_finger.BMP
calibration,0,impostor,data/soco/socofing/train/Real/335__M_Left_thumb_finger.BMP,data/soco/socofing/train/Real/36__M_Left_thumb_finger.BMP
calibration,0,impostor,data/soco/socofing/train/Real/224__M_Right_ring_finger.BMP,data/soco/socofing/train/Real/321__M_Right_ring_finger.BMP
calibration,0,impostor,data/soco/socofing/train/Real/191__F_Right_little_finger.BMP,data/soco/socofing/train/Real/11__M_Right_little_finger.BMP
calibration,0,impostor,data/soco/socofing/train/Real/421__F_Left_index_finger.BMP,data/soco/socofing/train/Real/408__M_Left_index_finger.BMP
calibration,0,impostor,data/soco/socofing/train/Real/589__M_Left_thumb_finger.BMP,data/soco/socofing/val/Real/224__M_Left_thumb_finger.BMP
calibration,0,impostor,data/soco/socofing/train/Real/464__M_Left_thumb_finger.BMP,data/soco/socofing/test/Real/109__F_Left_thumb_finger.BMP
calibration,0,impostor,data/soco/socofing/train/Real/170__M_Left_thumb_finger.BMP,data/soco/socofing/train/Real/346__M_Left_thumb_finger.BMP
calibration,0,impostor,data/soco/socofing/train/Real/527__M_Right_little_finger.BMP,data/soco/socofing/train/Real/580__M_Right_little_finger.BMP
calibration,0,impostor,data/soco/socofing/train/Real/439__M_Right_little_finger.BMP,data/soco/socofing/train/Real/372__M_Right_little_finger.BMP
calibration,0,impostor,data/soco/socofing/train/Real/524__M_Right_little_finger.BMP,data/soco/socofing/train/Real/172__M_Right_little_finger.BMP
calibration,0,impostor,data/soco/socofing/train/Real/582__M_Left_little_finger.BMP,data/soco/socofing/train/Real/108__M_Left_little_finger.BMP
calibration,0,impostor,data/soco/socofing/train/Real/419__F_Left_index_finger.BMP,data/soco/socofing/train/Real/451__M_Left_index_finger.BMP
calibration,0,impostor,data/soco/socofing/val/Real/541__M_Right_thumb_finger.BMP,data/soco/socofing/train/Real/219__M_Right_thumb_finger.BMP
calibration,0,impostor,data/soco/socofing/train/Real/95__M_Left_ring_finger.BMP,data/soco/socofing/train/Real/499__M_Left_ring_finger.BMP
calibration,0,impostor,data/soco/socofing/train/Real/10__M_Left_middle_finger.BMP,data/soco/socofing/train/Real/281__M_Left_middle_finger.BMP
calibration,0,impostor,data/soco/socofing/train/Real/463__F_Left_thumb_finger.BMP,data/soco/socofing/train/Real/200__M_Left_thumb_finger.BMP
calibration,0,impostor,data/soco/socofing/train/Real/189__F_Left_thumb_finger.BMP,data/soco/socofing/train/Real/331__M_Left_thumb_finger.BMP
calibration,0,impostor,data/soco/socofing/train/Real/339__M_Left_thumb_finger.BMP,data/soco/socofing/train/Real/270__M_Left_thumb_finger.BMP
calibration,0,impostor,data/soco/socofing/train/Real/462__M_Right_thumb_finger.BMP,data/soco/socofing/train/Real/108__M_Right_thumb_finger.BMP
calibration,0,impostor,data/soco/socofing/train/Real/348__F_Right_middle_finger.BMP,data/soco/socofing/train/Real/165__M_Right_middle_finger.BMP
calibration,0,impostor,data/soco/socofing/train/Real/268__M_Right_middle_finger.BMP,data/soco/socofing/train/Real/158__M_Right_middle_finger.BMP
calibration,0,impostor,data/soco/socofing/val/Real/499__M_Left_middle_finger.BMP,data/soco/socofing/train/Real/536__F_Left_middle_finger.BMP
calibration,0,impostor,data/soco/socofing/train/Real/600__M_Left_index_finger.BMP,data/soco/socofing/val/Real/433__M_Left_index_finger.BMP
calibration,0,impostor,data/soco/socofing/train/Real/524__M_Left_little_finger.BMP,data/soco/socofing/train/Real/436__M_Left_little_finger.BMP
calibration,0,impostor,data/soco/socofing/train/Real/70__M_Right_thumb_finger.BMP,data/soco/socofing/train/Real/128__M_Right_thumb_finger.BMP
calibration,0,impostor,data/soco/socofing/train/Real/252__F_Left_index_finger.BMP,data/soco/socofing/train/Real/69__M_Left_index_finger.BMP
calibration,0,impostor,data/soco/socofing/val/Real/296__M_Right_middle_finger.BMP,data/soco/socofing/test/Real/540__F_Right_middle_finger.BMP
calibration,0,impostor,data/soco/socofing/train/Real/147__M_Left_thumb_finger.BMP,data/soco/socofing/train/Real/256__M_Left_thumb_finger.BMP
calibration,0,impostor,data/soco/socofing/train/Real/70__M_Left_middle_finger.BMP,data/soco/socofing/train/Real/421__F_Left_middle_finger.BMP
calibration,0,impostor,data/soco/socofing/val/Real/280__M_Right_little_finger.BMP,data/soco/socofing/train/Real/364__M_Right_little_finger.BMP
calibration,0,impostor,data/soco/socofing/train/Real/257__M_Left_index_finger.BMP,data/soco/socofing/train/Real/196__M_Left_index_finger.BMP
calibration,0,impostor,data/soco/socofing/train/Real/461__F_Right_index_finger.BMP,data/soco/socofing/train/Real/321__M_Right_index_finger.BMP
calibration,0,impostor,data/soco/socofing/train/Real/590__M_Right_ring_finger.BMP,data/soco/socofing/train/Real/218__M_Right_ring_finger.BMP
calibration,0,impostor,data/soco/socofing/train/Real/132__M_Left_index_finger.BMP,data/soco/socofing/train/Real/157__M_Left_index_finger.BMP
calibration,0,impostor,data/soco/socofing/test/Real/138__M_Right_little_finger.BMP,data/soco/socofing/train/Real/532__M_Right_little_finger.BMP
calibration,0,impostor,data/soco/socofing/train/Real/449__F_Left_ring_finger.BMP,data/soco/socofing/train/Real/270__M_Left_ring_finger.BMP
calibration,0,impostor,data/soco/socofing/train/Real/577__M_Right_little_finger.BMP,data/soco/socofing/train/Real/128__M_Right_little_finger.BMP
calibration,0,impostor,data/soco/socofing/train/Real/530__M_Left_ring_finger.BMP,data/soco/socofing/train/Real/254__M_Left_ring_finger.BMP
calibration,0,impostor,data/soco/socofing/train/Real/58__M_Left_ring_finger.BMP,data/soco/socofing/train/Real/56__F_Left_ring_finger.BMP
calibration,0,impostor,data/soco/socofing/train/Real/502__F_Left_index_finger.BMP,data/soco/socofing/train/Real/19__M_Left_index_finger.BMP
calibration,0,impostor,data/soco/socofing/train/Real/198__M_Right_thumb_finger.BMP,data/soco/socofing/train/Real/55__M_Right_thumb_finger.BMP
calibration,0,impostor,data/soco/socofing/train/Real/16__M_Left_little_finger.BMP,data/soco/socofing/val/Real/342__M_Left_little_finger.BMP
calibration,0,impostor,data/soco/socofing/val/Real/591__M_Right_index_finger.BMP,data/soco/socofing/test/Real/272__M_Right_index_finger.BMP
calibration,0,impostor,data/soco/socofing/train/Real/582__M_Right_index_finger.BMP,data/soco/socofing/train/Real/124__M_Right_index_finger.BMP
calibration,0,impostor,data/soco/socofing/train/Real/210__M_Right_index_finger.BMP,data/soco/socofing/train/Real/24__F_Right_index_finger.BMP
calibration,0,impostor,data/soco/socofing/train/Real/502__F_Left_ring_finger.BMP,data/soco/socofing/train/Real/569__M_Left_ring_finger.BMP
calibration,0,impostor,data/soco/socofing/train/Real/40__F_Left_little_finger.BMP,data/soco/socofing/train/Real/294__M_Left_little_finger.BMP
calibration,0,impostor,data/soco/socofing/train/Real/489__M_Right_thumb_finger.BMP,data/soco/socofing/val/Real/46__M_Right_thumb_finger.BMP
calibration,0,impostor,data/soco/socofing/train/Real/418__F_Right_thumb_finger.BMP,data/soco/socofing/train/Real/510__M_Right_thumb_finger.BMP
calibration,0,impostor,data/soco/socofing/train/Real/561__M_Right_ring_finger.BMP,data/soco/socofing/train/Real/166__M_Right_ring_finger.BMP
calibration,0,impostor,data/soco/socofing/train/Real/208__M_Right_ring_finger.BMP,data/soco/socofing/train/Real/129__M_Right_ring_finger.BMP
calibration,0,impostor,data/soco/socofing/train/Real/532__M_Left_index_finger.BMP,data/soco/socofing/train/Real/59__F_Left_index_finger.BMP
calibration,0,impostor,data/soco/socofing/val/Real/368__M_Right_middle_finger.BMP,data/soco/socofing/train/Real/328__M_Right_middle_finger.BMP
calibration,0,impostor,data/soco/socofing/test/Real/154__F_Left_thumb_finger.BMP,data/soco/socofing/train/Real/23__M_Left_thumb_finger.BMP
calibration,0,impostor,data/soco/socofing/train/Real/108__M_Right_middle_finger.BMP,data/soco/socofing/val/Real/398__M_Right_middle_finger.BMP
calibration,0,impostor,data/soco/socofing/train/Real/129__M_Right_thumb_finger.BMP,data/soco/socofing/train/Real/142__F_Right_thumb_finger.BMP
calibration,0,impostor,data/soco/socofing/train/Real/473__M_Left_middle_finger.BMP,data/soco/socofing/test/Real/404__M_Left_middle_finger.BMP
calibration,0,impostor,data/soco/socofing/val/Real/599__M_Left_middle_finger.BMP,data/soco/socofing/train/Real/99__M_Left_middle_finger.BMP
calibration,0,impostor,data/soco/socofing/train/Real/599__M_Right_little_finger.BMP,data/soco/socofing/train/Real/493__M_Right_little_finger.BMP
calibration,0,impostor,data/soco/socofing/train/Real/225__M_Left_middle_finger.BMP,data/soco/socofing/train/Real/267__M_Left_middle_finger.BMP
calibration,0,impostor,data/soco/socofing/train/Real/233__M_Left_index_finger.BMP,data/soco/socofing/val/Real/10__M_Left_index_finger.BMP
calibration,0,impostor,data/soco/socofing/train/Real/303__F_Right_ring_finger.BMP,data/soco/socofing/train/Real/464__M_Right_ring_finger.BMP
calibration,0,impostor,data/soco/socofing/test/Real/129__M_Left_ring_finger.BMP,data/soco/socofing/train/Real/189__F_Left_ring_finger.BMP
calibration,0,impostor,data/soco/socofing/train/Real/33__M_Right_ring_finger.BMP,data/soco/socofing/train/Real/343__M_Right_ring_finger.BMP
calibration,0,impostor,data/soco/socofing/val/Real/463__F_Right_ring_finger.BMP,data/soco/socofing/train/Real/122__M_Right_ring_finger.BMP
calibration,0,impostor,data/soco/socofing/train/Real/200__M_Left_middle_finger.BMP,data/soco/socofing/train/Real/128__M_Left_middle_finger.BMP
calibration,0,impostor,data/soco/socofing/val/Real/304__M_Left_ring_finger.BMP,data/soco/socofing/train/Real/139__M_Left_ring_finger.BMP
calibration,0,impostor,data/soco/socofing/train/Real/492__F_Right_middle_finger.BMP,data/soco/socofing/train/Real/599__M_Right_middle_finger.BMP
calibration,0,impostor,data/soco/socofing/train/Real/218__M_Left_middle_finger.BMP,data/soco/socofing/train/Real/252__F_Left_middle_finger.BMP
calibration,0,impostor,data/soco/socofing/train/Real/527__M_Right_little_finger.BMP,data/soco/socofing/train/Real/494__F_Right_little_finger.BMP
calibration,0,impostor,data/soco/socofing/train/Real/95__M_Right_middle_finger.BMP,data/soco/socofing/train/Real/23__M_Right_middle_finger.BMP
calibration,0,impostor,data/soco/socofing/train/Real/263__F_Right_middle_finger.BMP,data/soco/socofing/val/Real/58__M_Right_middle_finger.BMP
calibration,0,impostor,data/soco/socofing/val/Real/425__M_Left_ring_finger.BMP,data/soco/socofing/train/Real/6__M_Left_ring_finger.BMP
calibration,0,impostor,data/soco/socofing/test/Real/542__M_Right_little_finger.BMP,data/soco/socofing/train/Real/8__M_Right_little_finger.BMP
calibration,0,impostor,data/soco/socofing/train/Real/152__M_Right_little_finger.BMP,data/soco/socofing/val/Real/319__M_Right_little_finger.BMP
calibration,0,impostor,data/soco/socofing/train/Real/126__F_Right_little_finger.BMP,data/soco/socofing/test/Real/397__M_Right_little_finger.BMP
calibration,0,impostor,data/soco/socofing/train/Real/209__F_Left_little_finger.BMP,data/soco/socofing/train/Real/116__M_Left_little_finger.BMP
calibration,0,impostor,data/soco/socofing/train/Real/150__M_Left_ring_finger.BMP,data/soco/socofing/train/Real/376__F_Left_ring_finger.BMP
calibration,0,impostor,data/soco/socofing/train/Real/118__F_Left_little_finger.BMP,data/soco/socofing/train/Real/79__M_Left_little_finger.BMP
calibration,0,impostor,data/soco/socofing/train/Real/4__M_Right_thumb_finger.BMP,data/soco/socofing/train/Real/494__F_Right_thumb_finger.BMP
calibration,0,impostor,data/soco/socofing/val/Real/512__M_Left_little_finger.BMP,data/soco/socofing/train/Real/283__M_Left_little_finger.BMP
calibration,0,impostor,data/soco/socofing/train/Real/512__M_Right_index_finger.BMP,data/soco/socofing/train/Real/55__M_Right_index_finger.BMP
calibration,0,impostor,data/soco/socofing/train/Real/38__M_Left_little_finger.BMP,data/soco/socofing/train/Real/319__M_Left_little_finger.BMP
calibration,0,impostor,data/soco/socofing/train/Real/324__M_Left_ring_finger.BMP,data/soco/socofing/train/Real/225__M_Left_ring_finger.BMP
calibration,0,impostor,data/soco/socofing/train/Real/207__M_Right_index_finger.BMP,data/soco/socofing/train/Real/34__M_Right_index_finger.BMP
calibration,0,impostor,data/soco/socofing/train/Real/588__M_Right_ring_finger.BMP,data/soco/socofing/train/Real/527__M_Right_ring_finger.BMP
calibration,0,impostor,data/soco/socofing/train/Real/34__M_Left_little_finger.BMP,data/soco/socofing/train/Real/168__M_Left_little_finger.BMP
calibration,0,impostor,data/soco/socofing/train/Real/216__M_Left_thumb_finger.BMP,data/soco/socofing/train/Real/236__M_Left_thumb_finger.BMP
calibration,0,impostor,data/soco/socofing/test/Real/298__M_Right_index_finger.BMP,data/soco/socofing/test/Real/240__F_Right_index_finger.BMP
calibration,0,impostor,data/soco/socofing/train/Real/38__M_Right_little_finger.BMP,data/soco/socofing/train/Real/225__M_Right_little_finger.BMP
calibration,0,impostor,data/soco/socofing/train/Real/208__M_Right_index_finger.BMP,data/soco/socofing/val/Real/587__M_Right_index_finger.BMP
calibration,0,impostor,data/soco/socofing/train/Real/138__M_Left_middle_finger.BMP,data/soco/socofing/train/Real/370__M_Left_middle_finger.BMP
calibration,0,impostor,data/soco/socofing/test/Real/26__M_Right_little_finger.BMP,data/soco/socofing/train/Real/11__M_Right_little_finger.BMP
calibration,0,impostor,data/soco/socofing/train/Real/154__F_Right_ring_finger.BMP,data/soco/socofing/train/Real/413__M_Right_ring_finger.BMP
calibration,0,impostor,data/soco/socofing/val/Real/427__M_Right_little_finger.BMP,data/soco/socofing/train/Real/252__F_Right_little_finger.BMP
calibration,0,impostor,data/soco/socofing/val/Real/374__M_Right_index_finger.BMP,data/soco/socofing/train/Real/11__M_Right_index_finger.BMP
calibration,0,impostor,data/soco/socofing/train/Real/19__M_Right_index_finger.BMP,data/soco/socofing/train/Real/514__F_Right_index_finger.BMP
calibration,0,impostor,data/soco/socofing/train/Real/583__M_Left_index_finger.BMP,data/soco/socofing/train/Real/174__F_Left_index_finger.BMP
calibration,0,impostor,data/soco/socofing/test/Real/219__M_Left_index_finger.BMP,data/soco/socofing/train/Real/95__M_Left_index_finger.BMP
calibration,0,impostor,data/soco/socofing/train/Real/90__M_Right_ring_finger.BMP,data/soco/socofing/train/Real/442__F_Right_ring_finger.BMP
calibration,0,impostor,data/soco/socofing/train/Real/125__M_Left_thumb_finger.BMP,data/soco/socofing/test/Real/395__M_Left_thumb_finger.BMP
calibration,0,impostor,data/soco/socofing/val/Real/168__M_Right_ring_finger.BMP,data/soco/socofing/train/Real/288__M_Right_ring_finger.BMP
calibration,0,impostor,data/soco/socofing/train/Real/268__M_Right_ring_finger.BMP,data/soco/socofing/train/Real/434__M_Right_ring_finger.BMP
calibration,0,impostor,data/soco/socofing/test/Real/240__F_Right_middle_finger.BMP,data/soco/socofing/train/Real/372__M_Right_middle_finger.BMP
calibration,0,impostor,data/soco/socofing/train/Real/200__M_Left_thumb_finger.BMP,data/soco/socofing/train/Real/38__M_Left_thumb_finger.BMP
calibration,0,impostor,data/soco/socofing/test/Real/151__M_Right_thumb_finger.BMP,data/soco/socofing/val/Real/492__F_Right_thumb_finger.BMP
calibration,0,impostor,data/soco/socofing/train/Real/189__F_Left_thumb_finger.BMP,data/soco/socofing/train/Real/251__M_Left_thumb_finger.BMP
calibration,0,impostor,data/soco/socofing/train/Real/13__F_Left_little_finger.BMP,data/soco/socofing/train/Real/189__F_Left_little_finger.BMP
calibration,0,impostor,data/soco/socofing/val/Real/104__M_Right_ring_finger.BMP,data/soco/socofing/train/Real/288__M_Right_ring_finger.BMP
calibration,0,impostor,data/soco/socofing/train/Real/126__F_Left_ring_finger.BMP,data/soco/socofing/train/Real/581__F_Left_ring_finger.BMP
calibration,0,impostor,data/soco/socofing/train/Real/70__M_Right_ring_finger.BMP,data/soco/socofing/val/Real/212__M_Right_ring_finger.BMP
calibration,0,impostor,data/soco/socofing/train/Real/298__M_Left_little_finger.BMP,data/soco/socofing/train/Real/131__M_Left_little_finger.BMP
calibration,0,impostor,data/soco/socofing/train/Real/389__F_Right_middle_finger.BMP,data/soco/socofing/train/Real/497__M_Right_middle_finger.BMP
calibration,0,impostor,data/soco/socofing/train/Real/599__M_Right_thumb_finger.BMP,data/soco/socofing/val/Real/13__F_Right_thumb_finger.BMP
calibration,0,impostor,data/soco/socofing/val/Real/476__M_Left_ring_finger.BMP,data/soco/socofing/val/Real/280__M_Left_ring_finger.BMP
calibration,0,impostor,data/soco/socofing/train/Real/163__M_Right_index_finger.BMP,data/soco/socofing/train/Real/494__F_Right_index_finger.BMP
calibration,0,impostor,data/soco/socofing/test/Real/262__M_Left_little_finger.BMP,data/soco/socofing/train/Real/473__M_Left_little_finger.BMP
calibration,0,impostor,data/soco/socofing/train/Real/547__M_Right_thumb_finger.BMP,data/soco/socofing/test/Real/114__F_Right_thumb_finger.BMP
calibration,0,impostor,data/soco/socofing/val/Real/174__F_Left_middle_finger.BMP,data/soco/socofing/train/Real/240__F_Left_middle_finger.BMP
calibration,0,impostor,data/soco/socofing/train/Real/236__M_Left_middle_finger.BMP,data/soco/socofing/train/Real/99__M_Left_middle_finger.BMP
calibration,0,impostor,data/soco/socofing/train/Real/216__M_Left_ring_finger.BMP,data/soco/socofing/val/Real/321__M_Left_ring_finger.BMP
calibration,0,impostor,data/soco/socofing/train/Real/484__M_Left_index_finger.BMP,data/soco/socofing/train/Real/572__F_Left_index_finger.BMP
calibration,0,impostor,data/soco/socofing/val/Real/591__M_Left_ring_finger.BMP,data/soco/socofing/train/Real/333__M_Left_ring_finger.BMP
calibration,0,impostor,data/soco/socofing/train/Real/69__M_Right_little_finger.BMP,data/soco/socofing/train/Real/165__M_Right_little_finger.BMP
calibration,0,impostor,data/soco/socofing/train/Real/104__M_Left_index_finger.BMP,data/soco/socofing/train/Real/262__M_Left_index_finger.BMP
calibration,0,impostor,data/soco/socofing/train/Real/397__M_Left_ring_finger.BMP,data/soco/socofing/train/Real/24__F_Left_ring_finger.BMP
calibration,0,impostor,data/soco/socofing/train/Real/339__M_Right_thumb_finger.BMP,data/soco/socofing/train/Real/167__M_Right_thumb_finger.BMP
calibration,0,impostor,data/soco/socofing/train/Real/132__M_Right_thumb_finger.BMP,data/soco/socofing/train/Real/49__M_Right_thumb_finger.BMP
calibration,0,impostor,data/soco/socofing/train/Real/446__M_Left_index_finger.BMP,data/soco/socofing/test/Real/81__F_Left_index_finger.BMP
calibration,0,impostor,data/soco/socofing/train/Real/402__M_Right_thumb_finger.BMP,data/soco/socofing/train/Real/23__M_Right_thumb_finger.BMP
calibration,0,impostor,data/soco/socofing/train/Real/49__M_Right_thumb_finger.BMP,data/soco/socofing/train/Real/128__M_Right_thumb_finger.BMP
calibration,0,impostor,data/soco/socofing/train/Real/515__M_Right_ring_finger.BMP,data/soco/socofing/train/Real/581__F_Right_ring_finger.BMP
calibration,0,impostor,data/soco/socofing/train/Real/346__M_Left_thumb_finger.BMP,data/soco/socofing/test/Real/588__M_Left_thumb_finger.BMP
calibration,0,impostor,data/soco/socofing/train/Real/342__M_Left_middle_finger.BMP,data/soco/socofing/train/Real/514__F_Left_middle_finger.BMP
calibration,0,impostor,data/soco/socofing/train/Real/25__F_Left_middle_finger.BMP,data/soco/socofing/train/Real/572__F_Left_middle_finger.BMP
calibration,0,impostor,data/soco/socofing/train/Real/494__F_Right_middle_finger.BMP,data/soco/socofing/train/Real/342__M_Right_middle_finger.BMP
calibration,0,impostor,data/soco/socofing/train/Real/476__M_Left_middle_finger.BMP,data/soco/socofing/test/Real/222__M_Left_middle_finger.BMP
calibration,0,impostor,data/soco/socofing/train/Real/521__M_Left_little_finger.BMP,data/soco/socofing/train/Real/582__M_Left_little_finger.BMP
calibration,0,impostor,data/soco/socofing/train/Real/358__M_Right_middle_finger.BMP,data/soco/socofing/test/Real/514__F_Right_middle_finger.BMP
calibration,0,impostor,data/soco/socofing/test/Real/40__F_Right_little_finger.BMP,data/soco/socofing/train/Real/469__M_Right_little_finger.BMP
calibration,0,impostor,data/soco/socofing/train/Real/146__M_Left_index_finger.BMP,data/soco/socofing/test/Real/312__M_Left_index_finger.BMP
calibration,0,impostor,data/soco/socofing/train/Real/141__F_Left_middle_finger.BMP,data/soco/socofing/train/Real/111__M_Left_middle_finger.BMP
calibration,0,impostor,data/soco/socofing/train/Real/208__M_Right_little_finger.BMP,data/soco/socofing/train/Real/261__M_Right_little_finger.BMP
calibration,0,impostor,data/soco/socofing/val/Real/59__F_Right_thumb_finger.BMP,data/soco/socofing/train/Real/515__M_Right_thumb_finger.BMP
calibration,0,impostor,data/soco/socofing/train/Real/451__M_Right_ring_finger.BMP,data/soco/socofing/train/Real/29__F_Right_ring_finger.BMP
calibration,0,impostor,data/soco/socofing/train/Real/147__M_Right_middle_finger.BMP,data/soco/socofing/train/Real/374__M_Right_middle_finger.BMP
calibration,0,impostor,data/soco/socofing/train/Real/570__M_Left_index_finger.BMP,data/soco/socofing/train/Real/469__M_Left_index_finger.BMP
calibration,0,impostor,data/soco/socofing/train/Real/95__M_Right_little_finger.BMP,data/soco/socofing/train/Real/497__M_Right_little_finger.BMP
calibration,0,impostor,data/soco/socofing/val/Real/110__F_Left_middle_finger.BMP,data/soco/socofing/train/Real/539__F_Left_middle_finger.BMP
calibration,0,impostor,data/soco/socofing/train/Real/464__M_Left_ring_finger.BMP,data/soco/socofing/train/Real/219__M_Left_ring_finger.BMP
calibration,0,impostor,data/soco/socofing/train/Real/512__M_Left_index_finger.BMP,data/soco/socofing/test/Real/493__M_Left_index_finger.BMP
calibration,0,impostor,data/soco/socofing/train/Real/402__M_Left_middle_finger.BMP,data/soco/socofing/train/Real/168__M_Left_middle_finger.BMP
calibration,0,impostor,data/soco/socofing/train/Real/208__M_Left_thumb_finger.BMP,data/soco/socofing/train/Real/576__M_Left_thumb_finger.BMP
calibration,0,impostor,data/soco/socofing/train/Real/389__F_Right_thumb_finger.BMP,data/soco/socofing/train/Real/427__M_Right_thumb_finger.BMP
calibration,0,impostor,data/soco/socofing/val/Real/381__M_Right_little_finger.BMP,data/soco/socofing/val/Real/56__F_Right_little_finger.BMP
calibration,0,impostor,data/soco/socofing/train/Real/269__M_Right_ring_finger.BMP,data/soco/socofing/test/Real/214__M_Right_ring_finger.BMP
calibration,0,impostor,data/soco/socofing/val/Real/580__M_Left_index_finger.BMP,data/soco/socofing/train/Real/588__M_Left_index_finger.BMP
calibration,0,impostor,data/soco/socofing/train/Real/467__M_Left_ring_finger.BMP,data/soco/socofing/train/Real/378__F_Left_ring_finger.BMP
calibration,0,impostor,data/soco/socofing/train/Real/450__M_Right_index_finger.BMP,data/soco/socofing/train/Real/194__M_Right_index_finger.BMP
calibration,0,impostor,data/soco/socofing/train/Real/19__M_Left_ring_finger.BMP,data/soco/socofing/train/Real/147__M_Left_ring_finger.BMP
calibration,0,impostor,data/soco/socofing/train/Real/168__M_Right_thumb_finger.BMP,data/soco/socofing/train/Real/142__F_Right_thumb_finger.BMP
calibration,0,impostor,data/soco/socofing/train/Real/493__M_Right_index_finger.BMP,data/soco/socofing/train/Real/497__M_Right_index_finger.BMP
calibration,0,impostor,data/soco/socofing/train/Real/450__M_Left_ring_finger.BMP,data/soco/socofing/train/Real/335__M_Left_ring_finger.BMP
calibration,0,impostor,data/soco/socofing/test/Real/494__F_Left_ring_finger.BMP,data/soco/socofing/train/Real/474__M_Left_ring_finger.BMP
calibration,0,impostor,data/soco/socofing/train/Real/252__F_Left_index_finger.BMP,data/soco/socofing/train/Real/319__M_Left_index_finger.BMP
calibration,0,impostor,data/soco/socofing/train/Real/189__F_Left_ring_finger.BMP,data/soco/socofing/train/Real/154__F_Left_ring_finger.BMP
calibration,0,impostor,data/soco/socofing/train/Real/583__M_Right_ring_finger.BMP,data/soco/socofing/train/Real/210__M_Right_ring_finger.BMP
calibration,0,impostor,data/soco/socofing/train/Real/378__F_Left_middle_finger.BMP,data/soco/socofing/train/Real/294__M_Left_middle_finger.BMP
calibration,0,impostor,data/soco/socofing/train/Real/552__M_Right_little_finger.BMP,data/soco/socofing/train/Real/600__M_Right_little_finger.BMP
calibration,0,impostor,data/soco/socofing/train/Real/493__M_Left_middle_finger.BMP,data/soco/socofing/train/Real/240__F_Left_middle_finger.BMP
calibration,0,impostor,data/soco/socofing/val/Real/539__F_Left_thumb_finger.BMP,data/soco/socofing/train/Real/513__M_Left_thumb_finger.BMP
calibration,0,impostor,data/soco/socofing/train/Real/599__M_Left_ring_finger.BMP,data/soco/socofing/train/Real/464__M_Left_ring_finger.BMP
calibration,0,impostor,data/soco/socofing/train/Real/55__M_Right_little_finger.BMP,data/soco/socofing/train/Real/225__M_Right_little_finger.BMP
calibration,0,impostor,data/soco/socofing/train/Real/263__F_Left_middle_finger.BMP,data/soco/socofing/train/Real/95__M_Left_middle_finger.BMP
calibration,0,impostor,data/soco/socofing/train/Real/141__F_Left_thumb_finger.BMP,data/soco/socofing/train/Real/165__M_Left_thumb_finger.BMP
calibration,0,impostor,data/soco/socofing/train/Real/111__M_Left_middle_finger.BMP,data/soco/socofing/train/Real/463__F_Left_middle_finger.BMP
calibration,0,impostor,data/soco/socofing/train/Real/21__M_Right_index_finger.BMP,data/soco/socofing/train/Real/139__M_Right_index_finger.BMP
calibration,0,impostor,data/soco/socofing/test/Real/333__M_Left_thumb_finger.BMP,data/soco/socofing/train/Real/335__M_Left_thumb_finger.BMP
calibration,0,impostor,data/soco/socofing/train/Real/334__F_Right_ring_finger.BMP,data/soco/socofing/train/Real/427__M_Right_ring_finger.BMP
calibration,0,impostor,data/soco/socofing/train/Real/467__M_Left_little_finger.BMP,data/soco/socofing/train/Real/162__M_Left_little_finger.BMP
calibration,0,impostor,data/soco/socofing/train/Real/462__M_Left_middle_finger.BMP,data/soco/socofing/test/Real/170__M_Left_middle_finger.BMP
calibration,0,impostor,data/soco/socofing/train/Real/263__F_Right_middle_finger.BMP,data/soco/socofing/train/Real/170__M_Right_middle_finger.BMP
calibration,0,impostor,data/soco/socofing/train/Real/172__M_Left_little_finger.BMP,data/soco/socofing/train/Real/146__M_Left_little_finger.BMP
calibration,0,impostor,data/soco/socofing/val/Real/431__M_Left_little_finger.BMP,data/soco/socofing/train/Real/378__F_Left_little_finger.BMP
calibration,0,impostor,data/soco/socofing/train/Real/408__M_Right_thumb_finger.BMP,data/soco/socofing/train/Real/104__M_Right_thumb_finger.BMP
calibration,0,impostor,data/soco/socofing/train/Real/483__M_Right_ring_finger.BMP,data/soco/socofing/train/Real/55__M_Right_ring_finger.BMP
calibration,0,impostor,data/soco/socofing/train/Real/515__M_Left_ring_finger.BMP,data/soco/socofing/train/Real/114__F_Left_ring_finger.BMP
calibration,0,impostor,data/soco/socofing/train/Real/29__F_Left_little_finger.BMP,data/soco/socofing/train/Real/141__F_Left_little_finger.BMP
calibration,0,impostor,data/soco/socofing/train/Real/154__F_Right_thumb_finger.BMP,data/soco/socofing/train/Real/599__M_Right_thumb_finger.BMP
calibration,0,impostor,data/soco/socofing/train/Real/217__M_Left_ring_finger.BMP,data/soco/socofing/train/Real/165__M_Left_ring_finger.BMP
calibration,0,impostor,data/soco/socofing/train/Real/142__F_Right_middle_finger.BMP,data/soco/socofing/train/Real/389__F_Right_middle_finger.BMP
calibration,0,impostor,data/soco/socofing/train/Real/512__M_Left_index_finger.BMP,data/soco/socofing/train/Real/539__F_Left_index_finger.BMP
calibration,0,impostor,data/soco/socofing/train/Real/346__M_Right_middle_finger.BMP,data/soco/socofing/train/Real/446__M_Right_middle_finger.BMP
calibration,0,impostor,data/soco/socofing/train/Real/270__M_Right_little_finger.BMP,data/soco/socofing/val/Real/73__M_Right_little_finger.BMP
calibration,0,impostor,data/soco/socofing/val/Real/321__M_Left_ring_finger.BMP,data/soco/socofing/val/Real/589__M_Left_ring_finger.BMP
calibration,0,impostor,data/soco/socofing/train/Real/159__M_Right_ring_finger.BMP,data/soco/socofing/test/Real/398__M_Right_ring_finger.BMP
calibration,0,impostor,data/soco/socofing/train/Real/513__M_Right_index_finger.BMP,data/soco/socofing/train/Real/21__M_Right_index_finger.BMP
calibration,0,impostor,data/soco/socofing/train/Real/289__F_Right_thumb_finger.BMP,data/soco/socofing/train/Real/436__M_Right_thumb_finger.BMP
calibration,0,impostor,data/soco/socofing/train/Real/346__M_Right_little_finger.BMP,data/soco/socofing/train/Real/473__M_Right_little_finger.BMP
calibration,0,impostor,data/soco/socofing/train/Real/268__M_Right_ring_finger.BMP,data/soco/socofing/train/Real/24__F_Right_ring_finger.BMP
calibration,0,impostor,data/soco/socofing/test/Real/122__M_Left_thumb_finger.BMP,data/soco/socofing/train/Real/303__F_Left_thumb_finger.BMP
calibration,0,impostor,data/soco/socofing/train/Real/311__M_Right_middle_finger.BMP,data/soco/socofing/train/Real/251__M_Right_middle_finger.BMP
calibration,0,impostor,data/soco/socofing/train/Real/300__F_Left_middle_finger.BMP,data/soco/socofing/val/Real/469__M_Left_middle_finger.BMP
calibration,0,impostor,data/soco/socofing/train/Real/20__M_Left_thumb_finger.BMP,data/soco/socofing/train/Real/129__M_Left_thumb_finger.BMP
calibration,0,impostor,data/soco/socofing/train/Real/209__F_Right_little_finger.BMP,data/soco/socofing/val/Real/73__M_Right_little_finger.BMP
calibration,0,impostor,data/soco/socofing/test/Real/446__M_Left_thumb_finger.BMP,data/soco/socofing/train/Real/286__M_Left_thumb_finger.BMP
calibration,0,impostor,data/soco/socofing/train/Real/23__M_Right_thumb_finger.BMP,data/soco/socofing/train/Real/124__M_Right_thumb_finger.BMP
calibration,0,impostor,data/soco/socofing/train/Real/389__F_Left_middle_finger.BMP,data/soco/socofing/train/Real/372__M_Left_middle_finger.BMP
calibration,0,impostor,data/soco/socofing/train/Real/591__M_Left_middle_finger.BMP,data/soco/socofing/train/Real/479__F_Left_middle_finger.BMP
calibration,0,impostor,data/soco/socofing/train/Real/593__M_Right_middle_finger.BMP,data/soco/socofing/test/Real/272__M_Right_middle_finger.BMP
calibration,0,impostor,data/soco/socofing/train/Real/461__F_Left_ring_finger.BMP,data/soco/socofing/train/Real/58__M_Left_ring_finger.BMP
calibration,0,impostor,data/soco/socofing/train/Real/18__M_Left_little_finger.BMP,data/soco/socofing/train/Real/341__M_Left_little_finger.BMP
calibration,0,impostor,data/soco/socofing/train/Real/108__M_Left_index_finger.BMP,data/soco/socofing/train/Real/38__M_Left_index_finger.BMP
calibration,0,impostor,data/soco/socofing/train/Real/467__M_Left_ring_finger.BMP,data/soco/socofing/train/Real/572__F_Left_ring_finger.BMP
calibration,0,impostor,data/soco/socofing/test/Real/181__M_Right_ring_finger.BMP,data/soco/socofing/train/Real/331__M_Right_ring_finger.BMP
calibration,0,impostor,data/soco/socofing/train/Real/398__M_Left_ring_finger.BMP,data/soco/socofing/train/Real/552__M_Left_ring_finger.BMP
calibration,0,impostor,data/soco/socofing/train/Real/132__M_Right_ring_finger.BMP,data/soco/socofing/train/Real/589__M_Right_ring_finger.BMP
calibration,0,impostor,data/soco/socofing/train/Real/369__F_Left_little_finger.BMP,data/soco/socofing/train/Real/109__F_Left_little_finger.BMP
calibration,0,impostor,data/soco/socofing/train/Real/387__F_Left_middle_finger.BMP,data/soco/socofing/test/Real/497__M_Left_middle_finger.BMP
calibration,0,impostor,data/soco/socofing/train/Real/244__M_Right_little_finger.BMP,data/soco/socofing/train/Real/321__M_Right_little_finger.BMP
calibration,0,impostor,data/soco/socofing/test/Real/502__F_Right_thumb_finger.BMP,data/soco/socofing/train/Real/56__F_Right_thumb_finger.BMP
calibration,0,impostor,data/soco/socofing/test/Real/231__M_Left_index_finger.BMP,data/soco/socofing/train/Real/335__M_Left_index_finger.BMP
calibration,0,impostor,data/soco/socofing/train/Real/574__F_Right_little_finger.BMP,data/soco/socofing/train/Real/25__F_Right_little_finger.BMP
calibration,0,impostor,data/soco/socofing/train/Real/24__F_Left_index_finger.BMP,data/soco/socofing/train/Real/58__M_Left_index_finger.BMP
calibration,0,impostor,data/soco/socofing/train/Real/180__F_Right_middle_finger.BMP,data/soco/socofing/train/Real/165__M_Right_middle_finger.BMP
calibration,0,impostor,data/soco/socofing/train/Real/26__M_Left_ring_finger.BMP,data/soco/socofing/train/Real/528__F_Left_ring_finger.BMP
calibration,0,impostor,data/soco/socofing/train/Real/299__M_Right_index_finger.BMP,data/soco/socofing/train/Real/284__M_Right_index_finger.BMP
calibration,0,impostor,data/soco/socofing/train/Real/181__M_Left_middle_finger.BMP,data/soco/socofing/train/Real/252__F_Left_middle_finger.BMP
calibration,0,impostor,data/soco/socofing/val/Real/413__M_Right_index_finger.BMP,data/soco/socofing/test/Real/328__M_Right_index_finger.BMP
calibration,0,impostor,data/soco/socofing/train/Real/142__F_Right_little_finger.BMP,data/soco/socofing/train/Real/34__M_Right_little_finger.BMP
calibration,0,impostor,data/soco/socofing/train/Real/340__M_Left_little_finger.BMP,data/soco/socofing/test/Real/8__M_Left_little_finger.BMP
calibration,0,impostor,data/soco/socofing/train/Real/268__M_Right_little_finger.BMP,data/soco/socofing/val/Real/423__M_Right_little_finger.BMP
calibration,0,impostor,data/soco/socofing/test/Real/129__M_Right_middle_finger.BMP,data/soco/socofing/train/Real/561__M_Right_middle_finger.BMP
calibration,0,impostor,data/soco/socofing/val/Real/418__F_Right_ring_finger.BMP,data/soco/socofing/val/Real/299__M_Right_ring_finger.BMP
calibration,0,impostor,data/soco/socofing/train/Real/124__M_Left_little_finger.BMP,data/soco/socofing/test/Real/2__F_Left_little_finger.BMP
calibration,0,impostor,data/soco/socofing/val/Real/222__M_Right_thumb_finger.BMP,data/soco/socofing/train/Real/329__M_Right_thumb_finger.BMP
calibration,0,impostor,data/soco/socofing/train/Real/149__F_Right_ring_finger.BMP,data/soco/socofing/train/Real/528__F_Right_ring_finger.BMP
calibration,0,impostor,data/soco/socofing/train/Real/323__M_Right_index_finger.BMP,data/soco/socofing/val/Real/532__M_Right_index_finger.BMP
calibration,0,impostor,data/soco/socofing/test/Real/346__M_Left_little_finger.BMP,data/soco/socofing/val/Real/463__F_Left_little_finger.BMP
calibration,0,impostor,data/soco/socofing/train/Real/449__F_Left_ring_finger.BMP,data/soco/socofing/train/Real/406__M_Left_ring_finger.BMP
calibration,0,impostor,data/soco/socofing/train/Real/55__M_Right_little_finger.BMP,data/soco/socofing/test/Real/151__M_Right_little_finger.BMP
calibration,0,impostor,data/soco/socofing/train/Real/415__M_Left_middle_finger.BMP,data/soco/socofing/train/Real/152__M_Left_middle_finger.BMP
calibration,0,impostor,data/soco/socofing/train/Real/547__M_Right_index_finger.BMP,data/soco/socofing/test/Real/132__M_Right_index_finger.BMP
calibration,0,impostor,data/soco/socofing/train/Real/597__M_Right_ring_finger.BMP,data/soco/socofing/train/Real/436__M_Right_ring_finger.BMP
calibration,0,impostor,data/soco/socofing/train/Real/512__M_Right_thumb_finger.BMP,data/soco/socofing/train/Real/231__M_Right_thumb_finger.BMP
calibration,0,impostor,data/soco/socofing/train/Real/342__M_Left_thumb_finger.BMP,data/soco/socofing/train/Real/305__M_Left_thumb_finger.BMP
calibration,0,impostor,data/soco/socofing/train/Real/588__M_Right_thumb_finger.BMP,data/soco/socofing/train/Real/474__M_Right_thumb_finger.BMP
calibration,0,impostor,data/soco/socofing/train/Real/210__M_Right_index_finger.BMP,data/soco/socofing/train/Real/418__F_Right_index_finger.BMP
calibration,0,impostor,data/soco/socofing/train/Real/431__M_Left_thumb_finger.BMP,data/soco/socofing/val/Real/158__M_Left_thumb_finger.BMP
calibration,0,impostor,data/soco/socofing/train/Real/376__F_Right_index_finger.BMP,data/soco/socofing/train/Real/150__M_Right_index_finger.BMP
calibration,0,impostor,data/soco/socofing/train/Real/327__M_Left_ring_finger.BMP,data/soco/socofing/train/Real/598__M_Left_ring_finger.BMP
calibration,0,impostor,data/soco/socofing/train/Real/197__M_Left_thumb_finger.BMP,data/soco/socofing/train/Real/341__M_Left_thumb_finger.BMP
calibration,0,impostor,data/soco/socofing/train/Real/541__M_Right_ring_finger.BMP,data/soco/socofing/train/Real/146__M_Right_ring_finger.BMP
calibration,0,impostor,data/soco/socofing/val/Real/159__M_Right_little_finger.BMP,data/soco/socofing/val/Real/444__M_Right_little_finger.BMP
calibration,0,impostor,data/soco/socofing/test/Real/552__M_Left_index_finger.BMP,data/soco/socofing/test/Real/363__M_Left_index_finger.BMP
calibration,0,impostor,data/soco/socofing/train/Real/244__M_Right_index_finger.BMP,data/soco/socofing/train/Real/225__M_Right_index_finger.BMP
calibration,0,impostor,data/soco/socofing/test/Real/219__M_Left_index_finger.BMP,data/soco/socofing/train/Real/572__F_Left_index_finger.BMP
calibration,0,impostor,data/soco/socofing/train/Real/431__M_Right_middle_finger.BMP,data/soco/socofing/train/Real/319__M_Right_middle_finger.BMP
calibration,0,impostor,data/soco/socofing/train/Real/99__M_Left_little_finger.BMP,data/soco/socofing/val/Real/593__M_Left_little_finger.BMP
calibration,0,impostor,data/soco/socofing/train/Real/90__M_Left_thumb_finger.BMP,data/soco/socofing/train/Real/467__M_Left_thumb_finger.BMP
calibration,0,impostor,data/soco/socofing/train/Real/167__M_Right_index_finger.BMP,data/soco/socofing/train/Real/68__M_Right_index_finger.BMP
calibration,0,impostor,data/soco/socofing/train/Real/286__M_Left_middle_finger.BMP,data/soco/socofing/train/Real/236__M_Left_middle_finger.BMP
calibration,0,impostor,data/soco/socofing/train/Real/402__M_Left_thumb_finger.BMP,data/soco/socofing/train/Real/132__M_Left_thumb_finger.BMP
calibration,0,impostor,data/soco/socofing/val/Real/306__M_Left_thumb_finger.BMP,data/soco/socofing/val/Real/441__M_Left_thumb_finger.BMP
calibration,0,impostor,data/soco/socofing/train/Real/111__M_Right_middle_finger.BMP,data/soco/socofing/train/Real/369__F_Right_middle_finger.BMP
calibration,0,impostor,data/soco/socofing/train/Real/500__M_Left_index_finger.BMP,data/soco/socofing/val/Real/321__M_Left_index_finger.BMP
calibration,0,impostor,data/soco/socofing/train/Real/207__M_Right_thumb_finger.BMP,data/soco/socofing/train/Real/19__M_Right_thumb_finger.BMP
calibration,0,impostor,data/soco/socofing/train/Real/415__M_Right_ring_finger.BMP,data/soco/socofing/train/Real/235__M_Right_ring_finger.BMP
calibration,0,impostor,data/soco/socofing/train/Real/200__M_Left_thumb_finger.BMP,data/soco/socofing/train/Real/90__M_Left_thumb_finger.BMP
calibration,0,impostor,data/soco/socofing/val/Real/476__M_Right_ring_finger.BMP,data/soco/socofing/train/Real/59__F_Right_ring_finger.BMP
calibration,0,impostor,data/soco/socofing/train/Real/366__M_Left_thumb_finger.BMP,data/soco/socofing/train/Real/599__M_Left_thumb_finger.BMP
calibration,0,impostor,data/soco/socofing/train/Real/433__M_Right_index_finger.BMP,data/soco/socofing/val/Real/500__M_Right_index_finger.BMP
calibration,0,impostor,data/soco/socofing/train/Real/369__F_Right_ring_finger.BMP,data/soco/socofing/train/Real/149__F_Right_ring_finger.BMP
calibration,0,impostor,data/soco/socofing/train/Real/304__M_Right_thumb_finger.BMP,data/soco/socofing/train/Real/281__M_Right_thumb_finger.BMP
calibration,0,impostor,data/soco/socofing/train/Real/391__M_Left_thumb_finger.BMP,data/soco/socofing/train/Real/286__M_Left_thumb_finger.BMP
calibration,0,impostor,data/soco/socofing/train/Real/458__M_Left_little_finger.BMP,data/soco/socofing/train/Real/331__M_Left_little_finger.BMP
calibration,0,impostor,data/soco/socofing/test/Real/141__F_Right_ring_finger.BMP,data/soco/socofing/train/Real/29__F_Right_ring_finger.BMP
calibration,0,impostor,data/soco/socofing/train/Real/235__M_Left_index_finger.BMP,data/soco/socofing/train/Real/304__M_Left_index_finger.BMP
calibration,0,impostor,data/soco/socofing/train/Real/527__M_Right_index_finger.BMP,data/soco/socofing/train/Real/364__M_Right_index_finger.BMP
calibration,0,impostor,data/soco/socofing/val/Real/208__M_Left_middle_finger.BMP,data/soco/socofing/train/Real/233__M_Left_middle_finger.BMP
calibration,0,impostor,data/soco/socofing/train/Real/577__M_Right_little_finger.BMP,data/soco/socofing/train/Real/532__M_Right_little_finger.BMP
calibration,0,impostor,data/soco/socofing/train/Real/293__F_Left_thumb_finger.BMP,data/soco/socofing/train/Real/455__M_Left_thumb_finger.BMP
calibration,0,impostor,data/soco/socofing/train/Real/79__M_Right_little_finger.BMP,data/soco/socofing/train/Real/570__M_Right_little_finger.BMP
calibration,0,impostor,data/soco/socofing/val/Real/492__F_Right_thumb_finger.BMP,data/soco/socofing/train/Real/372__M_Right_thumb_finger.BMP
calibration,0,impostor,data/soco/socofing/train/Real/149__F_Right_middle_finger.BMP,data/soco/socofing/test/Real/272__M_Right_middle_finger.BMP
calibration,0,impostor,data/soco/socofing/train/Real/561__M_Left_ring_finger.BMP,data/soco/socofing/train/Real/462__M_Left_ring_finger.BMP
calibration,0,impostor,data/soco/socofing/train/Real/536__F_Left_ring_finger.BMP,data/soco/socofing/test/Real/81__F_Left_ring_finger.BMP
calibration,0,impostor,data/soco/socofing/train/Real/516__M_Right_middle_finger.BMP,data/soco/socofing/train/Real/574__F_Right_middle_finger.BMP
calibration,0,impostor,data/soco/socofing/train/Real/510__M_Right_ring_finger.BMP,data/soco/socofing/train/Real/165__M_Right_ring_finger.BMP
calibration,0,impostor,data/soco/socofing/train/Real/512__M_Right_index_finger.BMP,data/soco/socofing/train/Real/108__M_Right_index_finger.BMP
calibration,0,impostor,data/soco/socofing/train/Real/240__F_Left_ring_finger.BMP,data/soco/socofing/test/Real/329__M_Left_ring_finger.BMP
calibration,0,impostor,data/soco/socofing/train/Real/436__M_Right_little_finger.BMP,data/soco/socofing/train/Real/55__M_Right_little_finger.BMP
calibration,0,impostor,data/soco/socofing/train/Real/231__M_Right_middle_finger.BMP,data/soco/socofing/train/Real/114__F_Right_middle_finger.BMP
calibration,0,impostor,data/soco/socofing/train/Real/157__M_Left_index_finger.BMP,data/soco/socofing/train/Real/20__M_Left_index_finger.BMP
calibration,0,impostor,data/soco/socofing/train/Real/333__M_Right_index_finger.BMP,data/soco/socofing/train/Real/128__M_Right_index_finger.BMP
calibration,0,impostor,data/soco/socofing/val/Real/587__M_Left_thumb_finger.BMP,data/soco/socofing/train/Real/165__M_Left_thumb_finger.BMP
calibration,0,impostor,data/soco/socofing/test/Real/150__M_Right_little_finger.BMP,data/soco/socofing/val/Real/280__M_Right_little_finger.BMP
calibration,0,impostor,data/soco/socofing/train/Real/492__F_Right_index_finger.BMP,data/soco/socofing/train/Real/497__M_Right_index_finger.BMP
calibration,0,impostor,data/soco/socofing/train/Real/449__F_Right_index_finger.BMP,data/soco/socofing/train/Real/6__M_Right_index_finger.BMP
calibration,0,impostor,data/soco/socofing/train/Real/590__M_Right_middle_finger.BMP,data/soco/socofing/train/Real/303__F_Right_middle_finger.BMP
calibration,0,impostor,data/soco/socofing/train/Real/8__M_Right_little_finger.BMP,data/soco/socofing/test/Real/214__M_Right_little_finger.BMP
calibration,0,impostor,data/soco/socofing/train/Real/463__F_Left_middle_finger.BMP,data/soco/socofing/test/Real/58__M_Left_middle_finger.BMP
calibration,0,impostor,data/soco/socofing/train/Real/469__M_Right_middle_finger.BMP,data/soco/socofing/train/Real/114__F_Right_middle_finger.BMP
calibration,0,impostor,data/soco/socofing/train/Real/10__M_Right_ring_finger.BMP,data/soco/socofing/train/Real/109__F_Right_ring_finger.BMP
calibration,0,impostor,data/soco/socofing/train/Real/142__F_Left_ring_finger.BMP,data/soco/socofing/train/Real/147__M_Left_ring_finger.BMP
calibration,0,impostor,data/soco/socofing/train/Real/463__F_Right_index_finger.BMP,data/soco/socofing/train/Real/118__F_Right_index_finger.BMP
calibration,0,impostor,data/soco/socofing/train/Real/191__F_Right_index_finger.BMP,data/soco/socofing/test/Real/281__M_Right_index_finger.BMP
calibration,0,impostor,data/soco/socofing/train/Real/434__M_Right_little_finger.BMP,data/soco/socofing/train/Real/6__M_Right_little_finger.BMP
calibration,0,impostor,data/soco/socofing/train/Real/444__M_Right_ring_finger.BMP,data/soco/socofing/train/Real/415__M_Right_ring_finger.BMP
calibration,0,impostor,data/soco/socofing/train/Real/391__M_Left_middle_finger.BMP,data/soco/socofing/train/Real/541__M_Left_middle_finger.BMP
calibration,0,impostor,data/soco/socofing/train/Real/125__M_Left_ring_finger.BMP,data/soco/socofing/train/Real/268__M_Left_ring_finger.BMP
calibration,0,impostor,data/soco/socofing/test/Real/33__M_Right_index_finger.BMP,data/soco/socofing/train/Real/151__M_Right_index_finger.BMP
calibration,0,impostor,data/soco/socofing/train/Real/415__M_Right_middle_finger.BMP,data/soco/socofing/train/Real/131__M_Right_middle_finger.BMP
calibration,0,impostor,data/soco/socofing/train/Real/298__M_Right_thumb_finger.BMP,data/soco/socofing/train/Real/207__M_Right_thumb_finger.BMP
calibration,0,impostor,data/soco/socofing/train/Real/198__M_Left_index_finger.BMP,data/soco/socofing/train/Real/408__M_Left_index_finger.BMP
calibration,0,impostor,data/soco/socofing/train/Real/79__M_Right_ring_finger.BMP,data/soco/socofing/train/Real/516__M_Right_ring_finger.BMP
calibration,0,impostor,data/soco/socofing/train/Real/341__M_Right_ring_finger.BMP,data/soco/socofing/train/Real/259__M_Right_ring_finger.BMP
calibration,0,impostor,data/soco/socofing/train/Real/386__M_Right_middle_finger.BMP,data/soco/socofing/train/Real/374__M_Right_middle_finger.BMP
calibration,0,impostor,data/soco/socofing/train/Real/257__M_Right_ring_finger.BMP,data/soco/socofing/test/Real/141__F_Right_ring_finger.BMP
calibration,0,impostor,data/soco/socofing/train/Real/474__M_Right_middle_finger.BMP,data/soco/socofing/train/Real/194__M_Right_middle_finger.BMP
calibration,0,impostor,data/soco/socofing/val/Real/210__M_Left_index_finger.BMP,data/soco/socofing/test/Real/124__M_Left_index_finger.BMP
test,1,Hard-Obl,data/soco/socofing/train/Real/400__M_Left_middle_finger.BMP,data/soco/socofing/train/Altered/Altered-Hard/400__M_Left_middle_finger_Obl.BMP
test,1,Easy-Zcut,data/soco/socofing/val/Real/344__M_Left_little_finger.BMP,data/soco/socofing/train/Altered/Altered-Easy/344__M_Left_little_finger_Zcut.BMP
test,1,Medium-Zcut,data/soco/socofing/test/Real/475__M_Left_thumb_finger.BMP,data/soco/socofing/train/Altered/Altered-Medium/475__M_Left_thumb_finger_Zcut.BMP
test,1,Medium-Zcut,data/soco/socofing/test/Real/437__M_Left_index_finger.BMP,data/soco/socofing/train/Altered/Altered-Medium/437__M_Left_index_finger_Zcut.BMP
test,1,Hard-Zcut,data/soco/socofing/train/Real/101__M_Right_thumb_finger.BMP,data/soco/socofing/train/Altered/Altered-Hard/101__M_Right_thumb_finger_Zcut.BMP
test,1,Medium-Obl,data/soco/socofing/train/Real/62__M_Left_ring_finger.BMP,data/soco/socofing/train/Altered/Altered-Medium/62__M_Left_ring_finger_Obl.BMP
test,1,Easy-Obl,data/soco/socofing/val/Real/179__M_Left_thumb_finger.BMP,data/soco/socofing/train/Altered/Altered-Easy/179__M_Left_thumb_finger_Obl.BMP
test,1,Hard-Zcut,data/soco/socofing/train/Real/243__M_Right_ring_finger.BMP,data/soco/socofing/train/Altered/Altered-Hard/243__M_Right_ring_finger_Zcut.BMP
test,1,Medium-Zcut,data/soco/socofing/train/Real/54__M_Left_middle_finger.BMP,data/soco/socofing/train/Altered/Altered-Medium/54__M_Left_middle_finger_Zcut.BMP
test,1,Hard-CR,data/soco/socofing/test/Real/153__M_Left_little_finger.BMP,data/soco/socofing/train/Altered/Altered-Hard/153__M_Left_little_finger_CR.BMP
test,1,Hard-CR,data/soco/socofing/train/Real/76__F_Left_thumb_finger.BMP,data/soco/socofing/train/Altered/Altered-Hard/76__F_Left_thumb_finger_CR.BMP
test,1,Medium-Obl,data/soco/socofing/train/Real/361__M_Left_thumb_finger.BMP,data/soco/socofing/train/Altered/Altered-Medium/361__M_Left_thumb_finger_Obl.BMP
test,1,Hard-Obl,data/soco/socofing/test/Real/133__M_Left_ring_finger.BMP,data/soco/socofing/train/Altered/Altered-Hard/133__M_Left_ring_finger_Obl.BMP
test,1,Hard-Zcut,data/soco/socofing/train/Real/393__M_Left_index_finger.BMP,data/soco/socofing/train/Altered/Altered-Hard/393__M_Left_index_finger_Zcut.BMP
test,1,Easy-Zcut,data/soco/socofing/train/Real/517__M_Right_ring_finger.BMP,data/soco/socofing/train/Altered/Altered-Easy/517__M_Right_ring_finger_Zcut.BMP
test,1,Medium-Zcut,data/soco/socofing/train/Real/258__M_Left_middle_finger.BMP,data/soco/socofing/train/Altered/Altered-Medium/258__M_Left_middle_finger_Zcut.BMP
test,1,Medium-CR,data/soco/socofing/train/Real/211__M_Right_ring_finger.BMP,data/soco/socofing/train/Altered/Altered-Medium/211__M_Right_ring_finger_CR.BMP
test,1,Easy-CR,data/soco/socofing/val/Real/517__M_Left_ring_finger.BMP,data/soco/socofing/train/Altered/Altered-Easy/517__M_Left_ring_finger_CR.BMP
test,1,Medium-CR,data/soco/socofing/test/Real/134__M_Right_index_finger.BMP,data/soco/socofing/train/Altered/Altered-Medium/134__M_Right_index_finger_CR.BMP
test,1,Hard-Obl,data/soco/socofing/train/Real/315__F_Right_ring_finger.BMP,data/soco/socofing/val/Altered/Altered-Hard/315__F_Right_ring_finger_Obl.BMP
test,1,Easy-Zcut,data/soco/socofing/train/Real/314__M_Right_ring_finger.BMP,data/soco/socofing/train/Altered/Altered-Easy/314__M_Right_ring_finger_Zcut.BMP
test,1,Easy-CR,data/soco/socofing/train/Real/352__M_Right_ring_finger.BMP,data/soco/socofing/train/Altered/Altered-Easy/352__M_Right_ring_finger_CR.BMP
test,1,Easy-Obl,data/soco/socofing/train/Real/353__M_Right_middle_finger.BMP,data/soco/socofing/train/Altered/Altered-Easy/353__M_Right_middle_finger_Obl.BMP
test,1,Medium-Zcut,data/soco/socofing/train/Real/273__M_Left_little_finger.BMP,data/soco/socofing/train/Altered/Altered-Medium/273__M_Left_little_finger_Zcut.BMP
test,1,Medium-Obl,data/soco/socofing/train/Real/414__M_Left_index_finger.BMP,data/soco/socofing/train/Altered/Altered-Medium/414__M_Left_index_finger_Obl.BMP
test,1,Easy-Obl,data/soco/socofing/train/Real/416__M_Left_index_finger.BMP,data/soco/socofing/train/Altered/Altered-Easy/416__M_Left_index_finger_Obl.BMP
test,1,Medium-Zcut,data/soco/socofing/train/Real/60__M_Right_thumb_finger.BMP,data/soco/socofing/train/Altered/Altered-Medium/60__M_Right_thumb_finger_Zcut.BMP
test,1,Medium-Zcut,data/soco/socofing/train/Real/230__M_Right_index_finger.BMP,data/soco/socofing/train/Altered/Altered-Medium/230__M_Right_index_finger_Zcut.BMP
test,1,Medium-Zcut,data/soco/socofing/train/Real/273__M_Right_middle_finger.BMP,data/soco/socofing/train/Altered/Altered-Medium/273__M_Right_middle_finger_Zcut.BMP
test,1,Hard-CR,data/soco/socofing/train/Real/211__M_Right_thumb_finger.BMP,data/soco/socofing/train/Altered/Altered-Hard/211__M_Right_thumb_finger_CR.BMP
test,1,Medium-Obl,data/soco/socofing/train/Real/243__M_Right_middle_finger.BMP,data/soco/socofing/train/Altered/Altered-Medium/243__M_Right_middle_finger_Obl.BMP
test,1,Hard-Obl,data/soco/socofing/train/Real/282__M_Left_thumb_finger.BMP,data/soco/socofing/val/Altered/Altered-Hard/282__M_Left_thumb_finger_Obl.BMP
test,1,Medium-Zcut,data/soco/socofing/train/Real/175__M_Right_little_finger.BMP,data/soco/socofing/train/Altered/Altered-Medium/175__M_Right_little_finger_Zcut.BMP
test,1,Medium-Obl,data/soco/socofing/train/Real/365__M_Left_index_finger.BMP,data/soco/socofing/train/Altered/Altered-Medium/365__M_Left_index_finger_Obl.BMP
test,1,Easy-Zcut,data/soco/socofing/train/Real/120__M_Right_thumb_finger.BMP,data/soco/socofing/val/Altered/Altered-Easy/120__M_Right_thumb_finger_Zcut.BMP
test,1,Easy-Obl,data/soco/socofing/train/Real/379__F_Right_ring_finger.BMP,data/soco/socofing/train/Altered/Altered-Easy/379__F_Right_ring_finger_Obl.BMP
test,1,Easy-CR,data/soco/socofing/test/Real/133__M_Left_ring_finger.BMP,data/soco/socofing/train/Altered/Altered-Easy/133__M_Left_ring_finger_CR.BMP
test,1,Hard-Obl,data/soco/socofing/train/Real/51__M_Left_index_finger.BMP,data/soco/socofing/train/Altered/Altered-Hard/51__M_Left_index_finger_Obl.BMP
test,1,Hard-Obl,data/soco/socofing/test/Real/411__M_Right_little_finger.BMP,data/soco/socofing/train/Altered/Altered-Hard/411__M_Right_little_finger_Obl.BMP
test,1,Medium-CR,data/soco/socofing/val/Real/185__M_Right_middle_finger.BMP,data/soco/socofing/val/Altered/Altered-Medium/185__M_Right_middle_finger_CR.BMP
test,1,Hard-Zcut,data/soco/socofing/train/Real/486__M_Left_little_finger.BMP,data/soco/socofing/train/Altered/Altered-Hard/486__M_Left_little_finger_Zcut.BMP
test,1,Medium-Obl,data/soco/socofing/val/Real/533__M_Right_thumb_finger.BMP,data/soco/socofing/train/Altered/Altered-Medium/533__M_Right_thumb_finger_Obl.BMP
test,1,Medium-CR,data/soco/socofing/train/Real/282__M_Right_ring_finger.BMP,data/soco/socofing/val/Altered/Altered-Medium/282__M_Right_ring_finger_CR.BMP
test,1,Easy-Obl,data/soco/socofing/val/Real/417__M_Left_middle_finger.BMP,data/soco/socofing/train/Altered/Altered-Easy/417__M_Left_middle_finger_Obl.BMP
test,1,Medium-Obl,data/soco/socofing/train/Real/504__M_Right_thumb_finger.BMP,data/soco/socofing/test/Altered/Altered-Medium/504__M_Right_thumb_finger_Obl.BMP
test,1,Hard-Zcut,data/soco/socofing/train/Real/347__M_Right_ring_finger.BMP,data/soco/socofing/train/Altered/Altered-Hard/347__M_Right_ring_finger_Zcut.BMP
test,1,Easy-Obl,data/soco/socofing/test/Real/437__M_Left_index_finger.BMP,data/soco/socofing/train/Altered/Altered-Easy/437__M_Left_index_finger_Obl.BMP
test,1,Medium-Zcut,data/soco/socofing/train/Real/271__M_Left_index_finger.BMP,data/soco/socofing/train/Altered/Altered-Medium/271__M_Left_index_finger_Zcut.BMP
test,1,Easy-Zcut,data/soco/socofing/train/Real/430__F_Right_middle_finger.BMP,data/soco/socofing/test/Altered/Altered-Easy/430__F_Right_middle_finger_Zcut.BMP
test,1,Easy-Obl,data/soco/socofing/train/Real/520__M_Left_ring_finger.BMP,data/soco/socofing/train/Altered/Altered-Easy/520__M_Left_ring_finger_Obl.BMP
test,1,Easy-Zcut,data/soco/socofing/train/Real/392__M_Left_index_finger.BMP,data/soco/socofing/train/Altered/Altered-Easy/392__M_Left_index_finger_Zcut.BMP
test,1,Hard-CR,data/soco/socofing/train/Real/485__M_Right_index_finger.BMP,data/soco/socofing/test/Altered/Altered-Hard/485__M_Right_index_finger_CR.BMP
test,1,Easy-Zcut,data/soco/socofing/test/Real/564__M_Right_thumb_finger.BMP,data/soco/socofing/train/Altered/Altered-Easy/564__M_Right_thumb_finger_Zcut.BMP
test,1,Medium-Obl,data/soco/socofing/train/Real/239__M_Right_thumb_finger.BMP,data/soco/socofing/val/Altered/Altered-Medium/239__M_Right_thumb_finger_Obl.BMP
test,1,Hard-Zcut,data/soco/socofing/test/Real/53__M_Left_index_finger.BMP,data/soco/socofing/train/Altered/Altered-Hard/53__M_Left_index_finger_Zcut.BMP
test,1,Easy-Obl,data/soco/socofing/train/Real/169__F_Right_middle_finger.BMP,data/soco/socofing/val/Altered/Altered-Easy/169__F_Right_middle_finger_Obl.BMP
test,1,Medium-Obl,data/soco/socofing/train/Real/32__M_Right_middle_finger.BMP,data/soco/socofing/train/Altered/Altered-Medium/32__M_Right_middle_finger_Obl.BMP
test,1,Hard-CR,data/soco/socofing/val/Real/84__M_Left_index_finger.BMP,data/soco/socofing/test/Altered/Altered-Hard/84__M_Left_index_finger_CR.BMP
test,1,Easy-Zcut,data/soco/socofing/train/Real/538__M_Left_thumb_finger.BMP,data/soco/socofing/val/Altered/Altered-Easy/538__M_Left_thumb_finger_Zcut.BMP
test,1,Medium-Obl,data/soco/socofing/train/Real/509__M_Left_little_finger.BMP,data/soco/socofing/train/Altered/Altered-Medium/509__M_Left_little_finger_Obl.BMP
test,1,Medium-Obl,data/soco/socofing/train/Real/223__M_Right_ring_finger.BMP,data/soco/socofing/train/Altered/Altered-Medium/223__M_Right_ring_finger_Obl.BMP
test,1,Hard-Obl,data/soco/socofing/train/Real/249__M_Right_thumb_finger.BMP,data/soco/socofing/train/Altered/Altered-Hard/249__M_Right_thumb_finger_Obl.BMP
test,1,Hard-Obl,data/soco/socofing/train/Real/353__M_Left_thumb_finger.BMP,data/soco/socofing/val/Altered/Altered-Hard/353__M_Left_thumb_finger_Obl.BMP
test,1,Hard-Zcut,data/soco/socofing/train/Real/520__M_Right_index_finger.BMP,data/soco/socofing/train/Altered/Altered-Hard/520__M_Right_index_finger_Zcut.BMP
test,1,Easy-Obl,data/soco/socofing/train/Real/15__F_Left_middle_finger.BMP,data/soco/socofing/train/Altered/Altered-Easy/15__F_Left_middle_finger_Obl.BMP
test,1,Medium-CR,data/soco/socofing/train/Real/57__M_Left_little_finger.BMP,data/soco/socofing/train/Altered/Altered-Medium/57__M_Left_little_finger_CR.BMP
test,1,Hard-CR,data/soco/socofing/train/Real/518__M_Right_index_finger.BMP,data/soco/socofing/train/Altered/Altered-Hard/518__M_Right_index_finger_CR.BMP
test,1,Medium-Obl,data/soco/socofing/train/Real/307__M_Right_thumb_finger.BMP,data/soco/socofing/train/Altered/Altered-Medium/307__M_Right_thumb_finger_Obl.BMP
test,1,Medium-Zcut,data/soco/socofing/test/Real/255__M_Right_little_finger.BMP,data/soco/socofing/test/Altered/Altered-Medium/255__M_Right_little_finger_Zcut.BMP
test,1,Medium-CR,data/soco/socofing/test/Real/274__M_Left_thumb_finger.BMP,data/soco/socofing/test/Altered/Altered-Medium/274__M_Left_thumb_finger_CR.BMP
test,1,Medium-Zcut,data/soco/socofing/train/Real/275__F_Left_index_finger.BMP,data/soco/socofing/train/Altered/Altered-Medium/275__F_Left_index_finger_Zcut.BMP
test,1,Easy-Obl,data/soco/socofing/val/Real/88__F_Right_ring_finger.BMP,data/soco/socofing/test/Altered/Altered-Easy/88__F_Right_ring_finger_Obl.BMP
test,1,Easy-CR,data/soco/socofing/train/Real/51__M_Right_little_finger.BMP,data/soco/socofing/train/Altered/Altered-Easy/51__M_Right_little_finger_CR.BMP
test,1,Hard-Obl,data/soco/socofing/test/Real/498__M_Left_thumb_finger.BMP,data/soco/socofing/train/Altered/Altered-Hard/498__M_Left_thumb_finger_Obl.BMP
test,1,Medium-Obl,data/soco/socofing/train/Real/526__F_Left_thumb_finger.BMP,data/soco/socofing/train/Altered/Altered-Medium/526__F_Left_thumb_finger_Obl.BMP
test,1,Medium-Obl,data/soco/socofing/train/Real/201__F_Right_ring_finger.BMP,data/soco/socofing/train/Altered/Altered-Medium/201__F_Right_ring_finger_Obl.BMP
test,1,Medium-Zcut,data/soco/socofing/train/Real/135__F_Left_middle_finger.BMP,data/soco/socofing/train/Altered/Altered-Medium/135__F_Left_middle_finger_Zcut.BMP
test,1,Easy-Zcut,data/soco/socofing/train/Real/119__F_Left_little_finger.BMP,data/soco/socofing/train/Altered/Altered-Easy/119__F_Left_little_finger_Zcut.BMP
test,1,Easy-Zcut,data/soco/socofing/train/Real/384__F_Left_little_finger.BMP,data/soco/socofing/train/Altered/Altered-Easy/384__F_Left_little_finger_Zcut.BMP
test,1,Medium-Obl,data/soco/socofing/test/Real/506__M_Right_ring_finger.BMP,data/soco/socofing/train/Altered/Altered-Medium/506__M_Right_ring_finger_Obl.BMP
test,1,Medium-Zcut,data/soco/socofing/train/Real/332__M_Left_index_finger.BMP,data/soco/socofing/test/Altered/Altered-Medium/332__M_Left_index_finger_Zcut.BMP
test,1,Hard-CR,data/soco/socofing/train/Real/314__M_Left_little_finger.BMP,data/soco/socofing/train/Altered/Altered-Hard/314__M_Left_little_finger_CR.BMP
test,1,Easy-Zcut,data/soco/socofing/train/Real/63__M_Left_little_finger.BMP,data/soco/socofing/val/Altered/Altered-Easy/63__M_Left_little_finger_Zcut.BMP
test,1,Easy-Zcut,data/soco/socofing/val/Real/164__M_Right_thumb_finger.BMP,data/soco/socofing/train/Altered/Altered-Easy/164__M_Right_thumb_finger_Zcut.BMP
test,1,Hard-Obl,data/soco/socofing/train/Real/396__M_Right_ring_finger.BMP,data/soco/socofing/train/Altered/Altered-Hard/396__M_Right_ring_finger_Obl.BMP
test,1,Hard-CR,data/soco/socofing/val/Real/525__M_Right_little_finger.BMP,data/soco/socofing/val/Altered/Altered-Hard/525__M_Right_little_finger_CR.BMP
test,1,Hard-CR,data/soco/socofing/train/Real/243__M_Left_little_finger.BMP,data/soco/socofing/train/Altered/Altered-Hard/243__M_Left_little_finger_CR.BMP
test,1,Medium-Obl,data/soco/socofing/train/Real/117__F_Left_middle_finger.BMP,data/soco/socofing/train/Altered/Altered-Medium/117__F_Left_middle_finger_Obl.BMP
test,1,Hard-Obl,data/soco/socofing/test/Real/443__M_Right_thumb_finger.BMP,data/soco/socofing/train/Altered/Altered-Hard/443__M_Right_thumb_finger_Obl.BMP
test,1,Easy-Obl,data/soco/socofing/train/Real/71__M_Left_ring_finger.BMP,data/soco/socofing/val/Altered/Altered-Easy/71__M_Left_ring_finger_Obl.BMP
test,1,Easy-CR,data/soco/socofing/train/Real/143__M_Right_ring_finger.BMP,data/soco/socofing/train/Altered/Altered-Easy/143__M_Right_ring_finger_CR.BMP
test,1,Hard-Zcut,data/soco/socofing/train/Real/453__F_Right_middle_finger.BMP,data/soco/socofing/train/Altered/Altered-Hard/453__F_Right_middle_finger_Zcut.BMP
test,1,Hard-Obl,data/soco/socofing/train/Real/278__M_Left_middle_finger.BMP,data/soco/socofing/train/Altered/Altered-Hard/278__M_Left_middle_finger_Obl.BMP
test,1,Medium-Obl,data/soco/socofing/train/Real/44__M_Right_middle_finger.BMP,data/soco/socofing/train/Altered/Altered-Medium/44__M_Right_middle_finger_Obl.BMP
test,1,Medium-Obl,data/soco/socofing/train/Real/560__F_Right_ring_finger.BMP,data/soco/socofing/train/Altered/Altered-Medium/560__F_Right_ring_finger_Obl.BMP
test,1,Hard-CR,data/soco/socofing/val/Real/92__F_Left_index_finger.BMP,data/soco/socofing/val/Altered/Altered-Hard/92__F_Left_index_finger_CR.BMP
test,1,Easy-Obl,data/soco/socofing/train/Real/491__M_Left_index_finger.BMP,data/soco/socofing/train/Altered/Altered-Easy/491__M_Left_index_finger_Obl.BMP
test,1,Easy-Obl,data/soco/socofing/train/Real/359__M_Left_middle_finger.BMP,data/soco/socofing/train/Altered/Altered-Easy/359__M_Left_middle_finger_Obl.BMP
test,1,Medium-Obl,data/soco/socofing/train/Real/487__M_Right_index_finger.BMP,data/soco/socofing/train/Altered/Altered-Medium/487__M_Right_index_finger_Obl.BMP
test,1,Hard-Obl,data/soco/socofing/train/Real/545__M_Left_middle_finger.BMP,data/soco/socofing/test/Altered/Altered-Hard/545__M_Left_middle_finger_Obl.BMP
test,1,Hard-Obl,data/soco/socofing/train/Real/403__M_Left_middle_finger.BMP,data/soco/socofing/test/Altered/Altered-Hard/403__M_Left_middle_finger_Obl.BMP
test,1,Easy-Obl,data/soco/socofing/train/Real/291__M_Left_middle_finger.BMP,data/soco/socofing/train/Altered/Altered-Easy/291__M_Left_middle_finger_Obl.BMP
test,1,Medium-Obl,data/soco/socofing/train/Real/486__M_Left_middle_finger.BMP,data/soco/socofing/train/Altered/Altered-Medium/486__M_Left_middle_finger_Obl.BMP
test,1,Medium-Obl,data/soco/socofing/train/Real/31__F_Left_thumb_finger.BMP,data/soco/socofing/train/Altered/Altered-Medium/31__F_Left_thumb_finger_Obl.BMP
test,1,Easy-CR,data/soco/socofing/train/Real/579__M_Right_thumb_finger.BMP,data/soco/socofing/train/Altered/Altered-Easy/579__M_Right_thumb_finger_CR.BMP
test,1,Easy-Obl,data/soco/socofing/train/Real/383__M_Right_little_finger.BMP,data/soco/socofing/train/Altered/Altered-Easy/383__M_Right_little_finger_Obl.BMP
test,1,Medium-CR,data/soco/socofing/train/Real/336__M_Left_index_finger.BMP,data/soco/socofing/train/Altered/Altered-Medium/336__M_Left_index_finger_CR.BMP
test,1,Medium-CR,data/soco/socofing/train/Real/275__F_Left_middle_finger.BMP,data/soco/socofing/train/Altered/Altered-Medium/275__F_Left_middle_finger_CR.BMP
test,1,Medium-Zcut,data/soco/socofing/val/Real/39__M_Left_little_finger.BMP,data/soco/socofing/val/Altered/Altered-Medium/39__M_Left_little_finger_Zcut.BMP
test,1,Medium-CR,data/soco/socofing/train/Real/377__M_Right_index_finger.BMP,data/soco/socofing/train/Altered/Altered-Medium/377__M_Right_index_finger_CR.BMP
test,1,Hard-Obl,data/soco/socofing/train/Real/555__M_Right_middle_finger.BMP,data/soco/socofing/train/Altered/Altered-Hard/555__M_Right_middle_finger_Obl.BMP
test,1,Easy-Zcut,data/soco/socofing/train/Real/250__F_Left_thumb_finger.BMP,data/soco/socofing/train/Altered/Altered-Easy/250__F_Left_thumb_finger_Zcut.BMP
test,1,Hard-Zcut,data/soco/socofing/test/Real/220__F_Left_middle_finger.BMP,data/soco/socofing/train/Altered/Altered-Hard/220__F_Left_middle_finger_Zcut.BMP
test,1,Hard-CR,data/soco/socofing/train/Real/424__M_Right_ring_finger.BMP,data/soco/socofing/train/Altered/Altered-Hard/424__M_Right_ring_finger_CR.BMP
test,1,Easy-Zcut,data/soco/socofing/train/Real/447__M_Right_middle_finger.BMP,data/soco/socofing/train/Altered/Altered-Easy/447__M_Right_middle_finger_Zcut.BMP
test,1,Medium-Zcut,data/soco/socofing/train/Real/549__M_Right_thumb_finger.BMP,data/soco/socofing/train/Altered/Altered-Medium/549__M_Right_thumb_finger_Zcut.BMP
test,1,Hard-Zcut,data/soco/socofing/train/Real/538__M_Right_ring_finger.BMP,data/soco/socofing/train/Altered/Altered-Hard/538__M_Right_ring_finger_Zcut.BMP
test,1,Medium-Obl,data/soco/socofing/train/Real/206__M_Right_little_finger.BMP,data/soco/socofing/train/Altered/Altered-Medium/206__M_Right_little_finger_Obl.BMP
test,1,Medium-CR,data/soco/socofing/train/Real/155__M_Right_ring_finger.BMP,data/soco/socofing/train/Altered/Altered-Medium/155__M_Right_ring_finger_CR.BMP
test,1,Hard-Obl,data/soco/socofing/train/Real/265__M_Right_index_finger.BMP,data/soco/socofing/train/Altered/Altered-Hard/265__M_Right_index_finger_Obl.BMP
test,1,Hard-CR,data/soco/socofing/train/Real/171__M_Left_middle_finger.BMP,data/soco/socofing/train/Altered/Altered-Hard/171__M_Left_middle_finger_CR.BMP
test,1,Easy-CR,data/soco/socofing/val/Real/145__M_Left_ring_finger.BMP,data/soco/socofing/val/Altered/Altered-Easy/145__M_Left_ring_finger_CR.BMP
test,1,Easy-Obl,data/soco/socofing/train/Real/239__M_Left_thumb_finger.BMP,data/soco/socofing/train/Altered/Altered-Easy/239__M_Left_thumb_finger_Obl.BMP
test,1,Medium-Obl,data/soco/socofing/val/Real/382__M_Left_thumb_finger.BMP,data/soco/socofing/train/Altered/Altered-Medium/382__M_Left_thumb_finger_Obl.BMP
test,1,Easy-Obl,data/soco/socofing/train/Real/326__M_Right_middle_finger.BMP,data/soco/socofing/train/Altered/Altered-Easy/326__M_Right_middle_finger_Obl.BMP
test,1,Medium-Zcut,data/soco/socofing/train/Real/3__M_Left_thumb_finger.BMP,data/soco/socofing/train/Altered/Altered-Medium/3__M_Left_thumb_finger_Zcut.BMP
test,1,Medium-Obl,data/soco/socofing/train/Real/579__M_Left_index_finger.BMP,data/soco/socofing/train/Altered/Altered-Medium/579__M_Left_index_finger_Obl.BMP
test,1,Hard-Obl,data/soco/socofing/train/Real/292__M_Left_index_finger.BMP,data/soco/socofing/train/Altered/Altered-Hard/292__M_Left_index_finger_Obl.BMP
test,1,Medium-Obl,data/soco/socofing/train/Real/65__M_Left_middle_finger.BMP,data/soco/socofing/train/Altered/Altered-Medium/65__M_Left_middle_finger_Obl.BMP
test,1,Easy-Obl,data/soco/socofing/train/Real/560__F_Left_little_finger.BMP,data/soco/socofing/train/Altered/Altered-Easy/560__F_Left_little_finger_Obl.BMP
test,1,Hard-Obl,data/soco/socofing/train/Real/120__M_Left_little_finger.BMP,data/soco/socofing/val/Altered/Altered-Hard/120__M_Left_little_finger_Obl.BMP
test,1,Easy-CR,data/soco/socofing/train/Real/148__M_Right_thumb_finger.BMP,data/soco/socofing/train/Altered/Altered-Easy/148__M_Right_thumb_finger_CR.BMP
test,1,Hard-Obl,data/soco/socofing/train/Real/47__F_Right_little_finger.BMP,data/soco/socofing/train/Altered/Altered-Hard/47__F_Right_little_finger_Obl.BMP
test,1,Easy-Obl,data/soco/socofing/test/Real/32__M_Left_middle_finger.BMP,data/soco/socofing/train/Altered/Altered-Easy/32__M_Left_middle_finger_Obl.BMP
test,1,Medium-Zcut,data/soco/socofing/val/Real/534__F_Left_ring_finger.BMP,data/soco/socofing/val/Altered/Altered-Medium/534__F_Left_ring_finger_Zcut.BMP
test,1,Medium-CR,data/soco/socofing/train/Real/148__M_Left_little_finger.BMP,data/soco/socofing/test/Altered/Altered-Medium/148__M_Left_little_finger_CR.BMP
test,1,Medium-CR,data/soco/socofing/train/Real/420__M_Right_middle_finger.BMP,data/soco/socofing/train/Altered/Altered-Medium/420__M_Right_middle_finger_CR.BMP
test,1,Medium-Zcut,data/soco/socofing/train/Real/560__F_Right_thumb_finger.BMP,data/soco/socofing/train/Altered/Altered-Medium/560__F_Right_thumb_finger_Zcut.BMP
test,1,Easy-Obl,data/soco/socofing/train/Real/179__M_Right_thumb_finger.BMP,data/soco/socofing/val/Altered/Altered-Easy/179__M_Right_thumb_finger_Obl.BMP
test,1,Easy-Obl,data/soco/socofing/train/Real/48__F_Left_thumb_finger.BMP,data/soco/socofing/train/Altered/Altered-Easy/48__F_Left_thumb_finger_Obl.BMP
test,1,Medium-CR,data/soco/socofing/train/Real/438__M_Right_little_finger.BMP,data/soco/socofing/train/Altered/Altered-Medium/438__M_Right_little_finger_CR.BMP
test,1,Medium-CR,data/soco/socofing/train/Real/35__M_Left_middle_finger.BMP,data/soco/socofing/train/Altered/Altered-Medium/35__M_Left_middle_finger_CR.BMP
test,1,Medium-Zcut,data/soco/socofing/test/Real/382__M_Right_little_finger.BMP,data/soco/socofing/train/Altered/Altered-Medium/382__M_Right_little_finger_Zcut.BMP
test,1,Medium-CR,data/soco/socofing/test/Real/396__M_Left_ring_finger.BMP,data/soco/socofing/train/Altered/Altered-Medium/396__M_Left_ring_finger_CR.BMP
test,1,Hard-Obl,data/soco/socofing/train/Real/206__M_Right_index_finger.BMP,data/soco/socofing/train/Altered/Altered-Hard/206__M_Right_index_finger_Obl.BMP
test,1,Easy-CR,data/soco/socofing/val/Real/57__M_Right_thumb_finger.BMP,data/soco/socofing/train/Altered/Altered-Easy/57__M_Right_thumb_finger_CR.BMP
test,1,Easy-CR,data/soco/socofing/train/Real/83__M_Right_middle_finger.BMP,data/soco/socofing/train/Altered/Altered-Easy/83__M_Right_middle_finger_CR.BMP
test,1,Medium-CR,data/soco/socofing/train/Real/388__F_Left_index_finger.BMP,data/soco/socofing/train/Altered/Altered-Medium/388__F_Left_index_finger_CR.BMP
test,1,Medium-Obl,data/soco/socofing/train/Real/123__M_Right_little_finger.BMP,data/soco/socofing/train/Altered/Altered-Medium/123__M_Right_little_finger_Obl.BMP
test,1,Easy-CR,data/soco/socofing/train/Real/291__M_Left_little_finger.BMP,data/soco/socofing/train/Altered/Altered-Easy/291__M_Left_little_finger_CR.BMP
test,1,Easy-Zcut,data/soco/socofing/train/Real/457__M_Left_ring_finger.BMP,data/soco/socofing/train/Altered/Altered-Easy/457__M_Left_ring_finger_Zcut.BMP
test,1,Easy-Obl,data/soco/socofing/train/Real/169__F_Right_middle_finger.BMP,data/soco/socofing/val/Altered/Altered-Easy/169__F_Right_middle_finger_Obl.BMP
test,1,Medium-Zcut,data/soco/socofing/train/Real/245__M_Left_ring_finger.BMP,data/soco/socofing/train/Altered/Altered-Medium/245__M_Left_ring_finger_Zcut.BMP
test,1,Hard-Zcut,data/soco/socofing/val/Real/349__M_Right_index_finger.BMP,data/soco/socofing/train/Altered/Altered-Hard/349__M_Right_index_finger_Zcut.BMP
test,1,Easy-Obl,data/soco/socofing/train/Real/193__M_Right_ring_finger.BMP,data/soco/socofing/train/Altered/Altered-Easy/193__M_Right_ring_finger_Obl.BMP
test,1,Medium-CR,data/soco/socofing/train/Real/487__M_Left_thumb_finger.BMP,data/soco/socofing/test/Altered/Altered-Medium/487__M_Left_thumb_finger_CR.BMP
test,1,Easy-Obl,data/soco/socofing/train/Real/155__M_Right_ring_finger.BMP,data/soco/socofing/train/Altered/Altered-Easy/155__M_Right_ring_finger_Obl.BMP
test,1,Medium-Obl,data/soco/socofing/train/Real/187__M_Left_ring_finger.BMP,data/soco/socofing/train/Altered/Altered-Medium/187__M_Left_ring_finger_Obl.BMP
test,1,Hard-Obl,data/soco/socofing/train/Real/211__M_Left_ring_finger.BMP,data/soco/socofing/train/Altered/Altered-Hard/211__M_Left_ring_finger_Obl.BMP
test,1,Medium-Obl,data/soco/socofing/train/Real/153__M_Left_middle_finger.BMP,data/soco/socofing/val/Altered/Altered-Medium/153__M_Left_middle_finger_Obl.BMP
test,1,Hard-Zcut,data/soco/socofing/train/Real/549__M_Left_ring_finger.BMP,data/soco/socofing/train/Altered/Altered-Hard/549__M_Left_ring_finger_Zcut.BMP
test,1,Easy-Zcut,data/soco/socofing/test/Real/185__M_Right_ring_finger.BMP,data/soco/socofing/train/Altered/Altered-Easy/185__M_Right_ring_finger_Zcut.BMP
test,1,Medium-CR,data/soco/socofing/test/Real/31__F_Left_index_finger.BMP,data/soco/socofing/train/Altered/Altered-Medium/31__F_Left_index_finger_CR.BMP
test,1,Hard-CR,data/soco/socofing/train/Real/54__M_Left_ring_finger.BMP,data/soco/socofing/train/Altered/Altered-Hard/54__M_Left_ring_finger_CR.BMP
test,1,Easy-Obl,data/soco/socofing/train/Real/350__M_Left_middle_finger.BMP,data/soco/socofing/train/Altered/Altered-Easy/350__M_Left_middle_finger_Obl.BMP
test,1,Easy-Zcut,data/soco/socofing/train/Real/265__M_Right_thumb_finger.BMP,data/soco/socofing/train/Altered/Altered-Easy/265__M_Right_thumb_finger_Zcut.BMP
test,1,Easy-Obl,data/soco/socofing/train/Real/295__M_Left_little_finger.BMP,data/soco/socofing/train/Altered/Altered-Easy/295__M_Left_little_finger_Obl.BMP
test,1,Hard-Obl,data/soco/socofing/train/Real/127__F_Left_ring_finger.BMP,data/soco/socofing/train/Altered/Altered-Hard/127__F_Left_ring_finger_Obl.BMP
test,1,Medium-Obl,data/soco/socofing/train/Real/487__M_Right_ring_finger.BMP,data/soco/socofing/train/Altered/Altered-Medium/487__M_Right_ring_finger_Obl.BMP
test,1,Medium-Zcut,data/soco/socofing/train/Real/195__M_Right_middle_finger.BMP,data/soco/socofing/train/Altered/Altered-Medium/195__M_Right_middle_finger_Zcut.BMP
test,1,Medium-CR,data/soco/socofing/train/Real/119__F_Left_little_finger.BMP,data/soco/socofing/train/Altered/Altered-Medium/119__F_Left_little_finger_CR.BMP
test,1,Hard-Obl,data/soco/socofing/train/Real/80__M_Left_little_finger.BMP,data/soco/socofing/train/Altered/Altered-Hard/80__M_Left_little_finger_Obl.BMP
test,1,Hard-CR,data/soco/socofing/train/Real/96__M_Right_index_finger.BMP,data/soco/socofing/val/Altered/Altered-Hard/96__M_Right_index_finger_CR.BMP
test,1,Easy-CR,data/soco/socofing/train/Real/31__F_Left_little_finger.BMP,data/soco/socofing/train/Altered/Altered-Easy/31__F_Left_little_finger_CR.BMP
test,1,Hard-CR,data/soco/socofing/test/Real/274__M_Left_thumb_finger.BMP,data/soco/socofing/train/Altered/Altered-Hard/274__M_Left_thumb_finger_CR.BMP
test,1,Easy-CR,data/soco/socofing/test/Real/475__M_Right_ring_finger.BMP,data/soco/socofing/train/Altered/Altered-Easy/475__M_Right_ring_finger_CR.BMP
test,1,Medium-CR,data/soco/socofing/train/Real/560__F_Left_index_finger.BMP,data/soco/socofing/test/Altered/Altered-Medium/560__F_Left_index_finger_CR.BMP
test,1,Easy-Obl,data/soco/socofing/train/Real/133__M_Right_index_finger.BMP,data/soco/socofing/train/Altered/Altered-Easy/133__M_Right_index_finger_Obl.BMP
test,1,Medium-CR,data/soco/socofing/train/Real/119__F_Right_thumb_finger.BMP,data/soco/socofing/train/Altered/Altered-Medium/119__F_Right_thumb_finger_CR.BMP
test,1,Medium-Zcut,data/soco/socofing/train/Real/112__M_Left_index_finger.BMP,data/soco/socofing/train/Altered/Altered-Medium/112__M_Left_index_finger_Zcut.BMP
test,1,Medium-Zcut,data/soco/socofing/train/Real/538__M_Right_thumb_finger.BMP,data/soco/socofing/train/Altered/Altered-Medium/538__M_Right_thumb_finger_Zcut.BMP
test,1,Medium-CR,data/soco/socofing/train/Real/148__M_Right_thumb_finger.BMP,data/soco/socofing/train/Altered/Altered-Medium/148__M_Right_thumb_finger_CR.BMP
test,1,Easy-CR,data/soco/socofing/train/Real/253__F_Left_middle_finger.BMP,data/soco/socofing/train/Altered/Altered-Easy/253__F_Left_middle_finger_CR.BMP
test,1,Medium-Obl,data/soco/socofing/train/Real/264__M_Left_thumb_finger.BMP,data/soco/socofing/train/Altered/Altered-Medium/264__M_Left_thumb_finger_Obl.BMP
test,1,Hard-Obl,data/soco/socofing/train/Real/430__F_Left_thumb_finger.BMP,data/soco/socofing/test/Altered/Altered-Hard/430__F_Left_thumb_finger_Obl.BMP
test,1,Easy-Obl,data/soco/socofing/train/Real/424__M_Right_ring_finger.BMP,data/soco/socofing/train/Altered/Altered-Easy/424__M_Right_ring_finger_Obl.BMP
test,1,Easy-Obl,data/soco/socofing/test/Real/164__M_Left_little_finger.BMP,data/soco/socofing/train/Altered/Altered-Easy/164__M_Left_little_finger_Obl.BMP
test,1,Medium-CR,data/soco/socofing/train/Real/430__F_Left_index_finger.BMP,data/soco/socofing/train/Altered/Altered-Medium/430__F_Left_index_finger_CR.BMP
test,1,Easy-Obl,data/soco/socofing/train/Real/86__M_Right_index_finger.BMP,data/soco/socofing/test/Altered/Altered-Easy/86__M_Right_index_finger_Obl.BMP
test,1,Medium-CR,data/soco/socofing/train/Real/187__M_Right_little_finger.BMP,data/soco/socofing/train/Altered/Altered-Medium/187__M_Right_little_finger_CR.BMP
test,1,Medium-Obl,data/soco/socofing/train/Real/239__M_Left_ring_finger.BMP,data/soco/socofing/val/Altered/Altered-Medium/239__M_Left_ring_finger_Obl.BMP
test,1,Hard-CR,data/soco/socofing/train/Real/103__F_Right_ring_finger.BMP,data/soco/socofing/train/Altered/Altered-Hard/103__F_Right_ring_finger_CR.BMP
test,1,Hard-Zcut,data/soco/socofing/val/Real/411__M_Left_ring_finger.BMP,data/soco/socofing/train/Altered/Altered-Hard/411__M_Left_ring_finger_Zcut.BMP
test,1,Medium-Obl,data/soco/socofing/val/Real/226__M_Left_middle_finger.BMP,data/soco/socofing/train/Altered/Altered-Medium/226__M_Left_middle_finger_Obl.BMP
test,1,Hard-Zcut,data/soco/socofing/test/Real/101__M_Right_middle_finger.BMP,data/soco/socofing/train/Altered/Altered-Hard/101__M_Right_middle_finger_Zcut.BMP
test,1,Hard-Obl,data/soco/socofing/train/Real/54__M_Right_little_finger.BMP,data/soco/socofing/train/Altered/Altered-Hard/54__M_Right_little_finger_Obl.BMP
test,1,Medium-Zcut,data/soco/socofing/train/Real/507__M_Left_index_finger.BMP,data/soco/socofing/train/Altered/Altered-Medium/507__M_Left_index_finger_Zcut.BMP
test,1,Medium-Zcut,data/soco/socofing/train/Real/75__F_Right_index_finger.BMP,data/soco/socofing/train/Altered/Altered-Medium/75__F_Right_index_finger_Zcut.BMP
test,1,Hard-Zcut,data/soco/socofing/train/Real/177__F_Left_thumb_finger.BMP,data/soco/socofing/train/Altered/Altered-Hard/177__F_Left_thumb_finger_Zcut.BMP
test,1,Medium-CR,data/soco/socofing/train/Real/206__M_Left_thumb_finger.BMP,data/soco/socofing/train/Altered/Altered-Medium/206__M_Left_thumb_finger_CR.BMP
test,1,Easy-Obl,data/soco/socofing/test/Real/61__M_Left_thumb_finger.BMP,data/soco/socofing/train/Altered/Altered-Easy/61__M_Left_thumb_finger_Obl.BMP
test,1,Hard-Zcut,data/soco/socofing/train/Real/520__M_Right_index_finger.BMP,data/soco/socofing/train/Altered/Altered-Hard/520__M_Right_index_finger_Zcut.BMP
test,1,Medium-Obl,data/soco/socofing/train/Real/555__M_Right_thumb_finger.BMP,data/soco/socofing/val/Altered/Altered-Medium/555__M_Right_thumb_finger_Obl.BMP
test,1,Medium-CR,data/soco/socofing/train/Real/245__M_Right_thumb_finger.BMP,data/soco/socofing/train/Altered/Altered-Medium/245__M_Right_thumb_finger_CR.BMP
test,1,Easy-Zcut,data/soco/socofing/train/Real/416__M_Right_little_finger.BMP,data/soco/socofing/train/Altered/Altered-Easy/416__M_Right_little_finger_Zcut.BMP
test,1,Easy-Obl,data/soco/socofing/train/Real/400__M_Left_little_finger.BMP,data/soco/socofing/train/Altered/Altered-Easy/400__M_Left_little_finger_Obl.BMP
test,1,Easy-CR,data/soco/socofing/test/Real/50__M_Left_little_finger.BMP,data/soco/socofing/train/Altered/Altered-Easy/50__M_Left_little_finger_CR.BMP
test,1,Easy-CR,data/soco/socofing/val/Real/84__M_Left_index_finger.BMP,data/soco/socofing/train/Altered/Altered-Easy/84__M_Left_index_finger_CR.BMP
test,1,Easy-CR,data/soco/socofing/train/Real/352__M_Left_ring_finger.BMP,data/soco/socofing/train/Altered/Altered-Easy/352__M_Left_ring_finger_CR.BMP
test,1,Easy-CR,data/soco/socofing/train/Real/156__F_Left_little_finger.BMP,data/soco/socofing/train/Altered/Altered-Easy/156__F_Left_little_finger_CR.BMP
test,1,Medium-Zcut,data/soco/socofing/train/Real/292__M_Left_middle_finger.BMP,data/soco/socofing/train/Altered/Altered-Medium/292__M_Left_middle_finger_Zcut.BMP
test,1,Easy-Zcut,data/soco/socofing/val/Real/388__F_Right_index_finger.BMP,data/soco/socofing/train/Altered/Altered-Easy/388__F_Right_index_finger_Zcut.BMP
test,1,Easy-Obl,data/soco/socofing/train/Real/496__M_Left_thumb_finger.BMP,data/soco/socofing/train/Altered/Altered-Easy/496__M_Left_thumb_finger_Obl.BMP
test,1,Medium-CR,data/soco/socofing/train/Real/271__M_Right_index_finger.BMP,data/soco/socofing/train/Altered/Altered-Medium/271__M_Right_index_finger_CR.BMP
test,1,Easy-Zcut,data/soco/socofing/test/Real/133__M_Left_little_finger.BMP,data/soco/socofing/train/Altered/Altered-Easy/133__M_Left_little_finger_Zcut.BMP
test,1,Easy-Zcut,data/soco/socofing/val/Real/278__M_Right_ring_finger.BMP,data/soco/socofing/train/Altered/Altered-Easy/278__M_Right_ring_finger_Zcut.BMP
test,1,Easy-Zcut,data/soco/socofing/train/Real/325__M_Left_ring_finger.BMP,data/soco/socofing/val/Altered/Altered-Easy/325__M_Left_ring_finger_Zcut.BMP
test,1,Easy-CR,data/soco/socofing/train/Real/501__M_Left_ring_finger.BMP,data/soco/socofing/val/Altered/Altered-Easy/501__M_Left_ring_finger_CR.BMP
test,1,Easy-Zcut,data/soco/socofing/train/Real/241__M_Left_thumb_finger.BMP,data/soco/socofing/train/Altered/Altered-Easy/241__M_Left_thumb_finger_Zcut.BMP
test,1,Medium-Zcut,data/soco/socofing/train/Real/226__M_Right_index_finger.BMP,data/soco/socofing/train/Altered/Altered-Medium/226__M_Right_index_finger_Zcut.BMP
test,1,Easy-Obl,data/soco/socofing/train/Real/297__M_Right_middle_finger.BMP,data/soco/socofing/train/Altered/Altered-Easy/297__M_Right_middle_finger_Obl.BMP
test,1,Hard-Obl,data/soco/socofing/test/Real/183__M_Right_little_finger.BMP,data/soco/socofing/test/Altered/Altered-Hard/183__M_Right_little_finger_Obl.BMP
test,1,Medium-CR,data/soco/socofing/train/Real/282__M_Left_thumb_finger.BMP,data/soco/socofing/train/Altered/Altered-Medium/282__M_Left_thumb_finger_CR.BMP
test,1,Easy-Zcut,data/soco/socofing/train/Real/336__M_Left_thumb_finger.BMP,data/soco/socofing/train/Altered/Altered-Easy/336__M_Left_thumb_finger_Zcut.BMP
test,1,Hard-Zcut,data/soco/socofing/train/Real/156__F_Left_ring_finger.BMP,data/soco/socofing/train/Altered/Altered-Hard/156__F_Left_ring_finger_Zcut.BMP
test,1,Medium-Zcut,data/soco/socofing/train/Real/43__F_Right_ring_finger.BMP,data/soco/socofing/train/Altered/Altered-Medium/43__F_Right_ring_finger_Zcut.BMP
test,1,Medium-Zcut,data/soco/socofing/val/Real/382__M_Left_ring_finger.BMP,data/soco/socofing/test/Altered/Altered-Medium/382__M_Left_ring_finger_Zcut.BMP
test,1,Easy-Obl,data/soco/socofing/train/Real/105__M_Right_index_finger.BMP,data/soco/socofing/train/Altered/Altered-Easy/105__M_Right_index_finger_Obl.BMP
test,1,Hard-Obl,data/soco/socofing/train/Real/468__F_Left_ring_finger.BMP,data/soco/socofing/test/Altered/Altered-Hard/468__F_Left_ring_finger_Obl.BMP
test,1,Medium-CR,data/soco/socofing/val/Real/505__M_Right_thumb_finger.BMP,data/soco/socofing/val/Altered/Altered-Medium/505__M_Right_thumb_finger_CR.BMP
test,1,Medium-Obl,data/soco/socofing/train/Real/350__M_Right_index_finger.BMP,data/soco/socofing/train/Altered/Altered-Medium/350__M_Right_index_finger_Obl.BMP
test,1,Easy-CR,data/soco/socofing/train/Real/202__M_Left_middle_finger.BMP,data/soco/socofing/test/Altered/Altered-Easy/202__M_Left_middle_finger_CR.BMP
test,1,Hard-Zcut,data/soco/socofing/test/Real/134__M_Right_index_finger.BMP,data/soco/socofing/train/Altered/Altered-Hard/134__M_Right_index_finger_Zcut.BMP
test,1,Medium-CR,data/soco/socofing/train/Real/400__M_Left_ring_finger.BMP,data/soco/socofing/train/Altered/Altered-Medium/400__M_Left_ring_finger_CR.BMP
test,1,Medium-Obl,data/soco/socofing/test/Real/100__M_Left_thumb_finger.BMP,data/soco/socofing/test/Altered/Altered-Medium/100__M_Left_thumb_finger_Obl.BMP
test,1,Medium-Zcut,data/soco/socofing/train/Real/89__M_Right_middle_finger.BMP,data/soco/socofing/train/Altered/Altered-Medium/89__M_Right_middle_finger_Zcut.BMP
test,1,Easy-Zcut,data/soco/socofing/train/Real/393__M_Right_little_finger.BMP,data/soco/socofing/train/Altered/Altered-Easy/393__M_Right_little_finger_Zcut.BMP
test,1,Easy-Obl,data/soco/socofing/train/Real/105__M_Left_middle_finger.BMP,data/soco/socofing/train/Altered/Altered-Easy/105__M_Left_middle_finger_Obl.BMP
test,1,Easy-CR,data/soco/socofing/train/Real/133__M_Right_little_finger.BMP,data/soco/socofing/train/Altered/Altered-Easy/133__M_Right_little_finger_CR.BMP
test,1,Hard-Zcut,data/soco/socofing/train/Real/307__M_Left_thumb_finger.BMP,data/soco/socofing/train/Altered/Altered-Hard/307__M_Left_thumb_finger_Zcut.BMP
test,1,Medium-CR,data/soco/socofing/train/Real/432__M_Left_index_finger.BMP,data/soco/socofing/val/Altered/Altered-Medium/432__M_Left_index_finger_CR.BMP
test,1,Easy-Obl,data/soco/socofing/train/Real/41__M_Right_thumb_finger.BMP,data/soco/socofing/val/Altered/Altered-Easy/41__M_Right_thumb_finger_Obl.BMP
test,1,Easy-Obl,data/soco/socofing/train/Real/77__M_Left_little_finger.BMP,data/soco/socofing/train/Altered/Altered-Easy/77__M_Left_little_finger_Obl.BMP
test,1,Easy-Zcut,data/soco/socofing/train/Real/195__M_Right_ring_finger.BMP,data/soco/socofing/train/Altered/Altered-Easy/195__M_Right_ring_finger_Zcut.BMP
test,1,Hard-Obl,data/soco/socofing/train/Real/410__M_Right_index_finger.BMP,data/soco/socofing/train/Altered/Altered-Hard/410__M_Right_index_finger_Obl.BMP
test,1,Medium-CR,data/soco/socofing/train/Real/302__M_Right_little_finger.BMP,data/soco/socofing/val/Altered/Altered-Medium/302__M_Right_little_finger_CR.BMP
test,1,Easy-Zcut,data/soco/socofing/train/Real/1__M_Right_middle_finger.BMP,data/soco/socofing/train/Altered/Altered-Easy/1__M_Right_middle_finger_Zcut.BMP
test,1,Easy-CR,data/soco/socofing/train/Real/287__M_Right_index_finger.BMP,data/soco/socofing/train/Altered/Altered-Easy/287__M_Right_index_finger_CR.BMP
test,1,Medium-Obl,data/soco/socofing/train/Real/258__M_Right_ring_finger.BMP,data/soco/socofing/train/Altered/Altered-Medium/258__M_Right_ring_finger_Obl.BMP
test,1,Easy-Obl,data/soco/socofing/train/Real/533__M_Left_little_finger.BMP,data/soco/socofing/train/Altered/Altered-Easy/533__M_Left_little_finger_Obl.BMP
test,1,Medium-Zcut,data/soco/socofing/train/Real/383__M_Left_thumb_finger.BMP,data/soco/socofing/val/Altered/Altered-Medium/383__M_Left_thumb_finger_Zcut.BMP
test,1,Easy-Obl,data/soco/socofing/train/Real/567__M_Left_little_finger.BMP,data/soco/socofing/val/Altered/Altered-Easy/567__M_Left_little_finger_Obl.BMP
test,1,Medium-Obl,data/soco/socofing/test/Real/416__M_Left_ring_finger.BMP,data/soco/socofing/train/Altered/Altered-Medium/416__M_Left_ring_finger_Obl.BMP
test,1,Easy-CR,data/soco/socofing/train/Real/393__M_Right_index_finger.BMP,data/soco/socofing/train/Altered/Altered-Easy/393__M_Right_index_finger_CR.BMP
test,1,Medium-CR,data/soco/socofing/train/Real/490__M_Left_little_finger.BMP,data/soco/socofing/train/Altered/Altered-Medium/490__M_Left_little_finger_CR.BMP
test,1,Hard-Obl,data/soco/socofing/train/Real/229__M_Left_little_finger.BMP,data/soco/socofing/train/Altered/Altered-Hard/229__M_Left_little_finger_Obl.BMP
test,1,Easy-CR,data/soco/socofing/train/Real/472__M_Left_little_finger.BMP,data/soco/socofing/train/Altered/Altered-Easy/472__M_Left_little_finger_CR.BMP
test,1,Hard-Zcut,data/soco/socofing/train/Real/75__F_Left_little_finger.BMP,data/soco/socofing/train/Altered/Altered-Hard/75__F_Left_little_finger_Zcut.BMP
test,1,Medium-CR,data/soco/socofing/test/Real/247__M_Right_ring_finger.BMP,data/soco/socofing/train/Altered/Altered-Medium/247__M_Right_ring_finger_CR.BMP
test,1,Medium-Zcut,data/soco/socofing/train/Real/396__M_Right_index_finger.BMP,data/soco/socofing/train/Altered/Altered-Medium/396__M_Right_index_finger_Zcut.BMP
test,1,Medium-Zcut,data/soco/socofing/train/Real/447__M_Left_middle_finger.BMP,data/soco/socofing/test/Altered/Altered-Medium/447__M_Left_middle_finger_Zcut.BMP
test,1,Medium-Obl,data/soco/socofing/train/Real/66__F_Left_middle_finger.BMP,data/soco/socofing/train/Altered/Altered-Medium/66__F_Left_middle_finger_Obl.BMP
test,1,Hard-Obl,data/soco/socofing/train/Real/578__M_Left_index_finger.BMP,data/soco/socofing/train/Altered/Altered-Hard/578__M_Left_index_finger_Obl.BMP
test,1,Easy-CR,data/soco/socofing/train/Real/220__F_Left_ring_finger.BMP,data/soco/socofing/test/Altered/Altered-Easy/220__F_Left_ring_finger_CR.BMP
test,1,Hard-Zcut,data/soco/socofing/train/Real/322__M_Left_ring_finger.BMP,data/soco/socofing/val/Altered/Altered-Hard/322__M_Left_ring_finger_Zcut.BMP
test,1,Hard-CR,data/soco/socofing/train/Real/411__M_Right_thumb_finger.BMP,data/soco/socofing/train/Altered/Altered-Hard/411__M_Right_thumb_finger_CR.BMP
test,1,Easy-Obl,data/soco/socofing/train/Real/45__M_Left_middle_finger.BMP,data/soco/socofing/train/Altered/Altered-Easy/45__M_Left_middle_finger_Obl.BMP
test,1,Medium-CR,data/soco/socofing/train/Real/592__M_Left_index_finger.BMP,data/soco/socofing/train/Altered/Altered-Medium/592__M_Left_index_finger_CR.BMP
test,1,Easy-Obl,data/soco/socofing/train/Real/361__M_Right_little_finger.BMP,data/soco/socofing/train/Altered/Altered-Easy/361__M_Right_little_finger_Obl.BMP
test,1,Hard-Zcut,data/soco/socofing/train/Real/531__M_Left_middle_finger.BMP,data/soco/socofing/val/Altered/Altered-Hard/531__M_Left_middle_finger_Zcut.BMP
test,1,Medium-Obl,data/soco/socofing/test/Real/242__M_Right_index_finger.BMP,data/soco/socofing/train/Altered/Altered-Medium/242__M_Right_index_finger_Obl.BMP
test,1,Easy-Obl,data/soco/socofing/test/Real/86__M_Left_ring_finger.BMP,data/soco/socofing/train/Altered/Altered-Easy/86__M_Left_ring_finger_Obl.BMP
test,1,Medium-CR,data/soco/socofing/train/Real/12__M_Left_middle_finger.BMP,data/soco/socofing/test/Altered/Altered-Medium/12__M_Left_middle_finger_CR.BMP
test,1,Hard-Obl,data/soco/socofing/train/Real/65__M_Right_ring_finger.BMP,data/soco/socofing/train/Altered/Altered-Hard/65__M_Right_ring_finger_Obl.BMP
test,1,Medium-Obl,data/soco/socofing/train/Real/135__F_Right_middle_finger.BMP,data/soco/socofing/train/Altered/Altered-Medium/135__F_Right_middle_finger_Obl.BMP
test,1,Medium-Zcut,data/soco/socofing/train/Real/273__M_Right_ring_finger.BMP,data/soco/socofing/train/Altered/Altered-Medium/273__M_Right_ring_finger_Zcut.BMP
test,1,Medium-Obl,data/soco/socofing/train/Real/97__M_Left_middle_finger.BMP,data/soco/socofing/train/Altered/Altered-Medium/97__M_Left_middle_finger_Obl.BMP
test,1,Easy-Zcut,data/soco/socofing/test/Real/526__F_Right_thumb_finger.BMP,data/soco/socofing/train/Altered/Altered-Easy/526__F_Right_thumb_finger_Zcut.BMP
test,1,Hard-Obl,data/soco/socofing/train/Real/416__M_Left_middle_finger.BMP,data/soco/socofing/train/Altered/Altered-Hard/416__M_Left_middle_finger_Obl.BMP
test,1,Hard-CR,data/soco/socofing/train/Real/384__F_Left_ring_finger.BMP,data/soco/socofing/train/Altered/Altered-Hard/384__F_Left_ring_finger_CR.BMP
test,1,Medium-Obl,data/soco/socofing/train/Real/117__F_Left_ring_finger.BMP,data/soco/socofing/train/Altered/Altered-Medium/117__F_Left_ring_finger_Obl.BMP
test,1,Easy-Zcut,data/soco/socofing/train/Real/353__M_Right_thumb_finger.BMP,data/soco/socofing/train/Altered/Altered-Easy/353__M_Right_thumb_finger_Zcut.BMP
test,1,Hard-CR,data/soco/socofing/test/Real/506__M_Left_ring_finger.BMP,data/soco/socofing/train/Altered/Altered-Hard/506__M_Left_ring_finger_CR.BMP
test,1,Easy-CR,data/soco/socofing/train/Real/517__M_Right_index_finger.BMP,data/soco/socofing/train/Altered/Altered-Easy/517__M_Right_index_finger_CR.BMP
test,1,Easy-Obl,data/soco/socofing/train/Real/182__M_Right_little_finger.BMP,data/soco/socofing/train/Altered/Altered-Easy/182__M_Right_little_finger_Obl.BMP
test,1,Medium-Zcut,data/soco/socofing/train/Real/248__M_Left_index_finger.BMP,data/soco/socofing/train/Altered/Altered-Medium/248__M_Left_index_finger_Zcut.BMP
test,1,Hard-Obl,data/soco/socofing/train/Real/428__M_Right_middle_finger.BMP,data/soco/socofing/val/Altered/Altered-Hard/428__M_Right_middle_finger_Obl.BMP
test,1,Medium-Obl,data/soco/socofing/train/Real/156__F_Right_ring_finger.BMP,data/soco/socofing/train/Altered/Altered-Medium/156__F_Right_ring_finger_Obl.BMP
test,1,Easy-Zcut,data/soco/socofing/train/Real/544__M_Left_thumb_finger.BMP,data/soco/socofing/train/Altered/Altered-Easy/544__M_Left_thumb_finger_Zcut.BMP
test,1,Easy-Zcut,data/soco/socofing/train/Real/545__M_Right_ring_finger.BMP,data/soco/socofing/train/Altered/Altered-Easy/545__M_Right_ring_finger_Zcut.BMP
test,1,Easy-CR,data/soco/socofing/test/Real/15__F_Left_ring_finger.BMP,data/soco/socofing/train/Altered/Altered-Easy/15__F_Left_ring_finger_CR.BMP
test,1,Medium-Zcut,data/soco/socofing/test/Real/83__M_Left_ring_finger.BMP,data/soco/socofing/train/Altered/Altered-Medium/83__M_Left_ring_finger_Zcut.BMP
test,1,Medium-Obl,data/soco/socofing/train/Real/61__M_Right_index_finger.BMP,data/soco/socofing/train/Altered/Altered-Medium/61__M_Right_index_finger_Obl.BMP
test,1,Hard-Obl,data/soco/socofing/train/Real/518__M_Right_middle_finger.BMP,data/soco/socofing/train/Altered/Altered-Hard/518__M_Right_middle_finger_Obl.BMP
test,1,Easy-CR,data/soco/socofing/train/Real/271__M_Left_ring_finger.BMP,data/soco/socofing/train/Altered/Altered-Easy/271__M_Left_ring_finger_CR.BMP
test,1,Medium-CR,data/soco/socofing/val/Real/100__M_Right_thumb_finger.BMP,data/soco/socofing/train/Altered/Altered-Medium/100__M_Right_thumb_finger_CR.BMP
test,1,Hard-Zcut,data/soco/socofing/train/Real/563__M_Right_thumb_finger.BMP,data/soco/socofing/train/Altered/Altered-Hard/563__M_Right_thumb_finger_Zcut.BMP
test,1,Hard-Zcut,data/soco/socofing/train/Real/382__M_Right_index_finger.BMP,data/soco/socofing/val/Altered/Altered-Hard/382__M_Right_index_finger_Zcut.BMP
test,1,Easy-CR,data/soco/socofing/train/Real/566__M_Left_middle_finger.BMP,data/soco/socofing/val/Altered/Altered-Easy/566__M_Left_middle_finger_CR.BMP
test,1,Easy-Obl,data/soco/socofing/train/Real/264__M_Right_ring_finger.BMP,data/soco/socofing/train/Altered/Altered-Easy/264__M_Right_ring_finger_Obl.BMP
test,1,Hard-CR,data/soco/socofing/train/Real/519__M_Left_ring_finger.BMP,data/soco/socofing/train/Altered/Altered-Hard/519__M_Left_ring_finger_CR.BMP
test,1,Medium-Obl,data/soco/socofing/train/Real/468__F_Left_ring_finger.BMP,data/soco/socofing/train/Altered/Altered-Medium/468__F_Left_ring_finger_Obl.BMP
test,1,Hard-Obl,data/soco/socofing/train/Real/485__M_Right_thumb_finger.BMP,data/soco/socofing/train/Altered/Altered-Hard/485__M_Right_thumb_finger_Obl.BMP
test,1,Medium-Zcut,data/soco/socofing/val/Real/558__M_Right_little_finger.BMP,data/soco/socofing/train/Altered/Altered-Medium/558__M_Right_little_finger_Zcut.BMP
test,1,Hard-Zcut,data/soco/socofing/train/Real/43__F_Left_index_finger.BMP,data/soco/socofing/val/Altered/Altered-Hard/43__F_Left_index_finger_Zcut.BMP
test,1,Medium-Obl,data/soco/socofing/train/Real/487__M_Right_thumb_finger.BMP,data/soco/socofing/train/Altered/Altered-Medium/487__M_Right_thumb_finger_Obl.BMP
test,1,Easy-Zcut,data/soco/socofing/train/Real/136__F_Right_thumb_finger.BMP,data/soco/socofing/train/Altered/Altered-Easy/136__F_Right_thumb_finger_Zcut.BMP
test,1,Medium-Zcut,data/soco/socofing/test/Real/274__M_Right_little_finger.BMP,data/soco/socofing/train/Altered/Altered-Medium/274__M_Right_little_finger_Zcut.BMP
test,1,Medium-Obl,data/soco/socofing/val/Real/115__F_Right_thumb_finger.BMP,data/soco/socofing/train/Altered/Altered-Medium/115__F_Right_thumb_finger_Obl.BMP
test,1,Easy-CR,data/soco/socofing/train/Real/239__M_Right_ring_finger.BMP,data/soco/socofing/train/Altered/Altered-Easy/239__M_Right_ring_finger_CR.BMP
test,1,Easy-CR,data/soco/socofing/train/Real/456__M_Left_little_finger.BMP,data/soco/socofing/val/Altered/Altered-Easy/456__M_Left_little_finger_CR.BMP
test,1,Hard-Obl,data/soco/socofing/train/Real/435__F_Right_ring_finger.BMP,data/soco/socofing/train/Altered/Altered-Hard/435__F_Right_ring_finger_Obl.BMP
test,1,Hard-Obl,data/soco/socofing/val/Real/592__M_Left_ring_finger.BMP,data/soco/socofing/train/Altered/Altered-Hard/592__M_Left_ring_finger_Obl.BMP
test,1,Hard-Zcut,data/soco/socofing/train/Real/266__M_Right_middle_finger.BMP,data/soco/socofing/train/Altered/Altered-Hard/266__M_Right_middle_finger_Zcut.BMP
test,1,Easy-Obl,data/soco/socofing/val/Real/42__F_Left_middle_finger.BMP,data/soco/socofing/train/Altered/Altered-Easy/42__F_Left_middle_finger_Obl.BMP
test,1,Easy-Zcut,data/soco/socofing/train/Real/274__M_Right_thumb_finger.BMP,data/soco/socofing/train/Altered/Altered-Easy/274__M_Right_thumb_finger_Zcut.BMP
test,1,Easy-Zcut,data/soco/socofing/train/Real/417__M_Left_index_finger.BMP,data/soco/socofing/train/Altered/Altered-Easy/417__M_Left_index_finger_Zcut.BMP
test,1,Hard-Obl,data/soco/socofing/train/Real/255__M_Left_little_finger.BMP,data/soco/socofing/val/Altered/Altered-Hard/255__M_Left_little_finger_Obl.BMP
test,1,Easy-Zcut,data/soco/socofing/train/Real/177__F_Right_thumb_finger.BMP,data/soco/socofing/train/Altered/Altered-Easy/177__F_Right_thumb_finger_Zcut.BMP
test,1,Medium-Zcut,data/soco/socofing/val/Real/92__F_Left_index_finger.BMP,data/soco/socofing/train/Altered/Altered-Medium/92__F_Left_index_finger_Zcut.BMP
test,1,Easy-CR,data/soco/socofing/train/Real/563__M_Right_thumb_finger.BMP,data/soco/socofing/train/Altered/Altered-Easy/563__M_Right_thumb_finger_CR.BMP
test,1,Easy-Obl,data/soco/socofing/train/Real/326__M_Right_middle_finger.BMP,data/soco/socofing/train/Altered/Altered-Easy/326__M_Right_middle_finger_Obl.BMP
test,1,Medium-Obl,data/soco/socofing/train/Real/237__M_Right_thumb_finger.BMP,data/soco/socofing/test/Altered/Altered-Medium/237__M_Right_thumb_finger_Obl.BMP
test,1,Hard-CR,data/soco/socofing/val/Real/543__M_Right_ring_finger.BMP,data/soco/socofing/val/Altered/Altered-Hard/543__M_Right_ring_finger_CR.BMP
test,1,Easy-CR,data/soco/socofing/train/Real/468__F_Left_little_finger.BMP,data/soco/socofing/train/Altered/Altered-Easy/468__F_Left_little_finger_CR.BMP
test,1,Easy-CR,data/soco/socofing/val/Real/42__F_Right_ring_finger.BMP,data/soco/socofing/train/Altered/Altered-Easy/42__F_Right_ring_finger_CR.BMP
test,1,Hard-Obl,data/soco/socofing/train/Real/498__M_Right_middle_finger.BMP,data/soco/socofing/train/Altered/Altered-Hard/498__M_Right_middle_finger_Obl.BMP
test,1,Easy-CR,data/soco/socofing/train/Real/27__M_Left_thumb_finger.BMP,data/soco/socofing/val/Altered/Altered-Easy/27__M_Left_thumb_finger_CR.BMP
test,1,Medium-Obl,data/soco/socofing/val/Real/130__F_Right_little_finger.BMP,data/soco/socofing/train/Altered/Altered-Medium/130__F_Right_little_finger_Obl.BMP
test,1,Easy-Zcut,data/soco/socofing/train/Real/145__M_Right_middle_finger.BMP,data/soco/socofing/train/Altered/Altered-Easy/145__M_Right_middle_finger_Zcut.BMP
test,1,Medium-Obl,data/soco/socofing/train/Real/566__M_Left_thumb_finger.BMP,data/soco/socofing/train/Altered/Altered-Medium/566__M_Left_thumb_finger_Obl.BMP
test,1,Easy-CR,data/soco/socofing/train/Real/495__M_Left_thumb_finger.BMP,data/soco/socofing/train/Altered/Altered-Easy/495__M_Left_thumb_finger_CR.BMP
test,1,Hard-Zcut,data/soco/socofing/train/Real/76__F_Left_index_finger.BMP,data/soco/socofing/train/Altered/Altered-Hard/76__F_Left_index_finger_Zcut.BMP
test,1,Easy-CR,data/soco/socofing/train/Real/578__M_Right_thumb_finger.BMP,data/soco/socofing/test/Altered/Altered-Easy/578__M_Right_thumb_finger_CR.BMP
test,1,Easy-Zcut,data/soco/socofing/train/Real/414__M_Left_ring_finger.BMP,data/soco/socofing/train/Altered/Altered-Easy/414__M_Left_ring_finger_Zcut.BMP
test,1,Easy-Obl,data/soco/socofing/train/Real/403__M_Right_ring_finger.BMP,data/soco/socofing/train/Altered/Altered-Easy/403__M_Right_ring_finger_Obl.BMP
test,1,Easy-CR,data/soco/socofing/test/Real/520__M_Right_little_finger.BMP,data/soco/socofing/train/Altered/Altered-Easy/520__M_Right_little_finger_CR.BMP
test,1,Easy-Obl,data/soco/socofing/val/Real/505__M_Right_thumb_finger.BMP,data/soco/socofing/train/Altered/Altered-Easy/505__M_Right_thumb_finger_Obl.BMP
test,1,Easy-Obl,data/soco/socofing/train/Real/357__M_Left_ring_finger.BMP,data/soco/socofing/test/Altered/Altered-Easy/357__M_Left_ring_finger_Obl.BMP
test,1,Hard-CR,data/soco/socofing/test/Real/177__F_Left_middle_finger.BMP,data/soco/socofing/test/Altered/Altered-Hard/177__F_Left_middle_finger_CR.BMP
test,1,Hard-CR,data/soco/socofing/train/Real/390__F_Right_little_finger.BMP,data/soco/socofing/train/Altered/Altered-Hard/390__F_Right_little_finger_CR.BMP
test,1,Easy-CR,data/soco/socofing/train/Real/205__F_Left_little_finger.BMP,data/soco/socofing/train/Altered/Altered-Easy/205__F_Left_little_finger_CR.BMP
test,1,Hard-Obl,data/soco/socofing/train/Real/88__F_Right_thumb_finger.BMP,data/soco/socofing/train/Altered/Altered-Hard/88__F_Right_thumb_finger_Obl.BMP
test,1,Medium-CR,data/soco/socofing/val/Real/315__F_Right_index_finger.BMP,data/soco/socofing/test/Altered/Altered-Medium/315__F_Right_index_finger_CR.BMP
test,1,Easy-CR,data/soco/socofing/train/Real/352__M_Left_ring_finger.BMP,data/soco/socofing/train/Altered/Altered-Easy/352__M_Left_ring_finger_CR.BMP
test,1,Hard-Obl,data/soco/socofing/train/Real/183__M_Right_ring_finger.BMP,data/soco/socofing/train/Altered/Altered-Hard/183__M_Right_ring_finger_Obl.BMP
test,1,Medium-Zcut,data/soco/socofing/train/Real/245__M_Right_ring_finger.BMP,data/soco/socofing/train/Altered/Altered-Medium/245__M_Right_ring_finger_Zcut.BMP
test,1,Medium-Obl,data/soco/socofing/val/Real/460__M_Right_thumb_finger.BMP,data/soco/socofing/train/Altered/Altered-Medium/460__M_Right_thumb_finger_Obl.BMP
test,1,Medium-Zcut,data/soco/socofing/train/Real/559__M_Left_ring_finger.BMP,data/soco/socofing/train/Altered/Altered-Medium/559__M_Left_ring_finger_Zcut.BMP
test,1,Hard-Zcut,data/soco/socofing/train/Real/383__M_Right_thumb_finger.BMP,data/soco/socofing/test/Altered/Altered-Hard/383__M_Right_thumb_finger_Zcut.BMP
test,1,Hard-CR,data/soco/socofing/train/Real/506__M_Right_index_finger.BMP,data/soco/socofing/test/Altered/Altered-Hard/506__M_Right_index_finger_CR.BMP
test,1,Hard-CR,data/soco/socofing/train/Real/52__M_Right_ring_finger.BMP,data/soco/socofing/train/Altered/Altered-Hard/52__M_Right_ring_finger_CR.BMP
test,1,Easy-Zcut,data/soco/socofing/train/Real/28__M_Right_index_finger.BMP,data/soco/socofing/train/Altered/Altered-Easy/28__M_Right_index_finger_Zcut.BMP
test,1,Medium-Obl,data/soco/socofing/train/Real/377__M_Right_thumb_finger.BMP,data/soco/socofing/train/Altered/Altered-Medium/377__M_Right_thumb_finger_Obl.BMP
test,1,Easy-Obl,data/soco/socofing/train/Real/247__M_Right_little_finger.BMP,data/soco/socofing/train/Altered/Altered-Easy/247__M_Right_little_finger_Obl.BMP
test,1,Easy-CR,data/soco/socofing/val/Real/448__M_Left_middle_finger.BMP,data/soco/socofing/train/Altered/Altered-Easy/448__M_Left_middle_finger_CR.BMP
test,1,Hard-Obl,data/soco/socofing/test/Real/203__M_Left_ring_finger.BMP,data/soco/socofing/train/Altered/Altered-Hard/203__M_Left_ring_finger_Obl.BMP
test,1,Easy-CR,data/soco/socofing/train/Real/546__M_Left_thumb_finger.BMP,data/soco/socofing/train/Altered/Altered-Easy/546__M_Left_thumb_finger_CR.BMP
test,1,Easy-Zcut,data/soco/socofing/train/Real/7__M_Right_little_finger.BMP,data/soco/socofing/train/Altered/Altered-Easy/7__M_Right_little_finger_Zcut.BMP
test,1,Medium-CR,data/soco/socofing/train/Real/428__M_Left_ring_finger.BMP,data/soco/socofing/test/Altered/Altered-Medium/428__M_Left_ring_finger_CR.BMP
test,1,Hard-Zcut,data/soco/socofing/train/Real/250__F_Right_thumb_finger.BMP,data/soco/socofing/train/Altered/Altered-Hard/250__F_Right_thumb_finger_Zcut.BMP
test,1,Medium-CR,data/soco/socofing/train/Real/188__M_Right_ring_finger.BMP,data/soco/socofing/val/Altered/Altered-Medium/188__M_Right_ring_finger_CR.BMP
test,1,Medium-Zcut,data/soco/socofing/train/Real/47__F_Left_middle_finger.BMP,data/soco/socofing/train/Altered/Altered-Medium/47__F_Left_middle_finger_Zcut.BMP
test,1,Easy-Obl,data/soco/socofing/val/Real/234__M_Right_thumb_finger.BMP,data/soco/socofing/train/Altered/Altered-Easy/234__M_Right_thumb_finger_Obl.BMP
test,1,Hard-CR,data/soco/socofing/test/Real/223__M_Left_middle_finger.BMP,data/soco/socofing/train/Altered/Altered-Hard/223__M_Left_middle_finger_CR.BMP
test,1,Hard-CR,data/soco/socofing/val/Real/349__M_Right_index_finger.BMP,data/soco/socofing/train/Altered/Altered-Hard/349__M_Right_index_finger_CR.BMP
test,1,Easy-Zcut,data/soco/socofing/train/Real/187__M_Left_index_finger.BMP,data/soco/socofing/train/Altered/Altered-Easy/187__M_Left_index_finger_Zcut.BMP
test,1,Easy-CR,data/soco/socofing/train/Real/354__M_Left_ring_finger.BMP,data/soco/socofing/train/Altered/Altered-Easy/354__M_Left_ring_finger_CR.BMP
test,1,Medium-Obl,data/soco/socofing/train/Real/205__F_Right_middle_finger.BMP,data/soco/socofing/train/Altered/Altered-Medium/205__F_Right_middle_finger_Obl.BMP
test,1,Hard-Zcut,data/soco/socofing/val/Real/53__M_Right_middle_finger.BMP,data/soco/socofing/train/Altered/Altered-Hard/53__M_Right_middle_finger_Zcut.BMP
test,1,Hard-CR,data/soco/socofing/val/Real/92__F_Left_thumb_finger.BMP,data/soco/socofing/train/Altered/Altered-Hard/92__F_Left_thumb_finger_CR.BMP
test,1,Easy-Obl,data/soco/socofing/test/Real/206__M_Left_index_finger.BMP,data/soco/socofing/train/Altered/Altered-Easy/206__M_Left_index_finger_Obl.BMP
test,1,Hard-Obl,data/soco/socofing/train/Real/428__M_Right_index_finger.BMP,data/soco/socofing/train/Altered/Altered-Hard/428__M_Right_index_finger_Obl.BMP
test,1,Medium-CR,data/soco/socofing/train/Real/271__M_Right_index_finger.BMP,data/soco/socofing/train/Altered/Altered-Medium/271__M_Right_index_finger_CR.BMP
test,1,Medium-Zcut,data/soco/socofing/train/Real/448__M_Left_ring_finger.BMP,data/soco/socofing/train/Altered/Altered-Medium/448__M_Left_ring_finger_Zcut.BMP
test,1,Medium-Zcut,data/soco/socofing/train/Real/223__M_Right_middle_finger.BMP,data/soco/socofing/train/Altered/Altered-Medium/223__M_Right_middle_finger_Zcut.BMP
test,1,Easy-Zcut,data/soco/socofing/train/Real/509__M_Right_ring_finger.BMP,data/soco/socofing/train/Altered/Altered-Easy/509__M_Right_ring_finger_Zcut.BMP
test,1,Medium-CR,data/soco/socofing/train/Real/77__M_Right_little_finger.BMP,data/soco/socofing/train/Altered/Altered-Medium/77__M_Right_little_finger_CR.BMP
test,1,Medium-Zcut,data/soco/socofing/train/Real/171__M_Right_ring_finger.BMP,data/soco/socofing/test/Altered/Altered-Medium/171__M_Right_ring_finger_Zcut.BMP
test,1,Easy-CR,data/soco/socofing/train/Real/562__F_Left_little_finger.BMP,data/soco/socofing/test/Altered/Altered-Easy/562__F_Left_little_finger_CR.BMP
test,1,Hard-Obl,data/soco/socofing/train/Real/72__M_Left_ring_finger.BMP,data/soco/socofing/train/Altered/Altered-Hard/72__M_Left_ring_finger_Obl.BMP
test,1,Hard-Obl,data/soco/socofing/train/Real/243__M_Right_thumb_finger.BMP,data/soco/socofing/val/Altered/Altered-Hard/243__M_Right_thumb_finger_Obl.BMP
test,1,Easy-Obl,data/soco/socofing/train/Real/195__M_Right_ring_finger.BMP,data/soco/socofing/val/Altered/Altered-Easy/195__M_Right_ring_finger_Obl.BMP
test,1,Hard-Obl,data/soco/socofing/train/Real/82__M_Right_thumb_finger.BMP,data/soco/socofing/train/Altered/Altered-Hard/82__M_Right_thumb_finger_Obl.BMP
test,1,Easy-Obl,data/soco/socofing/train/Real/193__M_Left_thumb_finger.BMP,data/soco/socofing/train/Altered/Altered-Easy/193__M_Left_thumb_finger_Obl.BMP
test,1,Hard-Obl,data/soco/socofing/test/Real/145__M_Right_little_finger.BMP,data/soco/socofing/train/Altered/Altered-Hard/145__M_Right_little_finger_Obl.BMP
test,1,Medium-CR,data/soco/socofing/train/Real/184__M_Left_index_finger.BMP,data/soco/socofing/train/Altered/Altered-Medium/184__M_Left_index_finger_CR.BMP
test,1,Hard-Obl,data/soco/socofing/train/Real/384__F_Left_thumb_finger.BMP,data/soco/socofing/train/Altered/Altered-Hard/384__F_Left_thumb_finger_Obl.BMP
test,1,Medium-CR,data/soco/socofing/val/Real/440__M_Right_middle_finger.BMP,data/soco/socofing/test/Altered/Altered-Medium/440__M_Right_middle_finger_CR.BMP
test,1,Easy-Zcut,data/soco/socofing/train/Real/282__M_Right_middle_finger.BMP,data/soco/socofing/train/Altered/Altered-Easy/282__M_Right_middle_finger_Zcut.BMP
test,1,Medium-Zcut,data/soco/socofing/train/Real/48__F_Right_index_finger.BMP,data/soco/socofing/train/Altered/Altered-Medium/48__F_Right_index_finger_Zcut.BMP
test,1,Medium-Obl,data/soco/socofing/test/Real/144__M_Left_index_finger.BMP,data/soco/socofing/val/Altered/Altered-Medium/144__M_Left_index_finger_Obl.BMP
test,1,Medium-Zcut,data/soco/socofing/train/Real/66__F_Right_index_finger.BMP,data/soco/socofing/train/Altered/Altered-Medium/66__F_Right_index_finger_Zcut.BMP
test,1,Hard-CR,data/soco/socofing/val/Real/344__M_Right_thumb_finger.BMP,data/soco/socofing/train/Altered/Altered-Hard/344__M_Right_thumb_finger_CR.BMP
test,1,Medium-CR,data/soco/socofing/train/Real/66__F_Right_ring_finger.BMP,data/soco/socofing/train/Altered/Altered-Medium/66__F_Right_ring_finger_CR.BMP
test,1,Hard-CR,data/soco/socofing/train/Real/227__M_Left_middle_finger.BMP,data/soco/socofing/train/Altered/Altered-Hard/227__M_Left_middle_finger_CR.BMP
test,1,Medium-Obl,data/soco/socofing/train/Real/344__M_Right_ring_finger.BMP,data/soco/socofing/train/Altered/Altered-Medium/344__M_Right_ring_finger_Obl.BMP
test,1,Easy-CR,data/soco/socofing/train/Real/460__M_Right_little_finger.BMP,data/soco/socofing/train/Altered/Altered-Easy/460__M_Right_little_finger_CR.BMP
test,1,Easy-Obl,data/soco/socofing/train/Real/220__F_Right_little_finger.BMP,data/soco/socofing/train/Altered/Altered-Easy/220__F_Right_little_finger_Obl.BMP
test,1,Easy-CR,data/soco/socofing/train/Real/485__M_Right_little_finger.BMP,data/soco/socofing/train/Altered/Altered-Easy/485__M_Right_little_finger_CR.BMP
test,1,Easy-Obl,data/soco/socofing/train/Real/1__M_Right_middle_finger.BMP,data/soco/socofing/val/Altered/Altered-Easy/1__M_Right_middle_finger_Obl.BMP
test,1,Easy-CR,data/soco/socofing/train/Real/249__M_Right_index_finger.BMP,data/soco/socofing/val/Altered/Altered-Easy/249__M_Right_index_finger_CR.BMP
test,1,Medium-Obl,data/soco/socofing/train/Real/87__M_Right_little_finger.BMP,data/soco/socofing/train/Altered/Altered-Medium/87__M_Right_little_finger_Obl.BMP
test,1,Medium-Obl,data/soco/socofing/val/Real/177__F_Left_index_finger.BMP,data/soco/socofing/train/Altered/Altered-Medium/177__F_Left_index_finger_Obl.BMP
test,1,Hard-Obl,data/soco/socofing/train/Real/279__M_Right_ring_finger.BMP,data/soco/socofing/train/Altered/Altered-Hard/279__M_Right_ring_finger_Obl.BMP
test,1,Easy-CR,data/soco/socofing/train/Real/101__M_Right_thumb_finger.BMP,data/soco/socofing/train/Altered/Altered-Easy/101__M_Right_thumb_finger_CR.BMP
test,1,Medium-Obl,data/soco/socofing/test/Real/101__M_Left_ring_finger.BMP,data/soco/socofing/train/Altered/Altered-Medium/101__M_Left_ring_finger_Obl.BMP
test,1,Medium-Zcut,data/soco/socofing/test/Real/426__M_Right_thumb_finger.BMP,data/soco/socofing/val/Altered/Altered-Medium/426__M_Right_thumb_finger_Zcut.BMP
test,1,Easy-Obl,data/soco/socofing/val/Real/320__M_Right_index_finger.BMP,data/soco/socofing/val/Altered/Altered-Easy/320__M_Right_index_finger_Obl.BMP
test,1,Medium-Obl,data/soco/socofing/val/Real/302__M_Right_ring_finger.BMP,data/soco/socofing/train/Altered/Altered-Medium/302__M_Right_ring_finger_Obl.BMP
test,1,Medium-Obl,data/soco/socofing/train/Real/507__M_Left_index_finger.BMP,data/soco/socofing/test/Altered/Altered-Medium/507__M_Left_index_finger_Obl.BMP
test,1,Medium-CR,data/soco/socofing/train/Real/173__F_Left_little_finger.BMP,data/soco/socofing/test/Altered/Altered-Medium/173__F_Left_little_finger_CR.BMP
test,1,Hard-Obl,data/soco/socofing/val/Real/39__M_Left_middle_finger.BMP,data/soco/socofing/train/Altered/Altered-Hard/39__M_Left_middle_finger_Obl.BMP
test,1,Easy-Zcut,data/soco/socofing/train/Real/457__M_Right_little_finger.BMP,data/soco/socofing/train/Altered/Altered-Easy/457__M_Right_little_finger_Zcut.BMP
test,1,Easy-CR,data/soco/socofing/train/Real/199__M_Left_middle_finger.BMP,data/soco/socofing/train/Altered/Altered-Easy/199__M_Left_middle_finger_CR.BMP
test,1,Medium-CR,data/soco/socofing/train/Real/28__M_Left_index_finger.BMP,data/soco/socofing/train/Altered/Altered-Medium/28__M_Left_index_finger_CR.BMP
test,1,Hard-Obl,data/soco/socofing/train/Real/496__M_Left_ring_finger.BMP,data/soco/socofing/train/Altered/Altered-Hard/496__M_Left_ring_finger_Obl.BMP
test,1,Medium-CR,data/soco/socofing/train/Real/355__M_Right_ring_finger.BMP,data/soco/socofing/train/Altered/Altered-Medium/355__M_Right_ring_finger_CR.BMP
test,1,Hard-CR,data/soco/socofing/train/Real/549__M_Left_middle_finger.BMP,data/soco/socofing/train/Altered/Altered-Hard/549__M_Left_middle_finger_CR.BMP
test,1,Medium-Obl,data/soco/socofing/train/Real/457__M_Right_little_finger.BMP,data/soco/socofing/train/Altered/Altered-Medium/457__M_Right_little_finger_Obl.BMP
test,1,Medium-Zcut,data/soco/socofing/train/Real/460__M_Left_little_finger.BMP,data/soco/socofing/train/Altered/Altered-Medium/460__M_Left_little_finger_Zcut.BMP
test,1,Hard-Obl,data/soco/socofing/val/Real/501__M_Left_little_finger.BMP,data/soco/socofing/train/Altered/Altered-Hard/501__M_Left_little_finger_Obl.BMP
test,1,Medium-Zcut,data/soco/socofing/train/Real/88__F_Left_little_finger.BMP,data/soco/socofing/train/Altered/Altered-Medium/88__F_Left_little_finger_Zcut.BMP
test,1,Medium-CR,data/soco/socofing/val/Real/338__M_Left_index_finger.BMP,data/soco/socofing/train/Altered/Altered-Medium/338__M_Left_index_finger_CR.BMP
test,1,Medium-Obl,data/soco/socofing/train/Real/239__M_Right_thumb_finger.BMP,data/soco/socofing/val/Altered/Altered-Medium/239__M_Right_thumb_finger_Obl.BMP
test,1,Medium-Obl,data/soco/socofing/train/Real/538__M_Right_thumb_finger.BMP,data/soco/socofing/test/Altered/Altered-Medium/538__M_Right_thumb_finger_Obl.BMP
test,1,Hard-CR,data/soco/socofing/train/Real/45__M_Left_middle_finger.BMP,data/soco/socofing/train/Altered/Altered-Hard/45__M_Left_middle_finger_CR.BMP
test,1,Hard-CR,data/soco/socofing/val/Real/535__M_Right_thumb_finger.BMP,data/soco/socofing/train/Altered/Altered-Hard/535__M_Right_thumb_finger_CR.BMP
test,1,Hard-Obl,data/soco/socofing/test/Real/509__M_Left_middle_finger.BMP,data/soco/socofing/val/Altered/Altered-Hard/509__M_Left_middle_finger_Obl.BMP
test,1,Easy-CR,data/soco/socofing/train/Real/403__M_Left_ring_finger.BMP,data/soco/socofing/train/Altered/Altered-Easy/403__M_Left_ring_finger_CR.BMP
test,1,Hard-Obl,data/soco/socofing/train/Real/105__M_Right_thumb_finger.BMP,data/soco/socofing/train/Altered/Altered-Hard/105__M_Right_thumb_finger_Obl.BMP
test,1,Hard-Obl,data/soco/socofing/train/Real/432__M_Left_middle_finger.BMP,data/soco/socofing/train/Altered/Altered-Hard/432__M_Left_middle_finger_Obl.BMP
test,1,Easy-CR,data/soco/socofing/test/Real/15__F_Left_ring_finger.BMP,data/soco/socofing/train/Altered/Altered-Easy/15__F_Left_ring_finger_CR.BMP
test,1,Hard-CR,data/soco/socofing/test/Real/243__M_Left_middle_finger.BMP,data/soco/socofing/train/Altered/Altered-Hard/243__M_Left_middle_finger_CR.BMP
test,1,Easy-Obl,data/soco/socofing/train/Real/65__M_Right_thumb_finger.BMP,data/soco/socofing/train/Altered/Altered-Easy/65__M_Right_thumb_finger_Obl.BMP
test,1,Easy-CR,data/soco/socofing/train/Real/123__M_Left_ring_finger.BMP,data/soco/socofing/train/Altered/Altered-Easy/123__M_Left_ring_finger_CR.BMP
test,1,Easy-Zcut,data/soco/socofing/train/Real/355__M_Left_little_finger.BMP,data/soco/socofing/train/Altered/Altered-Easy/355__M_Left_little_finger_Zcut.BMP
test,1,Easy-Obl,data/soco/socofing/train/Real/453__F_Left_index_finger.BMP,data/soco/socofing/train/Altered/Altered-Easy/453__F_Left_index_finger_Obl.BMP
test,1,Easy-Obl,data/soco/socofing/train/Real/237__M_Left_middle_finger.BMP,data/soco/socofing/train/Altered/Altered-Easy/237__M_Left_middle_finger_Obl.BMP
test,1,Easy-CR,data/soco/socofing/train/Real/112__M_Right_thumb_finger.BMP,data/soco/socofing/train/Altered/Altered-Easy/112__M_Right_thumb_finger_CR.BMP
test,1,Hard-Obl,data/soco/socofing/val/Real/28__M_Right_thumb_finger.BMP,data/soco/socofing/train/Altered/Altered-Hard/28__M_Right_thumb_finger_Obl.BMP
test,1,Hard-CR,data/soco/socofing/train/Real/318__F_Right_index_finger.BMP,data/soco/socofing/test/Altered/Altered-Hard/318__F_Right_index_finger_CR.BMP
test,1,Easy-Obl,data/soco/socofing/train/Real/51__M_Left_index_finger.BMP,data/soco/socofing/train/Altered/Altered-Easy/51__M_Left_index_finger_Obl.BMP
test,1,Hard-Obl,data/soco/socofing/train/Real/393__M_Right_little_finger.BMP,data/soco/socofing/train/Altered/Altered-Hard/393__M_Right_little_finger_Obl.BMP
test,1,Medium-Obl,data/soco/socofing/train/Real/119__F_Right_little_finger.BMP,data/soco/socofing/train/Altered/Altered-Medium/119__F_Right_little_finger_Obl.BMP
test,1,Medium-Zcut,data/soco/socofing/test/Real/443__M_Right_index_finger.BMP,data/soco/socofing/train/Altered/Altered-Medium/443__M_Right_index_finger_Zcut.BMP
test,1,Medium-Obl,data/soco/socofing/train/Real/344__M_Left_index_finger.BMP,data/soco/socofing/test/Altered/Altered-Medium/344__M_Left_index_finger_Obl.BMP
test,1,Hard-CR,data/soco/socofing/train/Real/330__M_Right_middle_finger.BMP,data/soco/socofing/val/Altered/Altered-Hard/330__M_Right_middle_finger_CR.BMP
test,1,Medium-Zcut,data/soco/socofing/test/Real/297__M_Right_index_finger.BMP,data/soco/socofing/train/Altered/Altered-Medium/297__M_Right_index_finger_Zcut.BMP
test,1,Easy-CR,data/soco/socofing/train/Real/155__M_Left_thumb_finger.BMP,data/soco/socofing/train/Altered/Altered-Easy/155__M_Left_thumb_finger_CR.BMP
test,1,Easy-Zcut,data/soco/socofing/test/Real/295__M_Left_middle_finger.BMP,data/soco/socofing/train/Altered/Altered-Easy/295__M_Left_middle_finger_Zcut.BMP
test,1,Easy-CR,data/soco/socofing/train/Real/156__F_Left_little_finger.BMP,data/soco/socofing/train/Altered/Altered-Easy/156__F_Left_little_finger_CR.BMP
test,1,Easy-CR,data/soco/socofing/train/Real/544__M_Left_index_finger.BMP,data/soco/socofing/train/Altered/Altered-Easy/544__M_Left_index_finger_CR.BMP
test,1,Hard-Obl,data/soco/socofing/val/Real/185__M_Right_middle_finger.BMP,data/soco/socofing/train/Altered/Altered-Hard/185__M_Right_middle_finger_Obl.BMP
test,1,Easy-Zcut,data/soco/socofing/train/Real/538__M_Right_ring_finger.BMP,data/soco/socofing/train/Altered/Altered-Easy/538__M_Right_ring_finger_Zcut.BMP
test,1,Hard-Obl,data/soco/socofing/train/Real/429__M_Left_thumb_finger.BMP,data/soco/socofing/train/Altered/Altered-Hard/429__M_Left_thumb_finger_Obl.BMP
test,1,Easy-Zcut,data/soco/socofing/train/Real/88__F_Left_index_finger.BMP,data/soco/socofing/train/Altered/Altered-Easy/88__F_Left_index_finger_Zcut.BMP
test,1,Easy-CR,data/soco/socofing/train/Real/509__M_Right_thumb_finger.BMP,data/soco/socofing/train/Altered/Altered-Easy/509__M_Right_thumb_finger_CR.BMP
test,1,Easy-Obl,data/soco/socofing/train/Real/315__F_Left_index_finger.BMP,data/soco/socofing/val/Altered/Altered-Easy/315__F_Left_index_finger_Obl.BMP
test,1,Hard-CR,data/soco/socofing/train/Real/89__M_Right_middle_finger.BMP,data/soco/socofing/train/Altered/Altered-Hard/89__M_Right_middle_finger_CR.BMP
test,1,Easy-Zcut,data/soco/socofing/train/Real/47__F_Left_little_finger.BMP,data/soco/socofing/test/Altered/Altered-Easy/47__F_Left_little_finger_Zcut.BMP
test,1,Hard-Zcut,data/soco/socofing/test/Real/428__M_Left_index_finger.BMP,data/soco/socofing/train/Altered/Altered-Hard/428__M_Left_index_finger_Zcut.BMP
test,1,Hard-Obl,data/soco/socofing/val/Real/320__M_Right_little_finger.BMP,data/soco/socofing/train/Altered/Altered-Hard/320__M_Right_little_finger_Obl.BMP
test,1,Hard-Zcut,data/soco/socofing/train/Real/255__M_Right_thumb_finger.BMP,data/soco/socofing/train/Altered/Altered-Hard/255__M_Right_thumb_finger_Zcut.BMP
test,1,Easy-Obl,data/soco/socofing/train/Real/148__M_Right_index_finger.BMP,data/soco/socofing/train/Altered/Altered-Easy/148__M_Right_index_finger_Obl.BMP
test,1,Hard-CR,data/soco/socofing/test/Real/531__M_Left_little_finger.BMP,data/soco/socofing/train/Altered/Altered-Hard/531__M_Left_little_finger_CR.BMP
test,1,Easy-Obl,data/soco/socofing/train/Real/482__M_Left_little_finger.BMP,data/soco/socofing/train/Altered/Altered-Easy/482__M_Left_little_finger_Obl.BMP
test,1,Easy-CR,data/soco/socofing/train/Real/384__F_Left_index_finger.BMP,data/soco/socofing/val/Altered/Altered-Easy/384__F_Left_index_finger_CR.BMP
test,1,Medium-Obl,data/soco/socofing/train/Real/292__M_Left_index_finger.BMP,data/soco/socofing/train/Altered/Altered-Medium/292__M_Left_index_finger_Obl.BMP
test,1,Easy-CR,data/soco/socofing/train/Real/186__M_Left_ring_finger.BMP,data/soco/socofing/train/Altered/Altered-Easy/186__M_Left_ring_finger_CR.BMP
test,1,Medium-Zcut,data/soco/socofing/train/Real/475__M_Left_little_finger.BMP,data/soco/socofing/train/Altered/Altered-Medium/475__M_Left_little_finger_Zcut.BMP
test,1,Medium-Obl,data/soco/socofing/train/Real/428__M_Left_middle_finger.BMP,data/soco/socofing/train/Altered/Altered-Medium/428__M_Left_middle_finger_Obl.BMP
test,1,Medium-Zcut,data/soco/socofing/train/Real/193__M_Right_index_finger.BMP,data/soco/socofing/train/Altered/Altered-Medium/193__M_Right_index_finger_Zcut.BMP
test,1,Hard-Obl,data/soco/socofing/test/Real/84__M_Left_little_finger.BMP,data/soco/socofing/train/Altered/Altered-Hard/84__M_Left_little_finger_Obl.BMP
test,1,Easy-CR,data/soco/socofing/train/Real/246__M_Left_middle_finger.BMP,data/soco/socofing/train/Altered/Altered-Easy/246__M_Left_middle_finger_CR.BMP
test,1,Medium-Zcut,data/soco/socofing/train/Real/596__M_Left_middle_finger.BMP,data/soco/socofing/train/Altered/Altered-Medium/596__M_Left_middle_finger_Zcut.BMP
test,1,Easy-Zcut,data/soco/socofing/train/Real/486__M_Left_middle_finger.BMP,data/soco/socofing/train/Altered/Altered-Easy/486__M_Left_middle_finger_Zcut.BMP
test,1,Hard-Zcut,data/soco/socofing/train/Real/517__M_Left_middle_finger.BMP,data/soco/socofing/train/Altered/Altered-Hard/517__M_Left_middle_finger_Zcut.BMP
test,1,Easy-Obl,data/soco/socofing/train/Real/302__M_Left_index_finger.BMP,data/soco/socofing/train/Altered/Altered-Easy/302__M_Left_index_finger_Obl.BMP
test,1,Easy-Obl,data/soco/socofing/train/Real/127__F_Left_index_finger.BMP,data/soco/socofing/train/Altered/Altered-Easy/127__F_Left_index_finger_Obl.BMP
test,1,Medium-Zcut,data/soco/socofing/train/Real/76__F_Right_ring_finger.BMP,data/soco/socofing/train/Altered/Altered-Medium/76__F_Right_ring_finger_Zcut.BMP
test,1,Easy-CR,data/soco/socofing/train/Real/148__M_Left_middle_finger.BMP,data/soco/socofing/train/Altered/Altered-Easy/148__M_Left_middle_finger_CR.BMP
test,1,Hard-CR,data/soco/socofing/test/Real/169__F_Right_little_finger.BMP,data/soco/socofing/train/Altered/Altered-Hard/169__F_Right_little_finger_CR.BMP
test,1,Medium-Zcut,data/soco/socofing/train/Real/155__M_Left_little_finger.BMP,data/soco/socofing/train/Altered/Altered-Medium/155__M_Left_little_finger_Zcut.BMP
test,1,Hard-Obl,data/soco/socofing/train/Real/91__F_Right_middle_finger.BMP,data/soco/socofing/train/Altered/Altered-Hard/91__F_Right_middle_finger_Obl.BMP
test,1,Easy-CR,data/soco/socofing/train/Real/183__M_Right_index_finger.BMP,data/soco/socofing/test/Altered/Altered-Easy/183__M_Right_index_finger_CR.BMP
test,1,Medium-Zcut,data/soco/socofing/test/Real/220__F_Right_ring_finger.BMP,data/soco/socofing/train/Altered/Altered-Medium/220__F_Right_ring_finger_Zcut.BMP
test,1,Easy-Zcut,data/soco/socofing/train/Real/465__F_Right_little_finger.BMP,data/soco/socofing/train/Altered/Altered-Easy/465__F_Right_little_finger_Zcut.BMP
test,1,Medium-Zcut,data/soco/socofing/test/Real/107__M_Right_little_finger.BMP,data/soco/socofing/train/Altered/Altered-Medium/107__M_Right_little_finger_Zcut.BMP
test,1,Easy-Obl,data/soco/socofing/train/Real/253__F_Left_little_finger.BMP,data/soco/socofing/train/Altered/Altered-Easy/253__F_Left_little_finger_Obl.BMP
test,1,Hard-Obl,data/soco/socofing/val/Real/88__F_Right_ring_finger.BMP,data/soco/socofing/train/Altered/Altered-Hard/88__F_Right_ring_finger_Obl.BMP
test,1,Easy-Obl,data/soco/socofing/train/Real/54__M_Left_thumb_finger.BMP,data/soco/socofing/train/Altered/Altered-Easy/54__M_Left_thumb_finger_Obl.BMP
test,1,Medium-CR,data/soco/socofing/train/Real/490__M_Right_thumb_finger.BMP,data/soco/socofing/train/Altered/Altered-Medium/490__M_Right_thumb_finger_CR.BMP
test,1,Easy-Obl,data/soco/socofing/train/Real/313__M_Right_ring_finger.BMP,data/soco/socofing/train/Altered/Altered-Easy/313__M_Right_ring_finger_Obl.BMP
test,1,Easy-CR,data/soco/socofing/train/Real/383__M_Right_index_finger.BMP,data/soco/socofing/train/Altered/Altered-Easy/383__M_Right_index_finger_CR.BMP
test,1,Easy-Obl,data/soco/socofing/train/Real/215__M_Right_ring_finger.BMP,data/soco/socofing/train/Altered/Altered-Easy/215__M_Right_ring_finger_Obl.BMP
test,1,Hard-CR,data/soco/socofing/val/Real/274__M_Left_ring_finger.BMP,data/soco/socofing/train/Altered/Altered-Hard/274__M_Left_ring_finger_CR.BMP
test,1,Easy-CR,data/soco/socofing/val/Real/185__M_Right_middle_finger.BMP,data/soco/socofing/train/Altered/Altered-Easy/185__M_Right_middle_finger_CR.BMP
test,1,Medium-CR,data/soco/socofing/train/Real/264__M_Right_middle_finger.BMP,data/soco/socofing/train/Altered/Altered-Medium/264__M_Right_middle_finger_CR.BMP
test,1,Medium-CR,data/soco/socofing/train/Real/113__M_Right_little_finger.BMP,data/soco/socofing/train/Altered/Altered-Medium/113__M_Right_little_finger_CR.BMP
test,1,Hard-CR,data/soco/socofing/train/Real/229__M_Left_middle_finger.BMP,data/soco/socofing/train/Altered/Altered-Hard/229__M_Left_middle_finger_CR.BMP
test,1,Hard-CR,data/soco/socofing/train/Real/403__M_Right_little_finger.BMP,data/soco/socofing/train/Altered/Altered-Hard/403__M_Right_little_finger_CR.BMP
test,1,Easy-CR,data/soco/socofing/train/Real/428__M_Right_index_finger.BMP,data/soco/socofing/train/Altered/Altered-Easy/428__M_Right_index_finger_CR.BMP
test,1,Medium-Obl,data/soco/socofing/train/Real/134__M_Left_index_finger.BMP,data/soco/socofing/train/Altered/Altered-Medium/134__M_Left_index_finger_Obl.BMP
test,1,Easy-CR,data/soco/socofing/train/Real/534__F_Right_ring_finger.BMP,data/soco/socofing/train/Altered/Altered-Easy/534__F_Right_ring_finger_CR.BMP
test,1,Medium-CR,data/soco/socofing/train/Real/410__M_Left_ring_finger.BMP,data/soco/socofing/train/Altered/Altered-Medium/410__M_Left_ring_finger_CR.BMP
test,1,Easy-Obl,data/soco/socofing/train/Real/137__M_Left_middle_finger.BMP,data/soco/socofing/train/Altered/Altered-Easy/137__M_Left_middle_finger_Obl.BMP
test,1,Easy-Obl,data/soco/socofing/train/Real/183__M_Right_index_finger.BMP,data/soco/socofing/train/Altered/Altered-Easy/183__M_Right_index_finger_Obl.BMP
test,1,Easy-Obl,data/soco/socofing/val/Real/349__M_Left_ring_finger.BMP,data/soco/socofing/train/Altered/Altered-Easy/349__M_Left_ring_finger_Obl.BMP
test,1,Hard-CR,data/soco/socofing/train/Real/400__M_Right_index_finger.BMP,data/soco/socofing/train/Altered/Altered-Hard/400__M_Right_index_finger_CR.BMP
test,1,Hard-Zcut,data/soco/socofing/val/Real/120__M_Left_index_finger.BMP,data/soco/socofing/train/Altered/Altered-Hard/120__M_Left_index_finger_Zcut.BMP
test,1,Medium-CR,data/soco/socofing/train/Real/488__M_Right_ring_finger.BMP,data/soco/socofing/train/Altered/Altered-Medium/488__M_Right_ring_finger_CR.BMP
test,1,Hard-Obl,data/soco/socofing/train/Real/482__M_Right_ring_finger.BMP,data/soco/socofing/test/Altered/Altered-Hard/482__M_Right_ring_finger_Obl.BMP
test,1,Hard-Zcut,data/soco/socofing/train/Real/578__M_Right_index_finger.BMP,data/soco/socofing/train/Altered/Altered-Hard/578__M_Right_index_finger_Zcut.BMP
test,1,Easy-Obl,data/soco/socofing/train/Real/179__M_Left_ring_finger.BMP,data/soco/socofing/train/Altered/Altered-Easy/179__M_Left_ring_finger_Obl.BMP
test,1,Medium-Obl,data/soco/socofing/train/Real/420__M_Left_thumb_finger.BMP,data/soco/socofing/train/Altered/Altered-Medium/420__M_Left_thumb_finger_Obl.BMP
test,1,Medium-Obl,data/soco/socofing/train/Real/501__M_Right_ring_finger.BMP,data/soco/socofing/train/Altered/Altered-Medium/501__M_Right_ring_finger_Obl.BMP
test,1,Easy-CR,data/soco/socofing/test/Real/295__M_Right_middle_finger.BMP,data/soco/socofing/train/Altered/Altered-Easy/295__M_Right_middle_finger_CR.BMP
test,1,Medium-Zcut,data/soco/socofing/val/Real/234__M_Right_ring_finger.BMP,data/soco/socofing/train/Altered/Altered-Medium/234__M_Right_ring_finger_Zcut.BMP
test,1,Medium-CR,data/soco/socofing/train/Real/457__M_Right_middle_finger.BMP,data/soco/socofing/train/Altered/Altered-Medium/457__M_Right_middle_finger_CR.BMP
test,1,Medium-Obl,data/soco/socofing/train/Real/545__M_Left_ring_finger.BMP,data/soco/socofing/test/Altered/Altered-Medium/545__M_Left_ring_finger_Obl.BMP
test,1,Easy-Obl,data/soco/socofing/train/Real/375__M_Right_ring_finger.BMP,data/soco/socofing/train/Altered/Altered-Easy/375__M_Right_ring_finger_Obl.BMP
test,1,Easy-Obl,data/soco/socofing/train/Real/487__M_Left_ring_finger.BMP,data/soco/socofing/train/Altered/Altered-Easy/487__M_Left_ring_finger_Obl.BMP
test,1,Hard-CR,data/soco/socofing/train/Real/271__M_Left_middle_finger.BMP,data/soco/socofing/val/Altered/Altered-Hard/271__M_Left_middle_finger_CR.BMP
test,1,Hard-Obl,data/soco/socofing/train/Real/47__F_Left_middle_finger.BMP,data/soco/socofing/test/Altered/Altered-Hard/47__F_Left_middle_finger_Obl.BMP
test,1,Easy-Obl,data/soco/socofing/train/Real/429__M_Right_thumb_finger.BMP,data/soco/socofing/train/Altered/Altered-Easy/429__M_Right_thumb_finger_Obl.BMP
test,1,Medium-Obl,data/soco/socofing/train/Real/555__M_Left_index_finger.BMP,data/soco/socofing/test/Altered/Altered-Medium/555__M_Left_index_finger_Obl.BMP
test,1,Medium-Obl,data/soco/socofing/train/Real/14__M_Left_thumb_finger.BMP,data/soco/socofing/val/Altered/Altered-Medium/14__M_Left_thumb_finger_Obl.BMP
test,1,Hard-Obl,data/soco/socofing/train/Real/535__M_Right_index_finger.BMP,data/soco/socofing/train/Altered/Altered-Hard/535__M_Right_index_finger_Obl.BMP
test,1,Medium-CR,data/soco/socofing/train/Real/185__M_Right_thumb_finger.BMP,data/soco/socofing/train/Altered/Altered-Medium/185__M_Right_thumb_finger_CR.BMP
test,1,Easy-CR,data/soco/socofing/train/Real/518__M_Right_thumb_finger.BMP,data/soco/socofing/val/Altered/Altered-Easy/518__M_Right_thumb_finger_CR.BMP
test,1,Hard-Obl,data/soco/socofing/test/Real/274__M_Left_thumb_finger.BMP,data/soco/socofing/train/Altered/Altered-Hard/274__M_Left_thumb_finger_Obl.BMP
test,1,Easy-Obl,data/soco/socofing/train/Real/519__M_Left_ring_finger.BMP,data/soco/socofing/train/Altered/Altered-Easy/519__M_Left_ring_finger_Obl.BMP
test,1,Medium-Obl,data/soco/socofing/train/Real/330__M_Right_little_finger.BMP,data/soco/socofing/train/Altered/Altered-Medium/330__M_Right_little_finger_Obl.BMP
test,1,Hard-Obl,data/soco/socofing/test/Real/297__M_Left_middle_finger.BMP,data/soco/socofing/train/Altered/Altered-Hard/297__M_Left_middle_finger_Obl.BMP
test,1,Easy-Zcut,data/soco/socofing/train/Real/578__M_Right_ring_finger.BMP,data/soco/socofing/train/Altered/Altered-Easy/578__M_Right_ring_finger_Zcut.BMP
test,1,Easy-Zcut,data/soco/socofing/train/Real/130__F_Left_thumb_finger.BMP,data/soco/socofing/train/Altered/Altered-Easy/130__F_Left_thumb_finger_Zcut.BMP
test,1,Medium-Obl,data/soco/socofing/train/Real/182__M_Right_index_finger.BMP,data/soco/socofing/train/Altered/Altered-Medium/182__M_Right_index_finger_Obl.BMP
test,1,Medium-Zcut,data/soco/socofing/train/Real/383__M_Right_ring_finger.BMP,data/soco/socofing/train/Altered/Altered-Medium/383__M_Right_ring_finger_Zcut.BMP
test,1,Medium-Obl,data/soco/socofing/train/Real/477__M_Right_little_finger.BMP,data/soco/socofing/train/Altered/Altered-Medium/477__M_Right_little_finger_Obl.BMP
test,1,Hard-Obl,data/soco/socofing/train/Real/523__F_Left_middle_finger.BMP,data/soco/socofing/test/Altered/Altered-Hard/523__F_Left_middle_finger_Obl.BMP
test,1,Hard-CR,data/soco/socofing/train/Real/93__M_Left_index_finger.BMP,data/soco/socofing/train/Altered/Altered-Hard/93__M_Left_index_finger_CR.BMP
test,1,Medium-Obl,data/soco/socofing/train/Real/156__F_Left_index_finger.BMP,data/soco/socofing/test/Altered/Altered-Medium/156__F_Left_index_finger_Obl.BMP
test,1,Medium-Obl,data/soco/socofing/val/Real/96__M_Left_middle_finger.BMP,data/soco/socofing/train/Altered/Altered-Medium/96__M_Left_middle_finger_Obl.BMP
test,1,Easy-Zcut,data/soco/socofing/test/Real/416__M_Right_thumb_finger.BMP,data/soco/socofing/train/Altered/Altered-Easy/416__M_Right_thumb_finger_Zcut.BMP
test,1,Hard-Obl,data/soco/socofing/train/Real/186__M_Right_little_finger.BMP,data/soco/socofing/val/Altered/Altered-Hard/186__M_Right_little_finger_Obl.BMP
test,1,Easy-Obl,data/soco/socofing/train/Real/379__F_Right_thumb_finger.BMP,data/soco/socofing/train/Altered/Altered-Easy/379__F_Right_thumb_finger_Obl.BMP
test,1,Medium-Obl,data/soco/socofing/train/Real/274__M_Right_index_finger.BMP,data/soco/socofing/train/Altered/Altered-Medium/274__M_Right_index_finger_Obl.BMP
test,1,Hard-CR,data/soco/socofing/train/Real/48__F_Left_little_finger.BMP,data/soco/socofing/val/Altered/Altered-Hard/48__F_Left_little_finger_CR.BMP
test,1,Medium-Zcut,data/soco/socofing/train/Real/430__F_Left_thumb_finger.BMP,data/soco/socofing/train/Altered/Altered-Medium/430__F_Left_thumb_finger_Zcut.BMP
test,1,Easy-CR,data/soco/socofing/train/Real/74__F_Right_middle_finger.BMP,data/soco/socofing/train/Altered/Altered-Easy/74__F_Right_middle_finger_CR.BMP
test,1,Medium-Obl,data/soco/socofing/train/Real/563__M_Left_little_finger.BMP,data/soco/socofing/train/Altered/Altered-Medium/563__M_Left_little_finger_Obl.BMP
test,1,Easy-Obl,data/soco/socofing/train/Real/428__M_Right_ring_finger.BMP,data/soco/socofing/test/Altered/Altered-Easy/428__M_Right_ring_finger_Obl.BMP
test,1,Medium-Zcut,data/soco/socofing/train/Real/282__M_Left_middle_finger.BMP,data/soco/socofing/test/Altered/Altered-Medium/282__M_Left_middle_finger_Zcut.BMP
test,1,Medium-CR,data/soco/socofing/train/Real/148__M_Right_index_finger.BMP,data/soco/socofing/train/Altered/Altered-Medium/148__M_Right_index_finger_CR.BMP
test,1,Easy-Obl,data/soco/socofing/train/Real/350__M_Right_little_finger.BMP,data/soco/socofing/train/Altered/Altered-Easy/350__M_Right_little_finger_Obl.BMP
test,1,Easy-Zcut,data/soco/socofing/train/Real/350__M_Left_thumb_finger.BMP,data/soco/socofing/train/Altered/Altered-Easy/350__M_Left_thumb_finger_Zcut.BMP
test,1,Medium-Obl,data/soco/socofing/train/Real/133__M_Right_thumb_finger.BMP,data/soco/socofing/test/Altered/Altered-Medium/133__M_Right_thumb_finger_Obl.BMP
test,1,Easy-CR,data/soco/socofing/train/Real/365__M_Left_thumb_finger.BMP,data/soco/socofing/train/Altered/Altered-Easy/365__M_Left_thumb_finger_CR.BMP
test,1,Hard-Zcut,data/soco/socofing/test/Real/7__M_Right_middle_finger.BMP,data/soco/socofing/val/Altered/Altered-Hard/7__M_Right_middle_finger_Zcut.BMP
test,1,Hard-CR,data/soco/socofing/train/Real/517__M_Left_little_finger.BMP,data/soco/socofing/train/Altered/Altered-Hard/517__M_Left_little_finger_CR.BMP
test,1,Easy-CR,data/soco/socofing/train/Real/352__M_Right_ring_finger.BMP,data/soco/socofing/train/Altered/Altered-Easy/352__M_Right_ring_finger_CR.BMP
test,1,Easy-Obl,data/soco/socofing/train/Real/426__M_Left_index_finger.BMP,data/soco/socofing/train/Altered/Altered-Easy/426__M_Left_index_finger_Obl.BMP
test,1,Medium-CR,data/soco/socofing/train/Real/313__M_Right_little_finger.BMP,data/soco/socofing/train/Altered/Altered-Medium/313__M_Right_little_finger_CR.BMP
test,1,Hard-Obl,data/soco/socofing/train/Real/91__F_Right_ring_finger.BMP,data/soco/socofing/val/Altered/Altered-Hard/91__F_Right_ring_finger_Obl.BMP
test,1,Hard-Obl,data/soco/socofing/train/Real/54__M_Left_index_finger.BMP,data/soco/socofing/train/Altered/Altered-Hard/54__M_Left_index_finger_Obl.BMP
test,1,Medium-Zcut,data/soco/socofing/train/Real/117__F_Right_ring_finger.BMP,data/soco/socofing/train/Altered/Altered-Medium/117__F_Right_ring_finger_Zcut.BMP
test,1,Easy-Obl,data/soco/socofing/train/Real/35__M_Right_thumb_finger.BMP,data/soco/socofing/train/Altered/Altered-Easy/35__M_Right_thumb_finger_Obl.BMP
test,1,Easy-Zcut,data/soco/socofing/test/Real/338__M_Right_thumb_finger.BMP,data/soco/socofing/test/Altered/Altered-Easy/338__M_Right_thumb_finger_Zcut.BMP
test,1,Hard-CR,data/soco/socofing/train/Real/322__M_Left_ring_finger.BMP,data/soco/socofing/train/Altered/Altered-Hard/322__M_Left_ring_finger_CR.BMP
test,1,Medium-Obl,data/soco/socofing/train/Real/390__F_Left_little_finger.BMP,data/soco/socofing/train/Altered/Altered-Medium/390__F_Left_little_finger_Obl.BMP
test,1,Easy-CR,data/soco/socofing/train/Real/471__M_Left_little_finger.BMP,data/soco/socofing/train/Altered/Altered-Easy/471__M_Left_little_finger_CR.BMP
test,1,Hard-Obl,data/soco/socofing/train/Real/67__F_Left_index_finger.BMP,data/soco/socofing/val/Altered/Altered-Hard/67__F_Left_index_finger_Obl.BMP
test,1,Easy-Zcut,data/soco/socofing/test/Real/380__M_Left_thumb_finger.BMP,data/soco/socofing/train/Altered/Altered-Easy/380__M_Left_thumb_finger_Zcut.BMP
test,1,Easy-Obl,data/soco/socofing/val/Real/287__M_Right_ring_finger.BMP,data/soco/socofing/test/Altered/Altered-Easy/287__M_Right_ring_finger_Obl.BMP
test,1,Easy-Zcut,data/soco/socofing/val/Real/277__M_Right_thumb_finger.BMP,data/soco/socofing/train/Altered/Altered-Easy/277__M_Right_thumb_finger_Zcut.BMP
test,1,Easy-Obl,data/soco/socofing/train/Real/506__M_Left_index_finger.BMP,data/soco/socofing/train/Altered/Altered-Easy/506__M_Left_index_finger_Obl.BMP
test,1,Medium-CR,data/soco/socofing/val/Real/137__M_Left_little_finger.BMP,data/soco/socofing/train/Altered/Altered-Medium/137__M_Left_little_finger_CR.BMP
test,1,Easy-Obl,data/soco/socofing/train/Real/112__M_Left_ring_finger.BMP,data/soco/socofing/train/Altered/Altered-Easy/112__M_Left_ring_finger_Obl.BMP
test,1,Easy-Obl,data/soco/socofing/train/Real/379__F_Left_thumb_finger.BMP,data/soco/socofing/val/Altered/Altered-Easy/379__F_Left_thumb_finger_Obl.BMP
test,1,Medium-Zcut,data/soco/socofing/test/Real/548__F_Right_little_finger.BMP,data/soco/socofing/train/Altered/Altered-Medium/548__F_Right_little_finger_Zcut.BMP
test,1,Medium-CR,data/soco/socofing/train/Real/350__M_Left_little_finger.BMP,data/soco/socofing/test/Altered/Altered-Medium/350__M_Left_little_finger_CR.BMP
test,1,Easy-Zcut,data/soco/socofing/train/Real/155__M_Left_thumb_finger.BMP,data/soco/socofing/test/Altered/Altered-Easy/155__M_Left_thumb_finger_Zcut.BMP
test,1,Hard-Obl,data/soco/socofing/train/Real/35__M_Right_middle_finger.BMP,data/soco/socofing/train/Altered/Altered-Hard/35__M_Right_middle_finger_Obl.BMP
test,1,Medium-Zcut,data/soco/socofing/val/Real/145__M_Left_ring_finger.BMP,data/soco/socofing/train/Altered/Altered-Medium/145__M_Left_ring_finger_Zcut.BMP
test,1,Easy-Zcut,data/soco/socofing/train/Real/316__M_Right_middle_finger.BMP,data/soco/socofing/train/Altered/Altered-Easy/316__M_Right_middle_finger_Zcut.BMP
test,1,Medium-CR,data/soco/socofing/train/Real/48__F_Right_little_finger.BMP,data/soco/socofing/train/Altered/Altered-Medium/48__F_Right_little_finger_CR.BMP
test,1,Medium-CR,data/soco/socofing/train/Real/307__M_Right_thumb_finger.BMP,data/soco/socofing/train/Altered/Altered-Medium/307__M_Right_thumb_finger_CR.BMP
test,1,Medium-Zcut,data/soco/socofing/train/Real/220__F_Left_index_finger.BMP,data/soco/socofing/train/Altered/Altered-Medium/220__F_Left_index_finger_Zcut.BMP
test,1,Hard-CR,data/soco/socofing/train/Real/264__M_Left_little_finger.BMP,data/soco/socofing/val/Altered/Altered-Hard/264__M_Left_little_finger_CR.BMP
test,1,Hard-Obl,data/soco/socofing/test/Real/83__M_Left_ring_finger.BMP,data/soco/socofing/test/Altered/Altered-Hard/83__M_Left_ring_finger_Obl.BMP
test,1,Medium-Zcut,data/soco/socofing/train/Real/202__M_Left_little_finger.BMP,data/soco/socofing/test/Altered/Altered-Medium/202__M_Left_little_finger_Zcut.BMP
test,1,Hard-Zcut,data/soco/socofing/train/Real/383__M_Right_ring_finger.BMP,data/soco/socofing/train/Altered/Altered-Hard/383__M_Right_ring_finger_Zcut.BMP
test,1,Easy-Obl,data/soco/socofing/train/Real/325__M_Right_middle_finger.BMP,data/soco/socofing/val/Altered/Altered-Easy/325__M_Right_middle_finger_Obl.BMP
test,1,Medium-CR,data/soco/socofing/train/Real/543__M_Right_middle_finger.BMP,data/soco/socofing/train/Altered/Altered-Medium/543__M_Right_middle_finger_CR.BMP
test,1,Medium-Obl,data/soco/socofing/train/Real/255__M_Left_thumb_finger.BMP,data/soco/socofing/train/Altered/Altered-Medium/255__M_Left_thumb_finger_Obl.BMP
test,1,Medium-Obl,data/soco/socofing/train/Real/80__M_Right_ring_finger.BMP,data/soco/socofing/train/Altered/Altered-Medium/80__M_Right_ring_finger_Obl.BMP
test,1,Medium-Zcut,data/soco/socofing/train/Real/169__F_Left_index_finger.BMP,data/soco/socofing/train/Altered/Altered-Medium/169__F_Left_index_finger_Zcut.BMP
test,1,Hard-Obl,data/soco/socofing/val/Real/498__M_Right_ring_finger.BMP,data/soco/socofing/train/Altered/Altered-Hard/498__M_Right_ring_finger_Obl.BMP
test,1,Easy-CR,data/soco/socofing/train/Real/135__F_Right_thumb_finger.BMP,data/soco/socofing/train/Altered/Altered-Easy/135__F_Right_thumb_finger_CR.BMP
test,0,impostor,data/soco/socofing/train/Real/322__M_Right_thumb_finger.BMP,data/soco/socofing/train/Real/544__M_Right_thumb_finger.BMP
test,0,impostor,data/soco/socofing/test/Real/164__M_Left_little_finger.BMP,data/soco/socofing/train/Real/549__M_Left_little_finger.BMP
test,0,impostor,data/soco/socofing/train/Real/107__M_Left_thumb_finger.BMP,data/soco/socofing/val/Real/179__M_Left_thumb_finger.BMP
test,0,impostor,data/soco/socofing/test/Real/326__M_Left_index_finger.BMP,data/soco/socofing/train/Real/292__M_Left_index_finger.BMP
test,0,impostor,data/soco/socofing/val/Real/120__M_Left_index_finger.BMP,data/soco/socofing/train/Real/44__M_Left_index_finger.BMP
test,0,impostor,data/soco/socofing/train/Real/352__M_Right_middle_finger.BMP,data/soco/socofing/train/Real/345__M_Right_middle_finger.BMP
test,0,impostor,data/soco/socofing/train/Real/477__M_Right_index_finger.BMP,data/soco/socofing/test/Real/384__F_Right_index_finger.BMP
test,0,impostor,data/soco/socofing/train/Real/27__M_Right_index_finger.BMP,data/soco/socofing/test/Real/322__M_Right_index_finger.BMP
test,0,impostor,data/soco/socofing/test/Real/153__M_Left_index_finger.BMP,data/soco/socofing/train/Real/359__M_Left_index_finger.BMP
test,0,impostor,data/soco/socofing/train/Real/361__M_Right_ring_finger.BMP,data/soco/socofing/train/Real/365__M_Right_ring_finger.BMP
test,0,impostor,data/soco/socofing/train/Real/330__M_Left_middle_finger.BMP,data/soco/socofing/test/Real/487__M_Left_middle_finger.BMP
test,0,impostor,data/soco/socofing/train/Real/470__F_Right_middle_finger.BMP,data/soco/socofing/train/Real/568__M_Right_middle_finger.BMP
test,0,impostor,data/soco/socofing/test/Real/491__M_Left_thumb_finger.BMP,data/soco/socofing/train/Real/89__M_Left_thumb_finger.BMP
test,0,impostor,data/soco/socofing/train/Real/14__M_Right_thumb_finger.BMP,data/soco/socofing/val/Real/505__M_Right_thumb_finger.BMP
test,0,impostor,data/soco/socofing/train/Real/453__F_Left_thumb_finger.BMP,data/soco/socofing/train/Real/60__M_Left_thumb_finger.BMP
test,0,impostor,data/soco/socofing/train/Real/245__M_Right_index_finger.BMP,data/soco/socofing/train/Real/596__M_Right_index_finger.BMP
test,0,impostor,data/soco/socofing/train/Real/52__M_Right_little_finger.BMP,data/soco/socofing/test/Real/35__M_Right_little_finger.BMP
test,0,impostor,data/soco/socofing/test/Real/487__M_Left_middle_finger.BMP,data/soco/socofing/train/Real/410__M_Left_middle_finger.BMP
test,0,impostor,data/soco/socofing/train/Real/568__M_Right_middle_finger.BMP,data/soco/socofing/train/Real/136__F_Right_middle_finger.BMP
test,0,impostor,data/soco/socofing/train/Real/201__F_Right_index_finger.BMP,data/soco/socofing/train/Real/382__M_Right_index_finger.BMP
test,0,impostor,data/soco/socofing/train/Real/136__F_Left_index_finger.BMP,data/soco/socofing/train/Real/41__M_Left_index_finger.BMP
test,0,impostor,data/soco/socofing/test/Real/3__M_Right_little_finger.BMP,data/soco/socofing/train/Real/409__M_Right_little_finger.BMP
test,0,impostor,data/soco/socofing/train/Real/63__M_Left_little_finger.BMP,data/soco/socofing/val/Real/596__M_Left_little_finger.BMP
test,0,impostor,data/soco/socofing/train/Real/504__M_Left_index_finger.BMP,data/soco/socofing/train/Real/250__F_Left_index_finger.BMP
test,0,impostor,data/soco/socofing/train/Real/511__M_Left_ring_finger.BMP,data/soco/socofing/train/Real/409__M_Left_ring_finger.BMP
test,0,impostor,data/soco/socofing/train/Real/533__M_Left_ring_finger.BMP,data/soco/socofing/train/Real/275__F_Left_ring_finger.BMP
test,0,impostor,data/soco/socofing/train/Real/468__F_Left_index_finger.BMP,data/soco/socofing/train/Real/525__M_Left_index_finger.BMP
test,0,impostor,data/soco/socofing/train/Real/62__M_Right_ring_finger.BMP,data/soco/socofing/train/Real/246__M_Right_ring_finger.BMP
test,0,impostor,data/soco/socofing/train/Real/394__M_Right_thumb_finger.BMP,data/soco/socofing/val/Real/407__M_Right_thumb_finger.BMP
test,0,impostor,data/soco/socofing/train/Real/491__M_Right_ring_finger.BMP,data/soco/socofing/train/Real/424__M_Right_ring_finger.BMP
test,0,impostor,data/soco/socofing/train/Real/351__M_Left_ring_finger.BMP,data/soco/socofing/train/Real/432__M_Left_ring_finger.BMP
test,0,impostor,data/soco/socofing/train/Real/417__M_Left_thumb_finger.BMP,data/soco/socofing/train/Real/394__M_Left_thumb_finger.BMP
test,0,impostor,data/soco/socofing/train/Real/347__M_Left_little_finger.BMP,data/soco/socofing/test/Real/7__M_Left_little_finger.BMP
test,0,impostor,data/soco/socofing/train/Real/113__M_Left_index_finger.BMP,data/soco/socofing/train/Real/351__M_Left_index_finger.BMP
test,0,impostor,data/soco/socofing/train/Real/87__M_Right_little_finger.BMP,data/soco/socofing/train/Real/101__M_Right_little_finger.BMP
test,0,impostor,data/soco/socofing/train/Real/120__M_Right_ring_finger.BMP,data/soco/socofing/train/Real/3__M_Right_ring_finger.BMP
test,0,impostor,data/soco/socofing/train/Real/32__M_Left_thumb_finger.BMP,data/soco/socofing/test/Real/380__M_Left_thumb_finger.BMP
test,0,impostor,data/soco/socofing/train/Real/491__M_Right_little_finger.BMP,data/soco/socofing/val/Real/178__M_Right_little_finger.BMP
test,0,impostor,data/soco/socofing/train/Real/562__F_Left_thumb_finger.BMP,data/soco/socofing/train/Real/355__M_Left_thumb_finger.BMP
test,0,impostor,data/soco/socofing/val/Real/445__M_Right_ring_finger.BMP,data/soco/socofing/train/Real/133__M_Right_ring_finger.BMP
test,0,impostor,data/soco/socofing/train/Real/123__M_Left_little_finger.BMP,data/soco/socofing/train/Real/275__F_Left_little_finger.BMP
test,0,impostor,data/soco/socofing/train/Real/187__M_Left_ring_finger.BMP,data/soco/socofing/train/Real/221__M_Left_ring_finger.BMP
test,0,impostor,data/soco/socofing/val/Real/509__M_Left_ring_finger.BMP,data/soco/socofing/train/Real/143__M_Left_ring_finger.BMP
test,0,impostor,data/soco/socofing/train/Real/424__M_Right_index_finger.BMP,data/soco/socofing/train/Real/39__M_Right_index_finger.BMP
test,0,impostor,data/soco/socofing/train/Real/592__M_Right_thumb_finger.BMP,data/soco/socofing/train/Real/32__M_Right_thumb_finger.BMP
test,0,impostor,data/soco/socofing/train/Real/234__M_Left_index_finger.BMP,data/soco/socofing/train/Real/309__M_Left_index_finger.BMP
test,0,impostor,data/soco/socofing/train/Real/310__M_Right_index_finger.BMP,data/soco/socofing/train/Real/133__M_Right_index_finger.BMP
test,0,impostor,data/soco/socofing/train/Real/443__M_Left_ring_finger.BMP,data/soco/socofing/train/Real/221__M_Left_ring_finger.BMP
test,0,impostor,data/soco/socofing/val/Real/96__M_Left_thumb_finger.BMP,data/soco/socofing/test/Real/475__M_Left_thumb_finger.BMP
test,0,impostor,data/soco/socofing/train/Real/39__M_Right_thumb_finger.BMP,data/soco/socofing/train/Real/203__M_Right_thumb_finger.BMP
test,0,impostor,data/soco/socofing/train/Real/352__M_Left_thumb_finger.BMP,data/soco/socofing/train/Real/204__F_Left_thumb_finger.BMP
test,0,impostor,data/soco/socofing/train/Real/143__M_Right_ring_finger.BMP,data/soco/socofing/train/Real/100__M_Right_ring_finger.BMP
test,0,impostor,data/soco/socofing/train/Real/134__M_Left_thumb_finger.BMP,data/soco/socofing/val/Real/127__F_Left_thumb_finger.BMP
test,0,impostor,data/soco/socofing/val/Real/160__M_Right_index_finger.BMP,data/soco/socofing/val/Real/155__M_Right_index_finger.BMP
test,0,impostor,data/soco/socofing/train/Real/112__M_Left_index_finger.BMP,data/soco/socofing/test/Real/596__M_Left_index_finger.BMP
test,0,impostor,data/soco/socofing/train/Real/549__M_Left_index_finger.BMP,data/soco/socofing/train/Real/243__M_Left_index_finger.BMP
test,0,impostor,data/soco/socofing/train/Real/383__M_Left_little_finger.BMP,data/soco/socofing/train/Real/201__F_Left_little_finger.BMP
test,0,impostor,data/soco/socofing/train/Real/187__M_Right_ring_finger.BMP,data/soco/socofing/test/Real/203__M_Right_ring_finger.BMP
test,0,impostor,data/soco/socofing/train/Real/567__M_Right_thumb_finger.BMP,data/soco/socofing/train/Real/325__M_Right_thumb_finger.BMP
test,0,impostor,data/soco/socofing/train/Real/100__M_Left_middle_finger.BMP,data/soco/socofing/train/Real/485__M_Left_middle_finger.BMP
test,0,impostor,data/soco/socofing/train/Real/310__M_Left_little_finger.BMP,data/soco/socofing/train/Real/32__M_Left_little_finger.BMP
test,0,impostor,data/soco/socofing/test/Real/555__M_Left_middle_finger.BMP,data/soco/socofing/train/Real/559__M_Left_middle_finger.BMP
test,0,impostor,data/soco/socofing/train/Real/390__F_Left_middle_finger.BMP,data/soco/socofing/val/Real/482__M_Left_middle_finger.BMP
test,0,impostor,data/soco/socofing/train/Real/278__M_Right_index_finger.BMP,data/soco/socofing/train/Real/74__F_Right_index_finger.BMP
test,0,impostor,data/soco/socofing/train/Real/148__M_Left_ring_finger.BMP,data/soco/socofing/train/Real/471__M_Left_ring_finger.BMP
test,0,impostor,data/soco/socofing/train/Real/169__F_Left_little_finger.BMP,data/soco/socofing/train/Real/173__F_Left_little_finger.BMP
test,0,impostor,data/soco/socofing/train/Real/448__M_Right_little_finger.BMP,data/soco/socofing/train/Real/76__F_Right_little_finger.BMP
test,0,impostor,data/soco/socofing/train/Real/543__M_Left_middle_finger.BMP,data/soco/socofing/train/Real/215__M_Left_middle_finger.BMP
test,0,impostor,data/soco/socofing/train/Real/355__M_Right_ring_finger.BMP,data/soco/socofing/train/Real/3__M_Right_ring_finger.BMP
test,0,impostor,data/soco/socofing/train/Real/287__M_Left_ring_finger.BMP,data/soco/socofing/test/Real/50__M_Left_ring_finger.BMP
test,0,impostor,data/soco/socofing/train/Real/211__M_Right_little_finger.BMP,data/soco/socofing/train/Real/437__M_Right_little_finger.BMP
test,0,impostor,data/soco/socofing/train/Real/545__M_Right_ring_finger.BMP,data/soco/socofing/train/Real/113__M_Right_ring_finger.BMP
test,0,impostor,data/soco/socofing/train/Real/317__M_Right_index_finger.BMP,data/soco/socofing/test/Real/586__M_Right_index_finger.BMP
test,0,impostor,data/soco/socofing/train/Real/316__M_Right_little_finger.BMP,data/soco/socofing/val/Real/394__M_Right_little_finger.BMP
test,0,impostor,data/soco/socofing/train/Real/482__M_Right_index_finger.BMP,data/soco/socofing/train/Real/424__M_Right_index_finger.BMP
test,0,impostor,data/soco/socofing/train/Real/54__M_Left_thumb_finger.BMP,data/soco/socofing/train/Real/237__M_Left_thumb_finger.BMP
test,0,impostor,data/soco/socofing/train/Real/543__M_Right_index_finger.BMP,data/soco/socofing/train/Real/164__M_Right_index_finger.BMP
test,0,impostor,data/soco/socofing/train/Real/443__M_Left_thumb_finger.BMP,data/soco/socofing/train/Real/249__M_Left_thumb_finger.BMP
test,0,impostor,data/soco/socofing/train/Real/308__M_Left_index_finger.BMP,data/soco/socofing/train/Real/533__M_Left_index_finger.BMP
test,0,impostor,data/soco/socofing/test/Real/193__M_Left_middle_finger.BMP,data/soco/socofing/test/Real/490__M_Left_middle_finger.BMP
test,0,impostor,data/soco/socofing/train/Real/468__F_Left_ring_finger.BMP,data/soco/socofing/train/Real/31__F_Left_ring_finger.BMP
test,0,impostor,data/soco/socofing/train/Real/316__M_Right_ring_finger.BMP,data/soco/socofing/val/Real/15__F_Right_ring_finger.BMP
test,0,impostor,data/soco/socofing/train/Real/92__F_Left_ring_finger.BMP,data/soco/socofing/train/Real/545__M_Left_ring_finger.BMP
test,0,impostor,data/soco/socofing/train/Real/315__F_Right_middle_finger.BMP,data/soco/socofing/test/Real/101__M_Right_middle_finger.BMP
test,0,impostor,data/soco/socofing/train/Real/171__M_Left_ring_finger.BMP,data/soco/socofing/train/Real/206__M_Left_ring_finger.BMP
test,0,impostor,data/soco/socofing/train/Real/72__M_Left_index_finger.BMP,data/soco/socofing/train/Real/52__M_Left_index_finger.BMP
test,0,impostor,data/soco/socofing/train/Real/35__M_Left_ring_finger.BMP,data/soco/socofing/train/Real/41__M_Left_ring_finger.BMP
test,0,impostor,data/soco/socofing/val/Real/549__M_Left_thumb_finger.BMP,data/soco/socofing/train/Real/566__M_Left_thumb_finger.BMP
test,0,impostor,data/soco/socofing/train/Real/347__M_Right_index_finger.BMP,data/soco/socofing/train/Real/96__M_Right_index_finger.BMP
test,0,impostor,data/soco/socofing/train/Real/426__M_Right_index_finger.BMP,data/soco/socofing/train/Real/596__M_Right_index_finger.BMP
test,0,impostor,data/soco/socofing/train/Real/42__F_Right_little_finger.BMP,data/soco/socofing/train/Real/495__M_Right_little_finger.BMP
test,0,impostor,data/soco/socofing/train/Real/41__M_Right_index_finger.BMP,data/soco/socofing/test/Real/199__M_Right_index_finger.BMP
test,0,impostor,data/soco/socofing/train/Real/548__F_Right_index_finger.BMP,data/soco/socofing/train/Real/266__M_Right_index_finger.BMP
test,0,impostor,data/soco/socofing/train/Real/237__M_Left_thumb_finger.BMP,data/soco/socofing/train/Real/330__M_Left_thumb_finger.BMP
test,0,impostor,data/soco/socofing/test/Real/475__M_Left_thumb_finger.BMP,data/soco/socofing/val/Real/52__M_Left_thumb_finger.BMP
test,0,impostor,data/soco/socofing/train/Real/307__M_Right_middle_finger.BMP,data/soco/socofing/train/Real/60__M_Right_middle_finger.BMP
test,0,impostor,data/soco/socofing/train/Real/409__M_Left_middle_finger.BMP,data/soco/socofing/train/Real/41__M_Left_middle_finger.BMP
test,0,impostor,data/soco/socofing/train/Real/51__M_Right_middle_finger.BMP,data/soco/socofing/val/Real/488__M_Right_middle_finger.BMP
test,0,impostor,data/soco/socofing/train/Real/123__M_Right_thumb_finger.BMP,data/soco/socofing/train/Real/388__F_Right_thumb_finger.BMP
test,0,impostor,data/soco/socofing/train/Real/485__M_Left_thumb_finger.BMP,data/soco/socofing/train/Real/338__M_Left_thumb_finger.BMP
test,0,impostor,data/soco/socofing/train/Real/525__M_Left_index_finger.BMP,data/soco/socofing/train/Real/471__M_Left_index_finger.BMP
test,0,impostor,data/soco/socofing/train/Real/426__M_Left_thumb_finger.BMP,data/soco/socofing/train/Real/307__M_Left_thumb_finger.BMP
test,0,impostor,data/soco/socofing/val/Real/313__M_Left_thumb_finger.BMP,data/soco/socofing/train/Real/349__M_Left_thumb_finger.BMP
test,0,impostor,data/soco/socofing/train/Real/477__M_Left_index_finger.BMP,data/soco/socofing/train/Real/291__M_Left_index_finger.BMP
test,0,impostor,data/soco/socofing/val/Real/160__M_Left_index_finger.BMP,data/soco/socofing/train/Real/549__M_Left_index_finger.BMP
test,0,impostor,data/soco/socofing/train/Real/371__M_Right_ring_finger.BMP,data/soco/socofing/train/Real/27__M_Right_ring_finger.BMP
test,0,impostor,data/soco/socofing/train/Real/112__M_Right_middle_finger.BMP,data/soco/socofing/train/Real/320__M_Right_middle_finger.BMP
test,0,impostor,data/soco/socofing/train/Real/453__F_Left_index_finger.BMP,data/soco/socofing/train/Real/91__F_Left_index_finger.BMP
test,0,impostor,data/soco/socofing/train/Real/91__F_Right_little_finger.BMP,data/soco/socofing/train/Real/31__F_Right_little_finger.BMP
test,0,impostor,data/soco/socofing/train/Real/568__M_Right_middle_finger.BMP,data/soco/socofing/train/Real/238__M_Right_middle_finger.BMP
test,0,impostor,data/soco/socofing/test/Real/255__M_Right_little_finger.BMP,data/soco/socofing/train/Real/429__M_Right_little_finger.BMP
test,0,impostor,data/soco/socofing/test/Real/586__M_Right_index_finger.BMP,data/soco/socofing/train/Real/375__M_Right_index_finger.BMP
test,0,impostor,data/soco/socofing/val/Real/534__F_Left_ring_finger.BMP,data/soco/socofing/train/Real/505__M_Left_ring_finger.BMP
test,0,impostor,data/soco/socofing/val/Real/571__F_Left_index_finger.BMP,data/soco/socofing/train/Real/3__M_Left_index_finger.BMP
test,0,impostor,data/soco/socofing/train/Real/555__M_Left_thumb_finger.BMP,data/soco/socofing/train/Real/517__M_Left_thumb_finger.BMP
test,0,impostor,data/soco/socofing/val/Real/241__M_Left_little_finger.BMP,data/soco/socofing/train/Real/171__M_Left_little_finger.BMP
test,0,impostor,data/soco/socofing/train/Real/52__M_Left_index_finger.BMP,data/soco/socofing/val/Real/63__M_Left_index_finger.BMP
test,0,impostor,data/soco/socofing/train/Real/97__M_Left_thumb_finger.BMP,data/soco/socofing/train/Real/48__F_Left_thumb_finger.BMP
test,0,impostor,data/soco/socofing/train/Real/75__F_Left_thumb_finger.BMP,data/soco/socofing/train/Real/266__M_Left_thumb_finger.BMP
test,0,impostor,data/soco/socofing/train/Real/523__F_Right_ring_finger.BMP,data/soco/socofing/train/Real/507__M_Right_ring_finger.BMP
test,0,impostor,data/soco/socofing/train/Real/48__F_Right_middle_finger.BMP,data/soco/socofing/train/Real/318__F_Right_middle_finger.BMP
test,0,impostor,data/soco/socofing/train/Real/349__M_Right_ring_finger.BMP,data/soco/socofing/train/Real/365__M_Right_ring_finger.BMP
test,0,impostor,data/soco/socofing/test/Real/501__M_Left_index_finger.BMP,data/soco/socofing/train/Real/242__M_Left_index_finger.BMP
test,0,impostor,data/soco/socofing/val/Real/266__M_Right_little_finger.BMP,data/soco/socofing/train/Real/42__F_Right_little_finger.BMP
test,0,impostor,data/soco/socofing/test/Real/83__M_Right_index_finger.BMP,data/soco/socofing/train/Real/344__M_Right_index_finger.BMP
test,0,impostor,data/soco/socofing/train/Real/119__F_Right_middle_finger.BMP,data/soco/socofing/train/Real/48__F_Right_middle_finger.BMP
test,0,impostor,data/soco/socofing/train/Real/435__F_Right_ring_finger.BMP,data/soco/socofing/train/Real/186__M_Right_ring_finger.BMP
test,0,impostor,data/soco/socofing/train/Real/556__F_Right_middle_finger.BMP,data/soco/socofing/train/Real/117__F_Right_middle_finger.BMP
test,0,impostor,data/soco/socofing/train/Real/87__M_Left_thumb_finger.BMP,data/soco/socofing/train/Real/291__M_Left_thumb_finger.BMP
test,0,impostor,data/soco/socofing/val/Real/179__M_Left_thumb_finger.BMP,data/soco/socofing/train/Real/487__M_Left_thumb_finger.BMP
test,0,impostor,data/soco/socofing/train/Real/302__M_Left_thumb_finger.BMP,data/soco/socofing/train/Real/361__M_Left_thumb_finger.BMP
test,0,impostor,data/soco/socofing/train/Real/568__M_Right_middle_finger.BMP,data/soco/socofing/train/Real/338__M_Right_middle_finger.BMP
test,0,impostor,data/soco/socofing/train/Real/135__F_Left_ring_finger.BMP,data/soco/socofing/train/Real/82__M_Left_ring_finger.BMP
test,0,impostor,data/soco/socofing/train/Real/48__F_Right_middle_finger.BMP,data/soco/socofing/test/Real/354__M_Right_middle_finger.BMP
test,0,impostor,data/soco/socofing/test/Real/491__M_Left_ring_finger.BMP,data/soco/socofing/val/Real/248__M_Left_ring_finger.BMP
test,0,impostor,data/soco/socofing/train/Real/145__M_Left_little_finger.BMP,data/soco/socofing/train/Real/64__M_Left_little_finger.BMP
test,0,impostor,data/soco/socofing/train/Real/279__M_Left_index_finger.BMP,data/soco/socofing/train/Real/553__M_Left_index_finger.BMP
test,0,impostor,data/soco/socofing/train/Real/531__M_Left_ring_finger.BMP,data/soco/socofing/train/Real/237__M_Left_ring_finger.BMP
test,0,impostor,data/soco/socofing/train/Real/72__M_Left_index_finger.BMP,data/soco/socofing/train/Real/96__M_Left_index_finger.BMP
test,0,impostor,data/soco/socofing/train/Real/478__M_Left_thumb_finger.BMP,data/soco/socofing/train/Real/160__M_Left_thumb_finger.BMP
test,0,impostor,data/soco/socofing/test/Real/322__M_Left_index_finger.BMP,data/soco/socofing/train/Real/188__M_Left_index_finger.BMP
test,0,impostor,data/soco/socofing/train/Real/133__M_Left_index_finger.BMP,data/soco/socofing/val/Real/87__M_Left_index_finger.BMP
test,0,impostor,data/soco/socofing/train/Real/215__M_Left_index_finger.BMP,data/soco/socofing/train/Real/417__M_Left_index_finger.BMP
test,0,impostor,data/soco/socofing/train/Real/392__M_Right_index_finger.BMP,data/soco/socofing/val/Real/32__M_Right_index_finger.BMP
test,0,impostor,data/soco/socofing/train/Real/89__M_Right_little_finger.BMP,data/soco/socofing/train/Real/472__M_Right_little_finger.BMP
test,0,impostor,data/soco/socofing/train/Real/135__F_Right_little_finger.BMP,data/soco/socofing/train/Real/549__M_Right_little_finger.BMP
test,0,impostor,data/soco/socofing/train/Real/80__M_Left_ring_finger.BMP,data/soco/socofing/train/Real/221__M_Left_ring_finger.BMP
test,0,impostor,data/soco/socofing/train/Real/534__F_Left_middle_finger.BMP,data/soco/socofing/train/Real/64__M_Left_middle_finger.BMP
test,0,impostor,data/soco/socofing/train/Real/511__M_Left_thumb_finger.BMP,data/soco/socofing/test/Real/320__M_Left_thumb_finger.BMP
test,0,impostor,data/soco/socofing/train/Real/420__M_Left_index_finger.BMP,data/soco/socofing/train/Real/93__M_Left_index_finger.BMP
test,0,impostor,data/soco/socofing/train/Real/242__M_Right_little_finger.BMP,data/soco/socofing/train/Real/584__M_Right_little_finger.BMP
test,0,impostor,data/soco/socofing/train/Real/411__M_Left_index_finger.BMP,data/soco/socofing/val/Real/177__F_Left_index_finger.BMP
test,0,impostor,data/soco/socofing/train/Real/523__F_Left_thumb_finger.BMP,data/soco/socofing/train/Real/184__M_Left_thumb_finger.BMP
test,0,impostor,data/soco/socofing/train/Real/76__F_Left_thumb_finger.BMP,data/soco/socofing/train/Real/316__M_Left_thumb_finger.BMP
test,0,impostor,data/soco/socofing/train/Real/357__M_Right_index_finger.BMP,data/soco/socofing/train/Real/302__M_Right_index_finger.BMP
test,0,impostor,data/soco/socofing/train/Real/41__M_Left_index_finger.BMP,data/soco/socofing/test/Real/518__M_Left_index_finger.BMP
test,0,impostor,data/soco/socofing/train/Real/428__M_Right_index_finger.BMP,data/soco/socofing/train/Real/201__F_Right_index_finger.BMP
test,0,impostor,data/soco/socofing/train/Real/307__M_Left_thumb_finger.BMP,data/soco/socofing/val/Real/271__M_Left_thumb_finger.BMP
test,0,impostor,data/soco/socofing/train/Real/400__M_Right_index_finger.BMP,data/soco/socofing/train/Real/143__M_Right_index_finger.BMP
test,0,impostor,data/soco/socofing/train/Real/362__M_Left_thumb_finger.BMP,data/soco/socofing/train/Real/211__M_Left_thumb_finger.BMP
test,0,impostor,data/soco/socofing/train/Real/182__M_Left_little_finger.BMP,data/soco/socofing/train/Real/394__M_Left_little_finger.BMP
test,0,impostor,data/soco/socofing/train/Real/121__F_Left_little_finger.BMP,data/soco/socofing/train/Real/52__M_Left_little_finger.BMP
test,0,impostor,data/soco/socofing/train/Real/203__M_Right_little_finger.BMP,data/soco/socofing/train/Real/176__M_Right_little_finger.BMP
test,0,impostor,data/soco/socofing/train/Real/533__M_Left_middle_finger.BMP,data/soco/socofing/train/Real/271__M_Left_middle_finger.BMP
test,0,impostor,data/soco/socofing/train/Real/237__M_Right_middle_finger.BMP,data/soco/socofing/train/Real/292__M_Right_middle_finger.BMP
test,0,impostor,data/soco/socofing/train/Real/230__M_Left_little_finger.BMP,data/soco/socofing/train/Real/117__F_Left_little_finger.BMP
test,0,impostor,data/soco/socofing/train/Real/534__F_Right_index_finger.BMP,data/soco/socofing/train/Real/220__F_Right_index_finger.BMP
test,0,impostor,data/soco/socofing/train/Real/7__M_Left_ring_finger.BMP,data/soco/socofing/train/Real/78__F_Left_ring_finger.BMP
test,0,impostor,data/soco/socofing/train/Real/143__M_Left_little_finger.BMP,data/soco/socofing/val/Real/344__M_Left_little_finger.BMP
test,0,impostor,data/soco/socofing/val/Real/205__F_Right_index_finger.BMP,data/soco/socofing/train/Real/556__F_Right_index_finger.BMP
test,0,impostor,data/soco/socofing/train/Real/75__F_Left_index_finger.BMP,data/soco/socofing/train/Real/266__M_Left_index_finger.BMP
test,0,impostor,data/soco/socofing/train/Real/416__M_Right_middle_finger.BMP,data/soco/socofing/test/Real/349__M_Right_middle_finger.BMP
test,0,impostor,data/soco/socofing/train/Real/205__F_Right_middle_finger.BMP,data/soco/socofing/train/Real/457__M_Right_middle_finger.BMP
test,0,impostor,data/soco/socofing/train/Real/61__M_Right_ring_finger.BMP,data/soco/socofing/train/Real/250__F_Right_ring_finger.BMP
test,0,impostor,data/soco/socofing/train/Real/144__M_Right_middle_finger.BMP,data/soco/socofing/train/Real/456__M_Right_middle_finger.BMP
test,0,impostor,data/soco/socofing/test/Real/382__M_Right_little_finger.BMP,data/soco/socofing/train/Real/563__M_Right_little_finger.BMP
test,0,impostor,data/soco/socofing/train/Real/253__F_Right_index_finger.BMP,data/soco/socofing/train/Real/137__M_Right_index_finger.BMP
test,0,impostor,data/soco/socofing/test/Real/64__M_Right_ring_finger.BMP,data/soco/socofing/train/Real/28__M_Right_ring_finger.BMP
test,0,impostor,data/soco/socofing/train/Real/105__M_Left_middle_finger.BMP,data/soco/socofing/train/Real/495__M_Left_middle_finger.BMP
test,0,impostor,data/soco/socofing/train/Real/432__M_Right_middle_finger.BMP,data/soco/socofing/train/Real/420__M_Right_middle_finger.BMP
test,0,impostor,data/soco/socofing/train/Real/28__M_Left_thumb_finger.BMP,data/soco/socofing/train/Real/578__M_Left_thumb_finger.BMP
test,0,impostor,data/soco/socofing/train/Real/188__M_Right_index_finger.BMP,data/soco/socofing/train/Real/184__M_Right_index_finger.BMP
test,0,impostor,data/soco/socofing/train/Real/80__M_Right_middle_finger.BMP,data/soco/socofing/train/Real/245__M_Right_middle_finger.BMP
test,0,impostor,data/soco/socofing/train/Real/482__M_Left_little_finger.BMP,data/soco/socofing/train/Real/518__M_Left_little_finger.BMP
test,0,impostor,data/soco/socofing/train/Real/426__M_Right_little_finger.BMP,data/soco/socofing/train/Real/322__M_Right_little_finger.BMP
test,0,impostor,data/soco/socofing/train/Real/416__M_Right_ring_finger.BMP,data/soco/socofing/train/Real/60__M_Right_ring_finger.BMP
test,0,impostor,data/soco/socofing/test/Real/411__M_Right_ring_finger.BMP,data/soco/socofing/val/Real/466__F_Right_ring_finger.BMP
test,0,impostor,data/soco/socofing/val/Real/242__M_Right_middle_finger.BMP,data/soco/socofing/train/Real/27__M_Right_middle_finger.BMP
test,0,impostor,data/soco/socofing/train/Real/560__F_Right_ring_finger.BMP,data/soco/socofing/train/Real/407__M_Right_ring_finger.BMP
test,0,impostor,data/soco/socofing/train/Real/203__M_Left_thumb_finger.BMP,data/soco/socofing/train/Real/97__M_Left_thumb_finger.BMP
test,0,impostor,data/soco/socofing/train/Real/440__M_Left_middle_finger.BMP,data/soco/socofing/train/Real/52__M_Left_middle_finger.BMP
test,0,impostor,data/soco/socofing/test/Real/565__M_Right_thumb_finger.BMP,data/soco/socofing/train/Real/440__M_Right_thumb_finger.BMP
test,0,impostor,data/soco/socofing/val/Real/297__M_Right_little_finger.BMP,data/soco/socofing/train/Real/437__M_Right_little_finger.BMP
test,0,impostor,data/soco/socofing/train/Real/297__M_Right_ring_finger.BMP,data/soco/socofing/train/Real/96__M_Right_ring_finger.BMP
test,0,impostor,data/soco/socofing/val/Real/531__M_Left_thumb_finger.BMP,data/soco/socofing/train/Real/316__M_Left_thumb_finger.BMP
test,0,impostor,data/soco/socofing/train/Real/392__M_Right_thumb_finger.BMP,data/soco/socofing/train/Real/237__M_Right_thumb_finger.BMP
test,0,impostor,data/soco/socofing/train/Real/201__F_Right_ring_finger.BMP,data/soco/socofing/test/Real/203__M_Right_ring_finger.BMP
test,0,impostor,data/soco/socofing/train/Real/317__M_Left_index_finger.BMP,data/soco/socofing/val/Real/92__F_Left_index_finger.BMP
test,0,impostor,data/soco/socofing/train/Real/103__F_Left_ring_finger.BMP,data/soco/socofing/train/Real/390__F_Left_ring_finger.BMP
test,0,impostor,data/soco/socofing/train/Real/179__M_Left_little_finger.BMP,data/soco/socofing/train/Real/205__F_Left_little_finger.BMP
test,0,impostor,data/soco/socofing/train/Real/50__M_Left_thumb_finger.BMP,data/soco/socofing/train/Real/361__M_Left_thumb_finger.BMP
test,0,impostor,data/soco/socofing/train/Real/176__M_Left_middle_finger.BMP,data/soco/socofing/test/Real/362__M_Left_middle_finger.BMP
test,0,impostor,data/soco/socofing/val/Real/447__M_Right_index_finger.BMP,data/soco/socofing/train/Real/396__M_Right_index_finger.BMP
test,0,impostor,data/soco/socofing/train/Real/119__F_Left_little_finger.BMP,data/soco/socofing/train/Real/482__M_Left_little_finger.BMP
test,0,impostor,data/soco/socofing/train/Real/184__M_Left_ring_finger.BMP,data/soco/socofing/train/Real/325__M_Left_ring_finger.BMP
test,0,impostor,data/soco/socofing/test/Real/175__M_Right_middle_finger.BMP,data/soco/socofing/train/Real/277__M_Right_middle_finger.BMP
test,0,impostor,data/soco/socofing/train/Real/51__M_Right_thumb_finger.BMP,data/soco/socofing/train/Real/382__M_Right_thumb_finger.BMP
test,0,impostor,data/soco/socofing/test/Real/176__M_Right_thumb_finger.BMP,data/soco/socofing/train/Real/295__M_Right_thumb_finger.BMP
test,0,impostor,data/soco/socofing/train/Real/403__M_Right_little_finger.BMP,data/soco/socofing/train/Real/93__M_Right_little_finger.BMP
test,0,impostor,data/soco/socofing/train/Real/435__F_Left_index_finger.BMP,data/soco/socofing/train/Real/409__M_Left_index_finger.BMP
test,0,impostor,data/soco/socofing/val/Real/320__M_Right_index_finger.BMP,data/soco/socofing/test/Real/229__M_Right_index_finger.BMP
test,0,impostor,data/soco/socofing/train/Real/15__F_Left_middle_finger.BMP,data/soco/socofing/train/Real/54__M_Left_middle_finger.BMP
test,0,impostor,data/soco/socofing/train/Real/443__M_Right_middle_finger.BMP,data/soco/socofing/train/Real/87__M_Right_middle_finger.BMP
test,0,impostor,data/soco/socofing/val/Real/43__F_Right_little_finger.BMP,data/soco/socofing/train/Real/496__M_Right_little_finger.BMP
test,0,impostor,data/soco/socofing/train/Real/37__M_Left_thumb_finger.BMP,data/soco/socofing/train/Real/308__M_Left_thumb_finger.BMP
test,0,impostor,data/soco/socofing/train/Real/42__F_Left_thumb_finger.BMP,data/soco/socofing/train/Real/54__M_Left_thumb_finger.BMP
test,0,impostor,data/soco/socofing/val/Real/12__M_Right_thumb_finger.BMP,data/soco/socofing/train/Real/468__F_Right_thumb_finger.BMP
test,0,impostor,data/soco/socofing/train/Real/278__M_Right_little_finger.BMP,data/soco/socofing/train/Real/465__F_Right_little_finger.BMP
test,0,impostor,data/soco/socofing/test/Real/3__M_Right_thumb_finger.BMP,data/soco/socofing/train/Real/511__M_Right_thumb_finger.BMP
test,0,impostor,data/soco/socofing/train/Real/89__M_Left_thumb_finger.BMP,data/soco/socofing/train/Real/97__M_Left_thumb_finger.BMP
test,0,impostor,data/soco/socofing/train/Real/100__M_Right_ring_finger.BMP,data/soco/socofing/train/Real/403__M_Right_ring_finger.BMP
test,0,impostor,data/soco/socofing/train/Real/330__M_Right_middle_finger.BMP,data/soco/socofing/train/Real/206__M_Right_middle_finger.BMP
test,0,impostor,data/soco/socofing/train/Real/545__M_Left_index_finger.BMP,data/soco/socofing/train/Real/382__M_Left_index_finger.BMP
test,0,impostor,data/soco/socofing/train/Real/409__M_Left_little_finger.BMP,data/soco/socofing/train/Real/399__M_Left_little_finger.BMP
test,0,impostor,data/soco/socofing/train/Real/517__M_Left_middle_finger.BMP,data/soco/socofing/train/Real/399__M_Left_middle_finger.BMP
test,0,impostor,data/soco/socofing/train/Real/88__F_Right_little_finger.BMP,data/soco/socofing/train/Real/505__M_Right_little_finger.BMP
test,0,impostor,data/soco/socofing/train/Real/253__F_Right_little_finger.BMP,data/soco/socofing/train/Real/190__M_Right_little_finger.BMP
test,0,impostor,data/soco/socofing/train/Real/345__M_Right_ring_finger.BMP,data/soco/socofing/train/Real/352__M_Right_ring_finger.BMP
test,0,impostor,data/soco/socofing/train/Real/313__M_Right_ring_finger.BMP,data/soco/socofing/train/Real/320__M_Right_ring_finger.BMP
test,0,impostor,data/soco/socofing/train/Real/61__M_Right_middle_finger.BMP,data/soco/socofing/train/Real/344__M_Right_middle_finger.BMP
test,0,impostor,data/soco/socofing/train/Real/290__M_Left_middle_finger.BMP,data/soco/socofing/train/Real/50__M_Left_middle_finger.BMP
test,0,impostor,data/soco/socofing/train/Real/320__M_Left_little_finger.BMP,data/soco/socofing/val/Real/410__M_Left_little_finger.BMP
test,0,impostor,data/soco/socofing/train/Real/202__M_Right_little_finger.BMP,data/soco/socofing/train/Real/112__M_Right_little_finger.BMP
test,0,impostor,data/soco/socofing/train/Real/345__M_Right_little_finger.BMP,data/soco/socofing/train/Real/41__M_Right_little_finger.BMP
test,0,impostor,data/soco/socofing/train/Real/88__F_Right_middle_finger.BMP,data/soco/socofing/test/Real/123__M_Right_middle_finger.BMP
test,0,impostor,data/soco/socofing/test/Real/169__F_Right_thumb_finger.BMP,data/soco/socofing/train/Real/490__M_Right_thumb_finger.BMP
test,0,impostor,data/soco/socofing/train/Real/144__M_Left_thumb_finger.BMP,data/soco/socofing/train/Real/137__M_Left_thumb_finger.BMP
test,0,impostor,data/soco/socofing/train/Real/437__M_Right_little_finger.BMP,data/soco/socofing/train/Real/509__M_Right_little_finger.BMP
test,0,impostor,data/soco/socofing/test/Real/14__M_Left_middle_finger.BMP,data/soco/socofing/train/Real/399__M_Left_middle_finger.BMP
test,0,impostor,data/soco/socofing/train/Real/566__M_Left_thumb_finger.BMP,data/soco/socofing/train/Real/238__M_Left_thumb_finger.BMP
test,0,impostor,data/soco/socofing/train/Real/226__M_Right_thumb_finger.BMP,data/soco/socofing/train/Real/308__M_Right_thumb_finger.BMP
test,0,impostor,data/soco/socofing/train/Real/264__M_Right_middle_finger.BMP,data/soco/socofing/train/Real/83__M_Right_middle_finger.BMP
test,0,impostor,data/soco/socofing/val/Real/15__F_Right_ring_finger.BMP,data/soco/socofing/val/Real/498__M_Right_ring_finger.BMP
test,0,impostor,data/soco/socofing/train/Real/344__M_Left_middle_finger.BMP,data/soco/socofing/test/Real/243__M_Left_middle_finger.BMP
test,0,impostor,data/soco/socofing/train/Real/470__F_Right_index_finger.BMP,data/soco/socofing/train/Real/553__M_Right_index_finger.BMP
test,0,impostor,data/soco/socofing/train/Real/185__M_Right_index_finger.BMP,data/soco/socofing/train/Real/92__F_Right_index_finger.BMP
test,0,impostor,data/soco/socofing/train/Real/75__F_Right_thumb_finger.BMP,data/soco/socofing/train/Real/47__F_Right_thumb_finger.BMP
test,0,impostor,data/soco/socofing/val/Real/175__M_Left_middle_finger.BMP,data/soco/socofing/test/Real/487__M_Left_middle_finger.BMP
test,0,impostor,data/soco/socofing/train/Real/351__M_Left_index_finger.BMP,data/soco/socofing/train/Real/243__M_Left_index_finger.BMP
test,0,impostor,data/soco/socofing/test/Real/295__M_Right_middle_finger.BMP,data/soco/socofing/train/Real/490__M_Right_middle_finger.BMP
test,0,impostor,data/soco/socofing/train/Real/359__M_Right_middle_finger.BMP,data/soco/socofing/train/Real/470__F_Right_middle_finger.BMP
test,0,impostor,data/soco/socofing/train/Real/278__M_Right_index_finger.BMP,data/soco/socofing/train/Real/556__F_Right_index_finger.BMP
test,0,impostor,data/soco/socofing/test/Real/32__M_Left_middle_finger.BMP,data/soco/socofing/train/Real/264__M_Left_middle_finger.BMP
test,0,impostor,data/soco/socofing/train/Real/457__M_Left_index_finger.BMP,data/soco/socofing/train/Real/80__M_Left_index_finger.BMP
test,0,impostor,data/soco/socofing/train/Real/390__F_Left_little_finger.BMP,data/soco/socofing/train/Real/253__F_Left_little_finger.BMP
test,0,impostor,data/soco/socofing/train/Real/184__M_Left_thumb_finger.BMP,data/soco/socofing/train/Real/50__M_Left_thumb_finger.BMP
test,0,impostor,data/soco/socofing/train/Real/82__M_Right_little_finger.BMP,data/soco/socofing/train/Real/176__M_Right_little_finger.BMP
test,0,impostor,data/soco/socofing/train/Real/250__F_Left_thumb_finger.BMP,data/soco/socofing/train/Real/403__M_Left_thumb_finger.BMP
test,0,impostor,data/soco/socofing/train/Real/555__M_Left_ring_finger.BMP,data/soco/socofing/train/Real/243__M_Left_ring_finger.BMP
test,0,impostor,data/soco/socofing/train/Real/472__M_Right_index_finger.BMP,data/soco/socofing/train/Real/538__M_Right_index_finger.BMP
test,0,impostor,data/soco/socofing/train/Real/107__M_Right_middle_finger.BMP,data/soco/socofing/train/Real/247__M_Right_middle_finger.BMP
test,0,impostor,data/soco/socofing/train/Real/438__M_Right_little_finger.BMP,data/soco/socofing/val/Real/234__M_Right_little_finger.BMP
test,0,impostor,data/soco/socofing/train/Real/354__M_Left_middle_finger.BMP,data/soco/socofing/train/Real/523__F_Left_middle_finger.BMP
test,0,impostor,data/soco/socofing/train/Real/134__M_Left_ring_finger.BMP,data/soco/socofing/val/Real/534__F_Left_ring_finger.BMP
test,0,impostor,data/soco/socofing/train/Real/53__M_Left_little_finger.BMP,data/soco/socofing/train/Real/428__M_Left_little_finger.BMP
test,0,impostor,data/soco/socofing/train/Real/430__F_Right_little_finger.BMP,data/soco/socofing/train/Real/80__M_Right_little_finger.BMP
test,0,impostor,data/soco/socofing/train/Real/310__M_Left_middle_finger.BMP,data/soco/socofing/train/Real/7__M_Left_middle_finger.BMP
test,0,impostor,data/soco/socofing/train/Real/571__F_Left_thumb_finger.BMP,data/soco/socofing/train/Real/205__F_Left_thumb_finger.BMP
test,0,impostor,data/soco/socofing/test/Real/134__M_Right_index_finger.BMP,data/soco/socofing/train/Real/317__M_Right_index_finger.BMP
test,0,impostor,data/soco/socofing/train/Real/453__F_Left_index_finger.BMP,data/soco/socofing/train/Real/357__M_Left_index_finger.BMP
test,0,impostor,data/soco/socofing/test/Real/526__F_Right_thumb_finger.BMP,data/soco/socofing/train/Real/417__M_Right_thumb_finger.BMP
test,0,impostor,data/soco/socofing/train/Real/320__M_Right_thumb_finger.BMP,data/soco/socofing/train/Real/84__M_Right_thumb_finger.BMP
test,0,impostor,data/soco/socofing/train/Real/243__M_Right_thumb_finger.BMP,data/soco/socofing/val/Real/558__M_Right_thumb_finger.BMP
test,0,impostor,data/soco/socofing/train/Real/184__M_Left_ring_finger.BMP,data/soco/socofing/train/Real/204__F_Left_ring_finger.BMP
test,0,impostor,data/soco/socofing/train/Real/371__M_Right_thumb_finger.BMP,data/soco/socofing/train/Real/410__M_Right_thumb_finger.BMP
test,0,impostor,data/soco/socofing/train/Real/538__M_Right_ring_finger.BMP,data/soco/socofing/train/Real/80__M_Right_ring_finger.BMP
test,0,impostor,data/soco/socofing/train/Real/255__M_Right_thumb_finger.BMP,data/soco/socofing/train/Real/356__M_Right_thumb_finger.BMP
test,0,impostor,data/soco/socofing/test/Real/558__M_Left_middle_finger.BMP,data/soco/socofing/train/Real/523__F_Left_middle_finger.BMP
test,0,impostor,data/soco/socofing/train/Real/538__M_Left_middle_finger.BMP,data/soco/socofing/train/Real/375__M_Left_middle_finger.BMP
test,0,impostor,data/soco/socofing/train/Real/460__M_Left_little_finger.BMP,data/soco/socofing/train/Real/66__F_Left_little_finger.BMP
test,0,impostor,data/soco/socofing/train/Real/135__F_Right_thumb_finger.BMP,data/soco/socofing/train/Real/538__M_Right_thumb_finger.BMP
test,0,impostor,data/soco/socofing/train/Real/534__F_Left_index_finger.BMP,data/soco/socofing/train/Real/203__M_Left_index_finger.BMP
test,0,impostor,data/soco/socofing/test/Real/559__M_Right_ring_finger.BMP,data/soco/socofing/test/Real/531__M_Right_ring_finger.BMP
test,0,impostor,data/soco/socofing/train/Real/456__M_Right_ring_finger.BMP,data/soco/socofing/train/Real/43__F_Right_ring_finger.BMP
test,0,impostor,data/soco/socofing/val/Real/420__M_Right_index_finger.BMP,data/soco/socofing/train/Real/354__M_Right_index_finger.BMP
test,0,impostor,data/soco/socofing/val/Real/156__F_Left_middle_finger.BMP,data/soco/socofing/train/Real/596__M_Left_middle_finger.BMP
test,0,impostor,data/soco/socofing/train/Real/392__M_Right_middle_finger.BMP,data/soco/socofing/train/Real/556__F_Right_middle_finger.BMP
test,0,impostor,data/soco/socofing/val/Real/82__M_Right_index_finger.BMP,data/soco/socofing/train/Real/153__M_Right_index_finger.BMP
test,0,impostor,data/soco/socofing/train/Real/567__M_Right_index_finger.BMP,data/soco/socofing/train/Real/520__M_Right_index_finger.BMP
test,0,impostor,data/soco/socofing/train/Real/1__M_Left_middle_finger.BMP,data/soco/socofing/train/Real/307__M_Left_middle_finger.BMP
test,0,impostor,data/soco/socofing/train/Real/193__M_Left_little_finger.BMP,data/soco/socofing/train/Real/518__M_Left_little_finger.BMP
test,0,impostor,data/soco/socofing/train/Real/375__M_Left_thumb_finger.BMP,data/soco/socofing/test/Real/359__M_Left_thumb_finger.BMP
test,0,impostor,data/soco/socofing/train/Real/57__M_Right_ring_finger.BMP,data/soco/socofing/val/Real/457__M_Right_ring_finger.BMP
test,0,impostor,data/soco/socofing/val/Real/273__M_Left_middle_finger.BMP,data/soco/socofing/test/Real/220__F_Left_middle_finger.BMP
test,0,impostor,data/soco/socofing/train/Real/564__M_Right_middle_finger.BMP,data/soco/socofing/train/Real/490__M_Right_middle_finger.BMP
test,0,impostor,data/soco/socofing/train/Real/190__M_Left_middle_finger.BMP,data/soco/socofing/train/Real/184__M_Left_middle_finger.BMP
test,0,impostor,data/soco/socofing/train/Real/15__F_Left_thumb_finger.BMP,data/soco/socofing/train/Real/155__M_Left_thumb_finger.BMP
test,0,impostor,data/soco/socofing/train/Real/71__M_Right_little_finger.BMP,data/soco/socofing/test/Real/511__M_Right_little_finger.BMP
test,0,impostor,data/soco/socofing/train/Real/392__M_Left_little_finger.BMP,data/soco/socofing/train/Real/592__M_Left_little_finger.BMP
test,0,impostor,data/soco/socofing/train/Real/320__M_Right_middle_finger.BMP,data/soco/socofing/test/Real/156__F_Right_middle_finger.BMP
test,0,impostor,data/soco/socofing/train/Real/175__M_Right_thumb_finger.BMP,data/soco/socofing/train/Real/549__M_Right_thumb_finger.BMP
test,0,impostor,data/soco/socofing/train/Real/101__M_Left_thumb_finger.BMP,data/soco/socofing/test/Real/186__M_Left_thumb_finger.BMP
test,0,impostor,data/soco/socofing/test/Real/190__M_Left_little_finger.BMP,data/soco/socofing/val/Real/282__M_Left_little_finger.BMP
test,0,impostor,data/soco/socofing/train/Real/127__F_Right_middle_finger.BMP,data/soco/socofing/train/Real/475__M_Right_middle_finger.BMP
test,0,impostor,data/soco/socofing/val/Real/213__M_Left_little_finger.BMP,data/soco/socofing/train/Real/362__M_Left_little_finger.BMP
test,0,impostor,data/soco/socofing/train/Real/518__M_Left_ring_finger.BMP,data/soco/socofing/train/Real/290__M_Left_ring_finger.BMP
test,0,impostor,data/soco/socofing/train/Real/579__M_Left_middle_finger.BMP,data/soco/socofing/train/Real/472__M_Left_middle_finger.BMP
test,0,impostor,data/soco/socofing/train/Real/316__M_Left_little_finger.BMP,data/soco/socofing/train/Real/520__M_Left_little_finger.BMP
test,0,impostor,data/soco/socofing/test/Real/143__M_Right_thumb_finger.BMP,data/soco/socofing/train/Real/193__M_Right_thumb_finger.BMP
test,0,impostor,data/soco/socofing/train/Real/156__F_Right_ring_finger.BMP,data/soco/socofing/train/Real/48__F_Right_ring_finger.BMP
test,0,impostor,data/soco/socofing/train/Real/403__M_Left_little_finger.BMP,data/soco/socofing/train/Real/193__M_Left_little_finger.BMP
test,0,impostor,data/soco/socofing/train/Real/64__M_Left_little_finger.BMP,data/soco/socofing/train/Real/78__F_Left_little_finger.BMP
test,0,impostor,data/soco/socofing/train/Real/106__M_Left_ring_finger.BMP,data/soco/socofing/train/Real/37__M_Left_ring_finger.BMP
test,0,impostor,data/soco/socofing/train/Real/242__M_Left_index_finger.BMP,data/soco/socofing/test/Real/226__M_Left_index_finger.BMP
test,0,impostor,data/soco/socofing/train/Real/457__M_Right_middle_finger.BMP,data/soco/socofing/train/Real/533__M_Right_middle_finger.BMP
test,0,impostor,data/soco/socofing/val/Real/356__M_Left_index_finger.BMP,data/soco/socofing/train/Real/383__M_Left_index_finger.BMP
test,0,impostor,data/soco/socofing/train/Real/136__F_Right_thumb_finger.BMP,data/soco/socofing/train/Real/220__F_Right_thumb_finger.BMP
test,0,impostor,data/soco/socofing/train/Real/471__M_Right_ring_finger.BMP,data/soco/socofing/train/Real/205__F_Right_ring_finger.BMP
test,0,impostor,data/soco/socofing/test/Real/145__M_Right_little_finger.BMP,data/soco/socofing/train/Real/390__F_Right_little_finger.BMP
test,0,impostor,data/soco/socofing/train/Real/47__F_Right_little_finger.BMP,data/soco/socofing/train/Real/135__F_Right_little_finger.BMP
test,0,impostor,data/soco/socofing/train/Real/554__M_Right_little_finger.BMP,data/soco/socofing/train/Real/568__M_Right_little_finger.BMP
test,0,impostor,data/soco/socofing/train/Real/538__M_Right_little_finger.BMP,data/soco/socofing/train/Real/565__M_Right_little_finger.BMP
test,0,impostor,data/soco/socofing/train/Real/97__M_Right_little_finger.BMP,data/soco/socofing/train/Real/136__F_Right_little_finger.BMP
test,0,impostor,data/soco/socofing/train/Real/332__M_Left_thumb_finger.BMP,data/soco/socofing/train/Real/221__M_Left_thumb_finger.BMP
test,0,impostor,data/soco/socofing/train/Real/255__M_Left_thumb_finger.BMP,data/soco/socofing/val/Real/43__F_Left_thumb_finger.BMP
test,0,impostor,data/soco/socofing/train/Real/35__M_Left_middle_finger.BMP,data/soco/socofing/train/Real/563__M_Left_middle_finger.BMP
test,0,impostor,data/soco/socofing/test/Real/322__M_Right_index_finger.BMP,data/soco/socofing/train/Real/559__M_Right_index_finger.BMP
test,0,impostor,data/soco/socofing/train/Real/75__F_Right_thumb_finger.BMP,data/soco/socofing/train/Real/271__M_Right_thumb_finger.BMP
test,0,impostor,data/soco/socofing/train/Real/440__M_Right_thumb_finger.BMP,data/soco/socofing/train/Real/399__M_Right_thumb_finger.BMP
test,0,impostor,data/soco/socofing/val/Real/237__M_Right_little_finger.BMP,data/soco/socofing/val/Real/338__M_Right_little_finger.BMP
test,0,impostor,data/soco/socofing/val/Real/468__F_Right_little_finger.BMP,data/soco/socofing/train/Real/205__F_Right_little_finger.BMP
test,0,impostor,data/soco/socofing/train/Real/201__F_Left_ring_finger.BMP,data/soco/socofing/train/Real/555__M_Left_ring_finger.BMP
test,0,impostor,data/soco/socofing/val/Real/482__M_Left_middle_finger.BMP,data/soco/socofing/test/Real/220__F_Left_middle_finger.BMP
test,0,impostor,data/soco/socofing/train/Real/371__M_Right_index_finger.BMP,data/soco/socofing/test/Real/135__F_Right_index_finger.BMP
test,0,impostor,data/soco/socofing/train/Real/568__M_Left_index_finger.BMP,data/soco/socofing/train/Real/12__M_Left_index_finger.BMP
test,0,impostor,data/soco/socofing/train/Real/545__M_Right_middle_finger.BMP,data/soco/socofing/train/Real/310__M_Right_middle_finger.BMP
test,0,impostor,data/soco/socofing/train/Real/452__F_Left_thumb_finger.BMP,data/soco/socofing/train/Real/31__F_Left_thumb_finger.BMP
test,0,impostor,data/soco/socofing/train/Real/215__M_Right_little_finger.BMP,data/soco/socofing/val/Real/239__M_Right_little_finger.BMP
test,0,impostor,data/soco/socofing/train/Real/518__M_Right_middle_finger.BMP,data/soco/socofing/train/Real/314__M_Right_middle_finger.BMP
test,0,impostor,data/soco/socofing/train/Real/478__M_Right_little_finger.BMP,data/soco/socofing/val/Real/407__M_Right_little_finger.BMP
test,0,impostor,data/soco/socofing/test/Real/526__F_Left_ring_finger.BMP,data/soco/socofing/train/Real/205__F_Left_ring_finger.BMP
test,0,impostor,data/soco/socofing/train/Real/424__M_Right_ring_finger.BMP,data/soco/socofing/train/Real/429__M_Right_ring_finger.BMP
test,0,impostor,data/soco/socofing/train/Real/553__M_Left_middle_finger.BMP,data/soco/socofing/train/Real/215__M_Left_middle_finger.BMP
test,0,impostor,data/soco/socofing/train/Real/357__M_Left_little_finger.BMP,data/soco/socofing/train/Real/75__F_Left_little_finger.BMP
test,0,impostor,data/soco/socofing/train/Real/470__F_Left_little_finger.BMP,data/soco/socofing/train/Real/409__M_Left_little_finger.BMP
test,0,impostor,data/soco/socofing/train/Real/290__M_Left_thumb_finger.BMP,data/soco/socofing/train/Real/584__M_Left_thumb_finger.BMP
test,0,impostor,data/soco/socofing/train/Real/143__M_Right_middle_finger.BMP,data/soco/socofing/train/Real/501__M_Right_middle_finger.BMP
test,0,impostor,data/soco/socofing/train/Real/545__M_Left_middle_finger.BMP,data/soco/socofing/test/Real/213__M_Left_middle_finger.BMP
test,0,impostor,data/soco/socofing/train/Real/83__M_Right_middle_finger.BMP,data/soco/socofing/train/Real/457__M_Right_middle_finger.BMP
test,0,impostor,data/soco/socofing/train/Real/317__M_Left_index_finger.BMP,data/soco/socofing/train/Real/394__M_Left_index_finger.BMP
test,0,impostor,data/soco/socofing/train/Real/567__M_Right_ring_finger.BMP,data/soco/socofing/train/Real/204__F_Right_ring_finger.BMP
test,0,impostor,data/soco/socofing/train/Real/239__M_Right_middle_finger.BMP,data/soco/socofing/val/Real/424__M_Right_middle_finger.BMP
test,0,impostor,data/soco/socofing/train/Real/556__F_Left_little_finger.BMP,data/soco/socofing/train/Real/205__F_Left_little_finger.BMP
test,0,impostor,data/soco/socofing/train/Real/447__M_Left_index_finger.BMP,data/soco/socofing/train/Real/255__M_Left_index_finger.BMP
test,0,impostor,data/soco/socofing/test/Real/7__M_Left_little_finger.BMP,data/soco/socofing/train/Real/71__M_Left_little_finger.BMP
test,0,impostor,data/soco/socofing/train/Real/27__M_Right_ring_finger.BMP,data/soco/socofing/train/Real/534__F_Right_ring_finger.BMP
test,0,impostor,data/soco/socofing/train/Real/388__F_Right_little_finger.BMP,data/soco/socofing/train/Real/101__M_Right_little_finger.BMP
test,0,impostor,data/soco/socofing/val/Real/67__F_Left_thumb_finger.BMP,data/soco/socofing/train/Real/204__F_Left_thumb_finger.BMP
test,0,impostor,data/soco/socofing/train/Real/292__M_Left_thumb_finger.BMP,data/soco/socofing/test/Real/274__M_Left_thumb_finger.BMP
test,0,impostor,data/soco/socofing/train/Real/531__M_Left_ring_finger.BMP,data/soco/socofing/val/Real/349__M_Left_ring_finger.BMP
test,0,impostor,data/soco/socofing/val/Real/315__F_Right_index_finger.BMP,data/soco/socofing/train/Real/169__F_Right_index_finger.BMP
test,0,impostor,data/soco/socofing/train/Real/250__F_Right_little_finger.BMP,data/soco/socofing/val/Real/239__M_Right_little_finger.BMP
test,0,impostor,data/soco/socofing/train/Real/35__M_Right_middle_finger.BMP,data/soco/socofing/test/Real/250__F_Right_middle_finger.BMP
test,0,impostor,data/soco/socofing/train/Real/179__M_Right_middle_finger.BMP,data/soco/socofing/train/Real/28__M_Right_middle_finger.BMP
test,0,impostor,data/soco/socofing/train/Real/82__M_Left_index_finger.BMP,data/soco/socofing/train/Real/555__M_Left_index_finger.BMP
test,0,impostor,data/soco/socofing/train/Real/534__F_Left_thumb_finger.BMP,data/soco/socofing/test/Real/475__M_Left_thumb_finger.BMP
test,0,impostor,data/soco/socofing/train/Real/100__M_Right_index_finger.BMP,data/soco/socofing/train/Real/1__M_Right_index_finger.BMP
test,0,impostor,data/soco/socofing/train/Real/61__M_Left_little_finger.BMP,data/soco/socofing/train/Real/178__M_Left_little_finger.BMP
test,0,impostor,data/soco/socofing/val/Real/253__F_Left_thumb_finger.BMP,data/soco/socofing/train/Real/379__F_Left_thumb_finger.BMP
test,0,impostor,data/soco/socofing/train/Real/190__M_Left_index_finger.BMP,data/soco/socofing/train/Real/362__M_Left_index_finger.BMP
test,0,impostor,data/soco/socofing/train/Real/543__M_Right_little_finger.BMP,data/soco/socofing/train/Real/50__M_Right_little_finger.BMP
test,0,impostor,data/soco/socofing/train/Real/51__M_Right_middle_finger.BMP,data/soco/socofing/train/Real/501__M_Right_middle_finger.BMP
test,0,impostor,data/soco/socofing/train/Real/242__M_Left_thumb_finger.BMP,data/soco/socofing/train/Real/206__M_Left_thumb_finger.BMP
test,0,impostor,data/soco/socofing/train/Real/471__M_Left_little_finger.BMP,data/soco/socofing/test/Real/396__M_Left_little_finger.BMP
test,0,impostor,data/soco/socofing/train/Real/428__M_Right_thumb_finger.BMP,data/soco/socofing/train/Real/105__M_Right_thumb_finger.BMP
test,0,impostor,data/soco/socofing/val/Real/185__M_Left_thumb_finger.BMP,data/soco/socofing/test/Real/410__M_Left_thumb_finger.BMP
test,0,impostor,data/soco/socofing/test/Real/143__M_Right_thumb_finger.BMP,data/soco/socofing/val/Real/345__M_Right_thumb_finger.BMP
test,0,impostor,data/soco/socofing/train/Real/179__M_Right_index_finger.BMP,data/soco/socofing/train/Real/501__M_Right_index_finger.BMP
test,0,impostor,data/soco/socofing/train/Real/314__M_Right_thumb_finger.BMP,data/soco/socofing/train/Real/417__M_Right_thumb_finger.BMP
test,0,impostor,data/soco/socofing/test/Real/310__M_Left_thumb_finger.BMP,data/soco/socofing/train/Real/336__M_Left_thumb_finger.BMP
test,0,impostor,data/soco/socofing/test/Real/362__M_Left_middle_finger.BMP,data/soco/socofing/train/Real/292__M_Left_middle_finger.BMP
test,0,impostor,data/soco/socofing/train/Real/488__M_Left_little_finger.BMP,data/soco/socofing/train/Real/31__F_Left_little_finger.BMP
test,0,impostor,data/soco/socofing/train/Real/410__M_Right_middle_finger.BMP,data/soco/socofing/train/Real/318__F_Right_middle_finger.BMP
test,0,impostor,data/soco/socofing/train/Real/41__M_Right_middle_finger.BMP,data/soco/socofing/train/Real/315__F_Right_middle_finger.BMP
test,0,impostor,data/soco/socofing/val/Real/468__F_Right_little_finger.BMP,data/soco/socofing/train/Real/76__F_Right_little_finger.BMP
test,0,impostor,data/soco/socofing/train/Real/426__M_Left_little_finger.BMP,data/soco/socofing/val/Real/349__M_Left_little_finger.BMP
test,0,impostor,data/soco/socofing/train/Real/103__F_Left_ring_finger.BMP,data/soco/socofing/test/Real/558__M_Left_ring_finger.BMP
test,0,impostor,data/soco/socofing/train/Real/203__M_Right_little_finger.BMP,data/soco/socofing/val/Real/525__M_Right_little_finger.BMP
test,0,impostor,data/soco/socofing/train/Real/496__M_Left_thumb_finger.BMP,data/soco/socofing/train/Real/1__M_Left_thumb_finger.BMP
test,0,impostor,data/soco/socofing/train/Real/52__M_Left_middle_finger.BMP,data/soco/socofing/val/Real/39__M_Left_middle_finger.BMP
test,0,impostor,data/soco/socofing/val/Real/177__F_Left_index_finger.BMP,data/soco/socofing/train/Real/60__M_Left_index_finger.BMP
test,0,impostor,data/soco/socofing/val/Real/86__M_Right_little_finger.BMP,data/soco/socofing/train/Real/517__M_Right_little_finger.BMP
test,0,impostor,data/soco/socofing/train/Real/295__M_Left_little_finger.BMP,data/soco/socofing/train/Real/414__M_Left_little_finger.BMP
test,0,impostor,data/soco/socofing/test/Real/63__M_Right_thumb_finger.BMP,data/soco/socofing/val/Real/498__M_Right_thumb_finger.BMP
test,0,impostor,data/soco/socofing/train/Real/273__M_Right_thumb_finger.BMP,data/soco/socofing/test/Real/143__M_Right_thumb_finger.BMP
test,0,impostor,data/soco/socofing/train/Real/472__M_Right_index_finger.BMP,data/soco/socofing/train/Real/485__M_Right_index_finger.BMP
test,0,impostor,data/soco/socofing/val/Real/403__M_Right_index_finger.BMP,data/soco/socofing/train/Real/144__M_Right_index_finger.BMP
test,0,impostor,data/soco/socofing/train/Real/545__M_Right_ring_finger.BMP,data/soco/socofing/val/Real/466__F_Right_ring_finger.BMP
test,0,impostor,data/soco/socofing/train/Real/564__M_Left_ring_finger.BMP,data/soco/socofing/train/Real/48__F_Left_ring_finger.BMP
test,0,impostor,data/soco/socofing/test/Real/127__F_Right_index_finger.BMP,data/soco/socofing/train/Real/460__M_Right_index_finger.BMP
test,0,impostor,data/soco/socofing/train/Real/383__M_Left_middle_finger.BMP,data/soco/socofing/train/Real/64__M_Left_middle_finger.BMP
test,0,impostor,data/soco/socofing/train/Real/188__M_Left_index_finger.BMP,data/soco/socofing/train/Real/12__M_Left_index_finger.BMP
test,0,impostor,data/soco/socofing/train/Real/15__F_Right_index_finger.BMP,data/soco/socofing/train/Real/279__M_Right_index_finger.BMP
test,0,impostor,data/soco/socofing/train/Real/82__M_Left_index_finger.BMP,data/soco/socofing/train/Real/507__M_Left_index_finger.BMP
test,0,impostor,data/soco/socofing/train/Real/586__M_Left_little_finger.BMP,data/soco/socofing/train/Real/470__F_Left_little_finger.BMP
test,0,impostor,data/soco/socofing/val/Real/543__M_Left_index_finger.BMP,data/soco/socofing/train/Real/525__M_Left_index_finger.BMP
test,0,impostor,data/soco/socofing/val/Real/517__M_Left_ring_finger.BMP,data/soco/socofing/test/Real/279__M_Left_ring_finger.BMP
test,0,impostor,data/soco/socofing/train/Real/354__M_Right_index_finger.BMP,data/soco/socofing/train/Real/426__M_Right_index_finger.BMP
test,0,impostor,data/soco/socofing/train/Real/227__M_Left_middle_finger.BMP,data/soco/socofing/test/Real/177__F_Left_middle_finger.BMP
test,0,impostor,data/soco/socofing/train/Real/465__F_Left_index_finger.BMP,data/soco/socofing/test/Real/518__M_Left_index_finger.BMP
test,0,impostor,data/soco/socofing/train/Real/482__M_Right_middle_finger.BMP,data/soco/socofing/train/Real/379__F_Right_middle_finger.BMP
test,0,impostor,data/soco/socofing/train/Real/359__M_Right_index_finger.BMP,data/soco/socofing/test/Real/546__M_Right_index_finger.BMP
test,0,impostor,data/soco/socofing/train/Real/307__M_Right_little_finger.BMP,data/soco/socofing/train/Real/213__M_Right_little_finger.BMP
test,0,impostor,data/soco/socofing/train/Real/314__M_Right_middle_finger.BMP,data/soco/socofing/train/Real/178__M_Right_middle_finger.BMP
test,0,impostor,data/soco/socofing/test/Real/100__M_Left_ring_finger.BMP,data/soco/socofing/val/Real/273__M_Left_ring_finger.BMP
test,0,impostor,data/soco/socofing/train/Real/234__M_Left_little_finger.BMP,data/soco/socofing/train/Real/15__F_Left_little_finger.BMP
test,0,impostor,data/soco/socofing/val/Real/287__M_Right_middle_finger.BMP,data/soco/socofing/train/Real/558__M_Right_middle_finger.BMP
test,0,impostor,data/soco/socofing/train/Real/229__M_Right_little_finger.BMP,data/soco/socofing/train/Real/60__M_Right_little_finger.BMP
test,0,impostor,data/soco/socofing/train/Real/175__M_Right_thumb_finger.BMP,data/soco/socofing/train/Real/308__M_Right_thumb_finger.BMP
test,0,impostor,data/soco/socofing/test/Real/148__M_Left_index_finger.BMP,data/soco/socofing/train/Real/275__F_Left_index_finger.BMP
test,0,impostor,data/soco/socofing/test/Real/86__M_Left_ring_finger.BMP,data/soco/socofing/train/Real/156__F_Left_ring_finger.BMP
test,0,impostor,data/soco/socofing/train/Real/490__M_Left_ring_finger.BMP,data/soco/socofing/train/Real/182__M_Left_ring_finger.BMP
test,0,impostor,data/soco/socofing/train/Real/204__F_Left_little_finger.BMP,data/soco/socofing/train/Real/187__M_Left_little_finger.BMP
test,0,impostor,data/soco/socofing/train/Real/61__M_Right_ring_finger.BMP,data/soco/socofing/train/Real/420__M_Right_ring_finger.BMP
test,0,impostor,data/soco/socofing/train/Real/123__M_Right_ring_finger.BMP,data/soco/socofing/train/Real/362__M_Right_ring_finger.BMP
test,0,impostor,data/soco/socofing/train/Real/186__M_Left_little_finger.BMP,data/soco/socofing/train/Real/416__M_Left_little_finger.BMP
test,0,impostor,data/soco/socofing/train/Real/504__M_Left_middle_finger.BMP,data/soco/socofing/train/Real/307__M_Left_middle_finger.BMP
test,0,impostor,data/soco/socofing/train/Real/66__F_Right_ring_finger.BMP,data/soco/socofing/train/Real/1__M_Right_ring_finger.BMP
test,0,impostor,data/soco/socofing/train/Real/188__M_Right_index_finger.BMP,data/soco/socofing/train/Real/316__M_Right_index_finger.BMP
test,0,impostor,data/soco/socofing/train/Real/226__M_Left_ring_finger.BMP,data/soco/socofing/test/Real/506__M_Left_ring_finger.BMP
test,0,impostor,data/soco/socofing/train/Real/63__M_Right_middle_finger.BMP,data/soco/socofing/train/Real/465__F_Right_middle_finger.BMP
test,0,impostor,data/soco/socofing/val/Real/531__M_Left_thumb_finger.BMP,data/soco/socofing/train/Real/187__M_Left_thumb_finger.BMP
test,0,impostor,data/soco/socofing/train/Real/182__M_Right_ring_finger.BMP,data/soco/socofing/val/Real/498__M_Right_ring_finger.BMP
test,0,impostor,data/soco/socofing/train/Real/325__M_Left_ring_finger.BMP,data/soco/socofing/train/Real/437__M_Left_ring_finger.BMP
test,0,impostor,data/soco/socofing/train/Real/448__M_Right_middle_finger.BMP,data/soco/socofing/train/Real/32__M_Right_middle_finger.BMP
test,0,impostor,data/soco/socofing/train/Real/223__M_Right_little_finger.BMP,data/soco/socofing/train/Real/371__M_Right_little_finger.BMP
test,0,impostor,data/soco/socofing/train/Real/393__M_Right_little_finger.BMP,data/soco/socofing/test/Real/519__M_Right_little_finger.BMP
test,0,impostor,data/soco/socofing/train/Real/440__M_Left_thumb_finger.BMP,data/soco/socofing/train/Real/350__M_Left_thumb_finger.BMP
test,0,impostor,data/soco/socofing/train/Real/330__M_Right_ring_finger.BMP,data/soco/socofing/val/Real/92__F_Right_ring_finger.BMP
test,0,impostor,data/soco/socofing/val/Real/357__M_Left_thumb_finger.BMP,data/soco/socofing/val/Real/522__M_Left_thumb_finger.BMP
test,0,impostor,data/soco/socofing/test/Real/411__M_Right_little_finger.BMP,data/soco/socofing/train/Real/92__F_Right_little_finger.BMP
test,0,impostor,data/soco/socofing/train/Real/211__M_Right_thumb_finger.BMP,data/soco/socofing/val/Real/475__M_Right_thumb_finger.BMP
test,0,impostor,data/soco/socofing/train/Real/543__M_Left_little_finger.BMP,data/soco/socofing/train/Real/287__M_Left_little_finger.BMP
test,0,impostor,data/soco/socofing/train/Real/361__M_Left_middle_finger.BMP,data/soco/socofing/train/Real/592__M_Left_middle_finger.BMP
test,0,impostor,data/soco/socofing/test/Real/177__F_Left_middle_finger.BMP,data/soco/socofing/train/Real/556__F_Left_middle_finger.BMP
test,0,impostor,data/soco/socofing/train/Real/445__M_Left_index_finger.BMP,data/soco/socofing/train/Real/578__M_Left_index_finger.BMP
test,0,impostor,data/soco/socofing/train/Real/409__M_Left_thumb_finger.BMP,data/soco/socofing/val/Real/123__M_Left_thumb_finger.BMP
test,0,impostor,data/soco/socofing/train/Real/330__M_Left_middle_finger.BMP,data/soco/socofing/train/Real/106__M_Left_middle_finger.BMP
test,0,impostor,data/soco/socofing/train/Real/377__M_Left_thumb_finger.BMP,data/soco/socofing/train/Real/332__M_Left_thumb_finger.BMP
test,0,impostor,data/soco/socofing/train/Real/178__M_Right_ring_finger.BMP,data/soco/socofing/train/Real/507__M_Right_ring_finger.BMP
test,0,impostor,data/soco/socofing/train/Real/345__M_Left_ring_finger.BMP,data/soco/socofing/train/Real/80__M_Left_ring_finger.BMP
test,0,impostor,data/soco/socofing/train/Real/62__M_Left_middle_finger.BMP,data/soco/socofing/train/Real/356__M_Left_middle_finger.BMP
test,0,impostor,data/soco/socofing/train/Real/156__F_Right_thumb_finger.BMP,data/soco/socofing/train/Real/352__M_Right_thumb_finger.BMP
test,0,impostor,data/soco/socofing/val/Real/482__M_Left_middle_finger.BMP,data/soco/socofing/train/Real/123__M_Left_middle_finger.BMP
test,0,impostor,data/soco/socofing/train/Real/380__M_Right_thumb_finger.BMP,data/soco/socofing/val/Real/27__M_Right_thumb_finger.BMP
test,0,impostor,data/soco/socofing/train/Real/184__M_Right_ring_finger.BMP,data/soco/socofing/train/Real/549__M_Right_ring_finger.BMP
test,0,impostor,data/soco/socofing/train/Real/105__M_Right_thumb_finger.BMP,data/soco/socofing/train/Real/250__F_Right_thumb_finger.BMP
test,0,impostor,data/soco/socofing/train/Real/195__M_Left_little_finger.BMP,data/soco/socofing/val/Real/313__M_Left_little_finger.BMP
test,0,impostor,data/soco/socofing/train/Real/282__M_Left_index_finger.BMP,data/soco/socofing/train/Real/350__M_Left_index_finger.BMP
test,0,impostor,data/soco/socofing/train/Real/487__M_Right_thumb_finger.BMP,data/soco/socofing/test/Real/275__F_Right_thumb_finger.BMP
test,0,impostor,data/soco/socofing/train/Real/143__M_Right_ring_finger.BMP,data/soco/socofing/train/Real/392__M_Right_ring_finger.BMP
test,0,impostor,data/soco/socofing/val/Real/137__M_Left_little_finger.BMP,data/soco/socofing/train/Real/145__M_Left_little_finger.BMP
test,0,impostor,data/soco/socofing/train/Real/565__M_Left_ring_finger.BMP,data/soco/socofing/train/Real/309__M_Left_ring_finger.BMP
test,0,impostor,data/soco/socofing/train/Real/72__M_Right_middle_finger.BMP,data/soco/socofing/train/Real/350__M_Right_middle_finger.BMP
test,0,impostor,data/soco/socofing/train/Real/290__M_Left_ring_finger.BMP,data/soco/socofing/train/Real/47__F_Left_ring_finger.BMP
test,0,impostor,data/soco/socofing/train/Real/184__M_Right_index_finger.BMP,data/soco/socofing/train/Real/523__F_Right_index_finger.BMP
test,0,impostor,data/soco/socofing/train/Real/417__M_Left_ring_finger.BMP,data/soco/socofing/test/Real/105__M_Left_ring_finger.BMP
test,0,impostor,data/soco/socofing/val/Real/32__M_Right_ring_finger.BMP,data/soco/socofing/train/Real/562__F_Right_ring_finger.BMP
test,0,impostor,data/soco/socofing/train/Real/388__F_Right_thumb_finger.BMP,data/soco/socofing/train/Real/106__M_Right_thumb_finger.BMP
test,0,impostor,data/soco/socofing/train/Real/447__M_Left_index_finger.BMP,data/soco/socofing/train/Real/351__M_Left_index_finger.BMP
test,0,impostor,data/soco/socofing/train/Real/53__M_Right_little_finger.BMP,data/soco/socofing/train/Real/586__M_Right_little_finger.BMP
test,0,impostor,data/soco/socofing/train/Real/223__M_Left_thumb_finger.BMP,data/soco/socofing/train/Real/290__M_Left_thumb_finger.BMP
test,0,impostor,data/soco/socofing/val/Real/543__M_Right_ring_finger.BMP,data/soco/socofing/train/Real/553__M_Right_ring_finger.BMP
test,0,impostor,data/soco/socofing/train/Real/471__M_Right_ring_finger.BMP,data/soco/socofing/train/Real/447__M_Right_ring_finger.BMP
test,0,impostor,data/soco/socofing/train/Real/318__F_Left_thumb_finger.BMP,data/soco/socofing/train/Real/565__M_Left_thumb_finger.BMP
test,0,impostor,data/soco/socofing/train/Real/74__F_Right_index_finger.BMP,data/soco/socofing/train/Real/506__M_Right_index_finger.BMP
test,0,impostor,data/soco/socofing/test/Real/403__M_Right_middle_finger.BMP,data/soco/socofing/train/Real/72__M_Right_middle_finger.BMP
test,0,impostor,data/soco/socofing/train/Real/27__M_Left_index_finger.BMP,data/soco/socofing/train/Real/320__M_Left_index_finger.BMP
test,0,impostor,data/soco/socofing/train/Real/390__F_Left_little_finger.BMP,data/soco/socofing/train/Real/544__M_Left_little_finger.BMP
test,0,impostor,data/soco/socofing/val/Real/39__M_Left_little_finger.BMP,data/soco/socofing/train/Real/496__M_Left_little_finger.BMP
test,0,impostor,data/soco/socofing/test/Real/297__M_Left_little_finger.BMP,data/soco/socofing/train/Real/559__M_Left_little_finger.BMP
test,0,impostor,data/soco/socofing/train/Real/238__M_Left_little_finger.BMP,data/soco/socofing/train/Real/477__M_Left_little_finger.BMP
test,0,impostor,data/soco/socofing/train/Real/78__F_Right_ring_finger.BMP,data/soco/socofing/train/Real/417__M_Right_ring_finger.BMP
test,0,impostor,data/soco/socofing/train/Real/533__M_Left_ring_finger.BMP,data/soco/socofing/train/Real/255__M_Left_ring_finger.BMP
test,0,impostor,data/soco/socofing/train/Real/347__M_Left_little_finger.BMP,data/soco/socofing/train/Real/273__M_Left_little_finger.BMP
test,0,impostor,data/soco/socofing/test/Real/220__F_Right_ring_finger.BMP,data/soco/socofing/train/Real/120__M_Right_ring_finger.BMP
test,0,impostor,data/soco/socofing/train/Real/98__M_Left_little_finger.BMP,data/soco/socofing/train/Real/290__M_Left_little_finger.BMP
test,0,impostor,data/soco/socofing/val/Real/336__M_Right_thumb_finger.BMP,data/soco/socofing/train/Real/487__M_Right_thumb_finger.BMP
test,0,impostor,data/soco/socofing/train/Real/345__M_Right_little_finger.BMP,data/soco/socofing/val/Real/66__F_Right_little_finger.BMP
test,0,impostor,data/soco/socofing/train/Real/98__M_Left_thumb_finger.BMP,data/soco/socofing/train/Real/227__M_Left_thumb_finger.BMP
test,0,impostor,data/soco/socofing/train/Real/350__M_Right_index_finger.BMP,data/soco/socofing/train/Real/247__M_Right_index_finger.BMP
test,0,impostor,data/soco/socofing/train/Real/506__M_Left_thumb_finger.BMP,data/soco/socofing/train/Real/204__F_Left_thumb_finger.BMP
test,0,impostor,data/soco/socofing/test/Real/478__M_Right_middle_finger.BMP,data/soco/socofing/train/Real/560__F_Right_middle_finger.BMP
test,0,impostor,data/soco/socofing/train/Real/354__M_Right_index_finger.BMP,data/soco/socofing/train/Real/278__M_Right_index_finger.BMP
test,0,impostor,data/soco/socofing/test/Real/186__M_Right_index_finger.BMP,data/soco/socofing/train/Real/120__M_Right_index_finger.BMP
test,0,impostor,data/soco/socofing/train/Real/416__M_Left_thumb_finger.BMP,data/soco/socofing/train/Real/292__M_Left_thumb_finger.BMP
test,0,impostor,data/soco/socofing/train/Real/411__M_Left_middle_finger.BMP,data/soco/socofing/train/Real/43__F_Left_middle_finger.BMP
test,0,impostor,data/soco/socofing/train/Real/243__M_Right_middle_finger.BMP,data/soco/socofing/train/Real/393__M_Right_middle_finger.BMP
test,0,impostor,data/soco/socofing/train/Real/352__M_Left_middle_finger.BMP,data/soco/socofing/train/Real/554__M_Left_middle_finger.BMP
test,0,impostor,data/soco/socofing/train/Real/438__M_Right_thumb_finger.BMP,data/soco/socofing/train/Real/203__M_Right_thumb_finger.BMP
test,0,impostor,data/soco/socofing/train/Real/88__F_Left_ring_finger.BMP,data/soco/socofing/train/Real/308__M_Left_ring_finger.BMP
test,0,impostor,data/soco/socofing/train/Real/417__M_Right_thumb_finger.BMP,data/soco/socofing/train/Real/396__M_Right_thumb_finger.BMP
test,0,impostor,data/soco/socofing/val/Real/53__M_Right_middle_finger.BMP,data/soco/socofing/train/Real/326__M_Right_middle_finger.BMP
test,0,impostor,data/soco/socofing/train/Real/106__M_Left_ring_finger.BMP,data/soco/socofing/train/Real/486__M_Left_ring_finger.BMP
test,0,impostor,data/soco/socofing/train/Real/175__M_Right_thumb_finger.BMP,data/soco/socofing/train/Real/204__F_Right_thumb_finger.BMP
test,0,impostor,data/soco/socofing/test/Real/100__M_Left_ring_finger.BMP,data/soco/socofing/train/Real/565__M_Left_ring_finger.BMP
test,0,impostor,data/soco/socofing/train/Real/371__M_Left_thumb_finger.BMP,data/soco/socofing/val/Real/190__M_Left_thumb_finger.BMP
test,0,impostor,data/soco/socofing/train/Real/84__M_Right_thumb_finger.BMP,data/soco/socofing/train/Real/313__M_Right_thumb_finger.BMP
test,0,impostor,data/soco/socofing/train/Real/518__M_Left_little_finger.BMP,data/soco/socofing/train/Real/80__M_Left_little_finger.BMP
test,0,impostor,data/soco/socofing/train/Real/438__M_Right_middle_finger.BMP,data/soco/socofing/train/Real/384__F_Right_middle_finger.BMP
test,0,impostor,data/soco/socofing/train/Real/88__F_Right_middle_finger.BMP,data/soco/socofing/train/Real/54__M_Right_middle_finger.BMP
test,0,impostor,data/soco/socofing/train/Real/195__M_Right_middle_finger.BMP,data/soco/socofing/train/Real/482__M_Right_middle_finger.BMP
test,0,impostor,data/soco/socofing/train/Real/187__M_Right_middle_finger.BMP,data/soco/socofing/train/Real/498__M_Right_middle_finger.BMP
test,0,impostor,data/soco/socofing/train/Real/472__M_Left_middle_finger.BMP,data/soco/socofing/train/Real/359__M_Left_middle_finger.BMP
test,0,impostor,data/soco/socofing/train/Real/278__M_Right_little_finger.BMP,data/soco/socofing/train/Real/302__M_Right_little_finger.BMP
test,0,impostor,data/soco/socofing/train/Real/117__F_Right_ring_finger.BMP,data/soco/socofing/train/Real/344__M_Right_ring_finger.BMP
test,0,impostor,data/soco/socofing/train/Real/42__F_Right_little_finger.BMP,data/soco/socofing/test/Real/44__M_Right_little_finger.BMP
test,0,impostor,data/soco/socofing/train/Real/52__M_Right_little_finger.BMP,data/soco/socofing/val/Real/362__M_Right_little_finger.BMP
test,0,impostor,data/soco/socofing/val/Real/7__M_Right_thumb_finger.BMP,data/soco/socofing/train/Real/43__F_Right_thumb_finger.BMP
test,0,impostor,data/soco/socofing/val/Real/121__F_Right_index_finger.BMP,data/soco/socofing/train/Real/271__M_Right_index_finger.BMP
test,0,impostor,data/soco/socofing/train/Real/487__M_Right_middle_finger.BMP,data/soco/socofing/train/Real/314__M_Right_middle_finger.BMP
test,0,impostor,data/soco/socofing/train/Real/62__M_Right_thumb_finger.BMP,data/soco/socofing/test/Real/564__M_Right_thumb_finger.BMP
test,0,impostor,data/soco/socofing/test/Real/478__M_Right_middle_finger.BMP,data/soco/socofing/train/Real/135__F_Right_middle_finger.BMP
test,0,impostor,data/soco/socofing/train/Real/246__M_Right_little_finger.BMP,data/soco/socofing/train/Real/545__M_Right_little_finger.BMP
test,0,impostor,data/soco/socofing/train/Real/65__M_Left_thumb_finger.BMP,data/soco/socofing/train/Real/416__M_Left_thumb_finger.BMP
test,0,impostor,data/soco/socofing/train/Real/282__M_Right_thumb_finger.BMP,data/soco/socofing/train/Real/509__M_Right_thumb_finger.BMP
test,0,impostor,data/soco/socofing/train/Real/353__M_Left_middle_finger.BMP,data/soco/socofing/train/Real/407__M_Left_middle_finger.BMP
test,0,impostor,data/soco/socofing/train/Real/352__M_Right_ring_finger.BMP,data/soco/socofing/train/Real/428__M_Right_ring_finger.BMP
test,0,impostor,data/soco/socofing/train/Real/466__F_Right_thumb_finger.BMP,data/soco/socofing/train/Real/445__M_Right_thumb_finger.BMP
test,0,impostor,data/soco/socofing/val/Real/486__M_Left_thumb_finger.BMP,data/soco/socofing/train/Real/533__M_Left_thumb_finger.BMP
test,0,impostor,data/soco/socofing/train/Real/440__M_Left_thumb_finger.BMP,data/soco/socofing/train/Real/302__M_Left_thumb_finger.BMP
test,0,impostor,data/soco/socofing/train/Real/60__M_Right_thumb_finger.BMP,data/soco/socofing/train/Real/178__M_Right_thumb_finger.BMP
test,0,impostor,data/soco/socofing/train/Real/465__F_Right_ring_finger.BMP,data/soco/socofing/train/Real/362__M_Right_ring_finger.BMP
test,0,impostor,data/soco/socofing/train/Real/134__M_Right_middle_finger.BMP,data/soco/socofing/train/Real/485__M_Right_middle_finger.BMP
test,0,impostor,data/soco/socofing/train/Real/307__M_Left_ring_finger.BMP,data/soco/socofing/val/Real/273__M_Left_ring_finger.BMP
test,0,impostor,data/soco/socofing/val/Real/382__M_Left_thumb_finger.BMP,data/soco/socofing/train/Real/355__M_Left_thumb_finger.BMP
test,0,impostor,data/soco/socofing/test/Real/332__M_Left_ring_finger.BMP,data/soco/socofing/train/Real/137__M_Left_ring_finger.BMP
test,0,impostor,data/soco/socofing/train/Real/478__M_Left_little_finger.BMP,data/soco/socofing/train/Real/428__M_Left_little_finger.BMP
test,0,impostor,data/soco/socofing/train/Real/362__M_Right_ring_finger.BMP,data/soco/socofing/val/Real/326__M_Right_ring_finger.BMP
test,0,impostor,data/soco/socofing/train/Real/253__F_Right_little_finger.BMP,data/soco/socofing/train/Real/182__M_Right_little_finger.BMP
test,0,impostor,data/soco/socofing/train/Real/316__M_Right_thumb_finger.BMP,data/soco/socofing/train/Real/351__M_Right_thumb_finger.BMP
test,0,impostor,data/soco/socofing/train/Real/548__F_Right_middle_finger.BMP,data/soco/socofing/train/Real/382__M_Right_middle_finger.BMP
test,0,impostor,data/soco/socofing/train/Real/443__M_Left_thumb_finger.BMP,data/soco/socofing/train/Real/177__F_Left_thumb_finger.BMP
test,0,impostor,data/soco/socofing/train/Real/171__M_Left_little_finger.BMP,data/soco/socofing/train/Real/482__M_Left_little_finger.BMP
test,0,impostor,data/soco/socofing/train/Real/416__M_Left_little_finger.BMP,data/soco/socofing/train/Real/359__M_Left_little_finger.BMP
test,0,impostor,data/soco/socofing/train/Real/137__M_Left_ring_finger.BMP,data/soco/socofing/train/Real/390__F_Left_ring_finger.BMP
test,0,impostor,data/soco/socofing/train/Real/245__M_Left_little_finger.BMP,data/soco/socofing/train/Real/553__M_Left_little_finger.BMP
test,0,impostor,data/soco/socofing/train/Real/82__M_Right_middle_finger.BMP,data/soco/socofing/train/Real/429__M_Right_middle_finger.BMP
test,0,impostor,data/soco/socofing/train/Real/410__M_Right_middle_finger.BMP,data/soco/socofing/train/Real/465__F_Right_middle_finger.BMP
test,0,impostor,data/soco/socofing/val/Real/179__M_Left_thumb_finger.BMP,data/soco/socofing/train/Real/543__M_Left_thumb_finger.BMP
test,0,impostor,data/soco/socofing/train/Real/377__M_Right_little_finger.BMP,data/soco/socofing/train/Real/14__M_Right_little_finger.BMP
test,0,impostor,data/soco/socofing/train/Real/234__M_Left_middle_finger.BMP,data/soco/socofing/train/Real/248__M_Left_middle_finger.BMP
test,0,impostor,data/soco/socofing/train/Real/112__M_Right_little_finger.BMP,data/soco/socofing/test/Real/275__F_Right_little_finger.BMP
test,0,impostor,data/soco/socofing/val/Real/234__M_Right_little_finger.BMP,data/soco/socofing/val/Real/155__M_Right_little_finger.BMP
test,0,impostor,data/soco/socofing/train/Real/204__F_Right_middle_finger.BMP,data/soco/socofing/train/Real/238__M_Right_middle_finger.BMP
test,0,impostor,data/soco/socofing/train/Real/275__F_Right_ring_finger.BMP,data/soco/socofing/train/Real/452__F_Right_ring_finger.BMP
test,0,impostor,data/soco/socofing/train/Real/206__M_Left_thumb_finger.BMP,data/soco/socofing/train/Real/103__F_Left_thumb_finger.BMP
test,0,impostor,data/soco/socofing/train/Real/548__F_Right_middle_finger.BMP,data/soco/socofing/train/Real/51__M_Right_middle_finger.BMP
test,0,impostor,data/soco/socofing/train/Real/230__M_Right_thumb_finger.BMP,data/soco/socofing/test/Real/526__F_Right_thumb_finger.BMP
test,0,impostor,data/soco/socofing/val/Real/42__F_Right_ring_finger.BMP,data/soco/socofing/train/Real/362__M_Right_ring_finger.BMP
test,0,impostor,data/soco/socofing/train/Real/371__M_Right_little_finger.BMP,data/soco/socofing/train/Real/325__M_Right_little_finger.BMP
test,0,impostor,data/soco/socofing/train/Real/213__M_Left_thumb_finger.BMP,data/soco/socofing/train/Real/84__M_Left_thumb_finger.BMP
test,0,impostor,data/soco/socofing/train/Real/468__F_Left_thumb_finger.BMP,data/soco/socofing/train/Real/355__M_Left_thumb_finger.BMP
test,0,impostor,data/soco/socofing/train/Real/313__M_Right_thumb_finger.BMP,data/soco/socofing/train/Real/546__M_Right_thumb_finger.BMP
test,0,impostor,data/soco/socofing/train/Real/559__M_Right_little_finger.BMP,data/soco/socofing/train/Real/477__M_Right_little_finger.BMP
test,0,impostor,data/soco/socofing/train/Real/292__M_Right_index_finger.BMP,data/soco/socofing/train/Real/317__M_Right_index_finger.BMP
test,0,impostor,data/soco/socofing/train/Real/349__M_Right_little_finger.BMP,data/soco/socofing/train/Real/390__F_Right_little_finger.BMP
test,0,impostor,data/soco/socofing/train/Real/567__M_Left_little_finger.BMP,data/soco/socofing/train/Real/511__M_Left_little_finger.BMP
test,0,impostor,data/soco/socofing/train/Real/51__M_Right_middle_finger.BMP,data/soco/socofing/train/Real/44__M_Right_middle_finger.BMP
test,0,impostor,data/soco/socofing/train/Real/31__F_Left_ring_finger.BMP,data/soco/socofing/train/Real/3__M_Left_ring_finger.BMP
test,0,impostor,data/soco/socofing/val/Real/247__M_Left_thumb_finger.BMP,data/soco/socofing/train/Real/230__M_Left_thumb_finger.BMP
test,0,impostor,data/soco/socofing/test/Real/202__M_Left_ring_finger.BMP,data/soco/socofing/train/Real/553__M_Left_ring_finger.BMP
test,0,impostor,data/soco/socofing/train/Real/12__M_Left_middle_finger.BMP,data/soco/socofing/train/Real/43__F_Left_middle_finger.BMP
test,0,impostor,data/soco/socofing/train/Real/264__M_Left_little_finger.BMP,data/soco/socofing/train/Real/176__M_Left_little_finger.BMP
test,0,impostor,data/soco/socofing/val/Real/313__M_Left_thumb_finger.BMP,data/soco/socofing/train/Real/478__M_Left_thumb_finger.BMP
test,0,impostor,data/soco/socofing/val/Real/443__M_Right_ring_finger.BMP,data/soco/socofing/train/Real/400__M_Right_ring_finger.BMP
test,0,impostor,data/soco/socofing/test/Real/35__M_Right_little_finger.BMP,data/soco/socofing/val/Real/178__M_Right_little_finger.BMP
test,0,impostor,data/soco/socofing/train/Real/290__M_Left_ring_finger.BMP,data/soco/socofing/train/Real/326__M_Left_ring_finger.BMP
test,0,impostor,data/soco/socofing/train/Real/393__M_Right_middle_finger.BMP,data/soco/socofing/train/Real/282__M_Right_middle_finger.BMP
test,0,impostor,data/soco/socofing/train/Real/330__M_Left_thumb_finger.BMP,data/soco/socofing/train/Real/227__M_Left_thumb_finger.BMP
test,0,impostor,data/soco/socofing/train/Real/400__M_Left_middle_finger.BMP,data/soco/socofing/train/Real/249__M_Left_middle_finger.BMP
test,0,impostor,data/soco/socofing/train/Real/486__M_Left_middle_finger.BMP,data/soco/socofing/val/Real/76__F_Left_middle_finger.BMP
test,0,impostor,data/soco/socofing/train/Real/405__M_Left_middle_finger.BMP,data/soco/socofing/train/Real/426__M_Left_middle_finger.BMP
test,0,impostor,data/soco/socofing/test/Real/119__F_Left_index_finger.BMP,data/soco/socofing/train/Real/416__M_Left_index_finger.BMP
test,0,impostor,data/soco/socofing/val/Real/309__M_Right_middle_finger.BMP,data/soco/socofing/train/Real/338__M_Right_middle_finger.BMP
test,0,impostor,data/soco/socofing/test/Real/519__M_Right_little_finger.BMP,data/soco/socofing/train/Real/349__M_Right_little_finger.BMP
test,0,impostor,data/soco/socofing/train/Real/465__F_Right_little_finger.BMP,data/soco/socofing/train/Real/119__F_Right_little_finger.BMP
test,0,impostor,data/soco/socofing/val/Real/407__M_Right_little_finger.BMP,data/soco/socofing/train/Real/314__M_Right_little_finger.BMP
test,0,impostor,data/soco/socofing/train/Real/273__M_Right_index_finger.BMP,data/soco/socofing/train/Real/520__M_Right_index_finger.BMP
test,0,impostor,data/soco/socofing/train/Real/86__M_Right_index_finger.BMP,data/soco/socofing/train/Real/377__M_Right_index_finger.BMP
test,0,impostor,data/soco/socofing/train/Real/382__M_Left_little_finger.BMP,data/soco/socofing/test/Real/7__M_Left_little_finger.BMP
test,0,impostor,data/soco/socofing/train/Real/447__M_Left_middle_finger.BMP,data/soco/socofing/train/Real/411__M_Left_middle_finger.BMP
test,0,impostor,data/soco/socofing/train/Real/417__M_Right_index_finger.BMP,data/soco/socofing/val/Real/195__M_Right_index_finger.BMP
test,0,impostor,data/soco/socofing/test/Real/98__M_Right_index_finger.BMP,data/soco/socofing/train/Real/344__M_Right_index_finger.BMP
test,0,impostor,data/soco/socofing/val/Real/407__M_Right_thumb_finger.BMP,data/soco/socofing/train/Real/35__M_Right_thumb_finger.BMP
test,0,impostor,data/soco/socofing/train/Real/106__M_Left_middle_finger.BMP,data/soco/socofing/train/Real/221__M_Left_middle_finger.BMP
test,0,impostor,data/soco/socofing/val/Real/555__M_Right_index_finger.BMP,data/soco/socofing/train/Real/74__F_Right_index_finger.BMP
test,0,impostor,data/soco/socofing/train/Real/295__M_Right_thumb_finger.BMP,data/soco/socofing/train/Real/354__M_Right_thumb_finger.BMP
test,0,impostor,data/soco/socofing/train/Real/107__M_Left_ring_finger.BMP,data/soco/socofing/train/Real/271__M_Left_ring_finger.BMP
test,0,impostor,data/soco/socofing/train/Real/177__F_Left_thumb_finger.BMP,data/soco/socofing/train/Real/538__M_Left_thumb_finger.BMP
