label,is_attack,zte_score,biometric_only
legitimate,0,0.9244739452018558,0.931166995981672
legitimate,0,0.9040453995270057,0.9413329944314363
legitimate,0,0.8870105289314835,0.8560726487736277
legitimate,0,0.6251045967297226,0.7085143798511436
legitimate,0,0.911467850754236,0.9721519336351871
legitimate,0,0.9163575701984904,0.9946601490671472
legitimate,0,0.8633604355757056,0.8601824074361892
legitimate,0,0.8692208768924718,0.8500790158730577
legitimate,0,0.6848803821249814,0.7388364736702072
legitimate,0,0.9087043098670194,0.8671087935158348
legitimate,0,0.8937949626906402,0.9148766072376481
legitimate,0,0.8291594434596644,0.8808655225863179
legitimate,0,0.9385865640423666,0.9071698223754479
legitimate,0,0.8947238729950803,0.9620400050170593
legitimate,0,0.8757884250643904,0.9371861573193812
legitimate,0,0.8355337467460325,0.8765100187879094
legitimate,0,0.8785142807623181,0.986358709933758
legitimate,0,0.8768041709264184,0.8556109883955985
legitimate,0,0.8610755651990314,0.8925481252402868
legitimate,0,0.8660538692418376,0.9390739372801059
legitimate,0,0.8460107239408322,0.8587660585102195
legitimate,0,0.9045575628272187,0.9921715460940443
legitimate,0,0.6820277634448767,0.8230637357178451
legitimate,0,0.9203640203837432,0.896241151093005
legitimate,0,0.906117291278654,0.9520351397900577
legitimate,0,0.8961082505823761,0.9104872055866919
legitimate,0,0.8711394972366585,0.9382857006078669
legitimate,0,0.8735162598545055,0.9565805319745294
legitimate,0,0.6529823701391894,0.7303855793648933
legitimate,0,0.8529860557329282,0.8870953819154253
legitimate,0,0.9030312429003295,0.9456985506779977
legitimate,0,0.923169907849765,0.9668683179052271
legitimate,0,0.9146815639965198,0.9219877210323366
legitimate,0,0.8964241256059284,0.9153441704313904
legitimate,0,0.9138388758646693,0.9716721698051378
legitimate,0,0.6374219195386912,0.7625892787003599
legitimate,0,0.8815909861224946,0.8535853437076204
legitimate,0,0.895720359341217,0.9413448142828924
legitimate,0,0.840278579116122,0.8759094837945872
legitimate,0,0.8795020350234491,0.951110177988475
legitimate,0,0.8930903429611315,0.8626454006844753
legitimate,0,0.8899223660755374,0.904636401494979
legitimate,0,0.8906300102421412,0.8797096828695377
legitimate,0,0.9080182419599112,0.9921715069393601
legitimate,0,0.8789702864379705,0.9005335212363622
legitimate,0,0.6107804742457935,0.7927420479078939
legitimate,0,0.8599114945481976,0.8715579552574043
legitimate,0,0.8861977174565394,0.9876273843267124
legitimate,0,0.8998035947041394,0.9258034950462071
legitimate,0,0.889328301744445,0.8801947380166212
legitimate,0,0.8994176318691209,0.9229602450558222
legitimate,0,0.9048416244373284,0.9316156698590516
legitimate,0,0.9024806132503477,0.9838957163587444
legitimate,0,0.9147713858628542,0.9190972438910779
legitimate,0,0.8546839441123893,0.8533039612335384
legitimate,0,0.8907755032996998,0.8652083985690256
legitimate,0,0.8757278517425724,0.9133325217915419
legitimate,0,0.9066183198256983,0.9425777388487744
legitimate,0,0.9591133580293725,0.9675236957177623
legitimate,0,0.8903943646539457,0.9786935450065505
legitimate,0,0.9335040779748455,0.9111364363042648
legitimate,0,0.9107743479773974,0.9489455549556777
legitimate,0,0.8886819431051054,0.9494239814637424
legitimate,0,0.9026853576994867,0.9324676153047766
legitimate,0,0.8573996538895962,0.8638107314263874
legitimate,0,0.9030044688060648,0.9247166333080282
legitimate,0,0.8971813024313523,0.9158228923167092
legitimate,0,0.6612729534219899,0.8179554993320073
legitimate,0,0.9253843574590241,0.9231218582747068
legitimate,0,0.8813195162159387,0.9681230495527414
legitimate,0,0.9236862915465314,0.9088330986350042
legitimate,0,0.9087792998484844,0.9426132512531591
legitimate,0,0.8869576117076479,0.9325884536011845
legitimate,0,0.8715523500978166,0.9921125730750144
legitimate,0,0.6783462749678537,0.6086338281214452
legitimate,0,0.9185407786923521,0.990234760981037
legitimate,0,0.8852016641628074,0.9600909917691713
legitimate,0,0.8649886665053671,0.9386198820285613
legitimate,0,0.907911251127567,0.8914338101824386
legitimate,0,0.5821426914964549,0.6235068446080565
legitimate,0,0.9132971327641847,0.8572729410927985
legitimate,0,0.8976369652166104,0.9911093706231369
legitimate,0,0.9219419410155183,0.9684209261130666
legitimate,0,0.6154432566799819,0.708429912823567
legitimate,0,0.9005889927649804,0.9108321135325945
legitimate,0,0.8785792459422033,0.8665109402159417
legitimate,0,0.878167079170863,0.9319091097739395
legitimate,0,0.9450584195127444,0.9827796920270977
legitimate,0,0.9084835870503459,0.8648580923473193
legitimate,0,0.902884618376331,0.9041116215302153
legitimate,0,0.5762287685133389,0.5859365570112531
legitimate,0,0.8712175578838658,0.9674321609500747
legitimate,0,0.9481247964527876,0.9835196291033981
legitimate,0,0.6678233007731449,0.7192648915230511
legitimate,0,0.892184939033521,0.9460042503292803
legitimate,0,0.9192518533385994,0.9018812382988867
legitimate,0,0.9171198522520934,0.9862906943978549
legitimate,0,0.9368048783289946,0.985526575154209
legitimate,0,0.8574040566032148,0.9061990824747003
legitimate,0,0.8626513241131202,0.8756058681608159
legitimate,0,0.8814538679459824,0.932282064466942
legitimate,0,0.8143762573591373,0.8621866939478037
legitimate,0,0.9366798844192008,0.9581397730362156
legitimate,0,0.859605479343588,0.9071854735599001
legitimate,0,0.9128060029582938,0.9526803925978613
legitimate,0,0.9026906134516812,0.9709050204451515
legitimate,0,0.9127229939813761,0.9111335835525131
legitimate,0,0.8516542835871856,0.8796328887079091
legitimate,0,0.9298137487869257,0.9439571462016532
legitimate,0,0.8556641008229692,0.8552743236371861
legitimate,0,0.8973124617578772,0.8824741017750144
legitimate,0,0.9219855688253453,0.9684836171553248
legitimate,0,0.9468366397649676,0.9887678049758134
legitimate,0,0.8980555676764747,0.926499999763315
legitimate,0,0.6040161830937368,0.6917938014236737
legitimate,0,0.8579125038751407,0.8966615437044736
legitimate,0,0.8919213416226879,0.9275135836204624
legitimate,0,0.8685526102483264,0.8619518411979118
legitimate,0,0.8967401408795017,0.9350618521034293
legitimate,0,0.6096045160665595,0.7978978405301065
legitimate,0,0.883738147316669,0.8950582686349146
legitimate,0,0.868740462084146,0.8653340426967355
legitimate,0,0.6694286035618039,0.6631380253548014
legitimate,0,0.8880092579621744,0.9659202543965597
legitimate,0,0.8640000257218325,0.8989214976091958
legitimate,0,0.9351363424964949,0.9870304387413117
legitimate,0,0.8743219130172664,0.863687481016358
legitimate,0,0.8875339852948414,0.863064554889222
legitimate,0,0.8934031762289194,0.9119168420463802
legitimate,0,0.8789989734514275,0.9097603726039744
legitimate,0,0.8992680263528805,0.9382475836711701
legitimate,0,0.8713385598871575,0.9238575202096215
legitimate,0,0.8978175678613433,0.9294967900135942
legitimate,0,0.9237172193466352,0.9537309841997121
legitimate,0,0.6434885306167705,0.6233798082423616
legitimate,0,0.8962559360160008,0.8679839261292042
legitimate,0,0.8877453453415088,0.8883333630817944
legitimate,0,0.9271576648692351,0.8918439700777488
legitimate,0,0.8638540752472137,0.8610593459075758
legitimate,0,0.9340328636479569,0.9473290147100936
legitimate,0,0.8605371466910312,0.9178634595855615
legitimate,0,0.9115666346188015,0.9323649645976536
legitimate,0,0.8970513705386799,0.9370135293518406
legitimate,0,0.8898176278915124,0.9204394439155672
legitimate,0,0.9336091207669955,0.9812609547089473
legitimate,0,0.6766885084105403,0.7676748639707469
legitimate,0,0.8619617951617733,0.860120970647258
legitimate,0,0.8868428575567718,0.9263018341879715
legitimate,0,0.9301624142162167,0.9901386062157369
legitimate,0,0.8984010009598503,0.9321864849536748
legitimate,0,0.8421970374517479,0.8500836041415886
legitimate,0,0.8628117045267015,0.9076019367611814
legitimate,0,0.8885966183689478,0.9222706030738941
legitimate,0,0.8948705820034308,0.9800356246795461
legitimate,0,0.9312810605704899,0.9943335910601565
legitimate,0,0.8869529253867181,0.9552378009525331
legitimate,0,0.9163713930677231,0.9859819144602432
legitimate,0,0.8433398285955691,0.8762473151044617
legitimate,0,0.8886147654216647,0.9355355602488469
legitimate,0,0.9070710254536855,0.8630476167209048
legitimate,0,0.8596748202004924,0.8912582548551404
legitimate,0,0.9130798423250553,0.8904697936881867
legitimate,0,0.8690629450221001,0.9588357651219508
legitimate,0,0.8771188890340438,0.9021452996992793
legitimate,0,0.8971255443445287,0.9254756214315655
legitimate,0,0.8724491464237092,0.9138628249200751
legitimate,0,0.9144319611020769,0.9341131361758602
legitimate,0,0.8749714743627306,0.8761053890148769
legitimate,0,0.8673271657718647,0.9657853069490577
legitimate,0,0.8921010532688141,0.871203540882669
legitimate,0,0.8730961555687886,0.9353607405517996
legitimate,0,0.9344658354614668,0.9704841778904448
legitimate,0,0.8338373466290099,0.8561069488795141
legitimate,0,0.858305122183003,0.8556873188576479
legitimate,0,0.8455225284674273,0.8610906577921505
legitimate,0,0.8677014815144515,0.9300235810803426
legitimate,0,0.8575432501446675,0.9385795819137771
legitimate,0,0.8895339823086509,0.9753414590153159
legitimate,0,0.9142029094238818,0.9632950513224395
legitimate,0,0.9038215929433702,0.8810957878165964
legitimate,0,0.8790448687108656,0.8796646409731145
legitimate,0,0.5990613141396933,0.6046146074122568
legitimate,0,0.894477725827516,0.8722602316034642
legitimate,0,0.60795676688579,0.6466249454889156
legitimate,0,0.8716247575155767,0.857961457213942
legitimate,0,0.653813378213226,0.6436840051651377
legitimate,0,0.9100160355970662,0.9465952879537944
legitimate,0,0.9026260018198515,0.9755658687022637
legitimate,0,0.5768731833515801,0.7391181911889196
legitimate,0,0.8911521914820933,0.8813497873092254
legitimate,0,0.8852679572990251,0.8630342630739135
legitimate,0,0.8521767088377296,0.8905729726116048
legitimate,0,0.8794284156835105,0.8634919001363401
legitimate,0,0.8685700638451821,0.9515266727105627
legitimate,0,0.6519136940325535,0.6986669507178569
legitimate,0,0.9003354548831719,0.97930548548046
legitimate,0,0.8994586611626775,0.988425355033324
legitimate,0,0.9003539848510574,0.9095885962162762
legitimate,0,0.844979960110402,0.8555296784382699
legitimate,0,0.8453778873736318,0.8779058198937718
legitimate,0,0.8785567071068446,0.8847035605409512
legitimate,0,0.8849443866232751,0.9904795650057859
legitimate,0,0.9268848354857191,0.9495502199432266
legitimate,0,0.8611228141516243,0.9035807387541674
legitimate,0,0.8912209509848624,0.875778898619325
legitimate,0,0.8426323013090611,0.8663518721841165
legitimate,0,0.842966308232864,0.857749030068316
legitimate,0,0.8994010875256278,0.9537802592963848
legitimate,0,0.9050389597787611,0.9109860312043212
legitimate,0,0.9060917641079268,0.947057206350071
legitimate,0,0.8694212010997527,0.8693934779156981
legitimate,0,0.8926389936957965,0.8570616564363929
legitimate,0,0.8822748751604547,0.867421101135488
legitimate,0,0.9297911398204457,0.9660693471589864
legitimate,0,0.8758938150879074,0.9064553862278824
legitimate,0,0.9128413981906336,0.9853641503305618
legitimate,0,0.8987210630799931,0.8708275459311693
legitimate,0,0.833944877545872,0.8574284255652437
legitimate,0,0.8794461437452209,0.9945879084573239
legitimate,0,0.8475770166992204,0.8583584097114749
legitimate,0,0.8888128121367116,0.9941725091766364
legitimate,0,0.8438170424973681,0.8672225414056413
legitimate,0,0.6922547949589514,0.6130422966116023
legitimate,0,0.9129964530809895,0.9078942483637669
legitimate,0,0.86895245429762,0.9083284687384142
legitimate,0,0.8581331128658884,0.9063180055843827
legitimate,0,0.905637646828187,0.8904862216090211
legitimate,0,0.8980875516595906,0.9577635934498988
legitimate,0,0.8607093850561717,0.9124587431787613
legitimate,0,0.8664007853769378,0.8796795155332793
legitimate,0,0.8858656517485,0.9895865295910129
legitimate,0,0.9460692336744905,0.9874145857507696
legitimate,0,0.9083820119557833,0.9048269631125285
legitimate,0,0.9059388691279517,0.9232032305416153
legitimate,0,0.8911004663033618,0.9108085465528656
legitimate,0,0.6700173792323544,0.7381995434723887
legitimate,0,0.9463900118561367,0.9939664035075705
legitimate,0,0.9181333898415278,0.8683700173658365
legitimate,0,0.8773255793364959,0.9702457951501479
legitimate,0,0.9175469010806531,0.8863530547176364
legitimate,0,0.8732949665992669,0.9433374503969182
legitimate,0,0.9260504475874393,0.9739820271589739
legitimate,0,0.8698781451265025,0.8645491525411131
legitimate,0,0.8580315862326942,0.9063517242261594
legitimate,0,0.9255370371983102,0.9412354183262491
legitimate,0,0.6134580050917529,0.6518733219054152
legitimate,0,0.8703217564244113,0.868564262985213
legitimate,0,0.8647101909993405,0.9018430599909246
legitimate,0,0.8863899276792884,0.9091979847403443
legitimate,0,0.8968997121156486,0.9234405941733643
legitimate,0,0.8717153756938083,0.9765330308834769
legitimate,0,0.922245587066103,0.9577771508696328
legitimate,0,0.8814768186353555,0.9884040177524738
legitimate,0,0.9123245236907732,0.9798284844354066
legitimate,0,0.8725464621456784,0.929159313517275
legitimate,0,0.8425420402002183,0.9470318945579906
legitimate,0,0.8798878998571721,0.9024527680479749
legitimate,0,0.8931951048823108,0.9939275887574403
legitimate,0,0.6715736601392523,0.688668131059826
legitimate,0,0.8587469150610522,0.8707296225410466
legitimate,0,0.8949449305614545,0.9575944020702525
legitimate,0,0.8432288110354864,0.8522910553871305
legitimate,0,0.8808336943205263,0.9273819232083038
legitimate,0,0.8804847653297868,0.8688091914809529
legitimate,0,0.8505188730808889,0.8578733675071546
legitimate,0,0.8701351144522018,0.97326574230973
legitimate,0,0.9427331189742599,0.9897463749516453
legitimate,0,0.8857546031986233,0.8727002825785388
legitimate,0,0.8986146004934848,0.9729121427421368
legitimate,0,0.8863176076903924,0.8976740952943931
legitimate,0,0.8951734502693921,0.9810601142725988
legitimate,0,0.8609536750747642,0.9191464616043508
legitimate,0,0.6440616117361175,0.7083618500430224
legitimate,0,0.8515840693071511,0.9201822358585268
legitimate,0,0.8717507941172622,0.8510262717656674
legitimate,0,0.901794588374992,0.9383334099917513
legitimate,0,0.5718441724235952,0.5778495957254702
legitimate,0,0.906794648581902,0.8914368384552738
legitimate,0,0.9485476005846695,0.968807278369406
legitimate,0,0.937904267585165,0.930053102598214
legitimate,0,0.8913952086251583,0.8508089778158827
legitimate,0,0.6410580685160292,0.784418695606578
legitimate,0,0.9305640200257446,0.8963882480569616
legitimate,0,0.8440996096425294,0.8664193691457318
legitimate,0,0.9081698296442919,0.910148869097239
legitimate,0,0.5752758034754706,0.6795825956697776
legitimate,0,0.8986576522859627,0.962895140162477
legitimate,0,0.8605247546754742,0.8737590299133393
legitimate,0,0.863836457486887,0.9019483412189582
legitimate,0,0.8706635612045989,0.8878832139512742
legitimate,0,0.9060405660926862,0.9538892634282673
legitimate,0,0.8677685218157949,0.9205861881155047
legitimate,0,0.6265348793475594,0.7595419742582974
legitimate,0,0.8726361242867887,0.966833930379344
legitimate,0,0.8880117538036306,0.8675171026114372
legitimate,0,0.9316652013315528,0.9878985666796456
legitimate,0,0.8824086167840646,0.8529480171949537
legitimate,0,0.902201882449559,0.8895294894963885
legitimate,0,0.9021285414288736,0.9739367850048906
legitimate,0,0.8812606306547812,0.9624054896650902
legitimate,0,0.8626174704236281,0.9156607312671812
legitimate,0,0.9144576359268914,0.883667119822853
legitimate,0,0.8581023930465433,0.8647907764118351
legitimate,0,0.6904045372952284,0.7499066911595507
legitimate,0,0.9022390162416418,0.9637990789366088
legitimate,0,0.8822160791971277,0.9223542866048676
legitimate,0,0.9189254875764509,0.9308480846605551
legitimate,0,0.9134435589348959,0.9861388074749315
legitimate,0,0.6119212186322698,0.6969070862131991
legitimate,0,0.7421759691976835,0.7057738665278164
legitimate,0,0.5934466039837055,0.5595884929950177
legitimate,0,0.8443482616010947,0.8500987116160118
legitimate,0,0.8656133115475895,0.900277045457332
legitimate,0,0.8862484166926105,0.9478606444673596
legitimate,0,0.9282079517403089,0.9194546429592128
legitimate,0,0.9100279704987932,0.8869645790244711
legitimate,0,0.9407962993954526,0.9477485238015342
legitimate,0,0.9269361850123354,0.9100826686306482
legitimate,0,0.9007956658514378,0.8696556546596432
legitimate,0,0.8759937285909462,0.9360282514383783
legitimate,0,0.9188205935168537,0.859440435928133
legitimate,0,0.9347664892945257,0.8995774953074048
legitimate,0,0.8969165770366444,0.9483406703126614
legitimate,0,0.9260842844378767,0.8895855935382404
legitimate,0,0.856763251042817,0.8765119795460741
legitimate,0,0.8995875763706094,0.987333369652627
legitimate,0,0.8645578587847148,0.9230503343191934
legitimate,0,0.8625116229768515,0.916664028620669
legitimate,0,0.8906784108218635,0.853542585884339
legitimate,0,0.8539268833892227,0.8806812693876994
legitimate,0,0.8626000223645984,0.8764717714085625
legitimate,0,0.9215936523702611,0.9185752488028955
legitimate,0,0.8636097757845898,0.928317536488909
legitimate,0,0.8754522611687736,0.9778878258944984
legitimate,0,0.8791816297033842,0.8840920265798827
legitimate,0,0.878235693909913,0.9003302314841982
legitimate,0,0.6172420074405452,0.6989499518295494
legitimate,0,0.8955394806400628,0.9198597367774927
legitimate,0,0.9114778976116734,0.883999243189159
legitimate,0,0.898807101110909,0.9305001404764943
legitimate,0,0.8738431483872824,0.8996600866266822
legitimate,0,0.917581670017624,0.949342198452273
legitimate,0,0.8770740175940506,0.893978324782708
legitimate,0,0.8748094713349212,0.9385247435639221
legitimate,0,0.9481179123914164,0.9924166004118904
legitimate,0,0.8978496178368645,0.9403186125241637
legitimate,0,0.8955838116844567,0.9766708416891354
legitimate,0,0.8564184572629674,0.8533190209278518
legitimate,0,0.903277872013366,0.9247948927993968
legitimate,0,0.9154933132940425,0.8979350947784274
legitimate,0,0.9108623864623296,0.9622503055127045
legitimate,0,0.8770975379533138,0.9276413406974668
legitimate,0,0.8749032039757807,0.8974878030103071
legitimate,0,0.9207713213493192,0.9100884113180823
legitimate,0,0.9174218364243413,0.9494172321655681
legitimate,0,0.9452434181559217,0.9284737947646686
legitimate,0,0.8568829060279374,0.9299364619739248
legitimate,0,0.9023613724901769,0.9523660903677792
legitimate,0,0.8588550035530043,0.8581327185392844
legitimate,0,0.9101899856938281,0.9331105894877184
legitimate,0,0.6547622226816285,0.7631507908492922
legitimate,0,0.8461038446546474,0.9179415024799457
legitimate,0,0.9262106797698704,0.9926307651588169
legitimate,0,0.9137003613045431,0.9078285927408538
legitimate,0,0.8886350241621985,0.9133436191803402
legitimate,0,0.8650412121023537,0.9159934926150383
legitimate,0,0.8737312265522198,0.963926897606738
legitimate,0,0.8857281377971963,0.9450866645909768
legitimate,0,0.9045507383458816,0.992093889939968
legitimate,0,0.8504618509053367,0.9389611442392117
legitimate,0,0.638894957374786,0.7248942458293177
legitimate,0,0.9091986512129314,0.9582633595383665
legitimate,0,0.9118028235533804,0.8697903467651125
legitimate,0,0.9134302231163509,0.9266036201880662
legitimate,0,0.9065512400179144,0.9668741486984667
legitimate,0,0.8967131360843571,0.932569719353836
legitimate,0,0.9180717976818111,0.950080657770482
legitimate,0,0.6894970808515913,0.6623602935622961
legitimate,0,0.8796107941184844,0.8757993235341273
legitimate,0,0.8416001077852624,0.9508306303206858
legitimate,0,0.9037014333604544,0.8988736075362029
legitimate,0,0.8785281249541028,0.9326455893427598
legitimate,0,0.9151023012662943,0.9898156857389931
legitimate,0,0.8830400326512634,0.87485317922087
legitimate,0,0.8982233128987226,0.90281989249268
legitimate,0,0.9068842946994795,0.9287703394998144
legitimate,0,0.9294820838480217,0.9750314825106488
legitimate,0,0.903397759018248,0.9467188887457453
legitimate,0,0.869788592288972,0.9021999999173408
legitimate,0,0.8591098957194141,0.8889571091539725
legitimate,0,0.8995238499546985,0.9593366418521388
legitimate,0,0.8937926295294921,0.9230994626023739
legitimate,0,0.8768718702717642,0.8532210058938541
legitimate,0,0.9235611607794205,0.9759491934911186
legitimate,0,0.9075259302013894,0.9301661078099628
legitimate,0,0.9354095094974684,0.9907950555808989
legitimate,0,0.912872590056857,0.8609549705841895
legitimate,0,0.9107866172868674,0.9315491081662292
legitimate,0,0.9082120351481386,0.9172781244886257
legitimate,0,0.9366817441415992,0.9337751258808668
legitimate,0,0.5741075109126315,0.7785669676462829
legitimate,0,0.8941298958272164,0.968091808300477
legitimate,0,0.8926960949499906,0.8792560262753009
legitimate,0,0.9130211481188756,0.9700511433749149
legitimate,0,0.8881349273384014,0.9055131945941441
legitimate,0,0.8394638587147981,0.8847898058271294
legitimate,0,0.8827889887095028,0.8920378860137651
legitimate,0,0.9085492496356562,0.9540214737608422
legitimate,0,0.6180092817711323,0.5583775878543332
legitimate,0,0.8780417203533917,0.8761535328967192
legitimate,0,0.8722627318450439,0.9550697876231115
legitimate,0,0.8668301124569193,0.9398456581270311
legitimate,0,0.8620036718039852,0.8735358555182536
legitimate,0,0.6440556542007446,0.8039139613707116
legitimate,0,0.8515277049049133,0.8662622310099188
legitimate,0,0.8907432577467658,0.8716942128154266
legitimate,0,0.8802108758081497,0.8780391790862265
legitimate,0,0.8816926190379397,0.9862817589296392
legitimate,0,0.8695933918647026,0.855925055319459
legitimate,0,0.8277022188799221,0.8769273680900914
legitimate,0,0.900901231632077,0.9755579945011009
legitimate,0,0.8961294004093018,0.9948529484044921
legitimate,0,0.8912618414251909,0.8690848021408452
legitimate,0,0.8426464346552218,0.877758453666051
legitimate,0,0.9040549995189819,0.8775155786322744
legitimate,0,0.5942027283733794,0.5505869782579821
legitimate,0,0.8830707030120317,0.8837071858807637
legitimate,0,0.888033073391853,0.9076335809380235
legitimate,0,0.8861390203007178,0.9901797097845522
legitimate,0,0.8739204483633406,0.9559523959699573
legitimate,0,0.6605328807729264,0.6878216728785866
legitimate,0,0.892282166463646,0.9430322780383869
legitimate,0,0.8546596238203334,0.8685740226396366
legitimate,0,0.8960111984027676,0.9781798324122257
legitimate,0,0.928959431343909,0.9622847943490519
legitimate,0,0.9180925688211009,0.9238716389070316
legitimate,0,0.9119838052245364,0.9649460835805794
legitimate,0,0.9229042241821399,0.9201740177330957
legitimate,0,0.8969766455267991,0.8615180325844627
legitimate,0,0.8692965490899828,0.914452355833416
legitimate,0,0.8935899213512881,0.9200261083292176
legitimate,0,0.9100826226877966,0.8810069840644805
legitimate,0,0.8863174873595487,0.9631317739628191
legitimate,0,0.8390141666777349,0.8799402248124307
legitimate,0,0.8615254110618856,0.9432729735886414
legitimate,0,0.919097762792222,0.9810051801794964
legitimate,0,0.8804447734491322,0.9754147341930121
legitimate,0,0.8743300718533354,0.8988227225675248
legitimate,0,0.6125471932473306,0.6008670015114039
legitimate,0,0.9243462206643014,0.9913185771774591
legitimate,0,0.9113020191602546,0.9382145894692802
legitimate,0,0.911030047641231,0.903090236469215
legitimate,0,0.9044324358329935,0.9723252171776404
legitimate,0,0.8974731708107587,0.9835873257899121
legitimate,0,0.8830002510603071,0.8621744118441222
legitimate,0,0.8979787714990971,0.8792398095583354
legitimate,0,0.8928852817940225,0.9663718384722575
legitimate,0,0.8516621468651013,0.8521932774418217
legitimate,0,0.8930911514296042,0.9909790470773515
legitimate,0,0.9036496247313458,0.8630734115508009
legitimate,0,0.8986787584694663,0.9338029135608432
legitimate,0,0.8818539419610452,0.9470583405146824
legitimate,0,0.9033388895212459,0.932615610652496
legitimate,0,0.9133241926652733,0.9890517737182286
legitimate,0,0.9161259637522592,0.8980924300850532
legitimate,0,0.8610059755455102,0.8600570192967492
legitimate,0,0.8687176213745675,0.8794746630047277
legitimate,0,0.9146490641386813,0.9272709724172709
legitimate,0,0.9349288301043324,0.9697523433770089
legitimate,0,0.8751757327054738,0.8674693887904357
legitimate,0,0.8763199192038378,0.9011187237737247
legitimate,0,0.8932808889247537,0.9178433337635047
legitimate,0,0.8508294636382143,0.8710305578808518
legitimate,0,0.9436382071286935,0.9866315004419307
legitimate,0,0.9161324913020892,0.9356033546444119
legitimate,0,0.8835879362766054,0.8834657953457475
legitimate,0,0.8918264782232938,0.9568413961082333
legitimate,0,0.9336385422588619,0.9675205116665893
legitimate,0,0.900328184532191,0.8790807132037758
legitimate,0,0.8695761876796221,0.8795566751262794
legitimate,0,0.8814913179361149,0.9107245500966603
legitimate,0,0.894258772703972,0.8993656507392257
legitimate,0,0.8872117878029785,0.9319284843137968
legitimate,0,0.8658159998921569,0.8891456095894527
legitimate,0,0.9044555852288995,0.8528352114663671
legitimate,0,0.9228347856404568,0.9638746730682619
legitimate,0,0.9096857947609294,0.9711749004657628
legitimate,0,0.9189205835516707,0.9261608771592422
legitimate,0,0.9206120322913154,0.9816952381939429
legitimate,0,0.8646182750468758,0.8709279107303906
legitimate,0,0.5721268067270759,0.6173888874668605
legitimate,0,0.8475826675783766,0.9560614921518449
legitimate,0,0.8922027632848352,0.8651289757271781
legitimate,0,0.8659541305921007,0.8659206463500881
legitimate,0,0.916437136475724,0.9850651428228548
legitimate,0,0.8670386536150869,0.9379148150012242
legitimate,0,0.9214407172786852,0.9559739570168826
legitimate,0,0.8457076257569895,0.8881823673432572
legitimate,0,0.9207232700236244,0.9612678570058905
legitimate,0,0.92615195136081,0.8712757031047247
legitimate,0,0.8868496917702833,0.9719683624018054
legitimate,0,0.8837282963603516,0.9714825789521975
legitimate,0,0.8778285335193039,0.914807062178212
legitimate,0,0.6422599579269012,0.820019611817857
legitimate,0,0.8881731371532141,0.9294849630355799
legitimate,0,0.8502545749107797,0.91027817159093
legitimate,0,0.8935717946623183,0.9561059126590421
legitimate,0,0.6627331411006647,0.754322136676786
legitimate,0,0.9213503405588619,0.9935561273763279
legitimate,0,0.8698281145106308,0.9026853595602586
legitimate,0,0.9200286391214486,0.9619823486507826
legitimate,0,0.9339848583917087,0.900936849480767
legitimate,0,0.8864525409386801,0.9072766693151674
legitimate,0,0.8858436187219897,0.8783670915930991
legitimate,0,0.8817555167825598,0.9208220788012446
legitimate,0,0.9204234126094661,0.9682395158895415
legitimate,0,0.5867544752964584,0.5891276432151757
legitimate,0,0.903872316690282,0.9405231919404202
legitimate,0,0.8607875424838204,0.9057936374038039
legitimate,0,0.8735105165829179,0.8963733545157865
legitimate,0,0.8706511260091488,0.9694817668710615
legitimate,0,0.88108695629732,0.9539936912407804
legitimate,0,0.8760738767028257,0.9219594557158696
legitimate,0,0.8564452810330238,0.9483194901042373
legitimate,0,0.9227734682516767,0.9099636308829729
legitimate,0,0.874760728818446,0.9031904181070874
legitimate,0,0.8640969723332845,0.8590470139198734
legitimate,0,0.8936468533435987,0.8838253045250106
legitimate,0,0.8837414836382443,0.9879203744062093
legitimate,0,0.8915202935490651,0.9767745856540654
legitimate,0,0.8569078113308064,0.8854649301084676
legitimate,0,0.6579889728006555,0.6606380593415901
legitimate,0,0.880056776762502,0.8619278734601393
legitimate,0,0.5737870312820131,0.7103168673033576
legitimate,0,0.910887137927391,0.9070210763771378
legitimate,0,0.8864422363914448,0.9507023718611881
legitimate,0,0.7308637058967302,0.7581700489161441
legitimate,0,0.9375798114745028,0.906512086818747
legitimate,0,0.5539234531214099,0.5879236783180356
legitimate,0,0.8593549473331057,0.8698500498465951
legitimate,0,0.8945241838202972,0.894082384448218
legitimate,0,0.9093158153771286,0.9208126637232201
legitimate,0,0.8624574590712639,0.8581633523818071
legitimate,0,0.8869095476151714,0.9904866341685622
legitimate,0,0.7177374100885489,0.7529980671888352
legitimate,0,0.869811738294381,0.8616170439094719
legitimate,0,0.8709316978009496,0.8579777558320439
legitimate,0,0.6241170358243354,0.5859828744277601
legitimate,0,0.8761792768702513,0.930254638445863
legitimate,0,0.8684416374714994,0.8569686913733133
legitimate,0,0.857174821597662,0.8567487668732756
legitimate,0,0.5646406904722826,0.5586041355716352
legitimate,0,0.9234583070988469,0.939107313260652
legitimate,0,0.8647208757170105,0.8874316173997517
legitimate,0,0.8821600779364331,0.8873032089362982
legitimate,0,0.8824142704714372,0.8645086117660993
legitimate,0,0.9207195789974904,0.970150671199411
legitimate,0,0.8832574778174357,0.8969583287426588
legitimate,0,0.8791605133272281,0.8826374593483549
legitimate,0,0.8993116731941244,0.9378337014761613
legitimate,0,0.9023179645198849,0.9137484302392055
legitimate,0,0.9073460717154102,0.8758445689358346
legitimate,0,0.8821082976725537,0.8615663810146804
legitimate,0,0.8653920675837551,0.9388049665497097
legitimate,0,0.9011487984610871,0.9913297691078564
legitimate,0,0.9294257170276465,0.9565106896627918
legitimate,0,0.9184390787951434,0.9400849648768572
legitimate,0,0.8958735928333611,0.963507833638223
legitimate,0,0.8519345092401649,0.9312027932998717
legitimate,0,0.9159810248567625,0.8741203074290482
legitimate,0,0.901633421862069,0.8746643898422711
legitimate,0,0.8920235636261107,0.9817319933445382
legitimate,0,0.886681563471365,0.9761159040321649
legitimate,0,0.9032114910468366,0.8968892382258298
legitimate,0,0.6721022184245639,0.7443732036005819
legitimate,0,0.8902379804691711,0.9372031374931279
legitimate,0,0.9377354319959952,0.9916475563035616
legitimate,0,0.8925182048214294,0.887113741882963
legitimate,0,0.8986657075163847,0.9258175733133001
legitimate,0,0.8330295209800274,0.8522493211651718
legitimate,0,0.8933581288244533,0.9723430396383618
legitimate,0,0.9204416328840321,0.9904557077919378
legitimate,0,0.8894835061790098,0.9039864582003131
legitimate,0,0.8990715350829536,0.9667588959671358
legitimate,0,0.8807747833547834,0.9497120701503667
legitimate,0,0.8991216789042812,0.9944761335099395
legitimate,0,0.8446552127827532,0.8550432593815481
legitimate,0,0.8627369675088888,0.871349404804589
legitimate,0,0.9080651472474922,0.9715377476986488
legitimate,0,0.864650576460553,0.876762822385866
legitimate,0,0.8849444401717088,0.9156184551678211
legitimate,0,0.8848869234143545,0.9497324520651598
legitimate,0,0.6394018791762847,0.6944682954997076
legitimate,0,0.9013444053960421,0.936625068638513
legitimate,0,0.867229418158415,0.9213499092882604
legitimate,0,0.8702074126880001,0.941289193675214
legitimate,0,0.8263835193022645,0.9033433226910612
legitimate,0,0.6123994671764593,0.6199241854690642
legitimate,0,0.900168979761282,0.9261525931633128
legitimate,0,0.9136114083231803,0.942231065461159
legitimate,0,0.9211749025885126,0.9929596863470227
legitimate,0,0.8888086289384765,0.9458464596173978
legitimate,0,0.8785912170583735,0.8940292033240552
legitimate,0,0.8924310455426906,0.9416925083503476
legitimate,0,0.8871119662694151,0.9147686213611236
legitimate,0,0.8987456227749934,0.902801897605972
legitimate,0,0.9722063249730151,0.9910379511577125
legitimate,0,0.884362715827752,0.9861315578822939
legitimate,0,0.6312018343480983,0.6636688401367492
legitimate,0,0.8548628239372136,0.8584970390251614
legitimate,0,0.9277011882411705,0.9324128014053032
legitimate,0,0.8482933492202427,0.9484777898466364
legitimate,0,0.9191447916124323,0.9739199647066329
legitimate,0,0.887399156147035,0.8716347656660746
legitimate,0,0.936777001495886,0.9808169818693191
legitimate,0,0.9224237266940145,0.8853922537590639
legitimate,0,0.8969944553914232,0.9048871024376395
legitimate,0,0.8958315970658838,0.9013019821289334
legitimate,0,0.9122468288479886,0.9824693683955912
legitimate,0,0.8768693494103224,0.9402164763370606
legitimate,0,0.8916079486224506,0.9416902744152758
legitimate,0,0.8695549447506183,0.9151111485823612
legitimate,0,0.946828219425241,0.9471534472356877
legitimate,0,0.9017070633639476,0.947800750192852
legitimate,0,0.8379682854068897,0.8665694855450621
legitimate,0,0.8763253884064669,0.8615140867402906
legitimate,0,0.8813086547269339,0.9042502184652487
legitimate,0,0.8873751290964065,0.9282468688977111
legitimate,0,0.9244844617293679,0.9562582591830359
legitimate,0,0.8696188549929057,0.8560902305775677
legitimate,0,0.8908736719957254,0.9254918534605029
legitimate,0,0.9118680602945253,0.9773709234144579
legitimate,0,0.9054133248107451,0.93860681974142
legitimate,0,0.9272472478858704,0.9120572642144572
legitimate,0,0.9263756491958992,0.9941973751900457
legitimate,0,0.8871765198043559,0.9594498733824273
legitimate,0,0.925540394635677,0.9235050312373629
legitimate,0,0.9199118429565576,0.924087890364635
legitimate,0,0.7120676303522337,0.7345087305683261
legitimate,0,0.8855930003932435,0.9166974594113408
legitimate,0,0.8660498870147092,0.9466234466856445
legitimate,0,0.8759183910078614,0.9175455495696073
legitimate,0,0.8922557813180576,0.9370601921765737
legitimate,0,0.8528332484675079,0.8608792310077311
legitimate,0,0.8990744123518435,0.9413109449032157
legitimate,0,0.9256748347432017,0.9588643495718442
legitimate,0,0.9399211995554227,0.9564274956461827
legitimate,0,0.8739912292592313,0.9320768479870437
legitimate,0,0.9194858029813133,0.991614498428323
legitimate,0,0.8696794306726833,0.8893783998012168
legitimate,0,0.8816083117036572,0.9891687705450126
legitimate,0,0.872276461906164,0.8813473698392903
legitimate,0,0.6069880580936267,0.7862276412568387
legitimate,0,0.9277123659226989,0.8930659012810236
legitimate,0,0.6774569948848712,0.7318472436369261
legitimate,0,0.8690825184140791,0.8823526291223748
legitimate,0,0.8865699369860921,0.9380446136224003
legitimate,0,0.8865838621973412,0.9269674590882507
legitimate,0,0.8551804188451423,0.8686136016313869
legitimate,0,0.879817831910722,0.9270821969312885
legitimate,0,0.8758401156705464,0.8511977367292927
legitimate,0,0.6441975942456082,0.6919930854228166
legitimate,0,0.5481435537336853,0.5735327021831478
legitimate,0,0.6424908070860802,0.7831649753207743
legitimate,0,0.8377183042400989,0.8618371043496946
legitimate,0,0.9049129535999945,0.8649685470661755
legitimate,0,0.9085602475643799,0.8703697373419796
legitimate,0,0.9180967958570557,0.9011692488076711
legitimate,0,0.8407661654560803,0.8601191579238465
legitimate,0,0.8611764771101477,0.9518911061571984
legitimate,0,0.8853755870390808,0.8637752619637767
legitimate,0,0.8475940986838769,0.8770880190289356
legitimate,0,0.8489448279550275,0.8847139534111323
legitimate,0,0.8884394846755785,0.8949448792170026
legitimate,0,0.8715081715654706,0.8622672781486092
legitimate,0,0.9334910794280327,0.9900653397146866
legitimate,0,0.559104779660493,0.6230240579253598
legitimate,0,0.9175842925677846,0.9224391102011831
legitimate,0,0.8993716316072983,0.9009450392202951
legitimate,0,0.8944190117019729,0.9672655916662531
legitimate,0,0.9006039463048428,0.9832186076761943
legitimate,0,0.8936275214254038,0.8775644265041713
legitimate,0,0.8664978462849422,0.9397779065066884
legitimate,0,0.8725464460351248,0.8633163909872201
legitimate,0,0.8943519183987013,0.9764510227673269
legitimate,0,0.5221163572867936,0.6136499442992023
legitimate,0,0.8531045951315039,0.9547547720896714
legitimate,0,0.9325260328849526,0.9390885001330807
legitimate,0,0.8734309559759112,0.8635939388887599
legitimate,0,0.8623420451623032,0.8751066664713814
legitimate,0,0.8667256370298847,0.9681368468013694
legitimate,0,0.865598760444918,0.8534321749841073
legitimate,0,0.8265268008916062,0.8588960534603252
legitimate,0,0.9006047744397826,0.9644040815504868
legitimate,0,0.8627753316896544,0.8632377376203697
legitimate,0,0.6106700719137924,0.7436094822006735
legitimate,0,0.9231881423377308,0.9728210705448266
legitimate,0,0.8820892866230692,0.8623769739191324
legitimate,0,0.885685203697283,0.8683214675384217
legitimate,0,0.8827538871167901,0.9400130786262758
legitimate,0,0.9092618532793523,0.9448168077583282
legitimate,0,0.8485926547987643,0.8807187278879525
legitimate,0,0.8624929754995626,0.934325478297533
legitimate,0,0.8666872787874336,0.8921643111405574
legitimate,0,0.8654208838268477,0.876248745509069
legitimate,0,0.8740486273167296,0.923731493875926
legitimate,0,0.904694575576635,0.9121530121740782
legitimate,0,0.8992138789959685,0.8753582960973799
legitimate,0,0.9199541410510478,0.9535677117931879
legitimate,0,0.8797367886465287,0.8570609145134589
legitimate,0,0.9552452849423182,0.9927687490896294
legitimate,0,0.88172818910977,0.9459882020305012
legitimate,0,0.9272019213679259,0.9263068728656653
legitimate,0,0.89622170297241,0.8965225777106514
legitimate,0,0.8432419529631515,0.8589387055573281
legitimate,0,0.8469154947309764,0.8683341802494204
legitimate,0,0.8488892776105572,0.9587665599355997
legitimate,0,0.8920856378619131,0.868839408234271
legitimate,0,0.8891509319346236,0.9061543262732509
legitimate,0,0.8989275990826245,0.9523222215113697
legitimate,0,0.9187084131583375,0.9135442596575306
legitimate,0,0.9173570515375413,0.9415786424159189
legitimate,0,0.9125069098554858,0.9937527061866184
legitimate,0,0.6378204377898858,0.6722542220231315
legitimate,0,0.5869219273419936,0.7110848193003292
legitimate,0,0.64176079887992,0.7564483121095432
legitimate,0,0.6579683658951909,0.6193894836084023
legitimate,0,0.8881524619831783,0.863878177445087
legitimate,0,0.8687055771013105,0.8648426651840245
legitimate,0,0.8983926037099972,0.975470795569243
legitimate,0,0.6554346841241122,0.7374652110575973
legitimate,0,0.8993981108175708,0.9052486955172071
legitimate,0,0.5799748553018892,0.6488099360385314
legitimate,0,0.561508925910462,0.611768196958828
legitimate,0,0.8995180533440089,0.9013913720947709
legitimate,0,0.7082548905658398,0.6580522269765757
legitimate,0,0.9027132279096114,0.9201465249649605
legitimate,0,0.8509628550510122,0.8627188775422459
legitimate,0,0.879961209112945,0.8799337492222304
legitimate,0,0.8790126605306039,0.9000966883538881
legitimate,0,0.8761947249051554,0.982490267866257
legitimate,0,0.928008498369003,0.9898237783699354
legitimate,0,0.9044282807661441,0.9907499239577277
legitimate,0,0.8737193006636813,0.9329112907904076
legitimate,0,0.8424083203627026,0.9596517267338636
legitimate,0,0.8803722321491534,0.9729588200123636
legitimate,0,0.9243925242973672,0.9442178685301723
legitimate,0,0.9356894665788301,0.9936685476160376
legitimate,0,0.9494426396704616,0.9737553470195726
legitimate,0,0.9436343677161292,0.9733774167942442
legitimate,0,0.8522396906509716,0.9816485797296117
legitimate,0,0.937124429640788,0.9827177649977266
legitimate,0,0.9205272479502526,0.8549967355676626
legitimate,0,0.8813156818426342,0.9100047066843893
legitimate,0,0.9196371524943594,0.8833477481394564
legitimate,0,0.9014570295333221,0.9745246262634379
legitimate,0,0.6450716028353434,0.6909248857751733
legitimate,0,0.9148862303914185,0.9699627075620296
legitimate,0,0.93811545250032,0.9775005485804547
legitimate,0,0.8726608989908846,0.9227097608248951
legitimate,0,0.9044495755087134,0.9486309013854857
legitimate,0,0.8988441220577146,0.915241699461624
legitimate,0,0.8921043097763227,0.8621611269256195
legitimate,0,0.88962007930283,0.8759321859365653
legitimate,0,0.887555297053343,0.9359501411766292
legitimate,0,0.8970704455310479,0.9898543246706983
legitimate,0,0.8790825439616711,0.9050435663379927
legitimate,0,0.5997167929357831,0.6892902802516414
legitimate,0,0.9271180293794556,0.9037116375928274
legitimate,0,0.620535551495151,0.7114003197354353
legitimate,0,0.8786614228700537,0.873921461857665
legitimate,0,0.8473100422343925,0.9357121463328276
legitimate,0,0.8908162248059437,0.9022215445393806
legitimate,0,0.9204003139361225,0.9791194842175595
legitimate,0,0.8980923817214871,0.8905082154313402
legitimate,0,0.8981864203729273,0.9751724499016124
legitimate,0,0.8384486396304289,0.8799713926486512
legitimate,0,0.8992866559390644,0.8688717158371114
legitimate,0,0.8852706760784967,0.9241613424254147
legitimate,0,0.9078145793788573,0.9427489826786242
legitimate,0,0.8583926188570723,0.8919478656687596
legitimate,0,0.87306576624451,0.9025220920007206
legitimate,0,0.9049854690752355,0.9856838886338665
legitimate,0,0.9508938212402264,0.9136491381538506
legitimate,0,0.5985879582470771,0.6278584551355936
legitimate,0,0.8860025246405824,0.876535217283194
legitimate,0,0.9040577709607246,0.9867309535404607
legitimate,0,0.8973335309572215,0.8938752384912665
legitimate,0,0.910938532880786,0.9558867875871373
legitimate,0,0.9037913302457605,0.9869205214128565
legitimate,0,0.9115370855372349,0.9218084173338432
legitimate,0,0.9424975149761727,0.9804232760127909
legitimate,0,0.8772539438651387,0.8938638603860144
legitimate,0,0.878115338232231,0.8902890122900895
legitimate,0,0.8826913846927518,0.9924299776049824
legitimate,0,0.6328411058830068,0.7281948166859613
legitimate,0,0.9123411139547819,0.884854801733996
legitimate,0,0.908784258267532,0.9328145605815185
legitimate,0,0.8483888436191022,0.9332809278253391
legitimate,0,0.9014541044872864,0.8869577496063046
legitimate,0,0.564951782079412,0.5556786449257779
legitimate,0,0.9196016982257363,0.9822907806277883
legitimate,0,0.8358709410116729,0.8937459280306183
legitimate,0,0.8942658375840686,0.9368166971439585
legitimate,0,0.886627212345151,0.9292071585063649
legitimate,0,0.8719630244657384,0.9163333077172554
legitimate,0,0.5843104000585987,0.7492036254357763
legitimate,0,0.8661737311028883,0.9549389461778497
legitimate,0,0.880897280056995,0.8881988470151913
legitimate,0,0.9089537250289554,0.9726984216293473
legitimate,0,0.8978183989278091,0.9840924302221284
legitimate,0,0.9038572162067885,0.9376454441749802
legitimate,0,0.8805392285648995,0.9694567177919591
legitimate,0,0.8756511712163881,0.8655851466460959
legitimate,0,0.8825713654506046,0.8543397779288366
legitimate,0,0.839404281427781,0.8515012569558996
legitimate,0,0.9038533864024957,0.9443493279965605
legitimate,0,0.9287443159609206,0.904571494267566
legitimate,0,0.9037709283067034,0.902955695099674
legitimate,0,0.9231011947387435,0.9823333669944738
legitimate,0,0.8790405971856323,0.8689375596527297
legitimate,0,0.9093567725249672,0.9375978586483958
legitimate,0,0.9017330001530438,0.9124641230821751
legitimate,0,0.829197291439315,0.8524416609333145
legitimate,0,0.6784910800679762,0.7990622447225116
legitimate,0,0.9172917743910771,0.9484701637843779
legitimate,0,0.8615877062029722,0.8903798258730038
legitimate,0,0.9140718152403872,0.9678824266805958
legitimate,0,0.8706424286625257,0.8633024875376476
legitimate,0,0.6805145338930257,0.7510798993646213
legitimate,0,0.8513599838706329,0.9202238604610801
legitimate,0,0.9029623022106066,0.8519237935686792
legitimate,0,0.8525522046722672,0.8725806999564714
legitimate,0,0.8727711539826062,0.982526071960701
legitimate,0,0.9345993695310928,0.983154455031812
legitimate,0,0.8666140760813082,0.9342785306554835
legitimate,0,0.921822435049295,0.9860860290766105
legitimate,0,0.9601085581169997,0.9880864789800669
legitimate,0,0.8911360959110821,0.9017837024484817
legitimate,0,0.8878331108322116,0.9133013368972466
legitimate,0,0.8551291124442155,0.8740269955629488
legitimate,0,0.6311442631288338,0.7111389650015238
legitimate,0,0.9282034127566177,0.9122986782493042
legitimate,0,0.898453414973268,0.9235257953523254
legitimate,0,0.9206710399069311,0.9831270053382184
legitimate,0,0.857451583188994,0.9312584199655383
legitimate,0,0.8520298917148706,0.9086457143256736
legitimate,0,0.6481902608005385,0.6463038391560416
legitimate,0,0.6420288669475188,0.5896325618948622
legitimate,0,0.8862568997354187,0.8756904666590225
legitimate,0,0.9094942929733375,0.9257002349032406
legitimate,0,0.8889325235008987,0.8557889266034737
legitimate,0,0.8839866079117609,0.939198273259042
legitimate,0,0.6505352680643472,0.5884129079536508
legitimate,0,0.8942358280511893,0.9637561974856295
legitimate,0,0.8910710387764095,0.8938336418868678
legitimate,0,0.9380716156436917,0.9916376711961007
legitimate,0,0.8988859861442262,0.9722078235292315
legitimate,0,0.88454903811242,0.8774927193353299
legitimate,0,0.8758864963532089,0.954077211662974
legitimate,0,0.8620727608546356,0.9100293102531143
legitimate,0,0.9019867339133729,0.9226316653090576
legitimate,0,0.8848566101434856,0.8707631699228652
legitimate,0,0.8716309331310703,0.9325963009292004
legitimate,0,0.8243489315111912,0.8642265885604415
legitimate,0,0.9181138710892948,0.8817167589772664
legitimate,0,0.8851372508054675,0.9291869497990396
legitimate,0,0.8121366942119079,0.8533414953102334
legitimate,0,0.9045438630620862,0.8655231686103847
legitimate,0,0.8811569980963238,0.8566513479412345
legitimate,0,0.8822241388597061,0.9219392276130917
legitimate,0,0.8936453154892862,0.9172339262740982
legitimate,0,0.8989447311406541,0.8874985178775705
legitimate,0,0.8967868426840763,0.9747887285726328
legitimate,0,0.8819570235766369,0.9261716572594102
legitimate,0,0.8729543434137202,0.8875383824375411
legitimate,0,0.8869075102557644,0.8755098620887132
legitimate,0,0.6780893586610246,0.7066246360381166
legitimate,0,0.8744139069037987,0.8834537775688346
legitimate,0,0.8721581648506727,0.9237967112189626
legitimate,0,0.8634171527897785,0.8797868262851976
legitimate,0,0.6784236708633886,0.7189223049529936
legitimate,0,0.9025587827856193,0.8977424882779769
legitimate,0,0.9038215478346644,0.8555601497256514
legitimate,0,0.8784799945821822,0.8600535431027666
legitimate,0,0.9167310273154781,0.8756008058727947
legitimate,0,0.8812517931088292,0.8528735380052851
legitimate,0,0.860206084490497,0.9478956785553294
legitimate,0,0.8932788095321703,0.9407905846019835
legitimate,0,0.9065831591249195,0.943523523355644
legitimate,0,0.8379651604116205,0.8592929933255502
legitimate,0,0.6355672579084172,0.5983951689260789
legitimate,0,0.9023237143380196,0.8784369883075319
legitimate,0,0.8698205175922441,0.881843799184496
legitimate,0,0.9111248823727739,0.9889982107460445
legitimate,0,0.8618870505988013,0.8591075292836746
legitimate,0,0.910597531527686,0.9135752379997908
legitimate,0,0.8428952671594004,0.9510302702923601
legitimate,0,0.8861791744916482,0.9917702672024671
legitimate,0,0.9019624664967809,0.9090516594677156
legitimate,0,0.8990655179494331,0.9308979348972624
legitimate,0,0.8804960072665253,0.8978682557319179
legitimate,0,0.9003261757752264,0.901646270751593
legitimate,0,0.6094217081140014,0.5525866372712708
legitimate,0,0.916181102528437,0.9904564051641949
legitimate,0,0.8737781128992693,0.9289054426194039
legitimate,0,0.8950948785127039,0.9155752276002083
legitimate,0,0.8986410664542729,0.9204842923176053
legitimate,0,0.8873607469704297,0.889783016683906
legitimate,0,0.6946698074032048,0.7441349210497418
legitimate,0,0.893700625022795,0.9665787674650386
legitimate,0,0.9169024958570906,0.9557166658336563
legitimate,0,0.871351498721326,0.8536257222580608
legitimate,0,0.887378194412317,0.9795469320029435
legitimate,0,0.676383676910512,0.7938099895759225
legitimate,0,0.9122712370312236,0.9143131152940442
legitimate,0,0.8968133103831685,0.9122970227144501
legitimate,0,0.8767978438370299,0.9464544614411962
legitimate,0,0.9300380694658011,0.9557856638329645
legitimate,0,0.8926839623867542,0.8785526083787222
legitimate,0,0.8792265901530403,0.9704473751903221
legitimate,0,0.829705648726003,0.894042690913624
legitimate,0,0.6283077429206905,0.831849421487564
legitimate,0,0.9057269160346673,0.9753598676002233
legitimate,0,0.9274984419939922,0.9184223969983849
legitimate,0,0.911944952452,0.8933079530991119
legitimate,0,0.9001054851316476,0.9667948880870647
legitimate,0,0.9077997312776,0.866249980804356
legitimate,0,0.8828540514849454,0.8838410431247976
legitimate,0,0.9088902192193054,0.8611831591030689
legitimate,0,0.9028023867053585,0.9343688915412272
legitimate,0,0.6683650920546362,0.8170819677519275
legitimate,0,0.8748659920323382,0.9440843741287669
legitimate,0,0.9190641755997019,0.8865828779587516
legitimate,0,0.8449628493481993,0.912023116120247
legitimate,0,0.8976419166218536,0.9064355521076412
legitimate,0,0.9267120071355637,0.9520835200459368
legitimate,0,0.9201895345560192,0.9785328336713437
legitimate,0,0.8790208842649708,0.8726023197551354
legitimate,0,0.6137428189940141,0.7702342103546332
legitimate,0,0.8930251964115953,0.9138119385888824
legitimate,0,0.8987400055027249,0.952814569072599
legitimate,0,0.9001806139024301,0.8622198654314486
legitimate,0,0.9141036869099256,0.9021482603386075
legitimate,0,0.8659464008506126,0.8920719003563551
legitimate,0,0.9437367818826777,0.9655079732616005
legitimate,0,0.6912859506744966,0.8403710883252004
legitimate,0,0.922473028790413,0.8624390222731706
legitimate,0,0.8248756335740182,0.9144541798743713
legitimate,0,0.9125330663742217,0.9693005049997706
legitimate,0,0.8892065857604959,0.9331489688697082
legitimate,0,0.8508745133266454,0.8677129444701575
legitimate,0,0.8715649659647299,0.9057668018859198
legitimate,0,0.8786731874650683,0.881525654889108
legitimate,0,0.9164502994847554,0.8929648031639754
legitimate,0,0.8909882104292248,0.9223194115266371
legitimate,0,0.9021626857159767,0.9102396066069496
legitimate,0,0.8386689142238698,0.930720813757903
legitimate,0,0.9103327584624386,0.9873619384191646
legitimate,0,0.8965971803519276,0.9125313244747821
legitimate,0,0.8465851591691899,0.8810068869051598
legitimate,0,0.9336033992491851,0.9682987353617472
legitimate,0,0.9341102371154453,0.9536422001017126
legitimate,0,0.8915045878432766,0.9926241253398997
legitimate,0,0.901416032580871,0.8790035664085846
legitimate,0,0.9031026076931592,0.966846168956498
legitimate,0,0.9178906427569555,0.9509062798965485
legitimate,0,0.881114664591909,0.9543921392592613
legitimate,0,0.874193593214119,0.8521828536956583
legitimate,0,0.8667858685155048,0.9745464181172883
legitimate,0,0.6693730807058436,0.7526265090338018
legitimate,0,0.9098534886735081,0.9563866215698191
legitimate,0,0.8814532880513304,0.9534403089216739
legitimate,0,0.6144839189896922,0.7376430753937462
legitimate,0,0.9212189953412971,0.9655329091908404
legitimate,0,0.8844347528774924,0.9145001801235871
legitimate,0,0.8908436458413723,0.8659638788434931
legitimate,0,0.7023290376744343,0.810929095415784
legitimate,0,0.9104234486861005,0.9503200159746026
legitimate,0,0.9195885768684295,0.9830987664750063
legitimate,0,0.879591505062262,0.8613993064708292
legitimate,0,0.902628346036175,0.8869855559035047
legitimate,0,0.9351400118757729,0.9080996568934405
legitimate,0,0.88582680277172,0.9735258208597597
legitimate,0,0.9533871515421181,0.9650001410721675
legitimate,0,0.8821035567926363,0.900570112194605
legitimate,0,0.8725412646883509,0.9570700878807703
legitimate,0,0.8650005229188157,0.9010701058651175
legitimate,0,0.8785457241868245,0.8618426620557194
legitimate,0,0.839487356551365,0.861072808360134
legitimate,0,0.6677801826796603,0.8209183418274744
legitimate,0,0.875442054011217,0.9322858246404369
legitimate,0,0.880383918377111,0.9148827592986403
legitimate,0,0.9215296591423335,0.9561297642385798
legitimate,0,0.8986104689313901,0.9035290006111986
legitimate,0,0.9249017743248688,0.8961321633303663
legitimate,0,0.8973224145800522,0.9286329928682963
legitimate,0,0.9204583015018024,0.9289094985494974
legitimate,0,0.871137577103236,0.9403722618591969
legitimate,0,0.9035798392911848,0.9470399273806857
legitimate,0,0.8756162151180573,0.9737286663001764
legitimate,0,0.8867983461777991,0.938163565755556
legitimate,0,0.9049513387848523,0.958826305874558
legitimate,0,0.8378176696780381,0.9141867252561555
legitimate,0,0.8935535879009973,0.8758612067837809
legitimate,0,0.9071375566443939,0.9746520572975472
legitimate,0,0.5982017141836614,0.6405707591165862
legitimate,0,0.9002880573530049,0.9116145208325729
legitimate,0,0.9183554057009273,0.9244141178444882
legitimate,0,0.8835339814168285,0.8908025427273675
legitimate,0,0.6779759525226667,0.7986898790445016
legitimate,0,0.9096629857966446,0.898132540334987
legitimate,0,0.6158747673566488,0.7843967280845622
legitimate,0,0.9143981473635008,0.9204223093633922
legitimate,0,0.9061137425359517,0.9785616589508204
legitimate,0,0.8741019768034737,0.9849941275931001
legitimate,0,0.8673650909923598,0.8513824710664343
legitimate,0,0.8835884757924235,0.931701734192248
legitimate,0,0.8802417253001525,0.8986628351185415
legitimate,0,0.6261022817090345,0.6914595609511749
legitimate,0,0.8941715030239136,0.8865014301962637
legitimate,0,0.924820331602164,0.9045895261012482
legitimate,0,0.8862944184729304,0.935508947066369
legitimate,0,0.8416323601323963,0.892228708135549
legitimate,0,0.8720919261536504,0.8885851749732812
legitimate,0,0.8865555139216853,0.9130831398790398
legitimate,0,0.9278755528970006,0.9242761707927796
legitimate,0,0.8529523593609041,0.8671069345629139
legitimate,0,0.9201045082011858,0.9316913274710417
legitimate,0,0.907552546980461,0.9653792734730964
legitimate,0,0.9110636577380992,0.9795002119541112
legitimate,0,0.916298625920664,0.8554148979865221
legitimate,0,0.8996356382304055,0.9895222872060986
legitimate,0,0.594400519659576,0.7203047145677008
legitimate,0,0.849551197403658,0.873944139207984
legitimate,0,0.910431640253462,0.9817119131072847
legitimate,0,0.8987429853934239,0.9038785872642171
legitimate,0,0.9285817327983951,0.9693965134780033
legitimate,0,0.8701077185330726,0.8936692094330843
legitimate,0,0.6589664498656385,0.8489722753442119
legitimate,0,0.9029739850699122,0.9494164679377888
legitimate,0,0.9769122128565764,0.9937883496164198
legitimate,0,0.9043837359125461,0.9228879114430834
legitimate,0,0.6915043094204244,0.6345448214886785
legitimate,0,0.8711041377969764,0.8781140239107482
legitimate,0,0.8682968522551331,0.876220013063423
legitimate,0,0.8755575178754207,0.8554310726113492
legitimate,0,0.8941573262006571,0.9095316166622289
legitimate,0,0.9123335365219398,0.993800576144179
legitimate,0,0.8847321882285494,0.990718778207634
legitimate,0,0.8960443572050139,0.9624731483177879
legitimate,0,0.9134801686783737,0.9599689047059026
legitimate,0,0.8615502667835534,0.879872236197683
legitimate,0,0.9245471907171476,0.9006519407732395
legitimate,0,0.8905514797421226,0.8649890786605577
legitimate,0,0.8845491029741117,0.9030669017286662
legitimate,0,0.64953240137007,0.5589993334010553
legitimate,0,0.9148792541506783,0.963166921418216
legitimate,0,0.8862985681187648,0.8779497605224877
legitimate,0,0.9259500113795748,0.9055875227960155
legitimate,0,0.8790486562842525,0.9545642147552268
legitimate,0,0.9111324665420664,0.8745844003634354
legitimate,0,0.9123333032609178,0.9919293684626622
legitimate,0,0.913589380803406,0.9565297742448864
legitimate,0,0.8921816103691192,0.8758301621916645
legitimate,0,0.88535266918233,0.8953419937352244
legitimate,0,0.8938087635068899,0.9247668855001174
legitimate,0,0.909285395534137,0.9407421459129075
legitimate,0,0.9418148049661988,0.9530194628585069
legitimate,0,0.8883780410369875,0.9193852559465047
legitimate,0,0.8658269062948372,0.899040551075997
legitimate,0,0.6578108771375869,0.7717185424720762
legitimate,0,0.8344994484829028,0.8624143716086112
legitimate,0,0.9170372823701431,0.9709087207149042
legitimate,0,0.9102106558290441,0.9134388136230943
legitimate,0,0.8452520113488287,0.856804513333319
legitimate,0,0.8436600235091605,0.8902446843884223
legitimate,0,0.9204182377642893,0.9847930451551308
legitimate,0,0.8927505340411456,0.9348702306767921
legitimate,0,0.8735572033560945,0.8735621955272844
legitimate,0,0.9165853620620081,0.8612689724378009
legitimate,0,0.9057503527968808,0.9266557160480182
legitimate,0,0.9353380750103014,0.9705531102773651
legitimate,0,0.9230641238524598,0.9554527386379055
legitimate,0,0.8488002333315712,0.8772575770535659
legitimate,0,0.9178464190238534,0.9816600232332926
legitimate,0,0.9035032045427244,0.9183786864916109
legitimate,0,0.6155752764693384,0.5972581388993441
legitimate,0,0.8982813148391269,0.9462851600907297
legitimate,0,0.8793870223710756,0.8896864506487075
legitimate,0,0.8604747271290566,0.8755854969603842
legitimate,0,0.8831998019170975,0.9295535430932896
legitimate,0,0.8827056079558044,0.925052056516076
legitimate,0,0.8713976614818012,0.8650410431150329
legitimate,0,0.874931118436628,0.8659442220203964
legitimate,0,0.92884338640264,0.9872846738164448
legitimate,0,0.9153189030152468,0.9326357983969968
legitimate,0,0.900858978331215,0.9534917766476191
legitimate,0,0.9153485843751287,0.9797372913931333
legitimate,0,0.8770016856832364,0.9432574422180544
legitimate,0,0.9100447825592417,0.9329814602874654
legitimate,0,0.9234483465563228,0.9877675302658362
legitimate,0,0.8904286152225951,0.9701475719582368
legitimate,0,0.8810070569596116,0.8776748579597161
legitimate,0,0.9083629604929944,0.9568082103157858
legitimate,0,0.8943510914221842,0.8800185344789193
legitimate,0,0.8700313583487918,0.9126773559837633
legitimate,0,0.9125034425412728,0.95329994551303
legitimate,0,0.9163802848238433,0.8909514950986175
legitimate,0,0.9117332565282676,0.9572606010352298
legitimate,0,0.9029739838369939,0.9463182957777853
legitimate,0,0.8756593052231758,0.8850410353045358
legitimate,0,0.8999212551986274,0.8668783056753331
legitimate,0,0.8871334489232043,0.8634590308363761
legitimate,0,0.5851884233573095,0.7379265374180601
legitimate,0,0.8934008311992913,0.8594535168881546
legitimate,0,0.919006989346106,0.9125619067082628
legitimate,0,0.9059912365875528,0.9440383164996943
legitimate,0,0.8652546685486912,0.8714002420165906
legitimate,0,0.9356513599343281,0.9946905341502754
legitimate,0,0.8640707247314402,0.9261274954855041
legitimate,0,0.9162399267748347,0.9433160719234144
legitimate,0,0.8561195838497089,0.9225643842807206
legitimate,0,0.8624595048256247,0.9033394811503488
legitimate,0,0.8473622349141964,0.8504280089411697
legitimate,0,0.9040301560723076,0.986063624335006
legitimate,0,0.8879990921714348,0.9901214894083676
legitimate,0,0.931645233471188,0.9818522872328936
legitimate,0,0.8794421311189274,0.9344273157749833
legitimate,0,0.8622231823680808,0.8660965687327803
legitimate,0,0.658584122409576,0.7845460317762024
legitimate,0,0.6547653548896923,0.6566014845707357
legitimate,0,0.8860175730429135,0.9132238815367593
legitimate,0,0.8580574077526748,0.9367393276391232
legitimate,0,0.9099054465005214,0.9842220204381242
legitimate,0,0.8997793117783387,0.9656877870124299
legitimate,0,0.8807793456828472,0.85202956727286
legitimate,0,0.8736882219751633,0.8730645774858941
legitimate,0,0.8912279108203143,0.910992387532805
legitimate,0,0.8954694845453456,0.9611942648795291
legitimate,0,0.8642154640260928,0.9169358744271765
legitimate,0,0.9264303636757801,0.9471649185506642
legitimate,0,0.8718061473171992,0.95913654643986
legitimate,0,0.909846691131489,0.9440724053556425
legitimate,0,0.8907188214010785,0.9638204710894257
legitimate,0,0.8872870654082097,0.9543136820847685
legitimate,0,0.8647650871242555,0.8902955984771276
legitimate,0,0.9027593650937364,0.9379952925701226
legitimate,0,0.9356549366026371,0.8801133670403121
legitimate,0,0.8448935507905448,0.9069797403082536
legitimate,0,0.8841625432361051,0.8606280959680006
legitimate,0,0.8859797010253355,0.8683981095559486
legitimate,0,0.8910408834628347,0.900330526653688
legitimate,0,0.9036785727135167,0.9419368349641605
legitimate,0,0.9270622099969018,0.9690213587112785
legitimate,0,0.8999311234399284,0.8533893055085943
legitimate,0,0.9014462098993478,0.9252251285843092
legitimate,0,0.8641468565314071,0.880798807978976
legitimate,0,0.8711938006748807,0.8960600684382879
legitimate,0,0.8975077878720892,0.9084451196351383
legitimate,0,0.9054036740545843,0.9758469949968439
legitimate,0,0.9003717241089196,0.851819472389453
legitimate,0,0.9239746068516479,0.8826266883841923
legitimate,0,0.8889663804416228,0.9547963445140665
legitimate,0,0.8871003168719567,0.8737565475340754
legitimate,0,0.8660550533936391,0.8623888230662705
legitimate,0,0.8946325719670709,0.8677783268388278
legitimate,0,0.8589714701368005,0.8584767630858803
legitimate,0,0.8673535075245273,0.9150918656123254
legitimate,0,0.8610009933160334,0.9102693300500473
legitimate,0,0.7028471433247317,0.7939992555129234
legitimate,0,0.9008311875555038,0.9646616763362409
legitimate,0,0.8907199367211447,0.9295826131550897
legitimate,0,0.9259969441536335,0.9763556150356791
legitimate,0,0.8993344380937465,0.9679545684722002
legitimate,0,0.928772008078335,0.8744081600200625
legitimate,0,0.8762691696939161,0.8777117853535639
legitimate,0,0.8639300527854703,0.8633303058883025
legitimate,0,0.8656890273506607,0.933338685955707
legitimate,0,0.6891506047165754,0.7519346133420219
legitimate,0,0.6909028147597956,0.7251813444980377
legitimate,0,0.5414429946096067,0.6688785618597233
legitimate,0,0.8894706594579307,0.869014153928698
legitimate,0,0.8585177603872108,0.8783632856204856
legitimate,0,0.8780396600871575,0.8794814415980776
legitimate,0,0.9124555508671647,0.9018164555551765
legitimate,0,0.9509930211440989,0.9506996939135226
legitimate,0,0.8965137183428606,0.9613386215923467
legitimate,0,0.8782759303701841,0.8591463115176832
legitimate,0,0.9138588636285168,0.993075685978034
legitimate,0,0.6763637949381669,0.6635831657518794
legitimate,0,0.859829521905342,0.8966575878973915
legitimate,0,0.8850599158230947,0.957262701479623
legitimate,0,0.8856982370600952,0.8572144268118304
legitimate,0,0.9164279105846223,0.9671110986101045
legitimate,0,0.8719858408013076,0.9075500093764236
legitimate,0,0.9022980031189426,0.8827958266585947
legitimate,0,0.5424449431605721,0.6618822418426343
legitimate,0,0.8715481338585055,0.9024606995456983
legitimate,0,0.8469245100614448,0.8570950662901408
legitimate,0,0.9488942990812869,0.9928080303551167
legitimate,0,0.9252858672262587,0.968990856176402
legitimate,0,0.898365630520232,0.9717909466981154
legitimate,0,0.8971848826597101,0.9294917451259299
legitimate,0,0.9019297578425064,0.9629383163519628
legitimate,0,0.8865367554849287,0.9698122050786498
legitimate,0,0.9016943653850114,0.9858269597710279
legitimate,0,0.8876181925228196,0.9598366392124558
legitimate,0,0.8342487173048357,0.8505604335859682
legitimate,0,0.9290238761033744,0.927864372278973
legitimate,0,0.8849455230522532,0.9534646843068303
legitimate,0,0.8971759729421015,0.958563676208375
legitimate,0,0.8693906421782422,0.9023458005721864
legitimate,0,0.8804275758354689,0.8592393977243684
legitimate,0,0.8756078426778117,0.8642784687720191
legitimate,0,0.9104881954232897,0.8623259497101644
legitimate,0,0.8725537720532605,0.8804912971640773
legitimate,0,0.7366792715691162,0.8433683697307532
legitimate,0,0.8522563296628991,0.8560599276405517
legitimate,0,0.8724436289737288,0.8815168675983105
legitimate,0,0.8949139930049163,0.8572529419316384
legitimate,0,0.9364171489627409,0.9878002253515729
legitimate,0,0.9020488278771253,0.8606307622966066
legitimate,0,0.9203262817485429,0.9664360854122893
legitimate,0,0.9023341677360939,0.8870325270568182
legitimate,0,0.9490410216182388,0.9456642165575315
legitimate,0,0.8786967158501956,0.9908365404557282
legitimate,0,0.5907530074015053,0.7796046954786651
legitimate,0,0.9028682215721076,0.9646348568875522
legitimate,0,0.9242913571482462,0.9758103186821371
legitimate,0,0.8571983981812101,0.9785677968391567
legitimate,0,0.9352268521751192,0.9892961699185583
legitimate,0,0.8845661059655073,0.9446910299811223
legitimate,0,0.9318811583979592,0.9548949835158871
legitimate,0,0.8939967976964686,0.9093703429454035
legitimate,0,0.9244830630494879,0.906729457342761
legitimate,0,0.5902122381953868,0.6427212217714378
legitimate,0,0.6377896274957764,0.7284224004959867
legitimate,0,0.9125514473207976,0.9326095205239409
legitimate,0,0.9015501158555608,0.9796282461340109
legitimate,0,0.8927860887693082,0.899088496323866
legitimate,0,0.8657182080299821,0.8779163561789574
legitimate,0,0.8643867661888056,0.8806322284562708
legitimate,0,0.884564800382913,0.9016605127318531
legitimate,0,0.8787925228373906,0.9244690930198656
legitimate,0,0.8805220571662858,0.9227766365349446
legitimate,0,0.8903573418800395,0.8989342265483115
legitimate,0,0.8841215061543417,0.8572215107191016
legitimate,0,0.9075817534374422,0.9533064313239829
legitimate,0,0.9087232318682732,0.9266803578972859
legitimate,0,0.8618515307008644,0.9739517039793918
legitimate,0,0.9255443397039808,0.9613675879589513
legitimate,0,0.9553403168611136,0.9867081983934948
legitimate,0,0.8958740177745913,0.8886392290766897
legitimate,0,0.8552672623495123,0.9723043967961074
legitimate,0,0.9030534222075142,0.9059194044117169
legitimate,0,0.8966070474080894,0.9426430121298353
legitimate,0,0.8666076663021587,0.8915181984328374
legitimate,0,0.9335309631051969,0.9876199729014443
legitimate,0,0.8899290803162171,0.9618023302609907
legitimate,0,0.9041508528877167,0.9003624189673965
legitimate,0,0.8789536309527934,0.9373586512190284
legitimate,0,0.881484053003878,0.9365651645099553
legitimate,0,0.8623326837422013,0.9129049257429525
legitimate,0,0.8945919483482228,0.9010077144788496
legitimate,0,0.8505248210995693,0.9723043571606367
legitimate,0,0.8620992079099359,0.8600141226291621
legitimate,0,0.6459038535258924,0.6934785816839772
legitimate,0,0.8970117875685699,0.9188862996441861
legitimate,0,0.8634084436258881,0.9115135009492429
legitimate,0,0.9030722049033153,0.9800848126030282
legitimate,0,0.8748966892455424,0.8831942129216505
legitimate,0,0.9299666718790838,0.9889923815551738
legitimate,0,0.9192709787368869,0.9263888056181491
legitimate,0,0.9112653751042724,0.9454620718603425
legitimate,0,0.9057166369688436,0.9904507823913334
legitimate,0,0.891410516078246,0.9167128286107973
legitimate,0,0.8522745727559929,0.8657350507146683
legitimate,0,0.947572925768141,0.969107907142748
legitimate,0,0.8850448525385143,0.8738323737122008
legitimate,0,0.9389885648947989,0.9282777095141661
legitimate,0,0.5903408970972402,0.7018353055514057
legitimate,0,0.5679050393764516,0.5727386059820262
legitimate,0,0.8958898866671978,0.9259063835885669
legitimate,0,0.8944175035260493,0.9425583317277415
legitimate,0,0.9286789475137698,0.9726742982379396
legitimate,0,0.8763126443776899,0.8592899508140618
legitimate,0,0.8767670535291204,0.9610700318215142
legitimate,0,0.8707136095271382,0.8754996285458222
legitimate,0,0.86749975163909,0.9365977431830321
legitimate,0,0.8719156376307631,0.9167473018229204
legitimate,0,0.6770490450944773,0.7957819577350883
legitimate,0,0.9095081819215973,0.9098321155139059
legitimate,0,0.9197748566615387,0.880700963936982
legitimate,0,0.9086608673214311,0.9746735955568493
legitimate,0,0.8714811655264838,0.8863384598125627
legitimate,0,0.8654923923831662,0.9116589920233993
legitimate,0,0.8942114865672817,0.9149008800485516
legitimate,0,0.8582150835861408,0.9510593037107158
legitimate,0,0.8592880950050992,0.89234248833552
legitimate,0,0.9077033713829854,0.8967315035760778
legitimate,0,0.8773990176781292,0.9830318280070977
legitimate,0,0.8638394997657726,0.9248130471599053
legitimate,0,0.8902653449579502,0.9465937081207104
legitimate,0,0.5771052879149119,0.5769940695934346
legitimate,0,0.8732967963036116,0.899064832534779
legitimate,0,0.8878136206886046,0.9804626307867964
legitimate,0,0.8482790829066031,0.8655765662489657
legitimate,0,0.9109441851458633,0.9492104935662651
legitimate,0,0.9038098658242313,0.922713925742688
legitimate,0,0.8670523209920434,0.8747879519328045
legitimate,0,0.8467234574209037,0.8511896900455375
legitimate,0,0.9312140422438294,0.9410460519325984
legitimate,0,0.889725366752096,0.9688898137624833
legitimate,0,0.8803183056252614,0.9706778940164356
legitimate,0,0.8999241380074398,0.865156858664942
legitimate,0,0.8712291273500425,0.897093242474774
legitimate,0,0.8941621985489812,0.8664345395502302
legitimate,0,0.8944310651119296,0.9399311528315237
legitimate,0,0.8572110618692017,0.8543782838460091
legitimate,0,0.8636011993273698,0.8728740627968448
legitimate,0,0.8739187169075779,0.9121453532229177
legitimate,0,0.8692518418756326,0.8581625595812729
legitimate,0,0.8990983971989807,0.9627762941830353
legitimate,0,0.9384426131143723,0.9341424088496957
legitimate,0,0.8758838429960865,0.9947258436336488
legitimate,0,0.8904790250884529,0.8947953601701749
legitimate,0,0.9110220469000188,0.9613094002088631
legitimate,0,0.8664683477787902,0.871998462371785
legitimate,0,0.9430328651291282,0.9615657661426218
legitimate,0,0.8980926455075802,0.9009174991981433
legitimate,0,0.9254552981161066,0.9596942454936461
legitimate,0,0.9582278708266326,0.9891029412937171
legitimate,0,0.8464629021168586,0.8813727663450854
legitimate,0,0.9262807367486512,0.9659668612464013
legitimate,0,0.8966972711169607,0.981474239846369
legitimate,0,0.8967668912367339,0.8512077925386576
legitimate,0,0.9018652590341909,0.9782568389560823
legitimate,0,0.8513841268567482,0.8603308788182035
legitimate,0,0.8644374956400309,0.8656641608153971
legitimate,0,0.8690772794046523,0.8716791099805558
legitimate,0,0.6728930093765354,0.7756748927885604
legitimate,0,0.6503951351698496,0.8010522117185004
legitimate,0,0.8858964239448008,0.9853788896800268
legitimate,0,0.8782111494547824,0.9254614141358337
legitimate,0,0.9439412607891646,0.9847780604264917
legitimate,0,0.9250207864180984,0.9390133733475957
legitimate,0,0.9090491131323457,0.8919677094444977
legitimate,0,0.8950610576379895,0.9930335859051873
legitimate,0,0.8609027966993172,0.8735158380126892
legitimate,0,0.9296428372442211,0.9931380078087122
legitimate,0,0.8922007841511977,0.9026655685678121
legitimate,0,0.8985581994119796,0.8628941289854011
legitimate,0,0.9096926692502145,0.9377501587932291
legitimate,0,0.878063860161856,0.969069367104703
legitimate,0,0.8991651481163581,0.9774322044374759
legitimate,0,0.8830753162355529,0.9050046772750714
legitimate,0,0.8705154524861122,0.9381003781671627
legitimate,0,0.9229091530747443,0.9375235223916151
legitimate,0,0.9080811746430684,0.9614696312129474
legitimate,0,0.9133206511431452,0.8844980428106375
legitimate,0,0.8763223013068373,0.9478474554208914
legitimate,0,0.8918445486106806,0.9287672392362505
legitimate,0,0.9001891927124274,0.9710099579222835
legitimate,0,0.8958063810523444,0.8636811500916176
legitimate,0,0.8994455628840216,0.972134154640555
legitimate,0,0.8742770772254665,0.9364320572489961
legitimate,0,0.8790904960643161,0.8863384856501015
legitimate,0,0.8220081397361902,0.8966582910892253
legitimate,0,0.8953460658794208,0.9360105550467976
legitimate,0,0.8800796793495212,0.9547811499671583
legitimate,0,0.8868562185634501,0.9892175429303756
legitimate,0,0.8401768016921408,0.8747797984146304
legitimate,0,0.8395531537935972,0.8938826160821675
legitimate,0,0.8681271932314486,0.9672531468728003
legitimate,0,0.9130638431875815,0.9944809613064072
legitimate,0,0.8994907395584298,0.9175338629612376
legitimate,0,0.8447250872992698,0.8667942448323795
legitimate,0,0.8563369461518152,0.9724604012183724
legitimate,0,0.9488806899118224,0.9367410195947687
legitimate,0,0.8795365737684528,0.8661587727894359
legitimate,0,0.8837037909658728,0.8619219534461124
legitimate,0,0.8721529719399516,0.9080171031614971
legitimate,0,0.9013835287128061,0.8823621561969123
legitimate,0,0.6219863915170075,0.663278554066807
legitimate,0,0.5882586390951856,0.5925913171347928
legitimate,0,0.914078253419762,0.8903696010141425
legitimate,0,0.8606034886497861,0.9222498421214619
legitimate,0,0.6371525890589277,0.6822854378908358
legitimate,0,0.8854804206069389,0.9690394509925344
legitimate,0,0.8764696476714681,0.9760702363138418
legitimate,0,0.9278947299857099,0.8992871487020007
legitimate,0,0.8953644233933648,0.9264161772085832
legitimate,0,0.8804529412585096,0.9821448680524432
legitimate,0,0.9134824721226767,0.9281266544657585
legitimate,0,0.9264523531380229,0.9869279378244409
legitimate,0,0.8624662636993813,0.9158555769605601
legitimate,0,0.8768080198739472,0.9264900550901952
legitimate,0,0.9141513954899478,0.9794441557281232
legitimate,0,0.9127457511420125,0.963662478643271
legitimate,0,0.8632051884491727,0.929760936442198
legitimate,0,0.9303492572976605,0.994551117355468
legitimate,0,0.9301008498340095,0.9856557190332479
legitimate,0,0.8801165124111465,0.8792173767324132
legitimate,0,0.8715022846398287,0.8587100270716883
legitimate,0,0.9223015107727622,0.9815991221488221
legitimate,0,0.8733794752490713,0.8828947594761056
legitimate,0,0.8540700790537608,0.9561575360164313
legitimate,0,0.6200482511632959,0.6451090488662398
legitimate,0,0.9303109864127282,0.9263506905003225
legitimate,0,0.8887901415885612,0.9682297399813405
legitimate,0,0.8882024787645634,0.9683776089434387
legitimate,0,0.9104932887547691,0.9316459273659102
legitimate,0,0.8631605720369728,0.9550676782800471
legitimate,0,0.9266463945257851,0.9315060553975848
legitimate,0,0.9156765777698285,0.9881874138174893
legitimate,0,0.9077490768008869,0.8535616827285785
legitimate,0,0.9554491680618649,0.9894343910155763
legitimate,0,0.8708734670373859,0.9290479344614495
legitimate,0,0.9237255869257982,0.8752800859586197
legitimate,0,0.8453701061304941,0.8607596715610094
legitimate,0,0.8831045119400269,0.8538913880445124
legitimate,0,0.8780799316881072,0.9870940023230368
legitimate,0,0.9164566683607782,0.9939090967035392
legitimate,0,0.9117809650166837,0.9364399903765193
legitimate,0,0.9346645639248851,0.9923462580107947
legitimate,0,0.9096716907472153,0.9655502554905162
legitimate,0,0.5648084979337429,0.6855318210889487
legitimate,0,0.8788435960435218,0.9540624173601481
legitimate,0,0.9051964585773622,0.9896305574358705
legitimate,0,0.8948371195596863,0.9369611573989379
legitimate,0,0.85823882133546,0.9290010172493044
legitimate,0,0.9303290973072238,0.9386791864888292
legitimate,0,0.6079155944326837,0.6586784896236394
legitimate,0,0.6998456411501209,0.7270851558978413
legitimate,0,0.9441111129769796,0.9606533255998282
legitimate,0,0.709962804606256,0.7995698373228883
legitimate,0,0.9196729912063473,0.9736636176905813
legitimate,0,0.8898280031233923,0.9101925573688032
legitimate,0,0.9064419485661916,0.851376561401434
legitimate,0,0.8507444022940843,0.8951247771173185
legitimate,0,0.8790487515901193,0.8539866614331669
legitimate,0,0.902547399654616,0.9443237927449541
legitimate,0,0.8674636936535344,0.8545518462552284
legitimate,0,0.8918901454366419,0.8873475539443163
legitimate,0,0.8789587447413884,0.9699662500992294
legitimate,0,0.8769118842016528,0.9253017893933302
legitimate,0,0.8577077496368662,0.8738009153682361
legitimate,0,0.8658674106959814,0.8601689389482828
legitimate,0,0.9254579862499853,0.9352025069272331
legitimate,0,0.8749665709737837,0.9245309379089303
legitimate,0,0.8836973218669435,0.8552861001382793
legitimate,0,0.5762145953176255,0.6264543115642414
legitimate,0,0.8628686327128828,0.8528147111634665
legitimate,0,0.9140170556416083,0.8732424781611354
legitimate,0,0.8631403116201192,0.9107023675756468
legitimate,0,0.9102091541619303,0.9151970643965541
legitimate,0,0.8761087761598377,0.8549047328332827
legitimate,0,0.8783817259978717,0.9364752908128084
legitimate,0,0.9005689939590096,0.901461154635845
legitimate,0,0.8636896735710089,0.8760975921878468
legitimate,0,0.8861355948638421,0.9318668287665427
legitimate,0,0.9222272924613714,0.8859628344148636
legitimate,0,0.8790160369956609,0.9092090399848045
legitimate,0,0.929264305206248,0.9507426234373887
legitimate,0,0.872612133240468,0.8920967041065319
legitimate,0,0.8549003631590103,0.8537898092676443
legitimate,0,0.8995473487584346,0.8566042292593007
legitimate,0,0.8406105984260427,0.8751222473882273
legitimate,0,0.9309060228816454,0.9718699409050002
legitimate,0,0.8588524814453045,0.9250018490599794
legitimate,0,0.9070874942539131,0.8674911193378351
legitimate,0,0.8594944591614556,0.8886935693855333
legitimate,0,0.8796164609267829,0.9335446240754217
legitimate,0,0.9147343218637016,0.8888946502505385
legitimate,0,0.8850184493203259,0.94018109245843
legitimate,0,0.9301900125658346,0.9745472749215434
legitimate,0,0.9027368810238805,0.9069302613787766
legitimate,0,0.8732308930232023,0.8531542459654435
legitimate,0,0.8899777647642496,0.8740422765015871
legitimate,0,0.8740746003788997,0.9863107568585266
legitimate,0,0.6144844561599097,0.6375388190821265
legitimate,0,0.8614304441501114,0.9253083603096364
legitimate,0,0.9035630109407219,0.9796394304539444
legitimate,0,0.5818857885954588,0.5510681624500818
legitimate,0,0.9370834266818133,0.9482275901570838
legitimate,0,0.9215134131450952,0.9643376440698033
legitimate,0,0.8736530807679327,0.870813099595391
legitimate,0,0.9201453743914767,0.9289437495135868
legitimate,0,0.884883279639937,0.8509206249277432
legitimate,0,0.859098111874686,0.8644991384126736
legitimate,0,0.8937766881802184,0.9923144857118567
legitimate,0,0.900115960749715,0.9397292677800689
legitimate,0,0.8913568365930229,0.8548735947509215
legitimate,0,0.6825656235007767,0.7218440959018635
legitimate,0,0.8713088059024628,0.9582496182292813
legitimate,0,0.8995564819745611,0.9101252701881103
legitimate,0,0.8640352620100531,0.9257363556032222
legitimate,0,0.8697674727747555,0.8572741360519357
legitimate,0,0.6652390020731824,0.7977830196358968
legitimate,0,0.9350681509177633,0.9606852625003175
legitimate,0,0.9004677045206702,0.8924516783137871
legitimate,0,0.8813027173089404,0.8608833171089101
legitimate,0,0.8645300842967897,0.8879167786103724
legitimate,0,0.8815960470171089,0.932812593936577
legitimate,0,0.8770790890867922,0.8972712965280438
legitimate,0,0.8873591312315696,0.8858489034224913
legitimate,0,0.922399354623615,0.9728993921608502
legitimate,0,0.9264529562796284,0.9463063006098336
legitimate,0,0.8910037726341772,0.9445994542110279
legitimate,0,0.9077711999976625,0.8962207766393964
legitimate,0,0.8710008187840665,0.8701535938692292
legitimate,0,0.5851347158178425,0.6731099980125226
legitimate,0,0.8739087464758596,0.8533986247735272
legitimate,0,0.9567286939113135,0.9664020820004413
legitimate,0,0.9032214172008263,0.926735673301903
legitimate,0,0.5335119615965708,0.7144021025240395
legitimate,0,0.8794441060761288,0.8697356259988316
legitimate,0,0.8832064402811515,0.8673850275733045
legitimate,0,0.926593244011342,0.9749794043388951
legitimate,0,0.9065761752524669,0.9254602898632183
legitimate,0,0.9028330188265221,0.9193154673487727
legitimate,0,0.9147165145837972,0.9536986542833827
legitimate,0,0.8755876318682696,0.9090427971052093
legitimate,0,0.8777371828723572,0.9752944504370915
legitimate,0,0.9242453208449719,0.9017697886814247
legitimate,0,0.9016104294841797,0.922420620288167
legitimate,0,0.9038543926045232,0.9680546527961028
legitimate,0,0.8854821233207395,0.9791799969952826
legitimate,0,0.8983685391114633,0.8554319448260234
legitimate,0,0.9029773272287775,0.873469044310219
legitimate,0,0.8998965663140189,0.9309966865260659
legitimate,0,0.9005724191130935,0.9593066550805793
legitimate,0,0.9301794520899336,0.9766832251608581
legitimate,0,0.8612212785751181,0.8702144536631582
legitimate,0,0.8625475516892305,0.9319595757231377
legitimate,0,0.9681350550463195,0.963616876932247
legitimate,0,0.8696189890933133,0.8708903144605533
legitimate,0,0.9388957771148605,0.9426628957262462
legitimate,0,0.9295033839829312,0.9597394285679562
legitimate,0,0.9301298587220531,0.9713059749223615
legitimate,0,0.904066162426066,0.9352917920322579
legitimate,0,0.8718409892072452,0.8589760113981632
legitimate,0,0.8318490893835685,0.8554127898121597
legitimate,0,0.7035407860905736,0.7095934544351414
legitimate,0,0.8956182447697526,0.9412560170732805
legitimate,0,0.9572127977567897,0.9824181963122439
legitimate,0,0.8712890162714413,0.9570269947366441
legitimate,0,0.7431405496421095,0.8010565659214683
legitimate,0,0.8925535129604569,0.8553981825317941
legitimate,0,0.9112153539941678,0.8801372771407915
legitimate,0,0.8575120706674477,0.8886384028185812
legitimate,0,0.8742194981412562,0.8875168657060936
legitimate,0,0.8730260158836518,0.8549420638068256
legitimate,0,0.5899885410735056,0.5546802893048473
legitimate,0,0.8942584086390755,0.8635679716456528
legitimate,0,0.8697419272782694,0.9159496770795563
legitimate,0,0.8756814414578334,0.9690027705728247
legitimate,0,0.9151960847619544,0.8773607794911572
legitimate,0,0.9108162982630275,0.8845506014356448
legitimate,0,0.9100875784114952,0.9898259105825327
legitimate,0,0.8976547268148913,0.9221111179840383
legitimate,0,0.9153740392222893,0.8902945984041405
legitimate,0,0.9002170739555537,0.9417312502651145
legitimate,0,0.8578075134557946,0.8662637540038146
legitimate,0,0.8878696354131991,0.9846460300340485
legitimate,0,0.9433608744759326,0.928132510009729
legitimate,0,0.894166740586308,0.9562488908978088
legitimate,0,0.9538949909236437,0.9870714503405582
legitimate,0,0.6585088383418145,0.7126113693791383
legitimate,0,0.9170115575528717,0.9869370404348676
legitimate,0,0.8876168386244451,0.9783725295277066
legitimate,0,0.8666699532649046,0.9921001560103414
legitimate,0,0.8787044843071632,0.8657682480095807
legitimate,0,0.9516047702181912,0.9258284617595313
legitimate,0,0.6825072791407388,0.7080899107226022
legitimate,0,0.8703811206872435,0.8710638769056799
legitimate,0,0.8656062197635712,0.9474151892363886
legitimate,0,0.8852489712022287,0.9489046601398877
legitimate,0,0.9067488802457426,0.9868252856092763
legitimate,0,0.8608457120788069,0.9443929771550859
legitimate,0,0.6244637153704637,0.7260803909628314
legitimate,0,0.8583410633983125,0.892667232916439
legitimate,0,0.9094699503095198,0.9563153778312524
legitimate,0,0.930819568662094,0.976584437211921
legitimate,0,0.9370719553910389,0.9925328197751931
legitimate,0,0.6315915779261594,0.7734364771270846
legitimate,0,0.9069373586781488,0.9919548447823991
legitimate,0,0.8841198912107471,0.874396291204288
legitimate,0,0.8842947299053688,0.9750671441434511
legitimate,0,0.9119644862385863,0.9007535389705261
legitimate,0,0.8514824386381943,0.8590662096660938
legitimate,0,0.8961048070367162,0.9640558869645953
legitimate,0,0.6799624391244259,0.8481772059289336
legitimate,0,0.8691341488345516,0.8964715404992613
legitimate,0,0.9015245976761733,0.986409535155228
legitimate,0,0.9156344898339353,0.9872389789103058
legitimate,0,0.930032333705469,0.9478378396101579
legitimate,0,0.8773558838447102,0.880707640719134
legitimate,0,0.930905700021005,0.9824126044271793
legitimate,0,0.8993482605146148,0.9554543263247887
legitimate,0,0.8848201588032041,0.9826024374161106
legitimate,0,0.8997506700064807,0.9660176960227076
legitimate,0,0.9086013906962359,0.8744307698883581
legitimate,0,0.9213591006852925,0.9168252798177837
legitimate,0,0.6777958675255373,0.651615227905419
legitimate,0,0.8584262315642449,0.8874646583150978
legitimate,0,0.8823123844248758,0.9947734010536584
legitimate,0,0.8613553289248181,0.8782865809844449
legitimate,0,0.933176317804616,0.8734441067064519
legitimate,0,0.884384784642813,0.925862392586958
legitimate,0,0.9110554069825948,0.8619392259822451
legitimate,0,0.9257498329662818,0.878375004654556
legitimate,0,0.8529405948392315,0.8921646226421469
legitimate,0,0.9058656445535785,0.9359737720304672
legitimate,0,0.8782620463522827,0.9515090271827958
legitimate,0,0.8849612636708276,0.8505433180487102
legitimate,0,0.9222713227981364,0.9343700209339486
legitimate,0,0.8812644055673876,0.8564519164976562
legitimate,0,0.8942740046727352,0.9236002191661311
legitimate,0,0.931189377367468,0.9615989573715583
legitimate,0,0.9234973354973424,0.9764826033487276
legitimate,0,0.9050697549614145,0.9499708324216778
legitimate,0,0.8986745714415589,0.9382701734889328
legitimate,0,0.9095958309098389,0.904609415866414
legitimate,0,0.8806542956236503,0.9569712172029236
legitimate,0,0.8879340793587287,0.9575404395904255
legitimate,0,0.8630210917355126,0.9187463462634039
legitimate,0,0.5703002648845521,0.7606826469980487
legitimate,0,0.8927324664888139,0.8564281902730143
legitimate,0,0.913256264789567,0.9881019246724801
legitimate,0,0.9092632935342038,0.9439620731015009
legitimate,0,0.8830022955012256,0.8862586045416532
legitimate,0,0.8896674401901643,0.8994284952210465
legitimate,0,0.9340129954212321,0.9216261735540551
legitimate,0,0.6493301874245575,0.7134921034529864
legitimate,0,0.8696860936434696,0.9263464566092086
legitimate,0,0.9094844430990341,0.9740340286303113
legitimate,0,0.5074978655020296,0.5963205778487819
legitimate,0,0.8940810948084729,0.8653827298693935
legitimate,0,0.9226713344537619,0.9830484310664028
legitimate,0,0.8913861176271327,0.954911072082982
legitimate,0,0.8771325440341503,0.8640897323653901
legitimate,0,0.6536961295367661,0.5840015686525577
legitimate,0,0.8740147066426666,0.8913234836377616
legitimate,0,0.9280392279634913,0.979217230957465
legitimate,0,0.9384932633801598,0.9622288103861389
legitimate,0,0.8668727181862146,0.8766997141055848
legitimate,0,0.8968707677072133,0.9002183713115421
legitimate,0,0.9589777415253063,0.9928719952765696
legitimate,0,0.9154454299302397,0.982840792727107
legitimate,0,0.8919888885480559,0.8842682399587156
legitimate,0,0.6775411410132568,0.8194135630264201
legitimate,0,0.9109105969806082,0.9079734143383569
legitimate,0,0.9438167091879429,0.964922089979217
legitimate,0,0.8632612329212992,0.8572029392747981
legitimate,0,0.8751432501165581,0.8656520928296931
legitimate,0,0.873657906004291,0.8557370500577262
legitimate,0,0.8398188705047869,0.8810733384334029
legitimate,0,0.9030784198581736,0.8879168948086863
legitimate,0,0.8736487695070817,0.9647659385269811
legitimate,0,0.6607676834400944,0.7277373511644701
legitimate,0,0.8936856786543957,0.9251401907047319
legitimate,0,0.8762015189598996,0.9408855001878781
legitimate,0,0.9100522881959273,0.8777702439647429
legitimate,0,0.8846711734095885,0.861630719085928
legitimate,0,0.8641690428331471,0.9207015647303141
legitimate,0,0.9072525995547581,0.8991006987032644
legitimate,0,0.8866449980657581,0.8667232700371652
legitimate,0,0.9096567563450287,0.9766487565000004
legitimate,0,0.8828645186612373,0.9447112693033111
legitimate,0,0.8792641177607855,0.9120842536603442
legitimate,0,0.8910799337110715,0.8813382388992997
legitimate,0,0.8745117234681734,0.8593430225782113
legitimate,0,0.8690851352819021,0.9553401535936678
legitimate,0,0.6594128545389791,0.829020550052602
legitimate,0,0.8762717308058773,0.9084436910658789
legitimate,0,0.8929064690100383,0.9130666874415521
legitimate,0,0.9211877118165317,0.9364199749963213
legitimate,0,0.9036176207993526,0.9833085599347418
legitimate,0,0.9517534885825135,0.9634960453992202
legitimate,0,0.9124212542186426,0.8896562949520236
legitimate,0,0.8869388691011537,0.9093782397042132
legitimate,0,0.8792345875809148,0.852595561012555
legitimate,0,0.8895964896110745,0.8564019132317022
legitimate,0,0.9240177579776956,0.9270177202395723
legitimate,0,0.8924354477984505,0.9538110722045029
legitimate,0,0.8734723712078378,0.9626959199045678
legitimate,0,0.9265509489943093,0.9368761261215275
legitimate,0,0.9250890050203151,0.9401865994271923
legitimate,0,0.8401845396595377,0.9049096965121568
legitimate,0,0.8967122353689635,0.9578806260659316
legitimate,0,0.8573733055066812,0.8760286646174442
legitimate,0,0.865552233969747,0.9029590296037567
legitimate,0,0.5473582583015597,0.5831383836312526
legitimate,0,0.8965522791299864,0.9449962285545297
legitimate,0,0.8400525637941215,0.8693684259395579
legitimate,0,0.8960349626285521,0.8695906159756234
legitimate,0,0.9300811353946765,0.904519674975783
legitimate,0,0.8831569866608233,0.9015477490222614
legitimate,0,0.8747011857303761,0.9558218499909306
legitimate,0,0.9072267555383956,0.9608741672833849
legitimate,0,0.9095441548547871,0.9013385803675313
legitimate,0,0.9311686034885652,0.9845856170471035
legitimate,0,0.822024820206796,0.8844704456185716
legitimate,0,0.9194082379794785,0.9321261961381201
legitimate,0,0.611813011787119,0.6805184112895333
legitimate,0,0.8583305789838023,0.8528445480973775
legitimate,0,0.6991626308060425,0.5961699137054447
legitimate,0,0.8884963006886409,0.9424754870429881
legitimate,0,0.8545698597689007,0.8590924924202475
legitimate,0,0.8441915964770481,0.8649897092979213
legitimate,0,0.9278456992358985,0.9242452929827564
legitimate,0,0.8899540823752113,0.9673162151517098
legitimate,0,0.8777959200648151,0.9482542793773884
legitimate,0,0.866394459164643,0.8724820830149357
legitimate,0,0.8891256115407644,0.9475055664646905
legitimate,0,0.9256400643258476,0.9763046617314827
legitimate,0,0.9393205002005207,0.9811058740819395
legitimate,0,0.9102447949038697,0.9582506929482887
legitimate,0,0.9145170933208622,0.9903563783834177
legitimate,0,0.878845901530544,0.9040429990231955
legitimate,0,0.8943066913259268,0.8675197752878732
legitimate,0,0.8887105626913574,0.962192602041225
legitimate,0,0.9063350767174841,0.8853025509193289
legitimate,0,0.9171150953752766,0.9660889841715139
legitimate,0,0.9336252002260246,0.9843258880300767
legitimate,0,0.8506695892413582,0.9080303274015916
legitimate,0,0.6749878924255486,0.7814127049543586
legitimate,0,0.876424623799164,0.9696791617706451
legitimate,0,0.8920295404519911,0.9390411963516666
legitimate,0,0.8926646609651371,0.8680850742490389
legitimate,0,0.608715412087051,0.7635035170728061
legitimate,0,0.8854441992719443,0.8564838935154875
legitimate,0,0.9259158744869226,0.9569330541116899
legitimate,0,0.8726238192317346,0.8996001742112991
legitimate,0,0.8729032953733163,0.8806547279575603
legitimate,0,0.5786840954528508,0.5859214498444986
legitimate,0,0.9036314979805766,0.9019130183927264
legitimate,0,0.8787999866544232,0.9111777567182077
legitimate,0,0.8777847745455174,0.8607682362478255
legitimate,0,0.8789358657016177,0.9459811658270456
legitimate,0,0.603128392406278,0.6834108743502159
legitimate,0,0.8774163290192835,0.9251160260499025
legitimate,0,0.9116741638235115,0.9523598251051312
legitimate,0,0.9192616600153177,0.9579794674796871
legitimate,0,0.9394043401917662,0.9566078466030234
legitimate,0,0.5309496944153165,0.6199733018412281
legitimate,0,0.6680028748250011,0.7081331076054987
legitimate,0,0.6681966464543301,0.7726868685037596
legitimate,0,0.8906806673985214,0.9004331724847385
legitimate,0,0.5704901696524679,0.5937342016665947
legitimate,0,0.8935426073015938,0.9169472046007522
legitimate,0,0.9214329330030092,0.9695257143474695
legitimate,0,0.8744057237421983,0.8711263887163697
legitimate,0,0.8789190026081384,0.9184684633369673
legitimate,0,0.9057836040464677,0.98957784722755
legitimate,0,0.890057430162186,0.9138056804572149
legitimate,0,0.8974027461381205,0.9236311165932959
legitimate,0,0.9232976987939392,0.9625404280666894
legitimate,0,0.8734727300948236,0.912116370383871
legitimate,0,0.9038895439456028,0.994941939410323
legitimate,0,0.8469618036434586,0.8804189355142633
legitimate,0,0.8789675080815291,0.9069534916324109
legitimate,0,0.895247292585148,0.8993218799428266
legitimate,0,0.8543526660210405,0.8891695176157322
legitimate,0,0.8962648406211192,0.9763463647639374
legitimate,0,0.8683947166995947,0.8670093613123442
legitimate,0,0.9151657390076637,0.9403455014812389
legitimate,0,0.8762133363445156,0.9297684095541854
legitimate,0,0.9050105400448386,0.9040788010348981
legitimate,0,0.9531580647355686,0.988945382164981
legitimate,0,0.8750240834499518,0.9373243222796228
legitimate,0,0.9093227054625105,0.8653158205814607
legitimate,0,0.8507959915868101,0.8597657322617339
legitimate,0,0.84433946875589,0.8586418490176616
legitimate,0,0.8923951829730435,0.97893012396488
legitimate,0,0.8906724946590266,0.9741160613158482
legitimate,0,0.9353676252528246,0.9757563616135569
legitimate,0,0.860519857270935,0.8764280105884273
legitimate,0,0.8527860934758558,0.9503271909889337
legitimate,0,0.9391812867404302,0.9458110896069205
legitimate,0,0.840292596784619,0.9080661876253793
legitimate,0,0.8877022234676584,0.8855826512808317
legitimate,0,0.9038623877816487,0.9486883610399507
legitimate,0,0.9082351192913404,0.8846348425919984
legitimate,0,0.8982111511595048,0.9662731489511626
legitimate,0,0.8457274188343784,0.9015108353003977
legitimate,0,0.8635501878040344,0.8505800808847918
legitimate,0,0.894573946617621,0.9402641374118667
legitimate,0,0.892943393246926,0.9498876069774415
legitimate,0,0.8877479827107125,0.8536707604415095
legitimate,0,0.9216387861065346,0.9869845306229321
legitimate,0,0.917058075511142,0.9415926419819659
legitimate,0,0.9017318426287915,0.9255084235716674
legitimate,0,0.8495000832592772,0.8634894004810617
legitimate,0,0.9083563311898497,0.9526632407424445
legitimate,0,0.9166288344871907,0.9881708397638697
legitimate,0,0.7093685105561873,0.6229890063278236
legitimate,0,0.9161159987361839,0.9907516260138096
legitimate,0,0.8633825711900036,0.9039969685677662
legitimate,0,0.9257528816166287,0.9945664362028827
legitimate,0,0.8888961663956716,0.8770768144287764
legitimate,0,0.598532582214772,0.6128861616793768
legitimate,0,0.8734254528840094,0.9317010545199869
legitimate,0,0.8630877913109543,0.8914876790007626
legitimate,0,0.8623935348106055,0.8502572326758173
legitimate,0,0.9405620652133398,0.9938529747438822
legitimate,0,0.8605081567404085,0.9262989970429844
legitimate,0,0.9169949369696813,0.986966674100026
legitimate,0,0.9305180991345867,0.9648458994300594
legitimate,0,0.9056157135127345,0.9068368779588933
legitimate,0,0.908844183107733,0.9621093474797499
legitimate,0,0.9009668821885478,0.9380653051206709
legitimate,0,0.8751614796803106,0.8850120964279049
legitimate,0,0.9099411596071798,0.979017070122004
legitimate,0,0.8755952755701891,0.9492053606832205
legitimate,0,0.924452078467753,0.9232563655888509
legitimate,0,0.8854939073330443,0.9253447107867414
legitimate,0,0.9725674045993367,0.9756103107933437
legitimate,0,0.8929908344234503,0.9283650618797344
legitimate,0,0.8394516129610368,0.8905513777734545
legitimate,0,0.6587407610106953,0.7490923087699305
legitimate,0,0.9247120444862671,0.9937580059314812
legitimate,0,0.8880692656892886,0.9575759980646374
legitimate,0,0.8864326785799654,0.9158847574600589
legitimate,0,0.8519479381210329,0.9085240892380859
legitimate,0,0.8884803542954993,0.8981296689050361
legitimate,0,0.8851164916406706,0.9679348135500455
legitimate,0,0.8638612711862454,0.9551272734418196
legitimate,0,0.8315645151133509,0.879984432041879
legitimate,0,0.928515645883438,0.9766472438429445
legitimate,0,0.9073006181021812,0.9571783007061658
legitimate,0,0.9113392197031804,0.9772447372945026
legitimate,0,0.8592998452449283,0.9089956574653453
legitimate,0,0.8958773279971518,0.913412337068159
legitimate,0,0.9164531402220882,0.9497287802304596
legitimate,0,0.9021153038953038,0.9546524188578944
legitimate,0,0.896465250311424,0.930017775494862
legitimate,0,0.9030316708417744,0.9506640017877692
legitimate,0,0.9270780847917514,0.8676467959407
legitimate,0,0.898227425790634,0.947877804263252
legitimate,0,0.8784589621186442,0.8878938288817008
legitimate,0,0.8390825509868911,0.9007830438362939
legitimate,0,0.8756779652566323,0.8783545707477295
legitimate,0,0.7451610371549694,0.7033670193087821
legitimate,0,0.848896116782584,0.8875071902404492
legitimate,0,0.8563578685351837,0.9899419529765949
legitimate,0,0.9047906272476431,0.8886114271902643
legitimate,0,0.8899166955621625,0.9472902644698221
legitimate,0,0.8635217165717328,0.8622155653093377
legitimate,0,0.8743099752796564,0.9081384300567505
legitimate,0,0.8460452319557543,0.9257058449664184
legitimate,0,0.8905685001681314,0.9219258333597888
legitimate,0,0.9279270401455652,0.8915630059562537
legitimate,0,0.8801004479649226,0.8581321376630244
legitimate,0,0.8715036741109694,0.9232853413295095
legitimate,0,0.8704078369957506,0.8855615271441678
legitimate,0,0.8888021878644959,0.8543308160253719
legitimate,0,0.9199211004997347,0.9068657447557785
legitimate,0,0.9063471697974241,0.9936331202952068
legitimate,0,0.9008547960838271,0.8594169374960123
legitimate,0,0.6668918134024486,0.824679687418151
legitimate,0,0.8582400026598949,0.9373480333604867
legitimate,0,0.6004988130930425,0.69219835845668
legitimate,0,0.9291484275207023,0.9268733563831697
legitimate,0,0.8634902317243965,0.871913642016967
legitimate,0,0.6734750128900012,0.7953399422634465
legitimate,0,0.8744750842799843,0.9339536938581776
legitimate,0,0.9404547161629411,0.8864353256463615
legitimate,0,0.6711758341846041,0.8021180574799448
legitimate,0,0.9211364398702503,0.9665109902875584
legitimate,0,0.9200688412290621,0.9922299525732374
legitimate,0,0.9467765951308411,0.8962611427899599
legitimate,0,0.9378085500773774,0.9912305533914183
legitimate,0,0.8578831993163232,0.8873470302613486
legitimate,0,0.9108681152545601,0.9180070319348077
legitimate,0,0.906401052072774,0.8640286552327017
legitimate,0,0.8727407648886257,0.9324911203729949
legitimate,0,0.9023772092152603,0.9276831892163196
legitimate,0,0.6773564486417526,0.7801081737838919
legitimate,0,0.9041539762417843,0.9881629883481937
legitimate,0,0.9106924043685188,0.9874235799106581
legitimate,0,0.9008574673259043,0.954095657549309
legitimate,0,0.6894839374876214,0.6383881027584986
legitimate,0,0.6112442330387904,0.7156334491043275
legitimate,0,0.8773203558987409,0.8567912877604235
legitimate,0,0.8506813664623768,0.9030867223410539
legitimate,0,0.9288795202564318,0.951922067348971
legitimate,0,0.9185219034376809,0.9389511115003019
legitimate,0,0.8738544713884147,0.9096257616868694
legitimate,0,0.9154584079132443,0.953993250908104
legitimate,0,0.895190759943024,0.9262332707538876
legitimate,0,0.8787203672040983,0.9250469558420121
legitimate,0,0.8595336990135349,0.895298596187235
legitimate,0,0.8925797222087399,0.9079096526984827
legitimate,0,0.882027019374124,0.9019374517186858
legitimate,0,0.9506070797633128,0.980391924647743
legitimate,0,0.883200905000816,0.8670340221870657
legitimate,0,0.7022953095140521,0.7599003830147313
legitimate,0,0.8961241589866972,0.961055406314873
legitimate,0,0.9058197198764926,0.9022931890134362
legitimate,0,0.8744565368260673,0.9299747799223309
legitimate,0,0.8896473089525565,0.919039971630366
legitimate,0,0.8468631918846681,0.8596642853386227
legitimate,0,0.8839820463535314,0.9325107555989592
legitimate,0,0.8534708646184387,0.908550991418651
legitimate,0,0.8741419460346455,0.8578838840202869
legitimate,0,0.890497219226144,0.9576812005296182
legitimate,0,0.9434740141403278,0.9907802029857222
legitimate,0,0.8896578326883811,0.9111290752741629
legitimate,0,0.8931851111603142,0.9595936707654865
legitimate,0,0.8851553917320498,0.8731654044146224
legitimate,0,0.9071573991300695,0.9408526490360427
legitimate,0,0.9188035181617032,0.9734826795429561
legitimate,0,0.918397476345385,0.889254382910641
legitimate,0,0.8413177126462996,0.8564262006975594
legitimate,0,0.9240960077418432,0.9679882536461835
legitimate,0,0.8922496542537245,0.9244695522968303
legitimate,0,0.6213243911022116,0.5652817101182075
legitimate,0,0.6307956246819039,0.631459221499417
legitimate,0,0.899565606943892,0.9159078405595356
legitimate,0,0.8981263522167056,0.9798167913460594
legitimate,0,0.8868864166661168,0.8556522316565051
legitimate,0,0.889029553860269,0.9935542152908787
legitimate,0,0.8919435874497108,0.9850068690554736
legitimate,0,0.8523826331422304,0.8680757862693423
legitimate,0,0.8435883972230344,0.8903220016355317
legitimate,0,0.8734380046402141,0.9075816705309682
legitimate,0,0.8877784470939424,0.866228544290951
legitimate,0,0.9056119422721127,0.908070845096434
legitimate,0,0.9325419346732394,0.8801401639795307
legitimate,0,0.914992814852988,0.8705572804260435
legitimate,0,0.8604576062866667,0.8543611214837181
legitimate,0,0.9482555087788997,0.942403473716742
legitimate,0,0.9164641738216558,0.9499443039356633
legitimate,0,0.8668074052308322,0.85819117582778
legitimate,0,0.8808882247993896,0.927532209263012
legitimate,0,0.8902864506928373,0.8664788484243706
legitimate,0,0.9068621574083104,0.8973589285948972
legitimate,0,0.8912799836903469,0.9440720617666877
legitimate,0,0.8779392226233704,0.9115529966728488
legitimate,0,0.8638006180301904,0.9681002294549187
legitimate,0,0.8964911379672723,0.9086102719586957
legitimate,0,0.8887303819396513,0.8952897217887701
legitimate,0,0.918549413994283,0.901748149440624
legitimate,0,0.9056190172514825,0.9255556132206157
legitimate,0,0.9170201904193329,0.9851370838384939
legitimate,0,0.9013683921357114,0.9773770782568503
legitimate,0,0.8821837618099673,0.9311120743511639
legitimate,0,0.5631635441003611,0.6492625220468796
legitimate,0,0.8497174838754725,0.8983354486733445
legitimate,0,0.8855923985472476,0.9485932465283841
legitimate,0,0.8695314641631394,0.8609229148414521
legitimate,0,0.8810171892538412,0.9645241316616723
legitimate,0,0.8940796152143632,0.8669630864001274
legitimate,0,0.8914619940566803,0.9221411836320187
legitimate,0,0.9290314743327942,0.9870600417850465
legitimate,0,0.5478470279123445,0.6857246381481682
legitimate,0,0.8791215833523465,0.8865467659015678
legitimate,0,0.8924113963552578,0.9189305229548681
legitimate,0,0.6387899478072462,0.5701281573407981
legitimate,0,0.8885988296633887,0.9737918606235101
legitimate,0,0.9014497110552028,0.9119942053698038
legitimate,0,0.9188135709465934,0.9547059989841636
legitimate,0,0.89240765458859,0.9456434433422082
legitimate,0,0.8568247810583701,0.8571678258956241
legitimate,0,0.8297113269689014,0.8522721704051046
legitimate,0,0.9207901813544797,0.9485131821605572
legitimate,0,0.8966326451709732,0.9379313796166739
legitimate,0,0.8340745170070274,0.8648314205298069
legitimate,0,0.9072914350134654,0.8893119783194854
legitimate,0,0.9387194247982222,0.9348076611074214
legitimate,0,0.9465639502652325,0.943233429891401
legitimate,0,0.8792122359040166,0.9108215558004717
legitimate,0,0.8794755901505609,0.9414630126674474
legitimate,0,0.9022197812137129,0.8837109094283953
legitimate,0,0.8757624177463529,0.8597990757588551
legitimate,0,0.9537654435568294,0.9852106809935854
legitimate,0,0.8783492359760494,0.8905961019988813
legitimate,0,0.9092029551795193,0.9475749452066744
legitimate,0,0.8810476312915614,0.8865055236168162
legitimate,0,0.8795803568982427,0.9472488810795966
legitimate,0,0.9232425204035225,0.992189952167498
legitimate,0,0.8948069240969482,0.9266087053600401
legitimate,0,0.9553572530813834,0.9903050822453932
legitimate,0,0.8937660328568664,0.9802592662240324
legitimate,0,0.9405716352303299,0.9385803294172809
legitimate,0,0.9360111872020282,0.9854117573784964
legitimate,0,0.8565685102202357,0.8695095408379703
legitimate,0,0.9244319739042814,0.9701201205888392
legitimate,0,0.9139194461464615,0.9278617692059916
legitimate,0,0.8958835697832916,0.9863285132080708
legitimate,0,0.8591342589355346,0.8686217585968073
legitimate,0,0.9132196404683508,0.9482666651657548
legitimate,0,0.927675635393016,0.9554156883352618
legitimate,0,0.9199735366093584,0.9320748193201386
legitimate,0,0.9085110095884017,0.9835403702198277
legitimate,0,0.8904538731670085,0.9517462161418573
legitimate,0,0.8994975819802604,0.8766398909671766
legitimate,0,0.8897286032377671,0.9205160822670623
legitimate,0,0.880573369406308,0.895795710391886
legitimate,0,0.882392973276008,0.8789230177952321
legitimate,0,0.8459837226608179,0.86642379215166
legitimate,0,0.8802625849985498,0.9339455057531646
legitimate,0,0.8824152878462337,0.9040080778544577
legitimate,0,0.8580828739957933,0.8656926912831614
legitimate,0,0.862561920129424,0.87296572623337
legitimate,0,0.925306041053072,0.9765620205489076
legitimate,0,0.8953805305484811,0.8823813224908189
legitimate,0,0.8999645747480601,0.9936559833521951
legitimate,0,0.8807195635700252,0.899643432582339
legitimate,0,0.917966301384257,0.9187791228508932
legitimate,0,0.8556264995716991,0.8807430530262144
legitimate,0,0.583964374619553,0.7276536633247151
legitimate,0,0.9264550379585661,0.9829555081494986
legitimate,0,0.9128419502641489,0.9868128259339792
legitimate,0,0.9177300469472686,0.9155954024346175
legitimate,0,0.9259177307385968,0.9891220797787955
legitimate,0,0.9553820150439758,0.9384131052586204
legitimate,0,0.871361528379278,0.8623341030462892
legitimate,0,0.9210295060432037,0.9917441355296629
legitimate,0,0.8991714589235741,0.9885591488510532
legitimate,0,0.6755606149918907,0.6250457247270536
legitimate,0,0.9108050417325866,0.9813462788895699
legitimate,0,0.8632415307196883,0.868489242121753
legitimate,0,0.859056939554703,0.8806412518895794
legitimate,0,0.9123394000674923,0.9864063800182364
legitimate,0,0.849153832432354,0.8707039477340103
legitimate,0,0.8903640861794195,0.9586525743254094
legitimate,0,0.556364572496046,0.6379106057771305
legitimate,0,0.88421466497765,0.8624034248856672
legitimate,0,0.8621517244786051,0.8836841583312792
legitimate,0,0.9062326642887402,0.9115147755797636
legitimate,0,0.8955145967948746,0.8932729562058138
legitimate,0,0.9076148027142831,0.9069489895067683
legitimate,0,0.8774265021404791,0.896307539834808
legitimate,0,0.8863175465293457,0.8577396536852411
legitimate,0,0.8968708614592094,0.9283627234854323
legitimate,0,0.9052367701486297,0.8997512759261483
legitimate,0,0.8953097326157258,0.9548766678579371
legitimate,0,0.909374093052754,0.9484731277389002
legitimate,0,0.9262515886685092,0.8962819687633725
legitimate,0,0.8761696645832981,0.850056304386529
legitimate,0,0.6096658388193295,0.5887354571911323
legitimate,0,0.9091622271055315,0.9900386320941313
legitimate,0,0.9146572578360217,0.9184317351140986
legitimate,0,0.5841947194099335,0.6407971359714676
legitimate,0,0.9128232783236767,0.9155542103454197
legitimate,0,0.902424496178359,0.9937375605005869
legitimate,0,0.8875345559673903,0.9458240744553426
legitimate,0,0.8397326949589109,0.8780385746663957
legitimate,0,0.6932456400056679,0.7106567905062154
legitimate,0,0.88839745364324,0.9655262647153733
legitimate,0,0.867088066632648,0.9271820064473688
legitimate,0,0.5866608266126291,0.6038713229289729
legitimate,0,0.9138828265910834,0.9629235412671477
legitimate,0,0.8936249569172063,0.9941150691481089
legitimate,0,0.8917994821954399,0.9355528922829912
legitimate,0,0.8865221850653413,0.9896304394825737
legitimate,0,0.9083612761674537,0.9826896742693496
legitimate,0,0.848584372753202,0.8542529576536452
legitimate,0,0.8767792620483175,0.885752815554971
legitimate,0,0.8772176519644451,0.9447587116190401
legitimate,0,0.8161535846203692,0.9060457454803936
legitimate,0,0.8872098504651319,0.9031359126161307
legitimate,0,0.8977858872464203,0.8613969253347892
legitimate,0,0.9016970777117826,0.9602501074356775
legitimate,0,0.8696451512538802,0.9359415368797787
legitimate,0,0.8625032505452351,0.8634303058420997
legitimate,0,0.8776777334937153,0.9359747785878941
legitimate,0,0.9381973991186666,0.9698563906658546
legitimate,0,0.8688876627642472,0.9221958753524856
legitimate,0,0.9316185036398714,0.9847842283547815
legitimate,0,0.9165195309811872,0.9388102534670983
legitimate,0,0.9091337741830499,0.9580718994534895
legitimate,0,0.9306165767135,0.982028449289037
legitimate,0,0.9264040094992578,0.9008714453033421
legitimate,0,0.9184901741494533,0.9511990519526641
legitimate,0,0.9189420349176128,0.9155696874496579
legitimate,0,0.858639919493469,0.8937697013055073
legitimate,0,0.9103310101235681,0.9690208162178251
legitimate,0,0.8524529192324305,0.9033739125683906
legitimate,0,0.9036476842643975,0.8624387093741904
legitimate,0,0.874819587687431,0.8581579585983863
legitimate,0,0.9071700974066108,0.9336949261265183
legitimate,0,0.8852096606582357,0.8641041752568916
legitimate,0,0.8997996666031769,0.9503845953795649
legitimate,0,0.8845102412873737,0.894607882559085
legitimate,0,0.8550603605821253,0.8665732069110063
legitimate,0,0.8528640623161535,0.8646658995373937
legitimate,0,0.9022175977291931,0.9908527731362511
legitimate,0,0.9192465265052158,0.9405258243171281
legitimate,0,0.8858761711227788,0.9920210284220774
legitimate,0,0.8974964388537657,0.9856028991585684
legitimate,0,0.8172666267987436,0.8639515758776882
legitimate,0,0.9497682134834808,0.9217147704317522
legitimate,0,0.9016245961445659,0.9656105685419374
legitimate,0,0.8773318096681919,0.9165188340594853
legitimate,0,0.907465829436614,0.9911605574314473
legitimate,0,0.8808924612591207,0.9904125389605937
legitimate,0,0.8837305119214889,0.9623863586676177
legitimate,0,0.9145192459112678,0.97382763047162
legitimate,0,0.8964455882829914,0.8876548699170443
legitimate,0,0.9328744396147862,0.9692090361421778
legitimate,0,0.8763267173779586,0.9165865916577847
legitimate,0,0.877350214631088,0.851341103575271
legitimate,0,0.8678345885033385,0.9375055249748823
legitimate,0,0.8649459346351623,0.9259027256641134
legitimate,0,0.9131783212100724,0.8708994776029757
legitimate,0,0.8552099385192508,0.9711615712941306
legitimate,0,0.914292255606756,0.8859002666838552
legitimate,0,0.9258993896114909,0.9770491488800239
legitimate,0,0.6599283759495885,0.79689013594286
legitimate,0,0.8913887005694296,0.9695033925996932
legitimate,0,0.8919155332162262,0.9607066016688705
legitimate,0,0.8908291181242142,0.8920476732965532
legitimate,0,0.9035957629909305,0.9163412606821834
legitimate,0,0.8640503389485492,0.9149167052088609
legitimate,0,0.9451209824864586,0.9517190940842687
legitimate,0,0.8937860665691357,0.8512976707148548
legitimate,0,0.9049142454362541,0.9808092822531963
legitimate,0,0.8965073832047274,0.9122461683122536
legitimate,0,0.9262090132950878,0.9908609924510596
legitimate,0,0.8668632739685997,0.9315264007510434
legitimate,0,0.9256763370724104,0.9428548058941922
legitimate,0,0.9058776818279607,0.9022559384310513
legitimate,0,0.9076189308056013,0.9690826414846733
legitimate,0,0.865238450686364,0.8688707934231611
legitimate,0,0.8471937898452223,0.9366196061695463
legitimate,0,0.8797546404924484,0.9426313124010381
legitimate,0,0.6631669688118953,0.7113263270104258
legitimate,0,0.8583991006177406,0.9136903367116174
legitimate,0,0.926055187706031,0.9874015067474273
legitimate,0,0.890205620487833,0.8994999138826689
legitimate,0,0.8872832083690871,0.9003175280715936
legitimate,0,0.8653662973558083,0.876938786279998
legitimate,0,0.8931441956884735,0.858271540819703
legitimate,0,0.8987203682420993,0.8604224184427781
legitimate,0,0.9351475848638106,0.9919607014067686
legitimate,0,0.8888157312465593,0.9432341849414341
legitimate,0,0.8777987272642445,0.8909590911024419
legitimate,0,0.6330490753038495,0.7663284178345606
legitimate,0,0.8943722790114439,0.8615454828983744
legitimate,0,0.8667640138209437,0.8594844456990824
legitimate,0,0.8898939567174052,0.968095341590951
legitimate,0,0.8708382629009306,0.888198954783014
legitimate,0,0.8688307022154299,0.8914749549020975
legitimate,0,0.8395180421368903,0.85372458531691
legitimate,0,0.9022716337589084,0.9230126002536829
legitimate,0,0.9219051937574116,0.9183361710532536
legitimate,0,0.9060111238818785,0.9509173490691964
legitimate,0,0.8843611255560744,0.9262446402826817
legitimate,0,0.9025649793125847,0.9629749867829906
legitimate,0,0.8539343342111019,0.9329920181794968
legitimate,0,0.8467244707246546,0.8784765761100608
legitimate,0,0.8682215302921673,0.8760911281558267
legitimate,0,0.6684031724024228,0.5998632930171899
legitimate,0,0.8860099134603356,0.9254729747904793
legitimate,0,0.8146878477684195,0.8736818655320792
legitimate,0,0.8885484479669201,0.8501490083509717
legitimate,0,0.8436228668343131,0.9172186626385979
legitimate,0,0.628406183191813,0.769198684984413
legitimate,0,0.8870058825192362,0.9001148743611734
legitimate,0,0.8999255742451115,0.9618048796984424
legitimate,0,0.9271314618857711,0.9536885287558771
legitimate,0,0.8840836756481024,0.8550500301061285
legitimate,0,0.8997287774293754,0.971021471081544
legitimate,0,0.8790094101959814,0.8760776392910354
legitimate,0,0.9108741688745231,0.9342843941599975
legitimate,0,0.8884499366796922,0.9486433513553313
legitimate,0,0.8812159831895208,0.9331619602532438
legitimate,0,0.9024283520240958,0.985280775955776
legitimate,0,0.9014388620907818,0.8871467268038828
legitimate,0,0.8998497109196562,0.9481554182408828
legitimate,0,0.8492648365347575,0.918840916009123
legitimate,0,0.8908707800736748,0.8612324736118212
legitimate,0,0.9090464382289943,0.8680012883065372
legitimate,0,0.5774769190914519,0.603349472870224
legitimate,0,0.886733542672113,0.8979912862258387
legitimate,0,0.8708063252622211,0.9076824581870946
legitimate,0,0.9178299020602728,0.8953204999550721
legitimate,0,0.872732683235483,0.8721876293368881
legitimate,0,0.9190562068259422,0.8545016110977229
legitimate,0,0.8553514085124384,0.8736752494776858
legitimate,0,0.9243716871200025,0.9845116597780884
legitimate,0,0.8298393288175683,0.8585104114441782
legitimate,0,0.8927302382412377,0.9234319846591816
legitimate,0,0.8605194038904146,0.9275124229489431
legitimate,0,0.848963604278759,0.8900631455511958
legitimate,0,0.8642666535250609,0.8692976381614086
legitimate,0,0.9109548055522118,0.9428248394525965
legitimate,0,0.9378254526637879,0.9860456316749944
legitimate,0,0.6326172069737741,0.7775212305029838
legitimate,0,0.8584851363303857,0.921699339937843
legitimate,0,0.9367277273576408,0.9933797864632152
legitimate,0,0.8678065463265638,0.8930324473815641
legitimate,0,0.8668690610868832,0.867234639287392
legitimate,0,0.8807617382405863,0.9584439552275072
legitimate,0,0.9128795603863242,0.9757664277756429
legitimate,0,0.8901891330702947,0.8647375040977109
legitimate,0,0.9560448853697732,0.9933670566204641
legitimate,0,0.8919240106926097,0.929442626627068
legitimate,0,0.8940726545889759,0.9339927552851698
legitimate,0,0.9035330648017628,0.8765624255731587
legitimate,0,0.9029382533184617,0.9279678725605828
legitimate,0,0.8571430079107402,0.9825512623269276
legitimate,0,0.8963282078416206,0.8748911588331856
legitimate,0,0.9075073340384413,0.8736175455842246
legitimate,0,0.6543941318707513,0.5599180891646255
legitimate,0,0.9177421780046765,0.8909012919261936
legitimate,0,0.8649561992831203,0.9518118534261546
legitimate,0,0.9018049706960765,0.9136991683710965
legitimate,0,0.9097895417964742,0.8951554370298408
legitimate,0,0.9425581683395088,0.9605339714062088
legitimate,0,0.9313054742882089,0.945645903347017
legitimate,0,0.9266781815133552,0.929818059327781
legitimate,0,0.867488702226128,0.8736299958686166
legitimate,0,0.8652158045228485,0.8814526991877184
legitimate,0,0.8788847024837402,0.8872282852783301
legitimate,0,0.8739800253450617,0.9162151804874303
legitimate,0,0.9163437021689491,0.9670243929079096
legitimate,0,0.9110453985021305,0.9800827056488592
legitimate,0,0.9394757016905839,0.9604034794921655
legitimate,0,0.8352797030892901,0.926627918697021
legitimate,0,0.6269836843238306,0.6868086022223973
legitimate,0,0.9170204198818948,0.9114209920379053
legitimate,0,0.8929241848936069,0.883657548729586
legitimate,0,0.8904008638214049,0.9684688903091505
legitimate,0,0.8946056919841282,0.959657877441604
legitimate,0,0.8851925444985393,0.9553022423185071
legitimate,0,0.869149369540492,0.8550512083871553
legitimate,0,0.8876734862603367,0.9815230786121588
legitimate,0,0.8840203574616581,0.9646908829847237
legitimate,0,0.9008023549508921,0.9222627443716523
legitimate,0,0.8600860618377992,0.9772848569081009
legitimate,0,0.8788871615965568,0.8636581852136006
legitimate,0,0.6259070324333315,0.5585274065431741
legitimate,0,0.9001537818373668,0.9428583651679026
legitimate,0,0.9095310403775372,0.886909261080292
legitimate,0,0.8713440396707478,0.9451207133071701
legitimate,0,0.9341385421956685,0.9751443649661661
legitimate,0,0.8733103543491176,0.916946296353779
legitimate,0,0.9371104800542712,0.9794951533217611
legitimate,0,0.8659902223755612,0.9531107609864755
legitimate,0,0.9060057767161616,0.8606376022620146
legitimate,0,0.5960085161294015,0.5913314753924425
legitimate,0,0.8620997942835492,0.9385876527151965
legitimate,0,0.8429250345137824,0.9637771615282587
legitimate,0,0.9040267771035974,0.9377753664350864
legitimate,0,0.8775485794679143,0.8831305907099879
legitimate,0,0.8660889068167134,0.8937936801106315
legitimate,0,0.9573028210692563,0.9688641670416254
legitimate,0,0.9342880613720137,0.9621500629685461
legitimate,0,0.892467895401692,0.9627910376448184
legitimate,0,0.8892319979342673,0.971174234796816
legitimate,0,0.8829602113267465,0.9884120615244572
legitimate,0,0.8422482426182492,0.8562445033633705
legitimate,0,0.913985804330954,0.9553219878166738
legitimate,0,0.8873396560742771,0.8674370359561088
legitimate,0,0.8972171857129724,0.8956251003786929
legitimate,0,0.9376740103466944,0.9092846188511613
legitimate,0,0.8825337641678481,0.8905253668658027
legitimate,0,0.9202981252148839,0.9605117871517019
legitimate,0,0.8619877913043962,0.9312744749556238
legitimate,0,0.908943053909905,0.9469369439028561
legitimate,0,0.8644796710704392,0.8824495183466198
legitimate,0,0.8497475882366307,0.8577754725377456
legitimate,0,0.934664924033992,0.8824874976320027
legitimate,0,0.9020541003082481,0.8811880674564005
legitimate,0,0.8938765232739678,0.9554295205504524
legitimate,0,0.9058178248583633,0.9684278847428417
legitimate,0,0.9172704614682142,0.9271511052260749
legitimate,0,0.8888762785836194,0.9441465806402565
legitimate,0,0.8811581795074549,0.952367910321208
legitimate,0,0.8903689964799842,0.913270990998715
legitimate,0,0.8682864931664743,0.9065237027784225
legitimate,0,0.8878246953689775,0.8867449298093114
legitimate,0,0.9293188789397916,0.9399222402003186
legitimate,0,0.8877551982963401,0.8741881398223635
legitimate,0,0.6169944079898447,0.8257727319005084
legitimate,0,0.9078772996112461,0.9253109739924376
legitimate,0,0.8969833599545599,0.9738610559259586
legitimate,0,0.9057425153620199,0.9536944471536842
legitimate,0,0.928474346796736,0.9175909095675707
legitimate,0,0.9006003784690167,0.9612710883611711
legitimate,0,0.9140749621591099,0.9507702943272655
legitimate,0,0.863702309809482,0.8940298129450449
legitimate,0,0.9443811117203348,0.9112880462387429
legitimate,0,0.6321081639715369,0.648825701005409
legitimate,0,0.8556152714630579,0.9105065928963528
legitimate,0,0.8831376324809079,0.8599499511191788
legitimate,0,0.9021659396160117,0.9672272932734349
legitimate,0,0.8773738603291523,0.9844702075596616
legitimate,0,0.9136852882813192,0.9879018934071351
legitimate,0,0.8890874201493013,0.9258620282500313
legitimate,0,0.914592906509391,0.9190003024381106
legitimate,0,0.8814846085200088,0.9137664861703457
legitimate,0,0.8461804152588862,0.8763751638438261
legitimate,0,0.8817866602052264,0.8739714265778744
legitimate,0,0.6410827420856012,0.8454721700771424
legitimate,0,0.866253934288296,0.907233412637781
legitimate,0,0.8977961509274848,0.8825945013103469
legitimate,0,0.6014330493350364,0.7638512106833089
legitimate,0,0.9220680164934215,0.9839188983460401
legitimate,0,0.8820034880280364,0.8582758025917417
legitimate,0,0.8920969822065887,0.8838343722499086
legitimate,0,0.9485159109389251,0.9764368602550205
legitimate,0,0.8934523745309232,0.9517131661240281
legitimate,0,0.9024441512395779,0.9150127066821312
legitimate,0,0.8671604420983696,0.9165145985496754
legitimate,0,0.8601674615711246,0.871171985289045
legitimate,0,0.8777498360827584,0.9510141195745461
legitimate,0,0.8690543931010885,0.8778923693078365
legitimate,0,0.9356489811303472,0.9232600181022657
legitimate,0,0.937667087423178,0.9569976631644475
legitimate,0,0.9274655556217665,0.9795619884458261
legitimate,0,0.9122862015888774,0.8747171622369373
legitimate,0,0.8755520429964228,0.8850124971937522
legitimate,0,0.9137317280065606,0.9554753623506336
legitimate,0,0.8697044218947656,0.9015508393646822
legitimate,0,0.8646126296870348,0.8813752803795052
legitimate,0,0.905049962983747,0.9223931925589908
legitimate,0,0.5808420983325553,0.6325631729269712
legitimate,0,0.8809656649515252,0.8885064347896569
legitimate,0,0.8696049981441896,0.927965989785544
legitimate,0,0.9204995654140541,0.9809076482081012
legitimate,0,0.902882488741393,0.9864168489643594
legitimate,0,0.8636520565991544,0.8679137314138312
legitimate,0,0.6065306666989005,0.7292251855057862
legitimate,0,0.8670613117543817,0.9356271608879436
legitimate,0,0.8675595095697065,0.9698783067065339
legitimate,0,0.9090305392998593,0.9334834866006817
legitimate,0,0.874221088811847,0.8994427437625844
legitimate,0,0.9277375184581196,0.977440819357646
legitimate,0,0.8709567090968865,0.8563295814512017
legitimate,0,0.9078377297902019,0.9260985605748508
legitimate,0,0.966412310665418,0.9831421604196675
legitimate,0,0.702787416079293,0.7364233934999936
legitimate,0,0.8774548323445364,0.9102347307458502
legitimate,0,0.6659105194887828,0.779408716717775
legitimate,0,0.9016000420430484,0.8567225585216821
legitimate,0,0.8586378003200678,0.9290334606687811
legitimate,0,0.8680077235253587,0.8881905752972127
legitimate,0,0.9354536068238645,0.9833896570211619
legitimate,0,0.8697288642831325,0.9595014297111387
legitimate,0,0.6744620120964645,0.7933918400918634
legitimate,0,0.8933468140151006,0.9849316249505246
legitimate,0,0.8818144397442725,0.9623494065765174
legitimate,0,0.8805250371725004,0.8776182493265725
legitimate,0,0.8873478281371525,0.9841289345008225
legitimate,0,0.8964097923669142,0.9014391710319681
legitimate,0,0.8771330539223259,0.8929494110858528
legitimate,0,0.901371196019512,0.9257323591590143
legitimate,0,0.8817071265998342,0.9602636811630884
legitimate,0,0.9305396147273992,0.9727343637996037
legitimate,0,0.9230032206824462,0.9821071767107861
legitimate,0,0.8969271809772755,0.9142174578486671
legitimate,0,0.8781617000787456,0.9665558660245785
legitimate,0,0.9094192528089816,0.8534684004633069
legitimate,0,0.8441076582263096,0.8768651747448959
legitimate,0,0.8791690909296337,0.8624108263021981
legitimate,0,0.8805641016024539,0.8950246284452673
legitimate,0,0.8630013275523124,0.8535218899768992
legitimate,0,0.9322253595226814,0.9863000997425335
legitimate,0,0.8569368790968225,0.8526199217086741
legitimate,0,0.8914617510786526,0.9580114673133074
legitimate,0,0.9181510227791108,0.9504197583284882
legitimate,0,0.6037948899556639,0.5748672015073952
legitimate,0,0.855902134381155,0.9393037156786572
legitimate,0,0.9288361286304321,0.9191935361524225
legitimate,0,0.933872971540435,0.9007567746477447
legitimate,0,0.9355643558253673,0.9287922291413165
legitimate,0,0.8817191253624057,0.8730686425114972
legitimate,0,0.8933681228984042,0.9304076315866505
legitimate,0,0.8290600539423989,0.8663406943303256
legitimate,0,0.9048191515010308,0.926833609852397
legitimate,0,0.9295659624357184,0.9174677031285671
legitimate,0,0.8566752314545082,0.9502845965642586
legitimate,0,0.905715935370188,0.9474666716743149
legitimate,0,0.9026425766453137,0.9770910532991148
legitimate,0,0.8536768727218477,0.8858128814638004
legitimate,0,0.8736499283474741,0.8590462162808846
legitimate,0,0.8611585256498927,0.867348343766922
legitimate,0,0.8614574466372382,0.8790918830350593
legitimate,0,0.9047214620925971,0.8587066843467319
legitimate,0,0.8984978147493657,0.9388328768234477
legitimate,0,0.8887983072066856,0.8960974988473615
legitimate,0,0.9295916201001065,0.9805366519127071
legitimate,0,0.872908948460448,0.883547227658853
legitimate,0,0.6694929718078406,0.6817458974234515
legitimate,0,0.913841930210339,0.9927662862340562
legitimate,0,0.8950001575008627,0.9664528033357807
legitimate,0,0.8724281352266641,0.9643795687246233
legitimate,0,0.9283349218595045,0.876348881964532
legitimate,0,0.6467768317531578,0.7183569899558233
legitimate,0,0.5727286774492525,0.5640215949669432
legitimate,0,0.6079009105374331,0.6914240850508416
legitimate,0,0.8965731786258859,0.8740120400758419
legitimate,0,0.910628639328325,0.8693222679559742
legitimate,0,0.9363437785184792,0.9687710809877339
legitimate,0,0.8544808129232314,0.8527063486243571
legitimate,0,0.9380824016455538,0.9865950219384048
legitimate,0,0.9035937871087747,0.9832965717633795
legitimate,0,0.8837889205631845,0.9661642662034823
legitimate,0,0.8665905167587821,0.8698612236129235
legitimate,0,0.9175892457820387,0.8671165440535357
legitimate,0,0.5945422759680147,0.6247684572064202
legitimate,0,0.8822599542555172,0.977637353213392
legitimate,0,0.8733585649349753,0.918153485634379
legitimate,0,0.8266585766925753,0.8600818012480045
legitimate,0,0.8687775590707343,0.8522846445217853
legitimate,0,0.867837048076388,0.9124311404749488
legitimate,0,0.9038064187090205,0.8975648879312955
legitimate,0,0.9143197275240734,0.8888308265092447
legitimate,0,0.9490020481048488,0.9602432893989841
legitimate,0,0.9288904296146883,0.9392745701287288
legitimate,0,0.88787975821336,0.965441563227841
legitimate,0,0.8412446228780321,0.867077870663166
legitimate,0,0.8862091814542982,0.9184379365620621
legitimate,0,0.8960839571058605,0.9657098749417733
legitimate,0,0.9020106719404637,0.8694170826078733
legitimate,0,0.6050365007512744,0.5772156937417053
legitimate,0,0.6203879481063443,0.7066623835185974
legitimate,0,0.8682753363501357,0.8521041918780974
legitimate,0,0.8979579334499118,0.9817769224279095
legitimate,0,0.6823430180620943,0.5574676202003207
legitimate,0,0.8564033819806387,0.9348970758247843
legitimate,0,0.8803214949761857,0.870257057507736
legitimate,0,0.8895397709215587,0.9603640604682087
legitimate,0,0.9177760486331317,0.9373376252223217
legitimate,0,0.8912826979189098,0.9131806429150444
legitimate,0,0.9351781820702625,0.9282961531119919
legitimate,0,0.9192235269413651,0.9170046754899336
legitimate,0,0.9208010916221048,0.9746077931411744
legitimate,0,0.8499704734349044,0.8622298589002034
legitimate,0,0.9072298697074858,0.8820468453491694
legitimate,0,0.8865738657941603,0.9103034649842605
legitimate,0,0.8825455754238868,0.9156920217760759
legitimate,0,0.9072544872821292,0.9641190673807851
legitimate,0,0.9283676163680809,0.9384992132423409
legitimate,0,0.928709063975606,0.9657620619774638
legitimate,0,0.9015293963629993,0.9367987213460472
legitimate,0,0.9300024847480051,0.939969698391164
legitimate,0,0.8915536235060073,0.9037983420385749
legitimate,0,0.9316969029750058,0.9406905296008862
legitimate,0,0.9177180177474439,0.9547061725872595
legitimate,0,0.8838360001953159,0.9423536678352478
legitimate,0,0.8570226146695471,0.9085662337807424
legitimate,0,0.9173347196236112,0.9293156439959465
legitimate,0,0.8990308948080227,0.9448121734522611
legitimate,0,0.9083143397201835,0.8812350433375638
legitimate,0,0.9044410888871037,0.9146617939691081
legitimate,0,0.9150458254093415,0.9845729136887604
legitimate,0,0.6707756729077227,0.8178355800087573
legitimate,0,0.8585061578684652,0.8567665285727425
legitimate,0,0.6628992423061064,0.8187618057906534
legitimate,0,0.8861732999952673,0.9210132265217122
legitimate,0,0.8627172377299569,0.8846564416470639
legitimate,0,0.5929235861921701,0.7046560830013014
legitimate,0,0.6166942180336664,0.7164062187044749
legitimate,0,0.8880562757457787,0.8847809556994558
legitimate,0,0.8936760083999006,0.963533973030691
legitimate,0,0.9425354940680022,0.9755831337043782
legitimate,0,0.6334424576985085,0.6244911944188962
legitimate,0,0.8627454098105998,0.8517664988601148
legitimate,0,0.9255798812775784,0.8778994315443711
legitimate,0,0.9025293910498027,0.8785636255389337
legitimate,0,0.9073441317307769,0.9151009888770784
legitimate,0,0.90963514420166,0.9053269160408294
legitimate,0,0.883078130561357,0.9813112545073425
legitimate,0,0.9197662114968507,0.9795189086337193
legitimate,0,0.9030850920296037,0.8744822325958536
legitimate,0,0.9249460920201591,0.92857313978564
legitimate,0,0.8469875919092005,0.8877876622353549
legitimate,0,0.9038920945599471,0.9791892039177509
legitimate,0,0.8740876158157737,0.8670485269443955
legitimate,0,0.8652588580844356,0.86283132032001
legitimate,0,0.9190241952074368,0.9153733390620729
legitimate,0,0.8761858646490778,0.9483359451794443
legitimate,0,0.8949009490330901,0.910083282483133
legitimate,0,0.8731334006477192,0.8768098222006742
legitimate,0,0.8952709301668993,0.9099089866034519
legitimate,0,0.9226646298792158,0.965269577315918
legitimate,0,0.8774556232102704,0.8585563160341837
legitimate,0,0.8885806950387382,0.9027996173540402
legitimate,0,0.9304284354688064,0.9432349964022687
legitimate,0,0.9042878683539604,0.9341065961218725
legitimate,0,0.9202003880440583,0.9144897824740272
legitimate,0,0.9045807041286043,0.9020043117557192
legitimate,0,0.8881502612943494,0.9056359981902536
legitimate,0,0.8832757935593677,0.8646307607678017
legitimate,0,0.878030170672426,0.933182147415935
legitimate,0,0.8940269987128546,0.906910115081366
legitimate,0,0.8652895424384164,0.8955724549132164
legitimate,0,0.8690725390780474,0.8532220639546751
legitimate,0,0.888276123519903,0.9734742365719626
legitimate,0,0.9159460794627001,0.9360454593606649
legitimate,0,0.7318334478298266,0.7647119408990367
legitimate,0,0.9275381185548529,0.945063465548177
legitimate,0,0.8736869056592669,0.8895598999293777
legitimate,0,0.589514634959214,0.7298386381446124
legitimate,0,0.8962824980959384,0.972526643167873
legitimate,0,0.9045930061395864,0.9092962289475536
legitimate,0,0.6884619024800919,0.8295003820381428
legitimate,0,0.8984533705260614,0.9618755238641039
legitimate,0,0.8517835344791685,0.9344304606618935
legitimate,0,0.9092346946560936,0.9724543482757759
legitimate,0,0.8815353461629007,0.9473394861681811
legitimate,0,0.8708245478202982,0.9532438496199448
legitimate,0,0.8628396851008568,0.8515430191592103
legitimate,0,0.8779751930549221,0.8662335906267006
legitimate,0,0.869559762090922,0.859925834377449
legitimate,0,0.8849260992600522,0.931240122036903
legitimate,0,0.6201091458376167,0.7210125411698873
legitimate,0,0.8751522059977896,0.9518844083005892
legitimate,0,0.8785578526518554,0.9028409247237033
legitimate,0,0.9134548148465362,0.8785478733074689
legitimate,0,0.9317053929959694,0.9317450803833082
legitimate,0,0.8463356707601062,0.9660379999349369
legitimate,0,0.8494770946522785,0.9309007119238994
legitimate,0,0.8664862808100621,0.9482811029974396
legitimate,0,0.8737876850306399,0.964360941116625
legitimate,0,0.9277695540930906,0.9925568486786323
legitimate,0,0.9170162552929642,0.9937869085577494
legitimate,0,0.9352051492192608,0.99212945970619
legitimate,0,0.9308194553966291,0.9555283443381022
legitimate,0,0.9302189385331038,0.9215175341564349
legitimate,0,0.8498408717506082,0.906875420694697
legitimate,0,0.9097991003380118,0.9802022490521505
legitimate,0,0.9047222485570021,0.9639010198315988
legitimate,0,0.8794686932844018,0.9162629140825886
legitimate,0,0.8843983215968949,0.9206482979031468
legitimate,0,0.8802140723084052,0.891992831839659
legitimate,0,0.8549475005731458,0.8726663537108481
legitimate,0,0.8755268962710367,0.9328261617865191
legitimate,0,0.9528161884704943,0.986985027112077
legitimate,0,0.899264364122446,0.8909452489311349
legitimate,0,0.897635386278777,0.9236048519188256
legitimate,0,0.8855871964159456,0.8662380907604639
legitimate,0,0.9167953633577565,0.8925684767249318
legitimate,0,0.8970003056911761,0.9460543361460337
legitimate,0,0.6980962706052485,0.8195582808682675
legitimate,0,0.9160491617397469,0.9041168689104329
legitimate,0,0.8867364845183114,0.8632921081054861
legitimate,0,0.913172363828721,0.9588304304173665
legitimate,0,0.9162257189583287,0.9856105270664594
legitimate,0,0.9232985812354965,0.9075188817438427
legitimate,0,0.8807296080605369,0.8926791388248693
legitimate,0,0.9075315208039854,0.8904340006556005
legitimate,0,0.8807974738613189,0.8689434609142639
legitimate,0,0.9269454935688936,0.9833338760310628
legitimate,0,0.8699103959780242,0.8679662869627095
legitimate,0,0.9520722598947503,0.9944299159152483
legitimate,0,0.8731502942419427,0.880831409965199
legitimate,0,0.8692227434275077,0.8644560958647375
legitimate,0,0.9302862355488881,0.8993252501696329
legitimate,0,0.8787814550426292,0.9202575827209483
legitimate,0,0.6594295095728383,0.8292093793669195
legitimate,0,0.8848509718912861,0.9295404658834286
legitimate,0,0.8767881695128573,0.8556466230078664
legitimate,0,0.9105835147103436,0.8673635268548326
legitimate,0,0.8786651634032873,0.9721059734985525
legitimate,0,0.9086183756416165,0.876960097845461
legitimate,0,0.889985337383837,0.9917065861700414
legitimate,0,0.8835825718629728,0.9113541322096105
legitimate,0,0.9150564826915154,0.9822042933049648
legitimate,0,0.9511238831912046,0.9846241324886567
legitimate,0,0.8828812121131893,0.9484528489988404
legitimate,0,0.857629254623687,0.8831691546596605
legitimate,0,0.9099633060896443,0.8736941694085787
legitimate,0,0.9003347140986278,0.9738380274363602
legitimate,0,0.8638975850625725,0.872137780439849
legitimate,0,0.9124554063491872,0.9006823636389458
legitimate,0,0.8636720994671432,0.8886777573893153
legitimate,0,0.8840187330455541,0.9259966776619464
legitimate,0,0.877497297147791,0.9544525579651347
legitimate,0,0.8969860780187264,0.9699152015767194
legitimate,0,0.8570284914546873,0.8861222798208279
legitimate,0,0.8856353562624446,0.8584862100736059
legitimate,0,0.8432362631630704,0.9177364682697613
legitimate,0,0.6625133411177859,0.6784020205463945
legitimate,0,0.8547605168903775,0.9892574328969794
legitimate,0,0.8709345470726336,0.8597183595218522
legitimate,0,0.8746417841799952,0.9111264593301286
legitimate,0,0.9252370212505561,0.9801350525162458
legitimate,0,0.8937739136410048,0.8965447576612262
legitimate,0,0.888840239189707,0.9053296219708489
legitimate,0,0.9210553999986317,0.8739982880702217
legitimate,0,0.9292335032669493,0.9898740778247388
legitimate,0,0.5879691924158441,0.5524802982485452
legitimate,0,0.9028844753340238,0.895183653579908
legitimate,0,0.8853087554428096,0.9083774288785518
legitimate,0,0.9134382114850935,0.9112132547616245
legitimate,0,0.9201288419762921,0.9933393553392875
legitimate,0,0.9014908307367773,0.9438377745611513
legitimate,0,0.8648040512394163,0.8619456094895745
legitimate,0,0.876234070203689,0.90664157120254
legitimate,0,0.5359969889730841,0.6973723963384895
legitimate,0,0.6304199836962585,0.6040910734054917
legitimate,0,0.864894147824963,0.921444337316448
legitimate,0,0.9779933081623282,0.9879509187022031
legitimate,0,0.8997093098275434,0.8831597774805287
legitimate,0,0.8571608938737463,0.8754378950908416
legitimate,0,0.9090559065316447,0.9752440362786285
legitimate,0,0.9195025802713601,0.9762210094497422
legitimate,0,0.9124999116838338,0.9472220300842126
legitimate,0,0.860224807742408,0.8980251595437084
legitimate,0,0.8942116900667914,0.9770873392728437
legitimate,0,0.9198908676410049,0.946053297572907
legitimate,0,0.8744867402728286,0.8783735543517737
legitimate,0,0.8917589128860554,0.9496490806693844
legitimate,0,0.9195893293951828,0.9679185649056937
legitimate,0,0.9227329325477919,0.9728414354754711
legitimate,0,0.8967135947584346,0.913668353632903
legitimate,0,0.8806696246635624,0.9494098612857201
legitimate,0,0.9101948330823872,0.9529136809536711
legitimate,0,0.8968402934486869,0.9620880008912188
legitimate,0,0.9079527522417777,0.9079536033436632
legitimate,0,0.9154230273104251,0.9829833513661416
legitimate,0,0.8625032809021652,0.8594317568556292
legitimate,0,0.8429253223868511,0.8773671435866963
legitimate,0,0.8564356662558497,0.9571800554923561
legitimate,0,0.8531403321841987,0.8793997528075749
legitimate,0,0.6050501097099252,0.6961588122855951
legitimate,0,0.8908460621895513,0.919166833999495
legitimate,0,0.8962054073674354,0.9635523902198351
legitimate,0,0.582941641651912,0.5574464187524711
legitimate,0,0.8503112679512772,0.8824671349540611
legitimate,0,0.8918624948421175,0.9301836924681329
legitimate,0,0.8935822151586696,0.9370665752626076
legitimate,0,0.8842272945048526,0.9763213201198442
legitimate,0,0.9031110843465157,0.9772869404097422
legitimate,0,0.907479104335635,0.9212270645745735
legitimate,0,0.921063037620649,0.9704271814258664
legitimate,0,0.9270808874060538,0.971510942668202
legitimate,0,0.860014632724689,0.9001405396014305
legitimate,0,0.864488342519312,0.8558500699753928
legitimate,0,0.8615804849322674,0.914210032999169
legitimate,0,0.9192132041580406,0.9638093001501576
legitimate,0,0.9243014196005996,0.9215553583385127
legitimate,0,0.8882349252488735,0.9280911954857167
legitimate,0,0.8936179190686921,0.8734140438473864
legitimate,0,0.9036133500742817,0.9937492082939023
legitimate,0,0.9199063989441368,0.8886095421045974
legitimate,0,0.6174911909232053,0.7605272372484149
legitimate,0,0.9060294901582762,0.9712745783393443
legitimate,0,0.9276377427409173,0.9893726753173683
legitimate,0,0.9468114967377604,0.9728784047679575
legitimate,0,0.8832995833281491,0.8944109078260015
legitimate,0,0.9162177195928347,0.9564671172208087
legitimate,0,0.6871805806200789,0.836624351506914
legitimate,0,0.909561623020622,0.9740338495784233
legitimate,0,0.8867290893515867,0.8572269224993427
legitimate,0,0.87545546297083,0.9256033553088554
legitimate,0,0.9117720667485061,0.9247846125106203
legitimate,0,0.9194930710591547,0.964716709631796
legitimate,0,0.8461708242648552,0.8878413610383095
legitimate,0,0.8852388684996504,0.8877796950220979
legitimate,0,0.8894474189912212,0.9906015960730423
legitimate,0,0.8856383078408533,0.9557784498768671
legitimate,0,0.8905753180191703,0.9474669301692371
legitimate,0,0.8882229693879871,0.9854699388849788
legitimate,0,0.8653835112285777,0.9249415924356872
legitimate,0,0.8839410722439327,0.8915758900502555
legitimate,0,0.8869000190598852,0.9397591835538116
legitimate,0,0.894885981408005,0.9099374397623611
legitimate,0,0.9416694415872172,0.9267918094100007
legitimate,0,0.6847014943089776,0.7784029588782428
legitimate,0,0.9132921231371192,0.9694561220091882
legitimate,0,0.8962050576126402,0.9389013677180985
legitimate,0,0.8746401833858952,0.8902168844430557
legitimate,0,0.8690882136529463,0.873075993687413
legitimate,0,0.8833615401497151,0.8891879939291288
legitimate,0,0.8872072326447514,0.980925738293827
legitimate,0,0.8733726979269922,0.8983739902672381
legitimate,0,0.8398130308431493,0.8917267903766853
legitimate,0,0.8763927818778728,0.9886472572486875
legitimate,0,0.8851235607757246,0.9837025398683296
legitimate,0,0.879605711598298,0.9350354197064349
legitimate,0,0.9264520142368315,0.9900686659223515
legitimate,0,0.8776142461225518,0.8630238499710999
legitimate,0,0.8942944414558653,0.940103664658754
legitimate,0,0.9042417105699285,0.9790431881042077
legitimate,0,0.8847833071413557,0.9633862419594764
legitimate,0,0.9091796352786553,0.8819550568666673
legitimate,0,0.845089691924892,0.8641007644239391
legitimate,0,0.878386467674578,0.9393909834896803
legitimate,0,0.8791748752961228,0.8980180784611232
legitimate,0,0.8682214552600855,0.865664590752633
legitimate,0,0.9026583988719195,0.876844660914773
legitimate,0,0.9112375174802653,0.9305398056448694
legitimate,0,0.8800054652780132,0.9053903498821679
legitimate,0,0.9035169729391046,0.939860386763112
legitimate,0,0.8388746644726344,0.8511969207609831
legitimate,0,0.8226869916619822,0.8535217459079673
legitimate,0,0.9203276674398352,0.908821288075985
legitimate,0,0.9344481518361212,0.985221499258933
legitimate,0,0.8898266877173704,0.9924721142364089
legitimate,0,0.8712506295354068,0.9385256985186081
legitimate,0,0.9349050776272587,0.9775066054533799
legitimate,0,0.8840816295869873,0.9140850414756878
legitimate,0,0.906488907479307,0.9888032385690195
legitimate,0,0.9655994066373375,0.9904374653176609
legitimate,0,0.9157862874194113,0.9804967805533605
legitimate,0,0.9283739502945003,0.966101679737463
legitimate,0,0.8598028278534652,0.8565187198184939
legitimate,0,0.870824918640306,0.8847760475426025
legitimate,0,0.9209702884392724,0.9904162500699206
legitimate,0,0.9014994743319541,0.9143373656858735
legitimate,0,0.8831684353019669,0.8882984730090762
legitimate,0,0.8555210198182235,0.9127681337516838
legitimate,0,0.8489328461294978,0.8777333906440336
legitimate,0,0.8716415580566722,0.8771830840546142
legitimate,0,0.9050222013180725,0.8870758243996871
legitimate,0,0.9384835615687446,0.9451552775818199
legitimate,0,0.9330651540509951,0.8926361199925879
legitimate,0,0.9276160342385052,0.9380230863640475
legitimate,0,0.909353818417094,0.9232046628067171
legitimate,0,0.9126593691766127,0.9934416345957012
legitimate,0,0.8918465645490992,0.9403768259449302
legitimate,0,0.9339959163014913,0.9856518170282548
legitimate,0,0.8986002027102075,0.9551601445869539
legitimate,0,0.9149745117339397,0.8877124899562853
legitimate,0,0.8956236767961743,0.878364936370016
legitimate,0,0.9024651369116666,0.9001933009055384
legitimate,0,0.8651264423201876,0.9328922027698912
legitimate,0,0.5954372127162991,0.5968035797623984
legitimate,0,0.8399640835676552,0.8720696850055267
legitimate,0,0.8633178301051478,0.9816017567572479
legitimate,0,0.8142526672094442,0.868431283582661
legitimate,0,0.9602599440989517,0.9679483634235818
legitimate,0,0.9143840122886451,0.9598679437645429
legitimate,0,0.9372746986241667,0.9676790622876247
legitimate,0,0.8428208986829858,0.856534915885684
legitimate,0,0.8958734132527509,0.926153755765795
legitimate,0,0.9094617876051988,0.973799641729024
legitimate,0,0.8913732056443971,0.8904783943349573
legitimate,0,0.9032176020241759,0.9716406845797686
legitimate,0,0.861909324708759,0.9290219250792615
legitimate,0,0.8721053143943265,0.879814160976566
legitimate,0,0.9038153974031556,0.9651465811888832
legitimate,0,0.9351433589385529,0.9089044306578146
legitimate,0,0.6283032414473882,0.6615681172395107
legitimate,0,0.8757699797021345,0.9910239895811412
legitimate,0,0.8985264966392639,0.9891876914703576
legitimate,0,0.8933078284944678,0.9466642139808561
legitimate,0,0.8828326468451804,0.8751779768806396
legitimate,0,0.5981191699489591,0.6303368222909943
legitimate,0,0.8730036618045411,0.9497811079833898
legitimate,0,0.9411032350330047,0.8663468311055563
legitimate,0,0.9239216602120821,0.9716377103024485
legitimate,0,0.6179849066505478,0.6239258530352007
legitimate,0,0.9030374381911674,0.8855436210036294
legitimate,0,0.9518469590726709,0.9599961975692823
legitimate,0,0.8989490879027654,0.9920528164243709
legitimate,0,0.8839387020339369,0.9238602480697925
legitimate,0,0.9116202926832602,0.9350025519621356
legitimate,0,0.9404071993887838,0.9631266310326966
legitimate,0,0.5947947289110046,0.6291155169170723
legitimate,0,0.9058704614203443,0.9164664442564122
legitimate,0,0.8882702900030717,0.9262915702202542
legitimate,0,0.9460464425865518,0.9312320846000021
legitimate,0,0.8933556490503864,0.941000238928938
legitimate,0,0.8594025451712451,0.9055210317304578
legitimate,0,0.8809003952136426,0.8568644777679849
legitimate,0,0.8970610938223011,0.8989279260203729
legitimate,0,0.9059639242168566,0.91850943451857
legitimate,0,0.8781494500532027,0.8632027504946537
legitimate,0,0.6501146429455452,0.6104517330361966
legitimate,0,0.9097902171270464,0.9850451363121586
legitimate,0,0.8876665346419084,0.943448407386864
legitimate,0,0.8848339282025416,0.9542637610170276
legitimate,0,0.555606713877483,0.6550960042358446
legitimate,0,0.8966180507223184,0.9205548477347895
legitimate,0,0.9003714222941755,0.936716008555309
legitimate,0,0.9151729540066966,0.9864597056009057
legitimate,0,0.8910323847483089,0.9441431580154536
legitimate,0,0.8970244303449199,0.9294353269260854
legitimate,0,0.9048668861098651,0.897983014712081
legitimate,0,0.8854443777985449,0.9338159321266671
legitimate,0,0.8952985505027383,0.9330390373260259
legitimate,0,0.8637095524351799,0.8695452136361307
legitimate,0,0.8653917703675267,0.8579395564529728
legitimate,0,0.8846557096795251,0.8632973991510673
legitimate,0,0.8998834751542841,0.931265811009758
legitimate,0,0.922399261146593,0.9807791945698792
legitimate,0,0.9079845765523201,0.9435110403214104
legitimate,0,0.8856771800725795,0.9483072028203341
legitimate,0,0.9161372037097164,0.9580882976215803
legitimate,0,0.8811280629558574,0.9581576207050141
legitimate,0,0.899468661669994,0.9513657239777531
legitimate,0,0.9033915947849792,0.8951472071173548
legitimate,0,0.9097852691529632,0.8796610905432272
legitimate,0,0.8860398330628281,0.8745274635564385
legitimate,0,0.6293348186350785,0.6534732409479158
legitimate,0,0.8972647797273702,0.9212039147626438
legitimate,0,0.5599443999013763,0.5874434071927055
legitimate,0,0.8443661883241476,0.8713700977544676
legitimate,0,0.9482124036334849,0.9759674639052673
legitimate,0,0.8765707820001634,0.8877548187949947
legitimate,0,0.8603999930794572,0.9244407393742796
legitimate,0,0.8959754620256901,0.9853634846338293
legitimate,0,0.8397915350032084,0.9286185270075233
legitimate,0,0.562499917979805,0.6001029362241195
legitimate,0,0.8969340948165195,0.9135820964337531
legitimate,0,0.8911879893649932,0.8924849764588192
legitimate,0,0.819566323796835,0.8754432999323862
legitimate,0,0.8698421415860939,0.8597590315147488
legitimate,0,0.8918071708766804,0.9211254963602887
legitimate,0,0.8831106524531622,0.9515891321146055
legitimate,0,0.579239051071563,0.5821701295883271
legitimate,0,0.9210682710414129,0.9722470886730965
legitimate,0,0.9199058301383307,0.9690733279685845
legitimate,0,0.9060398803034582,0.8878564659887987
legitimate,0,0.6950659349618185,0.7930942440724795
legitimate,0,0.8910096780910692,0.954628397350193
legitimate,0,0.9257107568419323,0.9419331009397958
legitimate,0,0.9185259436817739,0.9871054228086915
legitimate,0,0.9023713973578029,0.986977865571661
legitimate,0,0.8781016634314105,0.8733915435787982
legitimate,0,0.8693562883360186,0.8755833050182725
legitimate,0,0.8784337773330477,0.8758510941986704
legitimate,0,0.8635113838897861,0.9357086637065977
legitimate,0,0.8580005785676544,0.8965871260520887
legitimate,0,0.9276022406939678,0.9513804891936423
legitimate,0,0.9531505729736166,0.9569083021655036
legitimate,0,0.8703219630405434,0.864298748172425
legitimate,0,0.652051380365884,0.6533951351695039
legitimate,0,0.8942935881563823,0.8585185259822946
legitimate,0,0.876564983015094,0.9562233194672944
legitimate,0,0.8882614952740743,0.9143790430760038
legitimate,0,0.9169277331238016,0.9710879223185824
legitimate,0,0.920594935707573,0.9647663222293843
legitimate,0,0.6484718155988268,0.8047734045286576
legitimate,0,0.8685099731664787,0.8514647506813428
legitimate,0,0.9135673635804347,0.9496318807949096
legitimate,0,0.8645474923940925,0.8560421667777367
legitimate,0,0.8971376649345116,0.9877574333608874
legitimate,0,0.899442496976909,0.9227106267138149
legitimate,0,0.9086933092728788,0.9227142812523353
legitimate,0,0.8471363575399383,0.89640050547518
legitimate,0,0.9010278160179155,0.8911987427086115
legitimate,0,0.8812774946110937,0.9428709021314161
legitimate,0,0.9198533806526238,0.9604336108622207
legitimate,0,0.8577408183053037,0.9234074412892983
legitimate,0,0.8939309757207473,0.9942650942157194
legitimate,0,0.9318217461466572,0.9779302966470128
legitimate,0,0.9066404922351704,0.9804371924288444
legitimate,0,0.8909701886335241,0.913440251511787
legitimate,0,0.8901056614833189,0.9604667947791904
legitimate,0,0.937511192085352,0.9054248847299933
legitimate,0,0.8659772868875963,0.8506434648480736
legitimate,0,0.9162532813262841,0.9189949816644851
legitimate,0,0.8712533437897964,0.8849918400851735
legitimate,0,0.9038108859377081,0.9189485512511444
legitimate,0,0.8685386586440159,0.8903807587126233
legitimate,0,0.9085564509718894,0.8670790766211325
legitimate,0,0.864389466226762,0.8844348604404957
legitimate,0,0.8442721429069509,0.8524082192732354
legitimate,0,0.8838334011245788,0.8773920642781174
legitimate,0,0.8629956570754282,0.8518364178460553
legitimate,0,0.9179345520007048,0.9381530111278265
legitimate,0,0.92256040851562,0.9857366070251423
legitimate,0,0.8800415527492703,0.873521335937987
legitimate,0,0.9245626567270487,0.8739583481856416
legitimate,0,0.8703142405904205,0.8990725403572458
legitimate,0,0.9196076446527194,0.9533092806211023
legitimate,0,0.8689050047720985,0.9554619372995594
legitimate,0,0.5924284360482215,0.5872422838285815
legitimate,0,0.9087112132577315,0.9462115188433912
legitimate,0,0.8499607807639581,0.9410046359069193
legitimate,0,0.9258208059622938,0.8993890516046709
legitimate,0,0.9133460464981054,0.9634406631537201
legitimate,0,0.9392922985512191,0.9897209879924582
legitimate,0,0.9099506491369341,0.9900158726320623
legitimate,0,0.8436856176177985,0.9763019209187126
legitimate,0,0.8555476669806602,0.9293714750588176
legitimate,0,0.9199530797336968,0.9377530019608888
legitimate,0,0.8898435100256888,0.8599859452953019
legitimate,0,0.907499621057045,0.9321814370954323
legitimate,0,0.9000630523061971,0.8695649744437399
legitimate,0,0.8685196574457289,0.8573250527432482
legitimate,0,0.5381092193688366,0.7844222789038063
legitimate,0,0.8690268253460864,0.9147021583072412
legitimate,0,0.5211085188360255,0.694810198807674
legitimate,0,0.9085598043408436,0.9730373024715901
legitimate,0,0.8851532782083763,0.8720142125695696
legitimate,0,0.8922274351619298,0.8623004374197561
legitimate,0,0.5971060668450983,0.6909357461207707
legitimate,0,0.8900973932532661,0.958509742985765
legitimate,0,0.8537989432560492,0.9041318289779906
legitimate,0,0.8919442894056685,0.8638340267536612
legitimate,0,0.923000102580311,0.988020566467947
legitimate,0,0.8965780585855027,0.944888873034563
legitimate,0,0.8833467374124373,0.9140422816219175
legitimate,0,0.8972013495377522,0.9444332547385786
legitimate,0,0.9201586426265891,0.9855084334974129
legitimate,0,0.9127763693964547,0.9188575860262795
legitimate,0,0.9025058752339419,0.9908783644534551
legitimate,0,0.8673445505409552,0.9535729497386883
legitimate,0,0.873610417063867,0.9454628222200174
legitimate,0,0.8930161498450101,0.9064205245773136
legitimate,0,0.9031826666417984,0.9858938962931001
legitimate,0,0.679086532910064,0.6039596223309319
legitimate,0,0.8690841675234746,0.8944197956221508
legitimate,0,0.8849191555092284,0.8608433415968123
legitimate,0,0.6653158997670205,0.83004678377201
legitimate,0,0.8813245591709121,0.959294045099091
legitimate,0,0.87367559548248,0.949105341700116
legitimate,0,0.9113054631003175,0.8652958864129027
legitimate,0,0.6237199673886111,0.815617203073751
legitimate,0,0.8976272235575842,0.9946427686088247
legitimate,0,0.8913290519062338,0.974010206437782
legitimate,0,0.8991118414142604,0.9873267855478729
legitimate,0,0.9072324582774536,0.9518950147731287
legitimate,0,0.8818867644464039,0.9650499385259629
legitimate,0,0.8777734666873651,0.9204476650014044
legitimate,0,0.8760189519181059,0.9399226001245194
legitimate,0,0.8917603778958891,0.9607893474112239
legitimate,0,0.908095238451779,0.9860481128528562
legitimate,0,0.8646569077741372,0.9391944754709195
legitimate,0,0.9224025268435982,0.9845302237532652
legitimate,0,0.9643668284993889,0.9877863784379229
legitimate,0,0.9203395988035723,0.9734298209150203
legitimate,0,0.8740346926245747,0.8592976317797199
legitimate,0,0.8776614546102589,0.9071980032666701
legitimate,0,0.8906832118494035,0.9448305032299619
legitimate,0,0.8502587879286455,0.916102901620267
legitimate,0,0.8827953434567647,0.9296921242505922
legitimate,0,0.9456680008162007,0.9826464887904849
legitimate,0,0.7432335570846984,0.7683210027049517
legitimate,0,0.9018154478685714,0.9404100126875581
legitimate,0,0.8407896525962453,0.8635340601473875
legitimate,0,0.9002896684983005,0.9720197389439842
legitimate,0,0.9034981470821625,0.9743858518972337
legitimate,0,0.8735932372012019,0.8960834277388001
legitimate,0,0.8695194815567444,0.9064968112296573
legitimate,0,0.9370334976773714,0.9744876344723279
legitimate,0,0.6805931457154982,0.6448033800165311
legitimate,0,0.903325414242899,0.8978356720426608
legitimate,0,0.8777574688711175,0.8760048091874941
legitimate,0,0.8835058935838295,0.9292846961675201
legitimate,0,0.8993194981972046,0.9133568974285434
legitimate,0,0.9185963088411013,0.9701631225379825
legitimate,0,0.8993575287509976,0.9050010598065923
legitimate,0,0.8527198898288346,0.8717468765824111
legitimate,0,0.8983955627133615,0.9648237292578598
legitimate,0,0.8469754174436834,0.8663767799607438
legitimate,0,0.9056011049037289,0.9011393687348186
legitimate,0,0.9046510118089429,0.9503721082034321
legitimate,0,0.874644003641077,0.851247496970482
legitimate,0,0.8719741248787775,0.9701759649156675
legitimate,0,0.9352592601420724,0.9133829755678269
legitimate,0,0.9450294683033255,0.9591978881691686
legitimate,0,0.8578588535655971,0.9806940898640533
legitimate,0,0.9189616630128972,0.9570091081024783
legitimate,0,0.8366021126487433,0.8505093850909626
legitimate,0,0.8839809121866581,0.8606896215072046
legitimate,0,0.9339776986002497,0.948599104421647
legitimate,0,0.8818976862934277,0.93098796083114
legitimate,0,0.878036555776363,0.8620158583635954
legitimate,0,0.9064110936766112,0.8542734964342596
legitimate,0,0.8529248572297162,0.888821612052396
legitimate,0,0.8851210927319525,0.933066787906694
legitimate,0,0.8694810561688151,0.8727292640253205
legitimate,0,0.8638525992503169,0.8751306779689616
legitimate,0,0.9178710777512257,0.9377504138052843
legitimate,0,0.8330388338413577,0.8539508348774301
legitimate,0,0.9140605619943669,0.9701927260322993
legitimate,0,0.8519478914416958,0.9067192668964983
legitimate,0,0.9097762137081878,0.9081866847434232
legitimate,0,0.8920086159872229,0.8972392244889367
legitimate,0,0.8928849825336242,0.8533282644705451
legitimate,0,0.880640034116648,0.8948204286229925
legitimate,0,0.8676296466627061,0.8795940481782479
legitimate,0,0.9161523163548504,0.9578573758687521
legitimate,0,0.9012754914768478,0.9652296869869771
legitimate,0,0.893354267479048,0.9238838932267096
legitimate,0,0.8742902267971107,0.9049204531141749
legitimate,0,0.8678703782437773,0.8697449202195295
legitimate,0,0.8586265862247542,0.8865665081157285
legitimate,0,0.8658504744411633,0.8759071856382082
legitimate,0,0.8375188809023942,0.8631567028065112
legitimate,0,0.900578357796092,0.935988731162998
legitimate,0,0.8945695931398674,0.9084679323918351
legitimate,0,0.9058152728063116,0.9891047855393741
legitimate,0,0.8652404419762011,0.8636650955611976
legitimate,0,0.8753999746892853,0.9245630940062325
legitimate,0,0.864485052111714,0.9549757024875221
legitimate,0,0.6598050600201091,0.7396690799592593
legitimate,0,0.9234669103263541,0.9834715163086996
legitimate,0,0.8741536127429878,0.9049131818093424
legitimate,0,0.8913134467316224,0.8710162817179848
legitimate,0,0.8990423856229239,0.875422591436105
legitimate,0,0.9170760487829148,0.9654340556355411
legitimate,0,0.8908204756521465,0.8547879633909727
legitimate,0,0.9373116801420396,0.9519429417538643
legitimate,0,0.8723825152202082,0.863523654128804
legitimate,0,0.9131741629698784,0.9587303833680254
legitimate,0,0.8893997915899572,0.9844830081643928
legitimate,0,0.9045006738549477,0.9488328853054248
legitimate,0,0.9386719015897821,0.9630207241543267
legitimate,0,0.9211206003470235,0.9566761721494361
legitimate,0,0.8962149122696451,0.8985314575548471
legitimate,0,0.8944658601975538,0.9761666157433923
legitimate,0,0.9161182338905351,0.9036504601705294
legitimate,0,0.8340861577712813,0.902204028500427
legitimate,0,0.9073870410275069,0.9267934182191996
legitimate,0,0.8982381566264306,0.8939989643826501
legitimate,0,0.8724279194180669,0.8529352927264925
legitimate,0,0.8806390943244742,0.9587145850581724
legitimate,0,0.8853341676456603,0.9003409902156011
legitimate,0,0.6936261839662694,0.804066981673272
legitimate,0,0.8790661106281554,0.96934826331961
legitimate,0,0.8677102305735067,0.8635487391034379
legitimate,0,0.9149171958398901,0.9664147590217441
legitimate,0,0.8242095861194583,0.854572935658484
legitimate,0,0.8975991481927692,0.9675533121424948
legitimate,0,0.9239389634210118,0.9730009180507
legitimate,0,0.8963340670896788,0.9690727585443802
legitimate,0,0.9139369694873778,0.9840808932061619
legitimate,0,0.8795316686342199,0.9470420736982388
legitimate,0,0.8509558521780067,0.8517452604649771
legitimate,0,0.8730055216576126,0.8765081674757667
legitimate,0,0.9193063494000164,0.9442243028324326
legitimate,0,0.92321057858305,0.9402402994646442
legitimate,0,0.930359047910944,0.9590526465314031
legitimate,0,0.885394767811377,0.9040075206662519
legitimate,0,0.8880651006074505,0.880942399222868
legitimate,0,0.8563909592655097,0.8948593402281687
legitimate,0,0.9055699807873903,0.9242341712913812
legitimate,0,0.8810082242497991,0.9045380080311727
legitimate,0,0.9078363851635106,0.9738817158748392
legitimate,0,0.9089239621571489,0.9674713052558275
legitimate,0,0.8949153191186554,0.8977080403592842
legitimate,0,0.8676182270084158,0.8772981405553
legitimate,0,0.8464404369621097,0.9401729727057193
legitimate,0,0.8863635469408712,0.9057356006351114
legitimate,0,0.595174068539069,0.5874610395717977
legitimate,0,0.9032336507784156,0.9736624362804629
legitimate,0,0.9491658947355953,0.9600919036507527
legitimate,0,0.6487445244196984,0.5735888427231445
legitimate,0,0.869575949880809,0.9255153175650994
legitimate,0,0.9058154540321024,0.9371999304539058
legitimate,0,0.8865402850151206,0.9201916356476023
legitimate,0,0.84999671470036,0.8988823447031977
legitimate,0,0.8792165237923815,0.9172176164527186
legitimate,0,0.8703269105597099,0.8673941639431036
legitimate,0,0.923173696957735,0.9363203680977294
legitimate,0,0.8714440921097844,0.9086907684172775
legitimate,0,0.9455220627282748,0.987440319833426
legitimate,0,0.9233084534234713,0.8945071262934124
legitimate,0,0.8748000937244278,0.9368560687019257
legitimate,0,0.9017184773511222,0.9366371652747434
legitimate,0,0.9152671240608782,0.9726833707543141
legitimate,0,0.9164056434967783,0.9578238566582294
legitimate,0,0.8867139192893406,0.9526508160502392
legitimate,0,0.9216478660967237,0.9397361869261386
legitimate,0,0.8616422054350659,0.8722362886933347
legitimate,0,0.9025230162552137,0.952473042390451
legitimate,0,0.9029765136275532,0.8676136365777497
legitimate,0,0.9144686360056025,0.9840364276486817
legitimate,0,0.8555638315716648,0.87858109484969
legitimate,0,0.9539496069123538,0.9276313857079843
legitimate,0,0.8943016438894752,0.8566526600741639
legitimate,0,0.9080703422951382,0.9769621761701447
legitimate,0,0.8843368164845107,0.8805960489084009
legitimate,0,0.8531935980756726,0.857666193477418
legitimate,0,0.8693241439641168,0.9012407573253962
legitimate,0,0.9156247807495264,0.9384127673468057
legitimate,0,0.8653806822186645,0.8737795500653522
legitimate,0,0.8940615144009016,0.8850853051526175
legitimate,0,0.9179394807508596,0.930971275773959
legitimate,0,0.9056308424937911,0.9264492989847952
legitimate,0,0.9076596386625825,0.9681633387125368
legitimate,0,0.8810865639182437,0.8771555905440541
legitimate,0,0.8254868431556155,0.8875858652698327
legitimate,0,0.8757165858091192,0.8767148285862059
legitimate,0,0.8326529132490774,0.8552166532172162
legitimate,0,0.9124598621035364,0.9289361316200473
legitimate,0,0.9272590244677651,0.952179904645578
legitimate,0,0.8916536349888885,0.8983309628258637
legitimate,0,0.8850301362603124,0.8638261259397318
legitimate,0,0.8924452474274824,0.8503993601894401
legitimate,0,0.9427956358981161,0.9899937066231372
legitimate,0,0.8987456995092697,0.9011358919160087
legitimate,0,0.8512198372760048,0.8571124042792084
legitimate,0,0.8698766776521214,0.9530778126467445
legitimate,0,0.9334776185582804,0.8883887013094811
legitimate,0,0.8891310593575995,0.9903394071975735
legitimate,0,0.9019119503995414,0.9590336867613288
legitimate,0,0.9073321437870281,0.9673731948784874
legitimate,0,0.8930603146710098,0.9737222712990615
legitimate,0,0.8742565946147997,0.8500446396392249
legitimate,0,0.6904487698385333,0.7413980298038123
legitimate,0,0.9351268279198293,0.9740029729242813
legitimate,0,0.5874915532228939,0.5603120424100999
legitimate,0,0.9209850818012197,0.9679971915234876
legitimate,0,0.9070342109977831,0.9475664121658774
legitimate,0,0.8695849865613191,0.8750456381305362
legitimate,0,0.9366423747754175,0.948821516708385
legitimate,0,0.8891846910508268,0.878110020235414
legitimate,0,0.8879502911629937,0.8567264520600056
legitimate,0,0.9232517636493265,0.9585178548854111
legitimate,0,0.9147344395351787,0.9277418545659081
legitimate,0,0.9024616300908541,0.8875468077750309
legitimate,0,0.8407176432975039,0.880130999750669
legitimate,0,0.8718663350359243,0.9067382471096698
legitimate,0,0.8838533031642296,0.8958272751909865
legitimate,0,0.9190243259106662,0.9063479790042477
legitimate,0,0.9227157554477019,0.918543645352608
legitimate,0,0.6254950247010718,0.7670198837128697
legitimate,0,0.8787918308060503,0.8711837926140337
legitimate,0,0.6481212257209257,0.8036166672892041
legitimate,0,0.869168582128321,0.865827319610349
legitimate,0,0.8900281104433899,0.9633240219875069
legitimate,0,0.9034622407114916,0.8734640926766167
legitimate,0,0.9292451495812319,0.9812214850005077
legitimate,0,0.876169296526847,0.9840223673127089
legitimate,0,0.8549752100387197,0.938914115835231
legitimate,0,0.8528874967649244,0.8860451493216227
legitimate,0,0.8882703271747651,0.8953300336658716
legitimate,0,0.8988009628903858,0.8770668495533029
legitimate,0,0.871542468959438,0.8818529017620242
legitimate,0,0.8775046534997,0.9747692279065845
legitimate,0,0.8662381585708504,0.8567705542946809
legitimate,0,0.8710343324280837,0.9819944716109941
legitimate,0,0.8833403804552402,0.9216067084609141
legitimate,0,0.9400150045134337,0.9874188480970434
legitimate,0,0.9043728263077238,0.9253142187508393
legitimate,0,0.9405012662900418,0.9467646994852382
legitimate,0,0.8628262327363173,0.9720288296698194
legitimate,0,0.9241850942943723,0.9752747404922955
legitimate,0,0.9000431038302006,0.9004361126848952
legitimate,0,0.6676355833042141,0.6524067427792446
legitimate,0,0.8412754202474937,0.8578365543700307
legitimate,0,0.9165607039512067,0.938997792379661
legitimate,0,0.9055571739668236,0.9026530232635622
legitimate,0,0.8602238095479903,0.9369737482900319
legitimate,0,0.9405313814964809,0.9919885824679603
legitimate,0,0.9209389507826775,0.9646517316080787
legitimate,0,0.6477229384232648,0.6852639385359124
legitimate,0,0.8883731793964441,0.912631151932431
legitimate,0,0.8247663920005212,0.8813614644894311
legitimate,0,0.9103942089472951,0.9615497645854919
legitimate,0,0.8664613808645211,0.8562954831163888
legitimate,0,0.9253833609617741,0.9231573140619975
legitimate,0,0.8851609581919032,0.9173873860429265
legitimate,0,0.9109987259870098,0.9437664867707457
legitimate,0,0.8827912884370963,0.9105846915628546
legitimate,0,0.9182147153594581,0.9135624124960435
legitimate,0,0.9079799651924164,0.9051797457075654
legitimate,0,0.9165245131698325,0.9831410667967948
legitimate,0,0.8852492915038579,0.9418340013946097
legitimate,0,0.8986191433088692,0.9485758720975214
legitimate,0,0.8571498366388253,0.9302029893674749
legitimate,0,0.9379385826243691,0.9055724542336223
legitimate,0,0.6502441638290112,0.754235906386706
legitimate,0,0.8647575259897713,0.9234003008459162
legitimate,0,0.9045781077844868,0.908738733851334
legitimate,0,0.8760828635769714,0.9852357516475454
legitimate,0,0.903158596942185,0.9377339895694746
legitimate,0,0.93886935269478,0.9471668842791363
legitimate,0,0.8612674259960014,0.8788527709512003
legitimate,0,0.8481284331896634,0.8946534608345904
legitimate,0,0.8991953694519739,0.9783191957224749
legitimate,0,0.9212974543391639,0.9381456607271732
legitimate,0,0.8730413391365229,0.8813512639478573
legitimate,0,0.8595200782437975,0.8663654420989343
legitimate,0,0.8800379498040293,0.9517196734327825
legitimate,0,0.8809671824724747,0.9344879678334792
legitimate,0,0.8791462430482873,0.9847058967610378
legitimate,0,0.8919121110024805,0.9508008293736795
legitimate,0,0.882845981028065,0.9743509335685704
legitimate,0,0.6629384517546606,0.6908662651026265
legitimate,0,0.9183803273591047,0.9908511260327422
legitimate,0,0.8644780945957343,0.8710199208499276
legitimate,0,0.8403042078610723,0.8514950147192273
legitimate,0,0.893338748655847,0.9802093901811506
legitimate,0,0.910568770652344,0.9304378004339177
legitimate,0,0.8779495291284787,0.9534493650639521
legitimate,0,0.887282461776441,0.8958925061099441
legitimate,0,0.6183040547398402,0.7109999244605814
legitimate,0,0.8661162393426661,0.9221546266036551
legitimate,0,0.8795848160296506,0.9820853155317908
legitimate,0,0.8894476532384223,0.9153238559570636
legitimate,0,0.9126289559430479,0.9380315484975578
legitimate,0,0.873337957747121,0.885177594074757
legitimate,0,0.8673959810801039,0.8500115090485816
legitimate,0,0.894998874654846,0.9648577287633527
legitimate,0,0.8851770951088048,0.9597784625730517
legitimate,0,0.9191218779779597,0.9686845697618341
legitimate,0,0.8976910634692136,0.9710824942953978
legitimate,0,0.9199896406565721,0.9944348948724797
legitimate,0,0.9364412237024682,0.9880128325447677
legitimate,0,0.8733318073066174,0.9348877670332927
legitimate,0,0.9301502656536869,0.9060641773942301
legitimate,0,0.8434220348462026,0.8603118745738834
legitimate,0,0.8880736947633756,0.9874266366643598
legitimate,0,0.879011684748887,0.9938459738063091
legitimate,0,0.875791966024737,0.8892857928247367
legitimate,0,0.9230617504293113,0.9174294232350426
legitimate,0,0.9277333200218255,0.9768392436585014
legitimate,0,0.874335971298914,0.8588048092377568
legitimate,0,0.8900921677581071,0.9190726193095291
legitimate,0,0.6632714105349267,0.5937406295634616
legitimate,0,0.8696374345855282,0.9125546765516196
legitimate,0,0.8533080736267744,0.8924020949544027
legitimate,0,0.9058152262385978,0.9883320499486529
legitimate,0,0.8547885587295501,0.8675109031421661
legitimate,0,0.893371633177325,0.8860414558040108
legitimate,0,0.8825032309299613,0.9177331137421642
legitimate,0,0.8656724863598447,0.8840650707402972
legitimate,0,0.905591326271226,0.9010557731095923
legitimate,0,0.8982009558056707,0.8844481565705867
legitimate,0,0.9295569530820255,0.9663561150669484
legitimate,0,0.885706903862503,0.9067453100591677
legitimate,0,0.8864481498276316,0.9745855479656236
legitimate,0,0.954051007838723,0.9857481150086267
legitimate,0,0.8605003463351035,0.8744100191267862
legitimate,0,0.5758742622015994,0.7308308827616206
legitimate,0,0.9258375881696939,0.973506591506476
legitimate,0,0.8516182355174594,0.9092318677139211
legitimate,0,0.90141373929024,0.9350718931460864
legitimate,0,0.7333633850197695,0.7518771362815696
legitimate,0,0.8843834787012405,0.8981967362009802
legitimate,0,0.8818802997539612,0.8674517325808343
legitimate,0,0.9309564522245714,0.9660171707536096
legitimate,0,0.8938073016079323,0.8761026986206375
legitimate,0,0.6153691940541953,0.6755430179041678
legitimate,0,0.9347941823402729,0.9942502921703269
legitimate,0,0.8782377154413719,0.8742444769036624
legitimate,0,0.9105261637920671,0.9493686345075202
legitimate,0,0.6142801225592346,0.6606615933668553
legitimate,0,0.8693591293067793,0.861085249380371
legitimate,0,0.8784250270909291,0.8751776120177686
legitimate,0,0.860047583650745,0.9565504490751031
legitimate,0,0.880477426867214,0.8643069565132301
legitimate,0,0.9111588039382534,0.9455347596226654
legitimate,0,0.8937145197226776,0.9290333507989641
legitimate,0,0.8882438764640566,0.9454779945402603
legitimate,0,0.8622359400891841,0.8517077121187014
legitimate,0,0.8546018367218078,0.870819994543759
legitimate,0,0.9083518596557848,0.9912779422373228
legitimate,0,0.8773494844454777,0.8718324070684842
legitimate,0,0.9260484278459937,0.9588307152349861
legitimate,0,0.907839958183097,0.9234436475410074
legitimate,0,0.8926255018969806,0.852171518666973
legitimate,0,0.9136765060641706,0.9375621629539476
legitimate,0,0.9219991073859141,0.9192921994392399
legitimate,0,0.8754828415052374,0.9306888118157188
legitimate,0,0.8325447720648601,0.8847149634610313
legitimate,0,0.9161568223725775,0.9538971979520237
legitimate,0,0.906140892206615,0.8762901756177044
legitimate,0,0.8831804320626644,0.8686770257285792
legitimate,0,0.8786261685043864,0.8563980176224834
legitimate,0,0.9097255826276862,0.9807162671616512
legitimate,0,0.9090863672718617,0.9866416624012938
legitimate,0,0.8825683591626379,0.8517315595168368
legitimate,0,0.8673705761217363,0.9262692352732145
legitimate,0,0.8981933331689071,0.9334442556059093
legitimate,0,0.6469013242896101,0.6762268280721251
legitimate,0,0.8766857569600973,0.9175377764409166
legitimate,0,0.6915898361728221,0.8453601194482044
legitimate,0,0.9298212593889186,0.9206729930426046
legitimate,0,0.9380419013067636,0.968366292780177
legitimate,0,0.9081368956924823,0.9538607526328233
legitimate,0,0.8879453039099656,0.95900736036841
legitimate,0,0.8972374189418502,0.9298656157880292
legitimate,0,0.8944988126619356,0.9916876004523311
legitimate,0,0.8987607763712259,0.9378460905564732
legitimate,0,0.9127690997003118,0.9568202777108255
legitimate,0,0.8729325225067943,0.9473255157114451
legitimate,0,0.8579787983962676,0.8597553948414627
legitimate,0,0.884964356644298,0.9030704200477498
legitimate,0,0.8952103950855952,0.9317551253322933
legitimate,0,0.891002566127979,0.8871405655130025
legitimate,0,0.865835703745835,0.9427674260681593
legitimate,0,0.9137692415921873,0.9697627886466583
legitimate,0,0.8454455235861992,0.8528485063894731
legitimate,0,0.9035286145541578,0.9764604875490618
legitimate,0,0.611646049401368,0.648020101600088
legitimate,0,0.8929076392562146,0.9662897106010548
legitimate,0,0.8532562977971231,0.9053382479479661
legitimate,0,0.8585421896902611,0.9431986821787639
legitimate,0,0.8553364736140396,0.9070095222708282
legitimate,0,0.9058050365319749,0.9628327867969481
legitimate,0,0.9081052099372366,0.9773207246482017
legitimate,0,0.9319898237159848,0.9397174377176484
legitimate,0,0.8864423275768394,0.919400916280303
legitimate,0,0.8941235742495076,0.9305098873735068
legitimate,0,0.8576988109505309,0.8924403254415332
legitimate,0,0.8893656444525515,0.8965331587579873
legitimate,0,0.6890308762556208,0.8428923883670222
legitimate,0,0.923505602190904,0.9875352658676185
legitimate,0,0.9200534537694146,0.9011189083956644
legitimate,0,0.7443346633847849,0.8467412161819272
legitimate,0,0.8919108749081928,0.8611329451125178
legitimate,0,0.877531237777491,0.8568690483915085
legitimate,0,0.9022987748385128,0.8793972569041952
legitimate,0,0.9188773147056413,0.9944675450189473
legitimate,0,0.9176066581575807,0.9125620055350605
legitimate,0,0.8620953738608286,0.963310985398274
legitimate,0,0.8948814121803073,0.8943901483682885
legitimate,0,0.9156523852980589,0.9039138581776971
legitimate,0,0.9157601132183355,0.9237218217623531
legitimate,0,0.8766328688618863,0.8737692913567809
legitimate,0,0.9004131695662085,0.9081568729683202
legitimate,0,0.54973925569415,0.5709839573241828
legitimate,0,0.6324758281787102,0.7312463110227989
legitimate,0,0.8675436009432093,0.8840765287439862
legitimate,0,0.8791212643140488,0.9175046871743839
legitimate,0,0.8791156084166306,0.8867223932935665
legitimate,0,0.8770797452946136,0.9172108376779872
legitimate,0,0.8808665607796312,0.9550789830499276
legitimate,0,0.917100802266975,0.9539905065908545
legitimate,0,0.8808421171830887,0.9204489235821814
legitimate,0,0.84759081303327,0.9053408109402069
legitimate,0,0.8722157162342464,0.9842468969150451
legitimate,0,0.8347188845272604,0.9135572325287752
legitimate,0,0.8918886120321033,0.9118268853874737
legitimate,0,0.9242430503646513,0.9107830582097974
legitimate,0,0.8442742746197904,0.9004174186823914
legitimate,0,0.8689504791159778,0.8902892965754747
legitimate,0,0.6786854589306528,0.791439067490411
legitimate,0,0.9047893533211063,0.9330805010460975
legitimate,0,0.8738503555654812,0.890328060519775
legitimate,0,0.688852811884517,0.6262709036276901
legitimate,0,0.8620707824002738,0.9112281414030586
legitimate,0,0.9153509803745961,0.9748833564392776
legitimate,0,0.8587867404467818,0.8988777551528516
legitimate,0,0.9111995120503573,0.8616350873349456
legitimate,0,0.5656218877279201,0.6117474545038346
legitimate,0,0.8901428905926172,0.8895410178457712
legitimate,0,0.9235416885732741,0.8625137932385625
legitimate,0,0.6037499318155762,0.6803509955447835
legitimate,0,0.8584299068041511,0.856100277414721
legitimate,0,0.9513910390547471,0.9788115713611285
legitimate,0,0.8769689444561838,0.9279948583820887
legitimate,0,0.8840594199913542,0.890782893909833
legitimate,0,0.9223157626603676,0.933589988297937
legitimate,0,0.697317002784434,0.7233666096272725
legitimate,0,0.6070792720143755,0.7730157590573221
legitimate,0,0.9270803032596355,0.9907285189210522
legitimate,0,0.8627085670250059,0.8557613930718688
legitimate,0,0.8937095315387212,0.9004712142050486
legitimate,0,0.8638565655062487,0.8903624411775298
legitimate,0,0.93486276144361,0.9587511160894442
legitimate,0,0.8910080706763994,0.9334170584625318
legitimate,0,0.9160220050760746,0.9255922971028501
legitimate,0,0.9471511147631421,0.9937537553352014
legitimate,0,0.9040506717050429,0.9760509137023182
legitimate,0,0.7038134575792588,0.7455129974333732
legitimate,0,0.8652613066867665,0.8507677408204622
legitimate,0,0.8934222135544024,0.8651377080977128
legitimate,0,0.8956077349517501,0.9275392608861582
legitimate,0,0.6345887791755754,0.6168967655774262
legitimate,0,0.9082451619395318,0.8633504735296458
legitimate,0,0.8514265236385321,0.8604654493795637
legitimate,0,0.9005435999672897,0.9696478496100454
legitimate,0,0.8896527380385846,0.992142736324924
legitimate,0,0.5883967404308112,0.6471907254965155
legitimate,0,0.9233869251311364,0.9570004978556862
legitimate,0,0.9084089133840166,0.9346912466298096
legitimate,0,0.8522750663873353,0.8508937673983163
legitimate,0,0.8967226515742018,0.8805431523858905
legitimate,0,0.8929378448564496,0.891384591281683
legitimate,0,0.9337688228038579,0.9386364890006252
legitimate,0,0.8822466607301844,0.9586961269616566
legitimate,0,0.9335336759984125,0.9716884236773554
legitimate,0,0.9000239584917269,0.8934475632516314
legitimate,0,0.8969389689740348,0.8887141614970452
legitimate,0,0.9075828292981732,0.8918404224482512
legitimate,0,0.9171877063242498,0.8785706436697311
legitimate,0,0.8975011435809623,0.9912085563140863
legitimate,0,0.8589614542855624,0.9436021538759689
legitimate,0,0.9420528765821758,0.9246627948153445
legitimate,0,0.9413118378239871,0.9826535477608032
legitimate,0,0.8828064958128684,0.9186319266570286
legitimate,0,0.9022160361413929,0.8593676469179138
legitimate,0,0.8893763879430814,0.9578272779701275
legitimate,0,0.8645488022582531,0.9609837568642838
legitimate,0,0.9148641909963936,0.8958779904214589
legitimate,0,0.9577847214648636,0.9789638720693177
legitimate,0,0.9203401878131982,0.9857971798783676
legitimate,0,0.9301826617815325,0.9501333438424693
legitimate,0,0.8593725703775238,0.8887122062140775
legitimate,0,0.8930054314989461,0.8559110430919659
legitimate,0,0.8738647959354671,0.9835609031535987
legitimate,0,0.8718099527951265,0.9004787803519304
legitimate,0,0.9084505494750851,0.8880347321758927
legitimate,0,0.9346953618634641,0.9860821647847536
legitimate,0,0.8581885417199948,0.9030841636262842
legitimate,0,0.8945928012918931,0.8886292840908001
legitimate,0,0.891420348883551,0.9252077918163792
legitimate,0,0.8951658169732045,0.9925101478653622
legitimate,0,0.8918025938513177,0.9576766367537328
legitimate,0,0.8673136232065399,0.9442778200949312
legitimate,0,0.970504314853243,0.9713003107424326
legitimate,0,0.6808094558668542,0.594556440783643
legitimate,0,0.9167259971015222,0.9566249282648853
legitimate,0,0.6671451341315642,0.6870353849466722
legitimate,0,0.9052606409686359,0.9222745773179496
legitimate,0,0.9040723953720143,0.9901645531325024
legitimate,0,0.8995265720312247,0.9738011379285527
legitimate,0,0.8699096041369269,0.8584477805822746
legitimate,0,0.9447640823925232,0.962041992672624
legitimate,0,0.9140425963918388,0.9060551629460161
legitimate,0,0.9295271338638675,0.9302302413694125
legitimate,0,0.5741404834414215,0.5946672665214454
legitimate,0,0.951240698827472,0.9756343737777936
legitimate,0,0.8747128431840235,0.9181984566125104
legitimate,0,0.8502929426082344,0.924105978899767
legitimate,0,0.8870614124205408,0.9176169362910953
legitimate,0,0.8787395887635664,0.8580271791278169
legitimate,0,0.8956364885622236,0.9226145409282979
legitimate,0,0.8808733800803566,0.934329094615175
legitimate,0,0.8563244826395744,0.9125726819194604
legitimate,0,0.9610779887561482,0.9815408674356713
legitimate,0,0.8463100281706515,0.8865147338119886
legitimate,0,0.8516203517845652,0.8505517862037463
legitimate,0,0.8979112057139372,0.9285523779212925
legitimate,0,0.891644282955975,0.9246197899621731
legitimate,0,0.9388965483398851,0.9709212569229633
legitimate,0,0.8601299741880213,0.860840593587791
legitimate,0,0.6269062505912156,0.6725237075788241
legitimate,0,0.9170460171957104,0.9266157709035638
legitimate,0,0.8868948367224361,0.8655197443007389
legitimate,0,0.90694000580434,0.9811613743952449
legitimate,0,0.8624241980193263,0.9060620071312561
legitimate,0,0.5800252147971134,0.7193941955607492
legitimate,0,0.9384225293217412,0.980263559976454
legitimate,0,0.848112900558556,0.875263529024526
legitimate,0,0.8873065214746969,0.9737186229836025
legitimate,0,0.9097352043300859,0.9502615661444056
legitimate,0,0.8700865439975279,0.9311562179161949
legitimate,0,0.9066937230895686,0.9506347882187789
legitimate,0,0.9248077068482147,0.9780951820512964
legitimate,0,0.8254541742404987,0.8715064988562867
legitimate,0,0.847632243679276,0.9049686171473311
legitimate,0,0.9074474512579084,0.9560132603445972
legitimate,0,0.8963050038496055,0.9508463724976107
legitimate,0,0.920504251954417,0.8814431394607142
legitimate,0,0.8599212901296593,0.9739483765918725
legitimate,0,0.877222794719877,0.8893556122905674
legitimate,0,0.9360542038855985,0.9019066203722884
legitimate,0,0.900407105058441,0.9824115037916701
legitimate,0,0.8984760705569299,0.9862880881520885
legitimate,0,0.89721129034018,0.9882108441456371
legitimate,0,0.9211827322612692,0.9235700638973189
legitimate,0,0.8564263408693088,0.8760901553482234
legitimate,0,0.6188268654643393,0.7645648805224086
legitimate,0,0.8875956032612563,0.9553436937435265
legitimate,0,0.5923095235801519,0.7593702382228096
legitimate,0,0.869555273131655,0.9393884604229256
legitimate,0,0.9054063579030762,0.9557633823517381
legitimate,0,0.9334159762290142,0.9520684730407165
legitimate,0,0.8906482291683638,0.8876707967525747
legitimate,0,0.8994525804632254,0.8654511213643278
legitimate,0,0.9219338718861241,0.9912323893261334
legitimate,0,0.8580962745918386,0.9875975835518678
legitimate,0,0.8731309753351687,0.8550262311274166
legitimate,0,0.9108059188421065,0.9496819538993089
legitimate,0,0.868655566174791,0.8961734973527292
legitimate,0,0.6544330273038123,0.8002641247076734
legitimate,0,0.906044952379967,0.8854478814104556
legitimate,0,0.8733877577028055,0.9363839595457906
legitimate,0,0.8869000128240053,0.9068503241864044
legitimate,0,0.8880275454594733,0.8987108055899065
legitimate,0,0.8882056021758006,0.8523782210206877
legitimate,0,0.8565421169676773,0.8571793928466777
legitimate,0,0.9429629697231707,0.9589714842767388
legitimate,0,0.8990504111069918,0.9456001290545778
legitimate,0,0.5677762029987181,0.6357682085796112
legitimate,0,0.8877823460094616,0.903823016344815
legitimate,0,0.9086708264131427,0.8885098902886106
legitimate,0,0.894011182186458,0.8527671043025453
legitimate,0,0.867367957293973,0.894056156423364
legitimate,0,0.9075939684614893,0.9057355296182322
legitimate,0,0.9595993653417864,0.9683345771703501
legitimate,0,0.8619793521581554,0.8576695418212816
legitimate,0,0.8896064104653034,0.9488316186059109
legitimate,0,0.8755581860377463,0.9630981768049467
legitimate,0,0.6725984922052616,0.797928331846055
legitimate,0,0.9244325735851675,0.9777090764856672
legitimate,0,0.9199677041121384,0.9270169982253724
legitimate,0,0.8901814257548665,0.9154781096814597
legitimate,0,0.8653813522455603,0.8947342200714716
legitimate,0,0.8842014954559706,0.9588466270328696
legitimate,0,0.6482709293629944,0.7510600350875387
legitimate,0,0.8489908852478742,0.8770458660520697
legitimate,0,0.8927935638442033,0.9306774491570249
legitimate,0,0.9016258564307755,0.9191114005134633
legitimate,0,0.8716718501806889,0.8712438502433495
legitimate,0,0.8992954793626939,0.9011760323909845
legitimate,0,0.9124330178832976,0.9834281565970041
legitimate,0,0.5354409035737236,0.5626880440355477
legitimate,0,0.8855801868756015,0.9551290816019484
legitimate,0,0.8777739444037558,0.8599290462236912
legitimate,0,0.905931414757289,0.8867614235517363
legitimate,0,0.8875234453139496,0.9158026441955684
legitimate,0,0.9222244946676654,0.947492822547482
legitimate,0,0.8955610787711892,0.961307629353336
legitimate,0,0.5778522296828357,0.6370331507908821
legitimate,0,0.8462651444289991,0.9117773346675955
legitimate,0,0.7099419554513118,0.6920486888788494
legitimate,0,0.8966945408684213,0.9675137956746339
legitimate,0,0.8781900452082054,0.9346650855643116
legitimate,0,0.5207741203504931,0.596569612122007
legitimate,0,0.8444573366196385,0.8730635680885329
legitimate,0,0.9026480614718772,0.921055560382251
legitimate,0,0.8663926033680333,0.9381403256460483
legitimate,0,0.8893258131304199,0.9492063139090944
legitimate,0,0.6567815736317882,0.6406627502082756
legitimate,0,0.8426491782583455,0.8550692090363156
legitimate,0,0.9098680932901467,0.9739274251643129
legitimate,0,0.6531142624141274,0.6634559307803718
legitimate,0,0.9196270238272714,0.9029214392306502
legitimate,0,0.898958172846325,0.9697737332817294
legitimate,0,0.8986443313547495,0.9657607054755505
legitimate,0,0.8910902066806439,0.9305088848814139
legitimate,0,0.8716849873509324,0.8815551968816369
legitimate,0,0.8919692996709132,0.9506010118507371
legitimate,0,0.8848973227428991,0.9042919894394754
legitimate,0,0.8988041461829128,0.8871318440604878
legitimate,0,0.9035925218799681,0.8723647207117213
legitimate,0,0.8828253355517363,0.9507893203889851
legitimate,0,0.8870078408391384,0.9612676774016934
legitimate,0,0.87055822683952,0.85689267153085
legitimate,0,0.921682414801287,0.8870268024318327
legitimate,0,0.9293899688628061,0.9766859394555398
legitimate,0,0.8646785872504323,0.9291583874255404
legitimate,0,0.8988787889600164,0.9038123819208183
legitimate,0,0.8875688281034341,0.9326244872404448
legitimate,0,0.8643273163951304,0.8682101548663193
legitimate,0,0.8811020422845303,0.9477322657410052
legitimate,0,0.9206797183144007,0.9345151799251818
legitimate,0,0.904693099354917,0.853011022724786
legitimate,0,0.8806556573640635,0.878452302674646
legitimate,0,0.9020886991558236,0.8805223863540582
legitimate,0,0.9219781442552694,0.934855927787228
legitimate,0,0.8608823568098413,0.9625468114450675
legitimate,0,0.8875396827396814,0.9659491154053753
legitimate,0,0.8684339818221865,0.9021592533986624
legitimate,0,0.9222444226424822,0.956783936174826
legitimate,0,0.8908640592161228,0.9695003900421632
legitimate,0,0.9019488509755424,0.9746097988476078
legitimate,0,0.8832285206211729,0.9743383563441851
legitimate,0,0.5492690548114046,0.6057880943250892
legitimate,0,0.9119580008398817,0.9700611041728195
legitimate,0,0.9227975121592089,0.9809095474219222
legitimate,0,0.9045126759141511,0.9937890007136502
legitimate,0,0.8952367974777339,0.876638592417229
legitimate,0,0.9045656343529092,0.919929682405582
legitimate,0,0.9392019185918545,0.9615953496622847
legitimate,0,0.890746809240887,0.9365053316621611
legitimate,0,0.8990233968126072,0.9429610339473684
legitimate,0,0.9262432828917755,0.9358715349239197
legitimate,0,0.9148879147391524,0.928243088328681
legitimate,0,0.8641822509271347,0.9094190773746669
legitimate,0,0.5619605336485126,0.7341166967407651
legitimate,0,0.8758792748315373,0.8905553341110529
legitimate,0,0.6909320655082619,0.7392970690512599
legitimate,0,0.8867629629587143,0.9192255780023009
legitimate,0,0.8738174094873282,0.8905939221869505
legitimate,0,0.9176670235317611,0.9947119950358642
legitimate,0,0.8655013617021211,0.8592899524152937
legitimate,0,0.8553457186024409,0.857176668926468
legitimate,0,0.867889274342522,0.8635184058372175
legitimate,0,0.9172516660032132,0.9821928122922977
legitimate,0,0.8779169982854933,0.8926736391190045
legitimate,0,0.8683090256811533,0.9260612444883607
legitimate,0,0.8963958906649035,0.9081202194583461
legitimate,0,0.8859164884891925,0.9633210532666098
legitimate,0,0.9198156262253518,0.9844482560060167
legitimate,0,0.9385916527476714,0.9703534868674761
legitimate,0,0.8980854792668613,0.9725211844615618
legitimate,0,0.9212706167891713,0.9349054005889489
legitimate,0,0.8874270223732756,0.9560402942080111
legitimate,0,0.8556889794616105,0.8983274234123588
legitimate,0,0.9151349595381891,0.9685242120494996
legitimate,0,0.863537553222671,0.9326455334248288
legitimate,0,0.9064728492792001,0.9734933188387329
legitimate,0,0.8846114056146607,0.8861421873167292
legitimate,0,0.9109724881242591,0.9492772920289632
legitimate,0,0.9257540845362823,0.9445369436554019
legitimate,0,0.949313230601119,0.9778464149587776
legitimate,0,0.8755744476914205,0.856664877231342
legitimate,0,0.8811787032830822,0.8719370896870346
legitimate,0,0.8713477273366551,0.8540116497029387
legitimate,0,0.9081519962984251,0.965792371101922
legitimate,0,0.8874960471593742,0.917022672311677
legitimate,0,0.9270123522212639,0.9730918904701013
legitimate,0,0.9185192583234858,0.8518622107925272
legitimate,0,0.8927450277443716,0.9283035696880921
legitimate,0,0.9201744913399746,0.9936140474449122
legitimate,0,0.5930533661926053,0.5554938901141055
legitimate,0,0.8409673682679567,0.9414921786909909
legitimate,0,0.946757507885097,0.9744782385197004
legitimate,0,0.8929886113075057,0.9521009088069378
legitimate,0,0.9072318566784114,0.9089988953652792
legitimate,0,0.6751184169163734,0.7542648447367859
legitimate,0,0.8471274881997007,0.911914680436334
legitimate,0,0.8728730961334167,0.9510073085549975
legitimate,0,0.894124447296603,0.9493675471860205
legitimate,0,0.9381631171301336,0.9766754206761069
legitimate,0,0.8951795176097603,0.9811009115287367
legitimate,0,0.8504431521478746,0.888163218026543
legitimate,0,0.9313833886409887,0.9496653526021009
legitimate,0,0.8642564018716997,0.9875752084208126
legitimate,0,0.8745923681383392,0.9250594747974379
legitimate,0,0.9178653398632026,0.8820355197211363
legitimate,0,0.9104616219592171,0.8523702715194547
legitimate,0,0.9390907108310479,0.971623243252442
legitimate,0,0.886406924667071,0.9575371222192971
legitimate,0,0.6596854013059144,0.7136549318651993
legitimate,0,0.8957290005149965,0.9086484026251346
legitimate,0,0.6103378952356385,0.7252285048060959
legitimate,0,0.9121349394033328,0.9382274563777779
legitimate,0,0.911953821697961,0.982824490245935
legitimate,0,0.8607435925866497,0.9201787905755615
legitimate,0,0.8658838168843666,0.9634268072352947
legitimate,0,0.8427160957356736,0.9457892959570796
legitimate,0,0.8941912589904502,0.963977948482439
legitimate,0,0.8725667959005734,0.8686826130810636
legitimate,0,0.8960034233674332,0.8548649375956221
legitimate,0,0.9025167400806577,0.9898194985735531
legitimate,0,0.8702781064188677,0.8799254659997265
legitimate,0,0.93322048828673,0.9060441399473322
legitimate,0,0.8993425018810466,0.9189807555925534
legitimate,0,0.9064787681646146,0.9277202031421019
legitimate,0,0.9256409939432616,0.9428083362027775
legitimate,0,0.8653705056499943,0.9769059336292834
legitimate,0,0.8564465058136338,0.9335718115970284
legitimate,0,0.9192857257109417,0.9466453900626567
legitimate,0,0.8963052443243489,0.9175819132891364
legitimate,0,0.9086998075130852,0.9722907035734311
legitimate,0,0.9352786883072077,0.9613474821788197
legitimate,0,0.8494942371128819,0.8755953730137889
legitimate,0,0.8827600147643067,0.8981940792436771
legitimate,0,0.9037776929390929,0.8941695782857402
legitimate,0,0.845474782469941,0.8985958700424541
legitimate,0,0.8869099144029668,0.9209946478659384
legitimate,0,0.9219313390027815,0.9248697824590438
legitimate,0,0.8604664134582671,0.8932247848868684
legitimate,0,0.9336293225923133,0.9540391384631677
legitimate,0,0.838163073489824,0.8582045362620305
legitimate,0,0.8788063496297853,0.8862904038600361
legitimate,0,0.868762248397137,0.897576458474629
legitimate,0,0.9041163250488871,0.9247689214214211
legitimate,0,0.5540258374508755,0.6527404279395802
legitimate,0,0.8972028581609582,0.9007245154007634
legitimate,0,0.9086246638110813,0.9258311522547416
legitimate,0,0.8911022914560233,0.877355332015293
legitimate,0,0.9107733005403387,0.978619036764943
legitimate,0,0.8847946994650424,0.9012900848054554
legitimate,0,0.5829333625309139,0.6121197482734682
legitimate,0,0.924736295280266,0.8848741105875506
legitimate,0,0.895107600529134,0.9127671900593952
legitimate,0,0.880450745416599,0.8852685071464442
legitimate,0,0.8834783620287155,0.8832482593263852
legitimate,0,0.8987571540800005,0.9057836089480229
legitimate,0,0.9075845200680805,0.8784908733135266
legitimate,0,0.9491517775841527,0.9454529212116669
legitimate,0,0.8325857047992374,0.9112415646269583
legitimate,0,0.8957823487298285,0.8891086756610546
legitimate,0,0.8885641131085729,0.967957139558553
legitimate,0,0.8932138613917717,0.953630795877849
legitimate,0,0.6474413671801333,0.8177580122835113
legitimate,0,0.9158898244257828,0.9051750082617005
legitimate,0,0.5772240709566194,0.8281470423563732
legitimate,0,0.8475903279222157,0.8518594901407008
legitimate,0,0.8796546307927289,0.9823975362452304
legitimate,0,0.9172179632873549,0.9681195133317313
legitimate,0,0.9050158004736453,0.9313168007225063
legitimate,0,0.9392542738327994,0.9465422312587201
legitimate,0,0.8863818292317881,0.9217186658307083
legitimate,0,0.9069041339722769,0.9156411750458329
legitimate,0,0.8891335736641858,0.9853548589736971
legitimate,0,0.8864637838298516,0.9810262104855831
legitimate,0,0.8457701153908973,0.859158417860402
legitimate,0,0.8897803398084669,0.9286404256329097
legitimate,0,0.8739575206564067,0.8851559097994164
legitimate,0,0.8823808036280736,0.9463487242192846
legitimate,0,0.9217486288102975,0.9527167370106446
legitimate,0,0.888457738877854,0.9250936166096655
legitimate,0,0.9032080898947696,0.8860012953043026
legitimate,0,0.9622354330175443,0.9910414750468811
legitimate,0,0.89688790179065,0.9728985853816505
legitimate,0,0.9392020712235165,0.96666655564913
legitimate,0,0.8634244115237438,0.984240279734017
legitimate,0,0.8316676688093946,0.8994076889847902
legitimate,0,0.8914723587832758,0.895857098730108
legitimate,0,0.9007025177125767,0.9669690886860025
legitimate,0,0.9253371229780845,0.9935470657732811
legitimate,0,0.8758363780125914,0.9793997345965768
legitimate,0,0.8484825567485732,0.9125213661601065
legitimate,0,0.8925508997695194,0.9875931895550718
legitimate,0,0.8811263333097377,0.9364503119292479
legitimate,0,0.924980452981212,0.8860353482731012
legitimate,0,0.9199084940945204,0.9074705248758461
legitimate,0,0.9123589901507752,0.9297693494929035
legitimate,0,0.8976511425713455,0.8772596127860404
legitimate,0,0.8571552393679883,0.8865257183856255
legitimate,0,0.8934275244883465,0.9039188183815166
legitimate,0,0.9114616087344783,0.933103797741666
legitimate,0,0.9006996337634628,0.9860732145426923
legitimate,0,0.9202428993706158,0.991464837584533
legitimate,0,0.9044530100519208,0.9520186897056262
legitimate,0,0.8732235230357921,0.9653764815651843
legitimate,0,0.9008234019572017,0.9216022189221346
legitimate,0,0.877937816330247,0.9256120763319524
legitimate,0,0.899226873663623,0.920767829559403
legitimate,0,0.9086573799993318,0.9698816245991715
legitimate,0,0.9224637909294483,0.9320517088927021
legitimate,0,0.9250089305288984,0.9670973024641497
legitimate,0,0.9410654397131865,0.9354824433251678
legitimate,0,0.8838944061302243,0.876966426938554
legitimate,0,0.8675849073484418,0.8865566873146709
legitimate,0,0.8802475372479674,0.9206121614496569
legitimate,0,0.8755769697800044,0.9272212350877567
legitimate,0,0.8917734897987213,0.8862372134887444
legitimate,0,0.9177185171370199,0.9400631393101999
legitimate,0,0.8685652848020579,0.8774196538785332
legitimate,0,0.8824609444028078,0.9209772130339364
legitimate,0,0.8718256548490237,0.9177593270002911
legitimate,0,0.8683060796043793,0.9078729812128313
legitimate,0,0.8949206278337103,0.9485917938662902
legitimate,0,0.8755733765034999,0.9609986869819231
legitimate,0,0.8614288667562481,0.8729169580813392
legitimate,0,0.8789049678029714,0.9776047716211722
legitimate,0,0.8697657179880196,0.8664821393054387
legitimate,0,0.8753882928267959,0.8898296471018255
legitimate,0,0.9055097899050564,0.9788088437407091
legitimate,0,0.7023021336357277,0.7057023701784427
legitimate,0,0.8420411085886772,0.8533775582027046
legitimate,0,0.8897487019342564,0.8960799323705679
legitimate,0,0.903081736087811,0.8607730626064782
legitimate,0,0.8831666056444647,0.9189303715421223
legitimate,0,0.6553056723715274,0.7921956318339733
legitimate,0,0.8765274375197312,0.8730008022638429
legitimate,0,0.873692957297526,0.8533565767932468
legitimate,0,0.8982961761644838,0.8789615403799962
legitimate,0,0.8910160076689939,0.9135269938134936
legitimate,0,0.8908538190386796,0.8872902388339782
legitimate,0,0.6258520354758671,0.660628746339319
legitimate,0,0.9107033292730958,0.9576360681178395
legitimate,0,0.8774721553130268,0.8882302418584235
legitimate,0,0.8582964090037509,0.9424585931945095
legitimate,0,0.6026492839066467,0.7411312498540811
legitimate,0,0.8633550379387147,0.9249926983459008
legitimate,0,0.9298301186512549,0.9782563944310362
legitimate,0,0.8998364748598499,0.9871885691490808
legitimate,0,0.8768335830318558,0.8789707056227876
legitimate,0,0.8775050789459611,0.9128384553875257
legitimate,0,0.8868654144435324,0.8613431502132282
legitimate,0,0.8884735268583456,0.9341402082361427
legitimate,0,0.8740627312541858,0.9467060232263772
legitimate,0,0.8695536639723755,0.8850045312164906
legitimate,0,0.8912135534710164,0.9611870768550493
legitimate,0,0.9067185695698423,0.878520268939467
legitimate,0,0.932153969811799,0.9539275799366873
legitimate,0,0.8534679147727229,0.931876239094324
legitimate,0,0.8960552380779985,0.9726238401552135
legitimate,0,0.8503185227337748,0.868312366209818
legitimate,0,0.8925790411517296,0.9262991072134227
legitimate,0,0.8764979820182573,0.8739938270440881
legitimate,0,0.8692281561001916,0.8805295526182005
legitimate,0,0.8656667656178837,0.8742432052789013
legitimate,0,0.8737326103471211,0.9292975317611747
legitimate,0,0.9419167927244537,0.8746815467993093
legitimate,0,0.8820512403454082,0.8603366974971726
legitimate,0,0.6837779476738582,0.7266932253267894
legitimate,0,0.9345089621446183,0.8503250548907219
legitimate,0,0.9302814081165172,0.9538995441743561
legitimate,0,0.8788604620702017,0.9144405716435664
legitimate,0,0.8928587925565089,0.9592245099656104
legitimate,0,0.8755772277082897,0.8757527470623472
legitimate,0,0.5974829457439449,0.553794563543195
legitimate,0,0.8627813127766711,0.9352657456234057
legitimate,0,0.8920340685781207,0.8989006341590899
legitimate,0,0.9335713963597978,0.9589892707340915
legitimate,0,0.8641409040601776,0.9757925024925669
legitimate,0,0.8938041881558996,0.9333548991167004
legitimate,0,0.679985644792592,0.8258782535905183
legitimate,0,0.904988355646736,0.9313732376960244
legitimate,0,0.8711692732986714,0.9076471280701389
legitimate,0,0.8793880362709551,0.9294296467283946
legitimate,0,0.8877610670581326,0.8657804678807179
legitimate,0,0.8685859168330696,0.8880054131688621
legitimate,0,0.8912202929623039,0.8826567488459536
legitimate,0,0.5692746696474584,0.7387426445210655
legitimate,0,0.9355899814590947,0.9331954551172852
legitimate,0,0.8645521926178281,0.8605226001856995
legitimate,0,0.8751532905757435,0.9209385273107136
legitimate,0,0.9187868329441921,0.9762112413931259
legitimate,0,0.8773761508091495,0.90007983665123
legitimate,0,0.8797858424166825,0.8941373429483165
legitimate,0,0.8835536126550698,0.9066615928104667
legitimate,0,0.8933130302685836,0.8870356016737319
legitimate,0,0.886388582105253,0.8546376002733639
legitimate,0,0.9187405123497673,0.9106104071176209
legitimate,0,0.909058605616717,0.9599762909506725
legitimate,0,0.5696399354786827,0.623576457127709
legitimate,0,0.8480894676147959,0.8651741168231635
legitimate,0,0.8899203262327696,0.8642016543855164
legitimate,0,0.8980802401607104,0.8735693968206836
legitimate,0,0.9158294071926727,0.933585952832163
legitimate,0,0.9249267062905034,0.8910070304407989
legitimate,0,0.8680989152944965,0.9921372638464898
legitimate,0,0.9010982020658931,0.9557361113236759
legitimate,0,0.9134534418157292,0.9432241462429912
legitimate,0,0.9036784715409174,0.9496947970637809
legitimate,0,0.9437133677009735,0.9355025798785056
legitimate,0,0.8851523830595528,0.8649842023522051
legitimate,0,0.6179847765382543,0.5789439412790107
legitimate,0,0.6042016548016006,0.7942681221951415
legitimate,0,0.9324400356826176,0.9111020884409301
legitimate,0,0.9162877969875216,0.982088029763149
legitimate,0,0.8651859829272238,0.8646450341661313
legitimate,0,0.8695277748069989,0.8788403155172162
legitimate,0,0.605498107292884,0.6541881503915328
legitimate,0,0.868708664843921,0.8979774720874575
legitimate,0,0.8940500758066874,0.8701657162978903
legitimate,0,0.8818894378931175,0.9026646157352921
legitimate,0,0.8926449631664464,0.9283925268483
legitimate,0,0.9181597789632199,0.8965543043555418
legitimate,0,0.9226017534395946,0.9679534638385681
legitimate,0,0.9209107001792776,0.9443038074810188
legitimate,0,0.891238018303457,0.9370569927900924
legitimate,0,0.9108458077685188,0.9773311578684069
legitimate,0,0.9013566188433552,0.9034606718514274
legitimate,0,0.9262496149596563,0.8950131605135477
legitimate,0,0.9005520639223471,0.945610194234313
legitimate,0,0.9319754742120906,0.9864961358727276
legitimate,0,0.9179282616310506,0.8828591707168796
legitimate,0,0.9080674886124089,0.8951745136905346
legitimate,0,0.8810132310505508,0.8661524467039236
legitimate,0,0.9372422267625576,0.969522282089159
legitimate,0,0.9067438690621262,0.8949945586746756
legitimate,0,0.8941871317651497,0.9505602722760499
legitimate,0,0.8662453786111762,0.8929941374906083
legitimate,0,0.8989433043480238,0.9338748554638105
legitimate,0,0.8938992723613259,0.9234441978838095
legitimate,0,0.9308480278370023,0.9858590314364313
legitimate,0,0.8872812898334721,0.8575887735723516
legitimate,0,0.8696683383371829,0.8897078254265971
legitimate,0,0.9189359118708404,0.992099046876787
legitimate,0,0.899993835143151,0.9392922356986967
legitimate,0,0.8817838760179547,0.9152866903421173
legitimate,0,0.9031147760925341,0.9857353973390974
legitimate,0,0.8487551993792413,0.8530446149183168
legitimate,0,0.895724163435339,0.860565605617833
legitimate,0,0.8713277393330421,0.8537840616194804
legitimate,0,0.8893652373634233,0.8834630587005315
legitimate,0,0.8627784392684295,0.8951576204252426
legitimate,0,0.682309923839321,0.6846151190151016
legitimate,0,0.8970227846966571,0.8531766878372408
legitimate,0,0.7099825754449085,0.7685098234244286
legitimate,0,0.9240438884976085,0.9342403594785404
legitimate,0,0.8358846915632858,0.9032780412342586
legitimate,0,0.9207800224952566,0.9874266445423635
legitimate,0,0.6089638483107884,0.5582338690663348
legitimate,0,0.8544187003137036,0.8645164126548853
legitimate,0,0.8869369925914706,0.888312730718627
legitimate,0,0.9433299935638808,0.895375543715341
legitimate,0,0.8985205730424373,0.9153146505963811
legitimate,0,0.8716515530475458,0.8695685256334439
legitimate,0,0.9297359521195143,0.9915560636868819
legitimate,0,0.8949681982582702,0.9370982721611767
legitimate,0,0.7666722161167753,0.8032273421483311
legitimate,0,0.6196979094625117,0.7263372770410146
legitimate,0,0.8966899682314943,0.9841728690814244
legitimate,0,0.9004210073905903,0.862776137515341
legitimate,0,0.9001802249118291,0.9749438874520481
legitimate,0,0.5462721926501432,0.6216768105723381
legitimate,0,0.8292789739714542,0.8532262492532597
legitimate,0,0.9058115520004998,0.8980270862989141
legitimate,0,0.9345313401031696,0.9593470191461413
legitimate,0,0.8789426402470721,0.8954533188659017
legitimate,0,0.8711787673919996,0.9354695197304159
legitimate,0,0.8691631739416006,0.8606487625127366
legitimate,0,0.8539403606167665,0.8899186285466414
legitimate,0,0.847805745480756,0.9117097978345199
legitimate,0,0.9160608624615793,0.9503574161206391
legitimate,0,0.8891728546717652,0.9358501591794018
legitimate,0,0.9222599931516049,0.9798856941513007
legitimate,0,0.8778980434118079,0.8794941468388463
legitimate,0,0.8387237967887158,0.8886142011425379
legitimate,0,0.8713926975293116,0.9362338715471424
legitimate,0,0.9032815394750411,0.9934652768403704
legitimate,0,0.6235936746591619,0.707340025096787
legitimate,0,0.8843534396498437,0.8901273805711949
legitimate,0,0.890277374544079,0.8629040729545562
legitimate,0,0.8676568307090011,0.8870628141946612
legitimate,0,0.8743667512947274,0.8688642262911381
legitimate,0,0.8617493169005519,0.868775497190159
legitimate,0,0.8961985632807618,0.9414963367058939
legitimate,0,0.8825805790610309,0.984695058252441
legitimate,0,0.9138417799913751,0.9517427931862915
legitimate,0,0.9165480752332584,0.9375863638498758
legitimate,0,0.8667926189218154,0.8632046120669808
legitimate,0,0.9133165108279105,0.9428495086127391
legitimate,0,0.8959200304892351,0.967287177821919
legitimate,0,0.5495196549982659,0.5965109847495813
legitimate,0,0.8776280086080823,0.9156185898855836
legitimate,0,0.6407711028538641,0.7668664152400686
legitimate,0,0.9152618108707037,0.9321501791885073
legitimate,0,0.8865275864242627,0.9265569664351826
legitimate,0,0.881732995912814,0.8863976996267169
legitimate,0,0.8804212276935954,0.9828564487965155
legitimate,0,0.8864599290076381,0.9198725282235881
legitimate,0,0.8880145164004636,0.9275080031046902
legitimate,0,0.8674830044572704,0.8897647253469613
legitimate,0,0.9049144675755845,0.9050037339172154
legitimate,0,0.9188817535209536,0.9818116037717453
legitimate,0,0.9155872871180497,0.8888849175726531
legitimate,0,0.9084655743263882,0.9503898318041452
legitimate,0,0.9150563228490712,0.9283656050875511
legitimate,0,0.8637182755040892,0.8540489968420146
legitimate,0,0.9192174857374512,0.9493930784324696
legitimate,0,0.8986167805390548,0.9833185786396434
legitimate,0,0.8840733634749298,0.9120072260320837
legitimate,0,0.8620821233021572,0.9280159459198746
legitimate,0,0.8856032308331794,0.9710109176492405
legitimate,0,0.8820577979152606,0.9917131583304495
legitimate,0,0.8874118105043917,0.9225269374009433
legitimate,0,0.8891367444965969,0.9009959054382247
legitimate,0,0.8757821583917336,0.8575113984836712
legitimate,0,0.9196029329533111,0.9041192500230343
legitimate,0,0.9094488920001116,0.9181670787847557
legitimate,0,0.8621507672706397,0.8512807750454954
legitimate,0,0.8496579116437661,0.8750569546544988
legitimate,0,0.8726008070003094,0.9089663534876712
legitimate,0,0.9378495394763278,0.9361410242648494
legitimate,0,0.8794391630174208,0.9375039781101052
legitimate,0,0.8922131504087412,0.8754309845761478
legitimate,0,0.8788439113602784,0.9064376669963052
legitimate,0,0.8528725723899895,0.8717204941544489
legitimate,0,0.8568843683343066,0.8564442666421441
legitimate,0,0.5486350163254963,0.5577515119457013
legitimate,0,0.9069008140768264,0.976509175507152
legitimate,0,0.8993191117106372,0.9855585616610871
legitimate,0,0.8915717532141217,0.9686915211320063
legitimate,0,0.9105961441517533,0.9293151630490046
legitimate,0,0.8836512157072633,0.9314321868493989
legitimate,0,0.9290567436872228,0.9759850681389117
legitimate,0,0.8881360121921041,0.9197569862185336
legitimate,0,0.5701453552562742,0.8052141050745173
legitimate,0,0.9455909492317267,0.9562738169507545
legitimate,0,0.8882483756956608,0.889722947095421
legitimate,0,0.5881891562326357,0.6232293129726962
legitimate,0,0.8973941955065223,0.8743066682582231
legitimate,0,0.8968956339753551,0.897317754789273
legitimate,0,0.9048864799775364,0.9673397297802201
legitimate,0,0.9368594791313742,0.9515147704219857
legitimate,0,0.6762441139032305,0.8426442777792187
legitimate,0,0.8924240170072385,0.9822489662917042
legitimate,0,0.8244553509581972,0.867997730729244
legitimate,0,0.8981063707649446,0.8931041717211561
legitimate,0,0.8798981275720518,0.898260435179078
legitimate,0,0.8535168801287366,0.9217463098287428
legitimate,0,0.8702994459240083,0.8746951898730199
legitimate,0,0.8852092871938037,0.9119742385618986
legitimate,0,0.8720187548721064,0.8834686591060497
legitimate,0,0.9687421653675007,0.9865921688165811
legitimate,0,0.8632587293762933,0.877669771160053
legitimate,0,0.8421485713332593,0.852791717712777
legitimate,0,0.8583971583402982,0.8606614645051909
legitimate,0,0.9149558790519798,0.9246539252436256
legitimate,0,0.8968385311670967,0.9494687618531992
legitimate,0,0.9469823066886022,0.9884256044186258
legitimate,0,0.8772362036445315,0.9352079972084572
legitimate,0,0.9334495634967375,0.956101512860058
legitimate,0,0.6636360777174583,0.778302535256895
legitimate,0,0.8748367690193407,0.9817003216371087
legitimate,0,0.8864647969800159,0.8595558542727445
legitimate,0,0.9276112759830454,0.9923094566031291
legitimate,0,0.8825172499030148,0.8577789713943961
legitimate,0,0.8498383145004561,0.9141850033049002
legitimate,0,0.8655138188314212,0.8513499164962794
legitimate,0,0.8496517525533195,0.8781124431687334
legitimate,0,0.6629379070377293,0.8344196985440367
legitimate,0,0.6805482681417546,0.802863150189873
legitimate,0,0.8269678425705838,0.8664009011536828
legitimate,0,0.8921764023284041,0.9467198371864277
legitimate,0,0.884298168250397,0.9008238875184899
legitimate,0,0.8786607986784455,0.9245848620449121
legitimate,0,0.8993104167103838,0.8807358124631932
legitimate,0,0.9138469794765828,0.9620333124821583
legitimate,0,0.8663728625771877,0.8970457693446291
legitimate,0,0.9112553951799934,0.8624125660987404
legitimate,0,0.9198822308522872,0.9569889398753846
legitimate,0,0.9021745096753113,0.9689681763103544
legitimate,0,0.8762115058346451,0.8521560248993876
legitimate,0,0.8894791055747459,0.8732110845964957
legitimate,0,0.8652464114977877,0.9099313421332413
legitimate,0,0.8892997333401775,0.8527332435682771
legitimate,0,0.8510988007773235,0.8905475901051815
spoof,1,0.5832970376620435,0.4020082232030995
spoof,1,0.5797077699490361,0.3835619367221805
spoof,1,0.6424083105467171,0.5907249001827999
spoof,1,0.7333770344185172,0.6671921151356877
spoof,1,0.7213124937704256,0.5398463680339891
spoof,1,0.570492674450814,0.32340377495797795
spoof,1,0.6772783648989488,0.5898770995350082
spoof,1,0.6161121558733098,0.6092092946493803
spoof,1,0.559636306443916,0.31169155559822603
spoof,1,0.5534718233084579,0.30685507433369086
spoof,1,0.6944831775977525,0.6565149325129801
spoof,1,0.6466445055594345,0.45328032672386176
spoof,1,0.6065557739693936,0.5176438975750489
spoof,1,0.6442755270144175,0.31792531272678587
spoof,1,0.6589206940352763,0.5514570020434357
spoof,1,0.772763768912935,0.6576634271874762
spoof,1,0.616464618053917,0.37738809818239694
spoof,1,0.6035736509985393,0.510893009951598
spoof,1,0.601232183261815,0.6074533701278806
spoof,1,0.6533473022916443,0.4090125606123954
spoof,1,0.6002693299126313,0.3112773843482811
spoof,1,0.6001086348529137,0.3870630081886255
spoof,1,0.591014022697791,0.36265254035870986
spoof,1,0.6535589464906608,0.30873781781224163
spoof,1,0.6391045886350997,0.6691695495286449
spoof,1,0.5494358319814134,0.3913448358797892
spoof,1,0.6514255984128168,0.5165981393155499
spoof,1,0.7303752329252925,0.6258936511045099
spoof,1,0.6265757684814365,0.517597463997803
spoof,1,0.6588844565150618,0.45091714795333665
spoof,1,0.6589958533019433,0.47782510074154505
spoof,1,0.568869154285169,0.3330113033198519
spoof,1,0.6324637232999964,0.4851014967098789
spoof,1,0.5899037803558116,0.37716818574919475
spoof,1,0.5548508677959962,0.5164724727105187
spoof,1,0.6227253092421051,0.38560075942827354
spoof,1,0.5883565771728715,0.49851276770683584
spoof,1,0.6611553152082824,0.6402645797814974
spoof,1,0.5660463034507716,0.31289884436480647
spoof,1,0.6630711365805633,0.6595018851349974
spoof,1,0.5451319917352425,0.355578084835764
spoof,1,0.6484103556621567,0.633442296679896
spoof,1,0.6879222942290414,0.5888865744757716
spoof,1,0.6452230323870387,0.49984062326298395
spoof,1,0.621536008903417,0.4139221670091302
spoof,1,0.6100817292820918,0.32161692331925285
spoof,1,0.6450639534157949,0.5120636049662806
spoof,1,0.6428919165538995,0.5043786179993759
spoof,1,0.6075668221047309,0.36445014358015915
spoof,1,0.6209070859494482,0.6956175285763625
spoof,1,0.603519894683554,0.37798639787288774
spoof,1,0.6517623496853323,0.5163969811946526
spoof,1,0.5546503108353086,0.3278843577299892
spoof,1,0.689287877404525,0.6645801598276082
spoof,1,0.601436161039102,0.30869876990990747
spoof,1,0.664096043789017,0.45957074908707257
spoof,1,0.5989187088503992,0.40385205295206417
spoof,1,0.5462311145544125,0.4475551689713733
spoof,1,0.5507773527840236,0.3084676999778692
spoof,1,0.6093119154392982,0.537185920279295
spoof,1,0.6230747961287572,0.3867488486202063
spoof,1,0.6353305807068875,0.3542726271342216
spoof,1,0.6329042409260608,0.552475696652666
spoof,1,0.6423213288991453,0.5399119461806963
spoof,1,0.6170873493479169,0.4150579334943876
spoof,1,0.63906963061297,0.3746993244709101
spoof,1,0.5830159357706484,0.5326972231769211
spoof,1,0.6967443149053008,0.6393669095589243
spoof,1,0.6425099171935659,0.3294446323251954
spoof,1,0.5737307570508414,0.47685503452827743
spoof,1,0.5231120414909497,0.31990450716186675
spoof,1,0.6367591674484054,0.5411701853246339
spoof,1,0.6760800173176783,0.49503319127434403
spoof,1,0.6225206055921497,0.514383555493177
spoof,1,0.6601496120598885,0.6562550531243379
spoof,1,0.6111373161307295,0.5056464276386526
spoof,1,0.581654734665864,0.43601962097664665
spoof,1,0.6080680855428762,0.4124973778060983
spoof,1,0.669556802740901,0.5981744210029339
spoof,1,0.5824553241906462,0.5345762195764353
spoof,1,0.6648170184089447,0.4797630080486328
spoof,1,0.6645295646815843,0.5609114762290415
spoof,1,0.6661293307221654,0.49713867924859423
spoof,1,0.5576506736454853,0.399238400670631
spoof,1,0.6372017341137279,0.6202898754323313
spoof,1,0.6084379864053981,0.3580540984283697
spoof,1,0.5637877245843719,0.41097620295339216
spoof,1,0.5884675093773443,0.33089254715890803
spoof,1,0.6014054618691775,0.5065702215823885
spoof,1,0.6547430653691024,0.35678441035590125
spoof,1,0.7124963379839527,0.5631674147761213
spoof,1,0.6879922280083359,0.5926632777523659
spoof,1,0.5872930035718769,0.4653211472856182
spoof,1,0.6661981868052196,0.5267620125990482
spoof,1,0.5825932619627017,0.5272813138044339
spoof,1,0.6108476244369265,0.46550972358969406
spoof,1,0.4898006531517438,0.3241573711064602
spoof,1,0.6697448369913372,0.44485398195854
spoof,1,0.6004543901329735,0.4597929165767119
spoof,1,0.5917586046051826,0.3233260983164475
spoof,1,0.689345689688527,0.5782928413069338
spoof,1,0.6437463425138801,0.388136646021692
spoof,1,0.5970182728022907,0.30110812309115575
spoof,1,0.7163284663859649,0.6974259051997145
spoof,1,0.6759870172405391,0.5949817626333367
spoof,1,0.5837754591973442,0.4128245597408733
spoof,1,0.6465877944525541,0.5221753779825014
spoof,1,0.6748428156175836,0.46514679313273244
spoof,1,0.586742816565859,0.4812102789876883
spoof,1,0.6457383641110366,0.675136280719318
spoof,1,0.6819301152719706,0.5207646557198377
spoof,1,0.5898801895886515,0.36250093725661703
spoof,1,0.6261599844593643,0.5202328432316256
spoof,1,0.6040934130635547,0.381708837792321
spoof,1,0.7033608341694838,0.691786479789285
spoof,1,0.6457456957729855,0.5290003679454834
spoof,1,0.6261398851208425,0.49337081370512514
spoof,1,0.6198082279423711,0.46009654232792213
spoof,1,0.5515649623901135,0.3675774081697605
spoof,1,0.6869323619133976,0.6801205400023175
spoof,1,0.6388362095143407,0.4097293347251971
spoof,1,0.7164785635060816,0.5718070556534554
spoof,1,0.6380657382403746,0.5403272674458526
spoof,1,0.7042933205415064,0.6641313733607401
spoof,1,0.6466122551993985,0.4790822250423089
spoof,1,0.6665920372319133,0.5976778622267542
spoof,1,0.5911969537110132,0.5193292135399825
spoof,1,0.6096658522265778,0.30728482950717473
spoof,1,0.6626225227015631,0.6854253861319203
spoof,1,0.5301546797559225,0.4890368329362089
spoof,1,0.568179211376767,0.32727520273148114
spoof,1,0.6552613788610567,0.5814839309935051
spoof,1,0.5480614256154575,0.36935480143104166
spoof,1,0.6641330148082831,0.6944656421151697
spoof,1,0.5900067224973684,0.45361411087049497
spoof,1,0.6072282622685397,0.3712733765286345
spoof,1,0.6847002263011343,0.637072941774323
spoof,1,0.5621744697260189,0.5662656967516473
spoof,1,0.5270389074945576,0.3032028161704839
spoof,1,0.7199574401797706,0.6960604801619038
spoof,1,0.6889661697044135,0.3927001973071346
spoof,1,0.6430241799657873,0.31559146730747784
spoof,1,0.6676146356214818,0.5853285325127404
spoof,1,0.5685337097428684,0.39888852162485033
spoof,1,0.549987355861695,0.38131355617392293
spoof,1,0.7327076037587735,0.6249094180986516
spoof,1,0.6774643102052432,0.46341869150951587
spoof,1,0.659609423563852,0.5069930526242035
spoof,1,0.5494618022472639,0.42827256988669465
spoof,1,0.6681262338181497,0.5274320963892287
spoof,1,0.5821646265655996,0.3216249578134332
spoof,1,0.7461720828431446,0.6837047435518393
spoof,1,0.6548489933613583,0.45402496426622
spoof,1,0.5770764390896287,0.4520345867400072
spoof,1,0.5427595135516863,0.4479289162678848
spoof,1,0.5749570285957819,0.3730104936194819
spoof,1,0.587741252713907,0.483618523178741
spoof,1,0.633251428524726,0.5309379301817597
spoof,1,0.5625796381436838,0.4214457414914985
spoof,1,0.5552103903062731,0.3166065828966397
spoof,1,0.6831249393722338,0.6627062186614836
spoof,1,0.7920325298618451,0.6496121304589483
spoof,1,0.6491555702636279,0.43932690869978586
spoof,1,0.5290885623629711,0.38934512077105904
spoof,1,0.5604640882336887,0.3041825570141867
spoof,1,0.5392949160980138,0.43017726125322187
spoof,1,0.6368640960253125,0.5334259587688257
spoof,1,0.6859731767126119,0.517941639044298
spoof,1,0.5834266276794988,0.40947632687917623
spoof,1,0.6358511837243134,0.37041623257177986
spoof,1,0.668349980403461,0.660290652585507
spoof,1,0.5842926303723205,0.4122118894924458
spoof,1,0.5928176038773999,0.525106091580976
spoof,1,0.7024310561278739,0.6410866484369542
spoof,1,0.6282734838756351,0.6862819042591943
spoof,1,0.6332066114872744,0.6357209311419542
spoof,1,0.5809612218747756,0.30989642360425557
spoof,1,0.5942106004179984,0.574949868495201
spoof,1,0.6338448064374473,0.3202309326232242
spoof,1,0.6236920209211557,0.30671048676176205
spoof,1,0.5742044309980185,0.4533354443413612
spoof,1,0.65487675036105,0.6304398368024253
spoof,1,0.635112022022555,0.5395680199293826
spoof,1,0.5263606063887962,0.3171869522886906
spoof,1,0.5652507280048558,0.4070604470613029
spoof,1,0.5752057525401392,0.30739749414810424
spoof,1,0.6068423415183594,0.4734751564169576
spoof,1,0.6497340727249947,0.47399233286553166
spoof,1,0.7176180638671051,0.6281160248581791
spoof,1,0.6079570285321507,0.3385919514764719
spoof,1,0.5086097781944114,0.37720388230834256
spoof,1,0.7121882672289991,0.6968089525454879
spoof,1,0.6003436609296172,0.4736527092346329
spoof,1,0.5917950310722685,0.3275082634141799
spoof,1,0.595101273726992,0.47476776947560273
spoof,1,0.7290057916602108,0.6893959212154448
spoof,1,0.7335484597063651,0.6725960418149806
spoof,1,0.5671481174048733,0.47797516778315474
spoof,1,0.5998368347330552,0.5538657633052394
spoof,1,0.6828100622382985,0.4843389826479947
spoof,1,0.6595336993684332,0.3533250673639148
spoof,1,0.6626079357511762,0.6745151506601734
spoof,1,0.5639887501948567,0.5652799350054215
spoof,1,0.6757296259473702,0.5877849154402299
spoof,1,0.5384027168734655,0.3040383895342838
spoof,1,0.6887995933257317,0.38988766212643045
spoof,1,0.6126579622336998,0.5936329511965239
spoof,1,0.6999618169808123,0.5943299133104072
spoof,1,0.5474541420409651,0.5075619731541113
spoof,1,0.5827149772622466,0.44706211866998724
spoof,1,0.5737260795868169,0.4305945583018145
spoof,1,0.6183464762675754,0.3879415177042639
spoof,1,0.5756566027845862,0.42720841773305296
spoof,1,0.7034295050592513,0.6970516557119073
spoof,1,0.6596680377415666,0.5679798009751155
spoof,1,0.6604020443918653,0.6405441996970789
spoof,1,0.6645377934341012,0.6616677522897881
spoof,1,0.5960437318200436,0.4705778536929538
spoof,1,0.654562073815308,0.6532225891202066
spoof,1,0.7203864560917491,0.608741566002027
spoof,1,0.6025184952270741,0.44151796238588914
spoof,1,0.6123725139112193,0.47007786179119965
spoof,1,0.7504497958499129,0.6934031827401529
spoof,1,0.6321197943673362,0.6423063772527249
spoof,1,0.5729749342518301,0.3242818303102174
spoof,1,0.6075638562541038,0.49204644445380064
spoof,1,0.628419711913491,0.4351435184296524
spoof,1,0.7303169568244281,0.6329129099038975
spoof,1,0.5264611884907013,0.3162130734713445
spoof,1,0.5557845178524219,0.3874950376131381
spoof,1,0.5650026286963146,0.3427791565499387
spoof,1,0.6580985846532139,0.5730360089797255
spoof,1,0.7213264561295334,0.6653923589629773
spoof,1,0.571127147781798,0.6204175023179086
spoof,1,0.6129241077496634,0.5602457312397342
spoof,1,0.5578309615162829,0.4224201987448222
spoof,1,0.6907083245263439,0.6167780664944817
spoof,1,0.6335463668972733,0.5266706633657856
spoof,1,0.6535134767304026,0.5380914318034236
spoof,1,0.5872398010425806,0.3696695674025269
spoof,1,0.6725520735967804,0.48902206649041413
spoof,1,0.6645340034113709,0.5047162329496427
spoof,1,0.6590059045996405,0.4468676220110573
spoof,1,0.6385243160519085,0.5693486546339763
spoof,1,0.62698050151437,0.6868249717488671
spoof,1,0.6349327524052227,0.4052800375265506
spoof,1,0.50656366609452,0.3602258173245151
spoof,1,0.6136519589938159,0.4189361976306974
spoof,1,0.6261431245222061,0.4363967124178441
spoof,1,0.6424910157229697,0.6045857514568861
spoof,1,0.5903481084008173,0.44867511850949127
spoof,1,0.6272248642540031,0.6132554672391544
spoof,1,0.7402037049693011,0.6921499420765365
spoof,1,0.5698767553192183,0.3159248692038424
spoof,1,0.5946471433435911,0.4452049653983956
spoof,1,0.6953863349669968,0.5444778260511555
spoof,1,0.6653087088368752,0.5704420804582762
spoof,1,0.611583390527153,0.4588043870635109
spoof,1,0.5978657450216066,0.6850232189514696
spoof,1,0.6130248013503515,0.5045578070387373
spoof,1,0.6401616058177064,0.6230147351151238
spoof,1,0.6032467298388567,0.33342999743324564
spoof,1,0.6631027106510085,0.5979978747342919
spoof,1,0.6205160480515647,0.6012437807986906
spoof,1,0.6006597292674214,0.3943641034324184
spoof,1,0.6435367222395153,0.32109279769856436
spoof,1,0.5282124593797428,0.3002264734838853
spoof,1,0.6262428550632869,0.5671344164307461
spoof,1,0.6155002849094032,0.3708931920534538
spoof,1,0.6378756333120592,0.5115855455041621
spoof,1,0.5784105630907809,0.46748931598724763
spoof,1,0.6346842428846416,0.6874602254173077
spoof,1,0.5974887196078477,0.3888669992900928
spoof,1,0.6655552124608848,0.6726881324264206
spoof,1,0.6747448945223771,0.6256939478592394
spoof,1,0.6689857872634714,0.3682580766306604
spoof,1,0.5668607515529943,0.30866062749975287
spoof,1,0.6473912244531093,0.5650202509194457
spoof,1,0.6192640194349727,0.6658089958753656
spoof,1,0.7121160321990946,0.653514933659666
spoof,1,0.5919416965704106,0.3941326890855114
spoof,1,0.6667992451757019,0.45259265621629097
spoof,1,0.6546972308619373,0.5585013189215897
spoof,1,0.6081959511945625,0.5976181652149026
spoof,1,0.6416686825225093,0.37138404018422083
spoof,1,0.6685614291362674,0.5906547893828523
spoof,1,0.6182736103756973,0.6167131737091502
spoof,1,0.6670018971182041,0.6914134676633589
spoof,1,0.6288536860870942,0.4898451321327152
spoof,1,0.625489532528956,0.6097719640447936
spoof,1,0.713462905103316,0.6796822676244056
spoof,1,0.5951884255220732,0.3391957369553395
spoof,1,0.6389756011184307,0.5617619996458337
spoof,1,0.6382853131053007,0.36200642932763943
spoof,1,0.6209612879717589,0.5833887684050834
spoof,1,0.645117201932432,0.48173494610620377
spoof,1,0.6372964991758483,0.5055094385606236
spoof,1,0.625532705907646,0.4162897742400632
spoof,1,0.6672591599817294,0.4886621722349266
spoof,1,0.6403752382977524,0.5299717503725425
spoof,1,0.7424947979163,0.6088379110928828
spoof,1,0.6073492370462842,0.3792946443472214
spoof,1,0.6534452388141994,0.6247851217160185
spoof,1,0.6179313175503534,0.46534164474394774
spoof,1,0.6268274827234006,0.4416108176717515
spoof,1,0.5758618852841669,0.5280832457603997
spoof,1,0.6902511223581125,0.6496852477572818
spoof,1,0.670888812553776,0.5089828591253074
spoof,1,0.6404880387263059,0.4011554979042028
spoof,1,0.5666238258075025,0.45873148389504104
spoof,1,0.5338927415753483,0.3028036430929308
spoof,1,0.6011228634164828,0.45863780987704533
spoof,1,0.6172370923592658,0.5688946731099566
spoof,1,0.6073611783643089,0.3042427653612442
spoof,1,0.6297821805616799,0.42452243003068535
spoof,1,0.5752115715834202,0.3630746429988956
spoof,1,0.693411947573937,0.5351742894680245
spoof,1,0.6706280365878046,0.6643939551947791
spoof,1,0.5986722631715942,0.43061812436706265
spoof,1,0.6038602686563217,0.4554437714975265
spoof,1,0.6178208213483486,0.5638089760899972
spoof,1,0.6308965002242725,0.5201321189044961
spoof,1,0.6413196510055663,0.6171832559912676
spoof,1,0.5615059936396181,0.4045542196576857
spoof,1,0.7234067122769274,0.6422694060891284
spoof,1,0.6819318893489299,0.6263814653571329
spoof,1,0.5949916120806744,0.4358276548482542
spoof,1,0.7453959841637086,0.6710732741141173
spoof,1,0.6335828221057153,0.6500986780442326
spoof,1,0.6322662152146927,0.6262238966375688
spoof,1,0.6332692830693776,0.458183733208058
spoof,1,0.6174257221450075,0.5112009317387911
spoof,1,0.6281230207326376,0.6104316798064167
spoof,1,0.6063007846914363,0.36546657845558567
spoof,1,0.6313703312133746,0.39544841063378555
spoof,1,0.6429658514820591,0.6838835946885358
spoof,1,0.6626362429463705,0.4560678689075015
spoof,1,0.6418005018268081,0.3557027236522712
spoof,1,0.6011330122186226,0.5000122463471728
spoof,1,0.6532348484716153,0.5430286376243313
spoof,1,0.5570383218138356,0.3817186039919099
spoof,1,0.6736640325070239,0.6764811379872548
spoof,1,0.6485601886652539,0.6030848054792752
spoof,1,0.6383708671297258,0.4256297774836707
spoof,1,0.6109091343960551,0.37307226849105807
spoof,1,0.6044025922199623,0.4057042441669984
spoof,1,0.6658852302569158,0.6845645780900284
spoof,1,0.5807894544543055,0.487340212373757
spoof,1,0.6223567961249783,0.5106009214121129
spoof,1,0.5815964030900288,0.6026949367762752
spoof,1,0.5921962847566422,0.3094462635878685
spoof,1,0.626970103536322,0.4734186810624773
spoof,1,0.5935695926219967,0.3090281129152231
spoof,1,0.6852373400353351,0.612117755795244
spoof,1,0.6408257658627747,0.396414230118064
spoof,1,0.6563243754248655,0.371648085202058
spoof,1,0.6717526694621235,0.372965057554532
spoof,1,0.5767025500351461,0.3886742839548385
spoof,1,0.698742008172182,0.6173234354835644
spoof,1,0.689241559120628,0.6952282499099866
spoof,1,0.6284898814959664,0.6520702285349594
spoof,1,0.7330518989239755,0.6793081535055738
spoof,1,0.6453835472173172,0.318124518864498
spoof,1,0.6997695629303444,0.611049610335054
spoof,1,0.6032621285079527,0.36616096890704547
spoof,1,0.6097509079312172,0.4232113712583335
spoof,1,0.7442024866251516,0.6679252668757862
spoof,1,0.5837581895101995,0.35900075701379447
spoof,1,0.6579737739207112,0.5362505110688988
spoof,1,0.6548321193355301,0.5529371202098032
spoof,1,0.7180288033912767,0.621016357274758
spoof,1,0.6920984403431697,0.6979880615226749
spoof,1,0.5200438774525764,0.33032375862648916
spoof,1,0.6308113883542306,0.6201203670704376
spoof,1,0.5523527009162198,0.413772665314779
spoof,1,0.6329979213884567,0.5715350317012768
spoof,1,0.511918734409144,0.45547310381807193
spoof,1,0.5660518583025771,0.5917494578364664
spoof,1,0.6724568328473218,0.3613287110396257
spoof,1,0.6768918769046015,0.5296025012326113
spoof,1,0.5847030990221352,0.3288069472285788
spoof,1,0.6403365370336557,0.4177590694068267
spoof,1,0.6384929236290369,0.5601547475944534
spoof,1,0.5955878130106641,0.46824197923184196
spoof,1,0.6775309181947569,0.6670235143483535
spoof,1,0.7037171054110178,0.6775312841413107
spoof,1,0.627056719700862,0.46660690808907956
spoof,1,0.6053816907108773,0.3664920167608275
spoof,1,0.5982963252525921,0.458814009668118
spoof,1,0.596052080731429,0.42127658528637213
spoof,1,0.664950267352797,0.6707062701257567
spoof,1,0.6226837909051636,0.38602963497131276
spoof,1,0.7649541248082001,0.6730676495813507
spoof,1,0.6951308062463684,0.630369745359652
spoof,1,0.6489465260052371,0.5985714973652934
spoof,1,0.6384348645617172,0.44991448311811844
spoof,1,0.6419240840950383,0.4903699445597708
spoof,1,0.6141305568511762,0.33613432246944447
spoof,1,0.7317347002296468,0.567907403526678
spoof,1,0.6630140122768686,0.5218723848066648
spoof,1,0.6916800536392131,0.6117972061931352
spoof,1,0.5802862564563774,0.4592070256236729
spoof,1,0.6609292091377621,0.46369992277519695
spoof,1,0.5996970411451186,0.36809086720088335
spoof,1,0.5930224020289259,0.4259039738997623
spoof,1,0.5542044620554144,0.32828898514636184
spoof,1,0.7067148619287942,0.6483138959231541
spoof,1,0.5530311162765528,0.3506347490275995
spoof,1,0.6928816678262768,0.6163576015153583
spoof,1,0.5687553274952221,0.33916356355548216
spoof,1,0.670929682968438,0.5877119676543529
spoof,1,0.6142284867060412,0.4068581648566804
spoof,1,0.7514850760833027,0.6351626070060168
spoof,1,0.619365836774404,0.5501871177238566
spoof,1,0.6294924236204689,0.4513344926957754
spoof,1,0.5657672604208939,0.30292838994602267
spoof,1,0.6240851146072648,0.3384737092692658
spoof,1,0.6411949146407243,0.615651220713179
spoof,1,0.6301638361008369,0.569013505626285
spoof,1,0.6755282530448529,0.5889460651425871
spoof,1,0.6929482053915077,0.6637507411676059
spoof,1,0.6426205100610649,0.6281561267957579
spoof,1,0.5350553648132478,0.33938437919738357
spoof,1,0.5472639814463047,0.31526217507883525
spoof,1,0.598464766780192,0.41271742811430395
spoof,1,0.6609820652928257,0.5067602677711783
spoof,1,0.6085611413559497,0.5844838732483257
spoof,1,0.5832807647207172,0.4444613900925304
spoof,1,0.6052366428226108,0.5450525578774846
spoof,1,0.6098138164797484,0.4602088966437605
spoof,1,0.6774146021542912,0.6545164090372384
spoof,1,0.6297969894023991,0.48335127483580065
spoof,1,0.6626646036147993,0.6115707567115464
spoof,1,0.664519037338969,0.6736301515286987
spoof,1,0.6235291701257062,0.3737765736019832
spoof,1,0.6120249739701377,0.5339578203971841
spoof,1,0.6233570811874672,0.6297067399936362
spoof,1,0.6968806248027603,0.6751723564428291
spoof,1,0.6587079820850732,0.5503194497623297
spoof,1,0.6649031158271159,0.5207962910335329
spoof,1,0.6319137756931542,0.3105233635103801
spoof,1,0.6803688905324912,0.6499409538704097
spoof,1,0.6233058036612905,0.502987129274196
spoof,1,0.5516801477850647,0.3559076508625545
spoof,1,0.7016946416352088,0.5023619636897515
spoof,1,0.6988406821369398,0.6038129210909116
spoof,1,0.6672732127448966,0.6102381508416848
spoof,1,0.6765662005197384,0.5523512918369673
spoof,1,0.6317316183048397,0.6838418109490949
spoof,1,0.628907310739197,0.49131476551318914
spoof,1,0.607399238742923,0.3119075004422582
spoof,1,0.6416513266882926,0.5925282054259258
spoof,1,0.6212609140438253,0.47016836075290347
spoof,1,0.7003011030791688,0.559348844910752
spoof,1,0.5535535137586021,0.3510634298156824
spoof,1,0.5300036006379802,0.35671834690789883
spoof,1,0.5307474244465322,0.3335616287457303
spoof,1,0.5794312203695031,0.5220499238990295
spoof,1,0.5452195546099627,0.4161095299766197
spoof,1,0.6138737713421234,0.5375851194271459
spoof,1,0.6349321212867972,0.5001977398700287
spoof,1,0.7010469151169648,0.6612407929246512
spoof,1,0.6359488731695672,0.5439863564920084
spoof,1,0.5967318662110775,0.6489086391197654
spoof,1,0.5989568101499264,0.4670645956854885
spoof,1,0.5295285747066621,0.3151952279726004
spoof,1,0.6548806006720392,0.6789311735069813
spoof,1,0.6702072327280582,0.5842683303242723
spoof,1,0.6337369656909507,0.4994179025918946
spoof,1,0.53793012795847,0.3044741196917063
spoof,1,0.6735831052159458,0.5073366140479981
spoof,1,0.5804367923998437,0.4508623061927542
spoof,1,0.7047895569788534,0.5886905331554992
spoof,1,0.6498467852347165,0.6652429763887056
spoof,1,0.5820300835703629,0.4518544056452383
spoof,1,0.552083919205309,0.5206493112458707
spoof,1,0.6344075790190449,0.3849065099051557
spoof,1,0.5917948257735165,0.38842899510884454
spoof,1,0.6250225788751025,0.3665741976208322
spoof,1,0.5802110849767382,0.5495389180455277
spoof,1,0.6409860406908718,0.5849254223810336
spoof,1,0.7249237865188286,0.5499509802420584
spoof,1,0.6035724132058939,0.5099830254971447
spoof,1,0.6012739923565652,0.5274652373469179
spoof,1,0.531299069402198,0.3705880340530905
spoof,1,0.6290489263125396,0.6987223127950948
spoof,1,0.6310238480148611,0.335287652563363
spoof,1,0.520225808269076,0.46553970346567036
spoof,1,0.6993911893275631,0.6447867812724505
spoof,1,0.6819492531747522,0.6442257294715026
spoof,1,0.7307158132770923,0.6207872107875078
spoof,1,0.6508504733854377,0.6970697610635208
spoof,1,0.5475384781212926,0.3868274348347751
spoof,1,0.5903616315733391,0.39025131660743395
spoof,1,0.6971312339687723,0.5973566636547517
spoof,1,0.6402814344063703,0.4775383833416291
spoof,1,0.6038083533888685,0.42348518450909406
spoof,1,0.6349556269935741,0.6839578322563689
spoof,1,0.7226649083210405,0.6314624093835033
spoof,1,0.7520108855313038,0.6604898933116347
spoof,1,0.7117640634407456,0.5535558582502114
spoof,1,0.6713402887380776,0.5255457888471511
spoof,1,0.7372998971474776,0.6016848026224781
spoof,1,0.6557686902932948,0.5777234295761691
spoof,1,0.6215460861998287,0.41773965587749307
spoof,1,0.5835816517706318,0.5470092629209575
spoof,1,0.6747272275183286,0.6188400691037967
spoof,1,0.6122622110271276,0.3540802099782189
spoof,1,0.6910962110379919,0.4215073828327094
spoof,1,0.6288505126488605,0.3422539320020838
spoof,1,0.7477858738151362,0.6301938594039143
spoof,1,0.6863898162318224,0.6096973898198252
spoof,1,0.6240709105237294,0.5004119239407748
spoof,1,0.6913112659532863,0.6549682624598648
spoof,1,0.6127137730638242,0.455673449080587
spoof,1,0.5628278811399838,0.5749711561226306
spoof,1,0.6243203125577748,0.400957067471878
spoof,1,0.6614195019458686,0.35139413079713744
spoof,1,0.5569347124291524,0.32988251320285294
spoof,1,0.46827969216993903,0.3167818632150734
spoof,1,0.6126532221680034,0.5136686786361204
spoof,1,0.6575041227040953,0.6343537200458541
spoof,1,0.5559266143604868,0.32729491763898855
spoof,1,0.630460533158388,0.5968453443837909
spoof,1,0.6033058887055378,0.3851281446400379
spoof,1,0.6907738700580508,0.580321248842965
spoof,1,0.6811744561977189,0.5139111673826297
spoof,1,0.5905112912337738,0.31151558313731337
spoof,1,0.610995113700567,0.34772020942440585
spoof,1,0.5069293956086467,0.3048931229132372
spoof,1,0.5294649610624307,0.32287651562111735
spoof,1,0.6424375655480321,0.6957386352314482
spoof,1,0.5414546079409108,0.37643822038128616
spoof,1,0.6515167360505951,0.5645590737543486
spoof,1,0.6016698436728792,0.404224150738844
spoof,1,0.6666461688439655,0.5463082582242156
spoof,1,0.5808685958644564,0.43582147746360445
spoof,1,0.6015387716571766,0.4615932244314667
spoof,1,0.5570372581870018,0.33206250312224705
spoof,1,0.5765482702056988,0.4046413560312412
spoof,1,0.6333570742358481,0.44823495572646443
spoof,1,0.6968479740229445,0.5985310550609448
spoof,1,0.6573516513342641,0.5600381783741081
spoof,1,0.6992783739379076,0.5170568951167324
spoof,1,0.6377496951147947,0.5204513763565213
spoof,1,0.6299481896616399,0.5080851707461597
spoof,1,0.7157298606904516,0.6655995474000725
spoof,1,0.6743284107727454,0.5820824702253276
spoof,1,0.6489774105651731,0.40902452714655024
spoof,1,0.616655120137779,0.5868230610990406
spoof,1,0.5566005467984503,0.4195518002241656
spoof,1,0.5917606102586934,0.4265704095884679
spoof,1,0.6149337195329113,0.5867840895059295
spoof,1,0.5987779585504224,0.41618176091031284
spoof,1,0.7332608412997079,0.6395679419104788
spoof,1,0.6137285424428582,0.5509858715863853
spoof,1,0.6273767792995621,0.5598922094624925
spoof,1,0.5968851149473665,0.43015942677841745
spoof,1,0.6229556856510069,0.6076432995986751
spoof,1,0.7004806494802728,0.656343670440786
spoof,1,0.6719663711930413,0.5829402766427547
spoof,1,0.616458511813839,0.3711993440873034
spoof,1,0.6151746226581846,0.5732950764009366
spoof,1,0.5941182474004275,0.31797810576794433
spoof,1,0.6444118210388179,0.45290898646750705
spoof,1,0.5908283394156116,0.3854593169570222
spoof,1,0.6013800304927067,0.4436159922157618
spoof,1,0.5872580597518232,0.37418524524817776
spoof,1,0.5799544600466036,0.6653741790414236
spoof,1,0.6170339281668207,0.5580860851745513
spoof,1,0.594126651113509,0.6626101574940798
spoof,1,0.6813691103768913,0.6828027096396134
spoof,1,0.6277954936074682,0.6084488786950131
spoof,1,0.5708513262346157,0.471080927472181
spoof,1,0.5789268112104359,0.5808730135124867
spoof,1,0.6238737542427689,0.5066198798944946
spoof,1,0.5854167236583077,0.5042166662887011
spoof,1,0.5248795397903255,0.39349811592084394
spoof,1,0.5996032460869858,0.5308230648846318
spoof,1,0.6420690314750225,0.5733921664745796
spoof,1,0.5964114107063017,0.6050858020361476
spoof,1,0.5936363236190679,0.416200585056174
spoof,1,0.6530197028781983,0.6857138964516803
spoof,1,0.6627405677663886,0.5868090793038074
spoof,1,0.5285678523380082,0.35987014624948116
spoof,1,0.5903773013435768,0.41094723971067343
spoof,1,0.6235188933821517,0.5282211512948181
spoof,1,0.7398412527732612,0.5901021078335866
spoof,1,0.6162185254044243,0.595194858876893
spoof,1,0.6155320849316513,0.5705612042340571
spoof,1,0.6345874385345482,0.46328794358627806
spoof,1,0.5238079022242141,0.43436474203961667
spoof,1,0.6327499482408513,0.588584578222606
spoof,1,0.6003324132465372,0.5461393753938341
spoof,1,0.5881019480987503,0.3222273105803757
spoof,1,0.6777903423140246,0.4611234508057094
spoof,1,0.5522728364137949,0.5420994161228924
spoof,1,0.5526253049798804,0.44690186174435376
spoof,1,0.5741059465235935,0.44545280300099555
spoof,1,0.6484437432982001,0.4692081990635488
spoof,1,0.5571464459008689,0.33369990713986025
spoof,1,0.5297477051945778,0.4591533124201628
spoof,1,0.6909212052513818,0.6924759672437102
spoof,1,0.5204703028810166,0.3748759336988357
spoof,1,0.5814793455445916,0.44284622010983665
spoof,1,0.7148699817836452,0.5181041906667251
spoof,1,0.5336641089636891,0.4768158618395064
spoof,1,0.6566970249902899,0.4187055119907439
spoof,1,0.5898211967572158,0.4684612237383722
spoof,1,0.5384392298202499,0.35043631511663603
spoof,1,0.6678462817551467,0.4812804872132247
spoof,1,0.6475482189337114,0.4305746243819344
spoof,1,0.6882777651663925,0.5290334865454668
spoof,1,0.5710219679230648,0.621620909717203
spoof,1,0.6068943861894605,0.4704913575297683
spoof,1,0.5430352193274495,0.5015036717965332
spoof,1,0.5889000036293917,0.3205067793983421
spoof,1,0.513919094927392,0.3046652320505381
spoof,1,0.6461859409109092,0.4238332019308255
spoof,1,0.5939542641707233,0.4897015289590072
spoof,1,0.5298504809339037,0.3806598183926106
spoof,1,0.5915385091104409,0.43908509727241674
spoof,1,0.5956352928594668,0.39294241544903885
spoof,1,0.601497711020341,0.5697446837898322
spoof,1,0.6003060526423625,0.34074593717070245
spoof,1,0.5065410797141208,0.31549985137994246
spoof,1,0.7486973995384608,0.6455443635911434
spoof,1,0.6466634049101114,0.5658100195624716
spoof,1,0.595673984550507,0.48803421530324675
spoof,1,0.6528024417411192,0.44334410762389787
spoof,1,0.6409190416189037,0.633433916038798
spoof,1,0.6669874452876885,0.5461235496688492
spoof,1,0.6617493455771093,0.6795029641803304
spoof,1,0.6458950993496122,0.6942622278800877
spoof,1,0.6026995714480018,0.43188467184438517
spoof,1,0.7088236276585708,0.560396964861581
spoof,1,0.6641392258016859,0.4258834930212152
spoof,1,0.567671810583464,0.5965184000817174
spoof,1,0.5361665537752595,0.31059096803505604
spoof,1,0.589410529928067,0.6537604354651104
spoof,1,0.6272025827291401,0.3631862155838579
spoof,1,0.6161546929539494,0.6060081540402803
spoof,1,0.609088241588231,0.31017712951693516
spoof,1,0.527707386650558,0.3560858234828883
spoof,1,0.6447852453276361,0.6692400283609494
spoof,1,0.5788363557468269,0.4501411457824872
spoof,1,0.6507295114518448,0.6290307137769031
spoof,1,0.6357517022549417,0.30754632671586585
spoof,1,0.5298381822715543,0.5526552466281354
spoof,1,0.6318761176799107,0.565908195388415
spoof,1,0.5559333865963247,0.31101315174334027
spoof,1,0.6757532565037643,0.6000461799157548
spoof,1,0.6496357147199908,0.6381861162164657
spoof,1,0.6704139174766708,0.6827767900704369
spoof,1,0.6460792183505688,0.524922216124382
spoof,1,0.6629501516573713,0.6478332022032893
spoof,1,0.6178097327099221,0.38581822273173993
spoof,1,0.5849576819706859,0.481026719952226
spoof,1,0.5731290184935499,0.40922185366169345
spoof,1,0.561865672307808,0.5308415182830677
spoof,1,0.6331521113137828,0.5962730587148948
spoof,1,0.700415873593263,0.6809897665907739
spoof,1,0.5784461163002148,0.49928134889356884
spoof,1,0.5583746068547122,0.3271541360230263
spoof,1,0.5397720084493345,0.3198411960633399
spoof,1,0.559312038329085,0.4525040592047344
spoof,1,0.6449148903637695,0.42531547515459067
spoof,1,0.5947560250965241,0.45799893827099736
spoof,1,0.617395384168031,0.4702744456061967
spoof,1,0.7043881109758833,0.6952231934204681
spoof,1,0.6816445481925704,0.6453765612339293
spoof,1,0.6477746039232783,0.47582832200412084
spoof,1,0.714067544283268,0.6670984235531152
spoof,1,0.5978589163915597,0.6369998959207243
spoof,1,0.6664007514439552,0.5752805129020817
spoof,1,0.6063613048329912,0.334857357717362
spoof,1,0.5656823274010238,0.3641366733540745
spoof,1,0.6137031772299797,0.596024539582853
spoof,1,0.6240118935851624,0.5804476173730769
spoof,1,0.6802607258248826,0.5372263074757793
spoof,1,0.6658446795046589,0.6670203280055272
spoof,1,0.6128484458287597,0.4764429823386678
spoof,1,0.5152241814264691,0.32520669115986
spoof,1,0.6784563063179808,0.46580015654889095
spoof,1,0.5156236654132108,0.38381941144707726
spoof,1,0.6976935382241005,0.6048489564555857
spoof,1,0.6130059651130407,0.5587866860454482
spoof,1,0.7156846127731322,0.6419450116037289
spoof,1,0.5490372547173931,0.46349528932960316
spoof,1,0.6409747233056936,0.5633807527036372
spoof,1,0.5540839484409952,0.48698867504427845
spoof,1,0.6061339882509809,0.36036605510063624
spoof,1,0.6777131520271746,0.46368688904999983
spoof,1,0.6231959325225749,0.6636994053280311
spoof,1,0.6946138513888218,0.6601789450843343
spoof,1,0.7422443273031649,0.640134337064853
spoof,1,0.518854768567895,0.45785737888898537
spoof,1,0.6291453163815238,0.6948317166215906
spoof,1,0.5967080741750669,0.511903923098261
spoof,1,0.7474629564484843,0.5868684810227613
spoof,1,0.604954853473358,0.6261683331719925
spoof,1,0.6749424836965201,0.6817926644878802
spoof,1,0.6622391896939381,0.5176150753894868
spoof,1,0.6207512681722506,0.3757846245284134
spoof,1,0.5600992265074036,0.3904539943737212
spoof,1,0.663160304799193,0.6680246823353877
spoof,1,0.6256681112842568,0.5677672115532921
spoof,1,0.6873581098063348,0.4157644694766536
spoof,1,0.6406380101308352,0.45939719504409054
spoof,1,0.662910638748532,0.44887171583640106
spoof,1,0.5619743285903585,0.4399010490544242
spoof,1,0.6297018474769869,0.42425486369438703
spoof,1,0.6177803479317978,0.5095837063152892
spoof,1,0.5448093208361502,0.3118838057389682
spoof,1,0.6761235842430711,0.6970542430820594
spoof,1,0.6172546963069365,0.5680731824108425
spoof,1,0.6415218447693057,0.4980247439593656
spoof,1,0.6281280775319399,0.5180101719488991
spoof,1,0.6246306110401584,0.5053265974267348
spoof,1,0.6152578138933547,0.575856830645501
spoof,1,0.552847493283528,0.46716877508818566
spoof,1,0.6489606555704226,0.5894607852943996
spoof,1,0.6720275423344455,0.6106415300531477
spoof,1,0.6902712272113042,0.6894810062917778
spoof,1,0.5484696253878024,0.43974961786250044
spoof,1,0.6189538289971834,0.6456416734268751
spoof,1,0.5996532361272445,0.4977868432110687
spoof,1,0.6101021223400114,0.4408493822966391
spoof,1,0.5724245800017624,0.38192919002234654
spoof,1,0.6430761377709282,0.6333309737267958
spoof,1,0.6036416978919693,0.6425064724170559
spoof,1,0.5506302410381855,0.40584563015596353
spoof,1,0.5925625083427969,0.5160535086435791
spoof,1,0.6890071524553398,0.663438051387717
spoof,1,0.596585526670561,0.43831279858605754
spoof,1,0.6520645881009822,0.4992802307123433
spoof,1,0.577978558792136,0.3226667564999396
spoof,1,0.5571629126988402,0.33290418871110805
spoof,1,0.65704429620017,0.48708254588917926
spoof,1,0.6052866836901772,0.37065165506632247
spoof,1,0.7250064800215126,0.5159414782839994
spoof,1,0.6337332479072014,0.607436966037556
spoof,1,0.6449793891646726,0.6688964326425462
spoof,1,0.7128257921822213,0.6673716097426069
spoof,1,0.5536186480015347,0.4261136149254254
spoof,1,0.5973542162436075,0.41911912965165865
spoof,1,0.6202460964322127,0.5452059482031577
spoof,1,0.6910536447621374,0.42325048232687107
spoof,1,0.5924970357990418,0.40158847396153446
spoof,1,0.5868618248611812,0.45092699465410746
spoof,1,0.6244003823045965,0.6112137794914565
spoof,1,0.6717443565220943,0.4670452867933397
spoof,1,0.5279026505463774,0.3386768245958414
spoof,1,0.6053689209937453,0.3655109075024493
spoof,1,0.6025102139524834,0.4916797421618967
spoof,1,0.5022086150078642,0.38290748760205123
spoof,1,0.5603063647192711,0.515779154819486
spoof,1,0.5813084856396726,0.44896325095664336
spoof,1,0.5666598327986117,0.588265625759447
spoof,1,0.6223873430778408,0.4105349074682653
spoof,1,0.6929297409071519,0.6951941978303412
spoof,1,0.654999080711948,0.488125903293297
spoof,1,0.5595415998374941,0.4439544212308911
spoof,1,0.563421264382797,0.328473153972064
spoof,1,0.610729913977544,0.3358529626432083
spoof,1,0.6265711176417478,0.5570789938793455
spoof,1,0.5643974382539969,0.4112343278613754
spoof,1,0.6013043429947937,0.433191222487652
spoof,1,0.5582611330926424,0.30810122873564577
spoof,1,0.643663302232932,0.5720178914003591
spoof,1,0.6027256228438105,0.30555505877451133
spoof,1,0.6161702033456845,0.3360264530830214
spoof,1,0.6783137915566414,0.5596044493471288
spoof,1,0.5366682622898087,0.39187782760731904
spoof,1,0.5322182357479546,0.33526681575190287
spoof,1,0.5697540581974047,0.3190118125274792
spoof,1,0.5740576626207939,0.3113054847826229
spoof,1,0.6667348438912223,0.5324088530851155
spoof,1,0.5234489214219855,0.397216689432321
spoof,1,0.6747457142646243,0.6882714218712485
spoof,1,0.5689882205687766,0.3302393438128279
spoof,1,0.6171559137355335,0.5685971847599726
spoof,1,0.7062548670494329,0.6119224609827334
spoof,1,0.5296135000215374,0.31215325673405264
spoof,1,0.5017899569287514,0.42466523867817685
spoof,1,0.6718627793007558,0.5813755550776993
spoof,1,0.5819875743122078,0.5580183845964379
spoof,1,0.6817334176759079,0.5636387852139497
spoof,1,0.63166350059513,0.5494879162026939
spoof,1,0.6385643205622946,0.6768451109466378
spoof,1,0.6710740762689122,0.6930962541141834
spoof,1,0.5007122175828864,0.3122321423181558
spoof,1,0.6302594822174717,0.5730027229518
spoof,1,0.6665533579789065,0.5940071674061556
spoof,1,0.6500415007728813,0.5550205509780144
spoof,1,0.6798990102169402,0.6770014418600032
spoof,1,0.5451788300700184,0.3212603427382446
spoof,1,0.5979792866888856,0.6550040408205006
spoof,1,0.5809778646399687,0.329278211673059
spoof,1,0.6419824202561523,0.6526857728529588
spoof,1,0.6865529363616977,0.6920429097717177
spoof,1,0.61093601349546,0.5770602899722899
spoof,1,0.6974969132200252,0.57983444875643
spoof,1,0.6498502825668682,0.4437191365154783
spoof,1,0.5915895418118545,0.4423553907861619
spoof,1,0.5286667094409708,0.4820203929519001
spoof,1,0.6503630019277976,0.4380240862041185
spoof,1,0.5759904414208817,0.35489620366199104
spoof,1,0.6696548661448017,0.6771160246419392
spoof,1,0.612835669974944,0.4663609656611826
spoof,1,0.6649302035175789,0.6682460910716422
spoof,1,0.7205857331983652,0.6512988784537392
spoof,1,0.6700696002934702,0.6439268669839673
spoof,1,0.5688799590954807,0.509978695973017
spoof,1,0.6439053473934352,0.48515608614914263
spoof,1,0.5993747655717585,0.63843460316078
spoof,1,0.6604124788354504,0.6595656451553336
spoof,1,0.5458949271587725,0.38565821604074596
spoof,1,0.6994140023834509,0.5881482196249512
spoof,1,0.6425173460862165,0.6172507984006964
spoof,1,0.6648079676935479,0.45726915532300705
spoof,1,0.615603720105535,0.49521240203182637
spoof,1,0.6187332765103355,0.3532631054869693
spoof,1,0.5576092026229511,0.31375429847186836
spoof,1,0.5896456253952753,0.6484856159665483
spoof,1,0.5126749134472743,0.35643158546653153
spoof,1,0.7050837619430859,0.5260250996596154
spoof,1,0.6283327373001036,0.6212454856086178
spoof,1,0.6168891269472914,0.3743831805886302
spoof,1,0.7408208019889186,0.6998084321914324
spoof,1,0.6216587345405924,0.32362794423847796
spoof,1,0.600251491049183,0.4547110103749547
spoof,1,0.6900814554408661,0.6184593688980216
spoof,1,0.7026623332506817,0.5994850264527607
spoof,1,0.6341022511971662,0.5392617615654391
spoof,1,0.6468972423436544,0.6447978394151992
spoof,1,0.6533732660473786,0.578960627940988
spoof,1,0.7046009300377504,0.5107891099021552
spoof,1,0.6270508298874033,0.46564240750195585
spoof,1,0.6902653739151248,0.6453952165685642
spoof,1,0.6697102969102252,0.5920929897569587
spoof,1,0.6188763853724266,0.5713633633206379
spoof,1,0.5625708060174329,0.5259834085378683
spoof,1,0.6105037515984427,0.549737047682623
spoof,1,0.6382858747889608,0.6976821730065866
spoof,1,0.6222501107514039,0.5870286711755133
spoof,1,0.6295272166100959,0.47933236340856866
spoof,1,0.6176358362296119,0.32595566435203344
spoof,1,0.6172570322130675,0.5937300012171169
spoof,1,0.5624232282157776,0.45039443790478895
spoof,1,0.5312619256617144,0.40594840421454476
spoof,1,0.6361285620057509,0.3602702557066661
spoof,1,0.6349196815311422,0.5585650583285038
spoof,1,0.5682509458659362,0.3147540214733904
spoof,1,0.6641555211503078,0.4666496692140939
spoof,1,0.5384548002885456,0.37056986796504954
spoof,1,0.6645506057650314,0.5704692921937491
spoof,1,0.6645650466091407,0.6578276124981759
spoof,1,0.5986840130283497,0.6297828309246377
spoof,1,0.6431409782216353,0.3663181597826648
spoof,1,0.5719818952389796,0.33985027254628863
spoof,1,0.7383942003980238,0.5017589927142255
spoof,1,0.6299933041348783,0.5394502094839833
spoof,1,0.6496831987163434,0.6539150013072497
spoof,1,0.6503862030442626,0.6039004534617285
spoof,1,0.5366709004601256,0.33270533174939493
spoof,1,0.5458131887113512,0.3396580199020339
spoof,1,0.6896564254821311,0.5724993479941012
spoof,1,0.5819222451536424,0.5496956347265887
spoof,1,0.6018477471939224,0.5609715267769093
spoof,1,0.6016573398482538,0.49177040046453635
spoof,1,0.5643744590184574,0.4279785214897447
spoof,1,0.5151069344721769,0.44204490784240763
spoof,1,0.5509916614893817,0.3083312799159615
spoof,1,0.655576035741967,0.4268873403718638
spoof,1,0.6603727281792411,0.4396850869471849
spoof,1,0.6322775973370696,0.6101970691757668
spoof,1,0.6885251613532012,0.5965567822520328
spoof,1,0.5680622633930115,0.38602376253787474
spoof,1,0.6978023807550473,0.6650926676588639
spoof,1,0.716998465521172,0.6495858730095525
spoof,1,0.6290166061917016,0.6511806757028006
spoof,1,0.6154138949251938,0.45665691408049397
spoof,1,0.6586543099240557,0.5027727289120665
spoof,1,0.6661941066291022,0.6260137267967074
spoof,1,0.5394763209219396,0.4345375387947498
spoof,1,0.6053812955799402,0.33570040568182624
spoof,1,0.6340732714865678,0.3755208661803635
spoof,1,0.6501396433618384,0.6327681758681369
spoof,1,0.6955498569799612,0.5000993451152574
spoof,1,0.6133903147116296,0.536796564331874
spoof,1,0.6143154627623818,0.4404215145699759
spoof,1,0.6883585833488814,0.639591960767175
spoof,1,0.6537465735713217,0.6304338488054629
spoof,1,0.7266942986944062,0.6346585802217639
spoof,1,0.5389180811021433,0.30213407433780987
spoof,1,0.6371041803902798,0.4307621713324446
spoof,1,0.7059141198955268,0.6810668861628252
spoof,1,0.6224902921974522,0.5958915861533847
spoof,1,0.5787406549014873,0.3587761253037405
spoof,1,0.633995344683166,0.3266232808524998
spoof,1,0.6654890714886236,0.30704125093014173
spoof,1,0.5851699071678316,0.3804068785028454
spoof,1,0.673143727964229,0.6353218948846899
spoof,1,0.6242875520046728,0.3534782341161902
spoof,1,0.6290180691720693,0.5105053472198072
spoof,1,0.654394975933885,0.48158554528922837
spoof,1,0.5938560873011886,0.492446820459446
spoof,1,0.5912870246303716,0.4550645272554039
spoof,1,0.6346535640070206,0.6274397782199154
spoof,1,0.6343580111787392,0.6937820951420944
spoof,1,0.6447955289376501,0.3376434803110431
spoof,1,0.6991403143716094,0.572666916853571
spoof,1,0.610972609063347,0.6697846542379305
spoof,1,0.566931786213747,0.40185138931908615
spoof,1,0.5939725670380529,0.6814382480596392
spoof,1,0.630040801413523,0.6994400194324084
spoof,1,0.57435726977416,0.5374365049353872
spoof,1,0.5984619509486174,0.37471192175800105
spoof,1,0.6257128489419062,0.6821976612192745
spoof,1,0.5451241846729903,0.3756588746472774
spoof,1,0.6486885126086928,0.4994765423630402
spoof,1,0.5675599150722228,0.5027962823271614
spoof,1,0.652059197877266,0.5327585200270629
spoof,1,0.6291731722102875,0.39772157178964324
spoof,1,0.5897759981515405,0.3445322171410113
spoof,1,0.6694702165877986,0.6725639613719239
spoof,1,0.5577638746603826,0.3387163797353039
spoof,1,0.5302270346155532,0.4021605537494644
spoof,1,0.6367565185396452,0.326089598933449
spoof,1,0.6436560742878795,0.5239192809090369
spoof,1,0.7081320806301599,0.5180990172849611
spoof,1,0.5480593527768282,0.41358214375798363
spoof,1,0.6756894725563714,0.6839601194734475
spoof,1,0.6478706428123532,0.678719223928699
spoof,1,0.5630805586801443,0.4929822183227191
spoof,1,0.5986481043370657,0.4377220899644081
spoof,1,0.6867152967203216,0.657621962848723
spoof,1,0.5620144581240596,0.43205358897753415
spoof,1,0.6202932859958379,0.4845388304746229
spoof,1,0.6005491558267061,0.39117528387958506
spoof,1,0.7015662047903505,0.6551254370388064
spoof,1,0.639144288628373,0.40997256947670513
spoof,1,0.6068362231012341,0.5117282054043705
spoof,1,0.6638992939285583,0.5725324596773564
spoof,1,0.5495383037676486,0.3245513952328016
spoof,1,0.6366009827216834,0.6220907745001186
spoof,1,0.7116441006877344,0.572046830615053
spoof,1,0.6393464055590402,0.5565713162661237
spoof,1,0.6101524861398137,0.5887354859803897
spoof,1,0.739365193683346,0.5843491967567811
spoof,1,0.6428764642841278,0.6244468783410817
spoof,1,0.522907493082661,0.34222449630122825
spoof,1,0.537515834404903,0.3585034111698418
spoof,1,0.6122626846219835,0.43602311753617984
spoof,1,0.6535654092066161,0.6795971970372741
spoof,1,0.6547196013563418,0.48211837633691795
spoof,1,0.5855998900069621,0.4289880490626645
spoof,1,0.6526301923440764,0.5774589983185787
spoof,1,0.6700241929410858,0.4026677843099486
spoof,1,0.6572542475560865,0.6240111337454461
spoof,1,0.6386538559368355,0.6213119406151919
spoof,1,0.5901313245224608,0.5702058915699557
spoof,1,0.6749863023615752,0.5718311131410821
spoof,1,0.6599669558151496,0.6911503719455939
spoof,1,0.6579552990903299,0.5132745011965089
spoof,1,0.6252904267224565,0.6492480709942104
spoof,1,0.57191624812535,0.3586570242544749
spoof,1,0.6461998618698714,0.5693823531961975
spoof,1,0.6402346468014484,0.48116262569095114
spoof,1,0.6282974608718974,0.38015232304617885
spoof,1,0.6258179956450982,0.45791335904803765
spoof,1,0.6635333471849838,0.312454202373518
spoof,1,0.5155572656937039,0.43619594253647065
spoof,1,0.5633033101010633,0.37276477035514805
spoof,1,0.6547338332536091,0.4676799092470345
spoof,1,0.5763107674646795,0.32733321193259923
spoof,1,0.581021432521603,0.4613432420892141
spoof,1,0.6792389841940407,0.5572718069453503
spoof,1,0.5327369799976046,0.4556377141942658
spoof,1,0.6799138054493663,0.6963552305147342
spoof,1,0.5455733573400687,0.3655674533906314
spoof,1,0.6182452552018226,0.3907898391171869
spoof,1,0.6695862452884968,0.6948768199013944
spoof,1,0.6594222214636879,0.4807047703613325
spoof,1,0.6259025195882666,0.38904623878818617
spoof,1,0.574843771665287,0.3286700861646568
spoof,1,0.6694066882117957,0.46773105684318655
spoof,1,0.6587964893505066,0.44237356579012077
spoof,1,0.6676500481372468,0.47073083687403916
spoof,1,0.5654709909034072,0.48335712734587527
spoof,1,0.5673863949974078,0.4119825528416856
spoof,1,0.6972535159358513,0.6845657620939806
spoof,1,0.6981653710842237,0.6219095705129387
spoof,1,0.6890436837589878,0.5403981546045935
spoof,1,0.5291519240043567,0.31617756807786973
spoof,1,0.5209719893537363,0.41064829948022824
spoof,1,0.5382530436981507,0.512239932166014
spoof,1,0.6083500774104977,0.4889327755178735
spoof,1,0.6242001105472998,0.3724274665016234
spoof,1,0.6417271426912015,0.5856323015832539
spoof,1,0.599333222275456,0.44795005103595215
spoof,1,0.6383476800859396,0.6457628968485116
spoof,1,0.6935622825664551,0.5759041507769445
spoof,1,0.6835103386343562,0.6629896376880655
spoof,1,0.6212096442379873,0.4430230019984635
spoof,1,0.5258076270578298,0.33166446509022096
spoof,1,0.6668191495079985,0.4951837885152579
spoof,1,0.6381299931599119,0.6102224211270624
spoof,1,0.7636008343731107,0.6843898859737031
spoof,1,0.5364883384132605,0.35835194481833715
spoof,1,0.5876239172745951,0.30604287672512165
spoof,1,0.5103092025879729,0.4742190082477995
spoof,1,0.6744214296406652,0.5503751542612154
spoof,1,0.6626101330097718,0.4103141920915032
spoof,1,0.6912592991961266,0.6424983197875749
spoof,1,0.6323652796954655,0.4620312593325229
spoof,1,0.6822710680401974,0.45828229709357193
spoof,1,0.6616195434569266,0.6140008667954728
spoof,1,0.679536572405569,0.5044151663883933
spoof,1,0.5923039483959021,0.3174034799638002
spoof,1,0.6722286900713073,0.4520975587514897
spoof,1,0.6542511254120172,0.5562409012288566
spoof,1,0.5555963585268535,0.3958282333266942
spoof,1,0.7010151157939322,0.5545271599917163
spoof,1,0.607893854262955,0.3901544474784495
spoof,1,0.6052041544029765,0.336464394755046
spoof,1,0.5436784319398518,0.31247246024150316
spoof,1,0.6403547041547076,0.4671278412409375
spoof,1,0.6162267213511051,0.5494480630746263
spoof,1,0.6046818776247187,0.5421975548395861
spoof,1,0.5502571631240278,0.5435638589930254
spoof,1,0.545560625027975,0.38887252153644436
spoof,1,0.6055721487340947,0.5950229324777314
spoof,1,0.6517598550333518,0.5789104070323121
spoof,1,0.6127543148205883,0.34083756643079144
spoof,1,0.6978479351642183,0.5062895098070226
spoof,1,0.6573425546284465,0.6915854166749595
spoof,1,0.5471886548409908,0.31475442640669693
spoof,1,0.5346480774832633,0.3172748765500187
spoof,1,0.5868846824406977,0.4304973031904286
spoof,1,0.5746193649564294,0.4379517750720594
spoof,1,0.6501553119382668,0.4262219412777469
spoof,1,0.6354798188338938,0.32233823419462754
spoof,1,0.6505677758951989,0.34452933412104314
spoof,1,0.6023318767636694,0.45800803766826254
spoof,1,0.6825213169224484,0.505174832939782
spoof,1,0.6619445617067906,0.6195563620155771
spoof,1,0.6241677226739583,0.34210644928928896
spoof,1,0.6386906738859697,0.3497146759673357
spoof,1,0.6113858932336315,0.31754481073433805
spoof,1,0.611281441408721,0.4936473823313082
spoof,1,0.5943823592347496,0.3422007306333973
spoof,1,0.583082659899565,0.3996168970457684
spoof,1,0.6326352166216637,0.5622298774515847
spoof,1,0.6099997788151338,0.5676757550075564
spoof,1,0.610766004947553,0.41322202351301573
spoof,1,0.7217431521174464,0.6675303704600763
spoof,1,0.6168579390727608,0.3301264635240562
spoof,1,0.6634986269078861,0.6539922816995015
spoof,1,0.5767391483008076,0.3263663118972695
spoof,1,0.6074682631154478,0.3666286528285753
spoof,1,0.7189752084628326,0.6234084797931061
spoof,1,0.526456269259968,0.387060928029783
spoof,1,0.5493388690123138,0.3700689388505249
spoof,1,0.7095334419147887,0.6882311148083067
spoof,1,0.5678673522149805,0.3448582686217241
spoof,1,0.6359420591779161,0.6626895334087682
spoof,1,0.5706532958922714,0.3164714219671756
spoof,1,0.6878492523381537,0.6899731508110876
spoof,1,0.6102430438857813,0.35146428704036137
spoof,1,0.6447914825301455,0.5551388874005463
spoof,1,0.6282929435521026,0.5479200485394635
spoof,1,0.6136173611948738,0.33811224796461814
spoof,1,0.6717448518770899,0.6978120348820885
spoof,1,0.6612566149815796,0.6085337128084862
spoof,1,0.5797475901082247,0.3463081515070244
spoof,1,0.5986572367974708,0.482888616768429
spoof,1,0.5571453523809358,0.42823287463462734
spoof,1,0.6011109518982634,0.3848262680162593
spoof,1,0.657112948855157,0.43740245744129114
spoof,1,0.6258574417368516,0.6415637330168636
spoof,1,0.6002711815742717,0.5805319031433469
spoof,1,0.5822911374341684,0.38292565979919363
spoof,1,0.6789775428155089,0.6242591375277542
spoof,1,0.5660513922668702,0.45260070841618655
spoof,1,0.6607026118133837,0.5520105947151057
spoof,1,0.6136028144446052,0.4327135293586353
spoof,1,0.6568264189831536,0.538176858814073
spoof,1,0.6786332206377333,0.6856213676319578
spoof,1,0.6357146244496596,0.3609075890325155
spoof,1,0.52736114441383,0.347319164305733
spoof,1,0.6440842238061134,0.69755745980357
spoof,1,0.6107809221796011,0.42993485466210946
spoof,1,0.5650333444418509,0.4288127397369504
spoof,1,0.6216298974771184,0.4582576971710327
spoof,1,0.5554080528627124,0.30253731852351345
spoof,1,0.6496684919819471,0.5979081684091414
spoof,1,0.699486138468953,0.6488559628695142
spoof,1,0.6656747275033887,0.462541840059448
spoof,1,0.6942380104606463,0.6320758247725983
spoof,1,0.5464460752306542,0.3199564506500065
spoof,1,0.5451289651736647,0.3971771188072994
spoof,1,0.6487134845754087,0.5876030491901153
spoof,1,0.5837633247531587,0.4274567411933008
spoof,1,0.6048981147076016,0.4596594438421726
spoof,1,0.5874212553933245,0.39423570144006265
spoof,1,0.6734987748979704,0.6448007662934321
spoof,1,0.6906132437916349,0.478254587087943
spoof,1,0.5467959350670182,0.508554112285741
spoof,1,0.6368805989369795,0.3436541932834443
spoof,1,0.6665401610325208,0.5272312577497253
spoof,1,0.5288673041949892,0.32869079125059986
spoof,1,0.5470591119949321,0.3311000056391509
spoof,1,0.5366982604332531,0.5325701056879644
spoof,1,0.6346075335425683,0.35527594108666616
spoof,1,0.5322551957021896,0.3923417327149261
spoof,1,0.5933515312318435,0.4290450930430516
spoof,1,0.6787442365066376,0.626916038614269
spoof,1,0.5536170045826561,0.4298136450505598
spoof,1,0.5642128156628508,0.4307508199989712
spoof,1,0.5507651566099303,0.3252978736607899
spoof,1,0.6514088318841563,0.4139988212491344
spoof,1,0.5888334080208053,0.44929127445072004
spoof,1,0.6669375624276401,0.43537112624287944
spoof,1,0.6966009969909139,0.5820494606115412
spoof,1,0.7002298738791282,0.6108925758303506
spoof,1,0.6050018546938203,0.3036580177438909
spoof,1,0.6637323359426355,0.5615167648976265
spoof,1,0.6874365130738037,0.4488112356774428
spoof,1,0.5704698336202515,0.46573621557971484
spoof,1,0.6523857415410231,0.609429707383935
spoof,1,0.6066834329914301,0.5484338638159891
spoof,1,0.6494615469874638,0.6085997154783975
spoof,1,0.6282954732037659,0.5481892169229594
spoof,1,0.6688303482031497,0.6025096979235667
spoof,1,0.5848540123533388,0.5788864730883507
spoof,1,0.6602064125429272,0.5591194464548852
spoof,1,0.6910192883774784,0.6337952929451568
spoof,1,0.7535960660303644,0.6448665288291311
spoof,1,0.6050226317620974,0.47487404843761416
spoof,1,0.5756872956402429,0.40163821905413144
spoof,1,0.6542494246850109,0.4091744064534718
spoof,1,0.6554481243167176,0.6687856645325736
spoof,1,0.6731200945954353,0.5613525081134862
spoof,1,0.6390303370565071,0.46554816998390414
spoof,1,0.6721041184025021,0.6789311362963788
spoof,1,0.6984390552017874,0.6575778041968529
spoof,1,0.5995280929534462,0.5481655503575942
spoof,1,0.604837289375946,0.4126948370877196
spoof,1,0.5612525402556771,0.45643958385440575
spoof,1,0.638721300717668,0.47455029520361836
spoof,1,0.6040979951017761,0.47062582219836757
spoof,1,0.6414732065946528,0.46277864324000517
spoof,1,0.6775924236473388,0.633858528565825
spoof,1,0.7059935241978512,0.5689435481463814
spoof,1,0.6454331158189117,0.5466906493976914
spoof,1,0.6016459114210806,0.3601932176037132
spoof,1,0.6486297641456152,0.6626812070830868
spoof,1,0.6561589010403319,0.6166296697507592
spoof,1,0.6182032792215121,0.4513596249947004
spoof,1,0.6340550598913248,0.5839802295487955
spoof,1,0.601189993990126,0.6137124037230999
spoof,1,0.6536447282157191,0.4460713512447514
spoof,1,0.568468068640623,0.35510239581541253
spoof,1,0.6925891050113893,0.6734960557309964
spoof,1,0.6287422285880118,0.6598328751080345
spoof,1,0.6524288513687158,0.3510917066362775
spoof,1,0.5497241119949823,0.3511004851902797
spoof,1,0.5305709689274736,0.3252317573297203
spoof,1,0.5567910648768081,0.3833501915001174
spoof,1,0.6557107340071794,0.4879053420491841
spoof,1,0.5259313221842177,0.4084361391740583
spoof,1,0.5951289848930048,0.5314871288388782
spoof,1,0.6289160382527673,0.5431975972090979
spoof,1,0.73021893694963,0.6912685949766678
spoof,1,0.6275932808279001,0.4465506307532368
spoof,1,0.5857362870423243,0.4242970960425161
spoof,1,0.6222075585237579,0.43166311140527025
spoof,1,0.5972111804212874,0.3360206878930806
spoof,1,0.6118066228504204,0.47440870338195784
spoof,1,0.5796801193972055,0.4980223820227876
spoof,1,0.6534398526948934,0.5748291237876306
spoof,1,0.6395139106329524,0.5527342558537129
spoof,1,0.6848758288656732,0.5857020490405004
spoof,1,0.6324296994925227,0.5111144530116262
spoof,1,0.6430851564962001,0.5113462008391786
spoof,1,0.6446031833027955,0.35121804264194734
spoof,1,0.6147487221608625,0.46748059176329965
spoof,1,0.5687180868214633,0.3874267183520639
spoof,1,0.655219870594981,0.5350627919943477
spoof,1,0.610081979064735,0.4890932115369285
spoof,1,0.6209825694016784,0.5342892713897129
spoof,1,0.5910698069063876,0.36577770827694894
spoof,1,0.7014066105537475,0.6540790943011897
spoof,1,0.6449382059037118,0.5152478071555082
spoof,1,0.6140137768433999,0.6496232145651789
spoof,1,0.5967893413171229,0.40226213925717214
spoof,1,0.6645467227524108,0.3406002723221726
spoof,1,0.5982975961458182,0.4133975742218754
spoof,1,0.5591370847353683,0.3194761075218893
spoof,1,0.6107128834255018,0.5848818565409315
spoof,1,0.6295275857444084,0.668416991383372
spoof,1,0.6489953595165584,0.5218609134468818
spoof,1,0.6636722448264563,0.638715166730937
spoof,1,0.6375971510075986,0.49203087026735703
spoof,1,0.5061609578254141,0.300479437637818
spoof,1,0.6575372697918066,0.45520480222029386
spoof,1,0.6236909171229592,0.40638077975391995
spoof,1,0.7067297867341091,0.605105260531214
spoof,1,0.6142654127561401,0.3182093973919015
spoof,1,0.6540988640956511,0.5979046205492106
spoof,1,0.6280053755312861,0.327749960072058
spoof,1,0.6757167461290532,0.6497958221857874
spoof,1,0.5276821467201062,0.3222282734666691
spoof,1,0.6461007236836871,0.3855595038537767
spoof,1,0.7154573945088718,0.681146230730939
spoof,1,0.6417699779317816,0.5969079838415368
spoof,1,0.7198212793457144,0.6363483632817166
spoof,1,0.6082324453477701,0.42487960939763214
spoof,1,0.5086777383194714,0.3393308691127989
spoof,1,0.5930913109903012,0.44086541838392596
spoof,1,0.6134304228681959,0.35135074143833755
spoof,1,0.6473685270058501,0.6670072995325534
spoof,1,0.5150083691999341,0.36021293382818825
spoof,1,0.5962411203034914,0.6063429954615134
spoof,1,0.6231600264239565,0.41503684822869774
spoof,1,0.6066443461035228,0.523089610289547
spoof,1,0.607513537254795,0.5700756525154597
spoof,1,0.6947388573520785,0.6146984556415638
spoof,1,0.5569080630957338,0.36187977692483125
spoof,1,0.5958426935949367,0.6287473730065805
spoof,1,0.5999301577181957,0.33504801490466685
spoof,1,0.6442356595058645,0.5577524413583473
spoof,1,0.5879090589462596,0.4333124350501141
spoof,1,0.5501743697207152,0.41244009302670864
spoof,1,0.5413622705386164,0.3628264376937731
spoof,1,0.5931150836134619,0.3148402983168111
spoof,1,0.5833216912489665,0.31436985352172303
spoof,1,0.620437228855248,0.5504256972854369
spoof,1,0.5298149922298587,0.3261133797514361
spoof,1,0.6289535107097057,0.4293262167823237
spoof,1,0.626781032479282,0.3615058554724458
spoof,1,0.5939682774417971,0.4423899813305703
spoof,1,0.527148619321916,0.3655634110737028
spoof,1,0.6498044110824996,0.6341852998542649
spoof,1,0.5138641706710243,0.39304150374226743
spoof,1,0.5592182381638077,0.5348185678630147
spoof,1,0.6752339117739933,0.5675392783763923
spoof,1,0.6080914515605274,0.5039740532624287
spoof,1,0.6725458895245932,0.5470174876188634
spoof,1,0.626626676840991,0.3727645762016724
spoof,1,0.6706172062126795,0.6663301140820559
spoof,1,0.6357340154981945,0.6917677441823216
spoof,1,0.6047969745047729,0.5196804906352057
spoof,1,0.6148577897901741,0.4840934956191681
spoof,1,0.6760858240863459,0.6340463628082098
spoof,1,0.656843884162605,0.6600936099703829
spoof,1,0.6793286052939673,0.5914272211641487
spoof,1,0.6094837275856491,0.4287669192880674
spoof,1,0.6672797896941477,0.46126176802560304
spoof,1,0.6455200428147626,0.40982515390200125
spoof,1,0.6495345908439748,0.3924825072690881
spoof,1,0.5754365731919416,0.3171439499138849
spoof,1,0.6486399640370876,0.6064733439100174
spoof,1,0.5801544984703058,0.3461096745376117
spoof,1,0.6293090823639298,0.4335829818229804
spoof,1,0.5465890460554804,0.4466676807708961
spoof,1,0.5628761475992887,0.33875691214363224
spoof,1,0.5875648142745117,0.5045048781773419
spoof,1,0.5855149703212386,0.6604246908656467
spoof,1,0.5942252311740549,0.5214729247666554
spoof,1,0.5721896912079103,0.34868168285454937
spoof,1,0.6265470653682674,0.4593663252621207
spoof,1,0.7410930505802199,0.6560208506627746
spoof,1,0.6612635298868964,0.5411073414044121
spoof,1,0.5475909102527444,0.3379006969860131
spoof,1,0.6007372253929986,0.38065398629852576
spoof,1,0.7350215394255853,0.6806987494268738
spoof,1,0.6334629186678262,0.6314267860903182
spoof,1,0.5646567942657835,0.39881271589008593
spoof,1,0.6898890595869536,0.5608015512219516
spoof,1,0.619592222015297,0.6980323916751854
spoof,1,0.5849874900863566,0.6183955401638124
spoof,1,0.6450816218573174,0.6281408239299988
spoof,1,0.6068938306501446,0.6685481857002438
spoof,1,0.630208396088094,0.5423096240072659
spoof,1,0.5852642881451621,0.49157737279446856
spoof,1,0.6137636562997977,0.5089795952755471
spoof,1,0.6683374726832945,0.47628578833616514
spoof,1,0.5835753000053933,0.34697574163159817
spoof,1,0.6554614583153425,0.5828120054180956
spoof,1,0.6517537371179887,0.591326933197324
spoof,1,0.5538975001217732,0.5045934511613108
spoof,1,0.6206784476958267,0.6439580600837808
spoof,1,0.6591840669660379,0.3128014983074917
spoof,1,0.6016297322206677,0.49031181284632624
spoof,1,0.6628414460481977,0.41137219776950285
spoof,1,0.5994604898797078,0.4201719057650067
spoof,1,0.5959835815501326,0.49949093393608435
spoof,1,0.7520051968216019,0.6802539596181859
spoof,1,0.5658456558125747,0.449208474908071
spoof,1,0.6578688651970953,0.41935904588708844
spoof,1,0.690245637886617,0.48280222013747964
spoof,1,0.678548404866061,0.6617244127351548
spoof,1,0.5682407031799698,0.4362656615694628
spoof,1,0.7288579253630068,0.681174627871992
spoof,1,0.6487782203919178,0.5533315770126808
spoof,1,0.6519592863306228,0.5286544726351038
spoof,1,0.531521075531468,0.4238655941369642
spoof,1,0.585882028979305,0.3477013729415603
spoof,1,0.5616153297950526,0.37075694161712086
spoof,1,0.5639511258560357,0.3662707122137508
spoof,1,0.681535822435011,0.677789392926305
spoof,1,0.6526018148893904,0.39467693011040633
spoof,1,0.5670453188609028,0.4858610941511967
spoof,1,0.6916771884070299,0.654770088143716
spoof,1,0.7142579211465584,0.5918115209374253
spoof,1,0.5779733430214422,0.5055024402268506
spoof,1,0.5294548232589842,0.32210675701925545
spoof,1,0.6509614209612168,0.6754892973072023
spoof,1,0.62421678368928,0.652809229945116
spoof,1,0.6731409223065948,0.6799908411200094
spoof,1,0.6450395309383457,0.364776974863036
spoof,1,0.6483064181874131,0.40888372825700753
spoof,1,0.6402662500272505,0.4686666153501361
spoof,1,0.6835463607084706,0.6656424042929023
spoof,1,0.5771539187885208,0.3302659529360758
spoof,1,0.6646983690569684,0.602750478349753
spoof,1,0.6580221537973722,0.6590993729756274
spoof,1,0.5337865547679934,0.38288466175543545
spoof,1,0.6349953756230997,0.3715115548708803
spoof,1,0.5955197009614057,0.47642472105357425
spoof,1,0.7006119506681673,0.6508071602995175
spoof,1,0.591972515615462,0.39954627989329583
spoof,1,0.5795138628795793,0.3422186847459949
spoof,1,0.6298612411589981,0.6180394065732426
spoof,1,0.6618872806101598,0.6628233170934797
spoof,1,0.6396962103385593,0.6297958436080269
spoof,1,0.5560185668036055,0.35784378536775635
spoof,1,0.5834966136286553,0.5176241248612456
spoof,1,0.6485359055901687,0.3713246499518655
spoof,1,0.5701814226761814,0.3407822163371347
spoof,1,0.5815163770229379,0.3026998709868241
spoof,1,0.5839298030420482,0.48174433098181546
spoof,1,0.6431622170407556,0.4297152625913409
spoof,1,0.5926712188947622,0.4099891571137704
spoof,1,0.640936763073272,0.55766935760881
spoof,1,0.5967802771306627,0.33753326346941365
spoof,1,0.7169819714576178,0.6572882330064032
spoof,1,0.6891208745808864,0.6171099062755554
spoof,1,0.7329188427892664,0.668749608069872
spoof,1,0.6356264608977163,0.508649702504629
spoof,1,0.7223021820833173,0.5530797202384381
spoof,1,0.631737689338226,0.4236073155329751
spoof,1,0.5928542354331585,0.6158508885989145
spoof,1,0.5585931327687648,0.3083639903319879
spoof,1,0.567777203140691,0.4557980739953093
spoof,1,0.5976056905947829,0.4770604067096128
spoof,1,0.6383705114206001,0.46913641136596185
spoof,1,0.6215634619336154,0.3669796772049109
spoof,1,0.6072887753616458,0.3700397761169864
spoof,1,0.625218668996675,0.48371584572861814
spoof,1,0.5718369807085715,0.49824615915884374
spoof,1,0.6412248619282722,0.44221103078016144
spoof,1,0.6380591302204205,0.6534247805179368
spoof,1,0.6597496502088986,0.5051192073827402
spoof,1,0.6359427289548634,0.3358853550650015
spoof,1,0.6371464117266793,0.48310993343853903
spoof,1,0.6634651043952794,0.4577899994724968
spoof,1,0.6345415675986413,0.39719448640342137
spoof,1,0.6131748817330323,0.5243986427147169
spoof,1,0.6776358969566256,0.6258186953379664
spoof,1,0.6289578615509138,0.646730302256953
spoof,1,0.6608896080822614,0.6874287851966302
spoof,1,0.5475705979208653,0.419196482411439
spoof,1,0.5741878424719171,0.3011822403485659
spoof,1,0.6897674375861399,0.6615636220369312
spoof,1,0.6703353490002874,0.47576831890594795
spoof,1,0.6257743049209289,0.40990418563568987
spoof,1,0.6463711833871918,0.6958421720470513
spoof,1,0.6479387998248758,0.5431192474226149
spoof,1,0.6171933722573013,0.6542490456253118
spoof,1,0.5996772217154984,0.4026121854125839
spoof,1,0.6951231932197267,0.49904637360172155
spoof,1,0.6372612106487849,0.5763341356012918
spoof,1,0.6573247164217155,0.4926079577233707
spoof,1,0.6848738395639612,0.6735603824033621
spoof,1,0.6465978832098321,0.6356036689413722
spoof,1,0.5913642790808862,0.3227840979715644
spoof,1,0.6943607925029098,0.6588502617367065
spoof,1,0.6220312052602431,0.402285444047443
spoof,1,0.6129249856338503,0.5314856298732148
spoof,1,0.5955317582313414,0.422246384305995
spoof,1,0.6773606720861725,0.6260407684529379
spoof,1,0.6465911036282738,0.4109833406448875
spoof,1,0.5835670147725466,0.36665887421537735
spoof,1,0.6765054678429437,0.5319699233359674
spoof,1,0.6022202994155073,0.3826912857677327
spoof,1,0.7178215156524373,0.6484362859039756
spoof,1,0.6999272101959814,0.674357616331325
spoof,1,0.547505659341067,0.46491134944159007
spoof,1,0.6049664177829727,0.5888458215143465
spoof,1,0.7336278578627601,0.6994345042546626
spoof,1,0.690346479084995,0.6740973608956271
spoof,1,0.6354328644057337,0.44212584047130926
spoof,1,0.5477304306840992,0.4877167375698058
spoof,1,0.6599655221447183,0.6619922322272531
spoof,1,0.5945618541966257,0.3169648363833906
spoof,1,0.7041032696877108,0.6312884800660007
spoof,1,0.5802750004815963,0.31532924840844584
spoof,1,0.6563772942921747,0.6530984898125156
spoof,1,0.6593084975171652,0.5601350119315114
spoof,1,0.5751601797003225,0.3811324914034332
spoof,1,0.5964490770973399,0.445823482463283
spoof,1,0.578446250670067,0.35114647267445226
spoof,1,0.5710063933825531,0.4607010654475061
spoof,1,0.6723868553107469,0.6065690366523594
spoof,1,0.5624919881439644,0.5012113222035626
spoof,1,0.6582277762469431,0.5079384953539253
spoof,1,0.5861554858368397,0.6936583257099791
spoof,1,0.6970796244058495,0.6192381143289578
spoof,1,0.7138691127594798,0.6886243182465664
spoof,1,0.7231279701103472,0.6878254653921089
spoof,1,0.5616223380904256,0.5895870235004435
spoof,1,0.7509280762884296,0.6877352246564357
spoof,1,0.6052418056971345,0.3249925881041814
spoof,1,0.6437865391035739,0.6254298106558036
spoof,1,0.5960223798156027,0.3621087609587663
spoof,1,0.6497738078772086,0.5940983009369678
spoof,1,0.6123729606558517,0.6697620775662623
spoof,1,0.47308115565535575,0.3012752000700527
spoof,1,0.5437780989839766,0.38461451054934354
spoof,1,0.6260585271159486,0.5188408544552491
spoof,1,0.6969812641678174,0.6016346262586667
spoof,1,0.5912011204794029,0.45447810551363094
spoof,1,0.7065391409486378,0.6977405098176102
spoof,1,0.5708917091961955,0.3423006503185571
spoof,1,0.5762943365756154,0.44756100362747897
spoof,1,0.6841977974213791,0.4856155278737002
spoof,1,0.5605571536186112,0.3353925464389647
spoof,1,0.6151676515261308,0.43328816275908555
spoof,1,0.5157833342638776,0.4479964892960209
spoof,1,0.6246881278562373,0.5769046105339972
spoof,1,0.6581286601906853,0.4672232400786611
spoof,1,0.7320381398778183,0.5988324994445626
spoof,1,0.5885248192704303,0.33872671585825276
spoof,1,0.5734896722616987,0.5410241236205313
spoof,1,0.6475728861420076,0.4649816024676569
spoof,1,0.6224064356555284,0.3819962949894542
spoof,1,0.675503289108531,0.5262047939479277
spoof,1,0.6539250707828558,0.3894838224501104
spoof,1,0.5738695046482659,0.3133420178215713
spoof,1,0.6322624941421404,0.5383164004456599
spoof,1,0.5967191388580079,0.4812994969017089
spoof,1,0.7088056787919921,0.6801644636158759
spoof,1,0.5613748971247686,0.40197589899426434
spoof,1,0.6016904512484554,0.5335858814795248
spoof,1,0.7143986444916691,0.6334904177017696
spoof,1,0.47471547944442827,0.4097892498380062
spoof,1,0.5406524167281712,0.36308703312039436
spoof,1,0.5988493860732593,0.342241657600845
spoof,1,0.716938298273516,0.6619161983640545
spoof,1,0.7966331031375814,0.6732847361245478
spoof,1,0.6119462989872589,0.5042315528438788
spoof,1,0.6586020386598238,0.5616878827288123
spoof,1,0.6018891255834595,0.5003712147778507
spoof,1,0.6203444531735329,0.4512812229627992
spoof,1,0.6658804878759192,0.6216818887314315
spoof,1,0.672268314241492,0.540701351623309
spoof,1,0.6439533473967713,0.6632922118252529
spoof,1,0.533767028215811,0.36093199030959405
spoof,1,0.6050857532756788,0.31419943331709815
spoof,1,0.7151065346114489,0.6755776940649799
spoof,1,0.5271556142330864,0.30156754242049716
spoof,1,0.7402603114312183,0.691749566264612
spoof,1,0.6078996959860758,0.48792855708504346
spoof,1,0.615102022622464,0.5326418352991088
spoof,1,0.5948837443600734,0.41564254320901567
spoof,1,0.7620017219487915,0.6581364701821013
spoof,1,0.6389784534579813,0.43041852169256456
spoof,1,0.6605775309668678,0.42351884805514506
spoof,1,0.5658322144130395,0.3713192404438414
spoof,1,0.6492867938545828,0.6969579154684519
spoof,1,0.5782955376356129,0.3002334610080617
spoof,1,0.551533301747661,0.5573726056146271
spoof,1,0.5832750579295051,0.42461097559920136
spoof,1,0.6060437158557648,0.5842702358151362
spoof,1,0.6303193029945371,0.675584311315073
spoof,1,0.6271282373465769,0.5043960909638159
spoof,1,0.6621698153529542,0.6595664141764855
spoof,1,0.6512147490275614,0.5400817323581153
spoof,1,0.6263918574714313,0.5870532792219842
spoof,1,0.6346780232001279,0.4283563768211197
spoof,1,0.6608352735266214,0.6269420947311293
spoof,1,0.6699821785465309,0.5950559985869304
spoof,1,0.7084936352613517,0.46142403793371023
spoof,1,0.6208777047021377,0.42304056915798055
spoof,1,0.6535639904046894,0.6182203727828053
spoof,1,0.7034678682520995,0.6360568816738726
spoof,1,0.6181275637856916,0.3080128587703418
spoof,1,0.6910216248614429,0.6901383823234842
spoof,1,0.6621317283788349,0.3338791088619065
spoof,1,0.6901401853901339,0.5890961163663172
spoof,1,0.5836067022467323,0.45339066639250963
spoof,1,0.6565859270340049,0.43215097532680585
spoof,1,0.6346348034021292,0.693312038561732
spoof,1,0.6802947190986736,0.5818800837908185
spoof,1,0.5254841429914794,0.33328658393338095
spoof,1,0.6214671096430162,0.4727287722987088
spoof,1,0.5578506830612382,0.4688076966022571
spoof,1,0.5922773626672588,0.3736742118187588
spoof,1,0.5658705397973226,0.42965476142023
spoof,1,0.6619942365422011,0.5968993937387734
spoof,1,0.57917842252433,0.3421848785819659
spoof,1,0.5384312372084089,0.3894876815979018
spoof,1,0.6303342830760693,0.5699678186074422
spoof,1,0.49823226237890633,0.3542441171798054
spoof,1,0.7146155043087007,0.6575338351143808
spoof,1,0.5505293429232738,0.3117130459644744
spoof,1,0.5803339550628592,0.4364084752296426
spoof,1,0.6549218738214332,0.6592066875087633
spoof,1,0.636392646957522,0.38965740109559194
spoof,1,0.6474928087495063,0.6151976025169015
spoof,1,0.7076324862643701,0.564867123878547
spoof,1,0.5370927697524359,0.36973827133909254
spoof,1,0.616627770030262,0.4156268391233075
spoof,1,0.6693347712752867,0.5351816127525224
spoof,1,0.674804292310726,0.6498292371511847
spoof,1,0.47698494571801575,0.3921442958327907
spoof,1,0.6226292844985035,0.45428124844255213
spoof,1,0.6563060743275895,0.6672300784880614
spoof,1,0.6505680868842959,0.4622943079396409
spoof,1,0.7350936428896928,0.6873744328147835
spoof,1,0.6298022104784923,0.5746602363381299
spoof,1,0.6295950104849635,0.4585108319060527
spoof,1,0.5091677962656417,0.39166392049985466
spoof,1,0.5982797431942116,0.44846251799942305
spoof,1,0.6141007618891112,0.4574887684448699
spoof,1,0.7146581154870684,0.6730317834635984
spoof,1,0.6650125618764191,0.5021249910614799
spoof,1,0.5597221789334573,0.39382638837840955
spoof,1,0.6614545405217213,0.5101933899817641
spoof,1,0.6183520148615399,0.45722596579412905
spoof,1,0.5992207072455005,0.4377487267327076
spoof,1,0.6553189987209108,0.46280390150315154
spoof,1,0.6492375417644921,0.49826715244201303
spoof,1,0.6874109439458793,0.5087331892329283
spoof,1,0.6804479907577758,0.554800250447345
spoof,1,0.6245096213848769,0.4891421406229351
spoof,1,0.6370995534860359,0.6620566805227801
spoof,1,0.6443520390325723,0.5911043169328078
spoof,1,0.6461460409023765,0.5461668696759054
spoof,1,0.6406108806121612,0.6603665146969563
spoof,1,0.5971756198019871,0.42294095679601407
spoof,1,0.6312361408141833,0.4518277273799689
spoof,1,0.6319388202972187,0.3691139815840664
spoof,1,0.6245298055290616,0.6694917039289556
spoof,1,0.5839938090192991,0.4535494461876743
spoof,1,0.6418086631066018,0.66265284632782
spoof,1,0.5825452489415069,0.5449267808387045
spoof,1,0.5885747945113243,0.31084288772599394
spoof,1,0.582615958630484,0.3952211852631227
spoof,1,0.6698726284464562,0.5274372135408436
spoof,1,0.6176129921907025,0.4123585000175514
spoof,1,0.5242919540377247,0.3353481878357878
spoof,1,0.5978222559445008,0.4663210572560265
spoof,1,0.6389087970431614,0.5270844198750511
spoof,1,0.7051028730186643,0.5058987214931416
spoof,1,0.6687749534162721,0.5995124838359904
spoof,1,0.519501113641991,0.3206426913860274
spoof,1,0.5962526238840662,0.4294549910334158
spoof,1,0.5670987356992451,0.49699636371739164
spoof,1,0.6992064485686267,0.5630441924531969
spoof,1,0.5708481589381229,0.31711032403681705
spoof,1,0.6584380205776365,0.5760905592255696
spoof,1,0.5575401403775445,0.3571278678653276
spoof,1,0.6223864861366553,0.6143912143278282
spoof,1,0.5914631207031028,0.44694788950567527
spoof,1,0.6212745302819574,0.5402547909397212
spoof,1,0.6187484424108893,0.6514685767495095
spoof,1,0.653720150518452,0.47450790852748087
spoof,1,0.6387502361417798,0.5778531950118366
spoof,1,0.666713713114181,0.4962105329630597
spoof,1,0.6387588029637227,0.4629057191548781
spoof,1,0.6790400441527615,0.5689564954189069
spoof,1,0.5895357998573101,0.42397575609449634
spoof,1,0.6458775758612915,0.6622145036604583
spoof,1,0.6478984334496549,0.4043161324091181
spoof,1,0.6424983282008878,0.5088149141128822
spoof,1,0.6366297058609244,0.5495474069045059
spoof,1,0.6575979566422929,0.5773433776975332
spoof,1,0.5791410749905403,0.3630875271624945
spoof,1,0.5957618057746961,0.4889250379941933
spoof,1,0.6562222307496786,0.6666401956192147
spoof,1,0.5963183760106923,0.5356983963005348
spoof,1,0.6869155547619975,0.5599368690934214
spoof,1,0.610837820851665,0.36525227778271724
spoof,1,0.5450699182421422,0.4628649302869465
spoof,1,0.6087138377419129,0.4066546240222716
spoof,1,0.6319908555791606,0.5299961611365649
spoof,1,0.631652392687618,0.6470163001521013
spoof,1,0.5829736277587801,0.44272663355175174
spoof,1,0.5939388406367462,0.4343501086240096
spoof,1,0.6344761328104498,0.4478235463142577
spoof,1,0.5675430360708613,0.3417691149557042
spoof,1,0.68127401239171,0.6202580892987628
spoof,1,0.6201580843305049,0.39105661588019225
spoof,1,0.5990250549234675,0.4391243645184264
spoof,1,0.5531775047652263,0.40776608712752593
spoof,1,0.5851118133430141,0.38164294251530084
spoof,1,0.6406641707591261,0.3642846966594827
spoof,1,0.6368961345687271,0.6825325124873343
spoof,1,0.6676125567876625,0.5911614891713908
spoof,1,0.6121161623765888,0.40932064811382163
spoof,1,0.5904422619525057,0.46735120012007814
spoof,1,0.5876997107310192,0.3033833965119211
spoof,1,0.632152823837596,0.5107369797896043
spoof,1,0.743095949951411,0.6196878885704069
spoof,1,0.6188677546023162,0.4622379057592388
spoof,1,0.5047791412875723,0.3493974181769462
spoof,1,0.6236692080014401,0.6016541994380094
spoof,1,0.6054270652520295,0.5427545974891309
spoof,1,0.599951159696671,0.5114412471730481
spoof,1,0.6269065770857827,0.40468008766997304
spoof,1,0.5553350977508951,0.40157896555987427
spoof,1,0.5485535571134345,0.33691044491075317
spoof,1,0.6660852071884547,0.6828689664670091
spoof,1,0.646517693387449,0.6256934854278853
spoof,1,0.5321470314539426,0.32263822999799513
spoof,1,0.5784810007542671,0.36591032523639067
spoof,1,0.6352245861377009,0.5242465212224877
spoof,1,0.546488523249466,0.3239477949071906
spoof,1,0.5799288996750493,0.3713322121408666
spoof,1,0.6746562417134283,0.6868155173057392
spoof,1,0.6810639790326624,0.6263742508082388
spoof,1,0.7123699703780969,0.615221036707484
spoof,1,0.6561210565708957,0.5432922015211712
spoof,1,0.630221377380375,0.4962381270410253
spoof,1,0.5771064032892573,0.3951644329821169
spoof,1,0.6007091206906131,0.3757135015112576
spoof,1,0.6407630156332619,0.6936647376519207
spoof,1,0.5867944905843345,0.45015372598241077
spoof,1,0.6044614149591874,0.48130005189947533
spoof,1,0.5926207409406395,0.3771380562073318
spoof,1,0.5310165418108546,0.3709998955859075
spoof,1,0.6247407107192207,0.48585037979080625
spoof,1,0.614302510180257,0.440346521319823
spoof,1,0.6448122897210273,0.6927527875383808
spoof,1,0.6065964471028804,0.39110695382462346
spoof,1,0.697572514148128,0.6968251754822271
spoof,1,0.7138365704697992,0.6226316257574742
spoof,1,0.6686495642720626,0.5348571249639934
spoof,1,0.7140624739406739,0.5950396431593675
spoof,1,0.6554586414993029,0.41709392401933115
spoof,1,0.6395900124485495,0.46683026153854656
spoof,1,0.6526740779563723,0.3784268211011069
spoof,1,0.594599608704817,0.4010070227737039
spoof,1,0.5430019218330628,0.43082261126647575
spoof,1,0.645200684351241,0.3366750498689563
spoof,1,0.5679228614054657,0.3658475046112596
spoof,1,0.6312072908425564,0.6924870536026274
spoof,1,0.7121336138523523,0.6239839062024627
spoof,1,0.634862078701211,0.35676277802369344
spoof,1,0.6580696191229805,0.44425222877896114
spoof,1,0.7236183858685694,0.6221156448871898
spoof,1,0.6406655856914962,0.42594683724971855
spoof,1,0.5528846914512585,0.31970091366708014
spoof,1,0.6511945744381374,0.5378292662585562
spoof,1,0.6824890114304011,0.5060208410623575
spoof,1,0.6256918221914641,0.4908902164233525
spoof,1,0.7471788418147822,0.570069826367684
spoof,1,0.5913058723072501,0.604390051838551
spoof,1,0.5863779815063204,0.5211878218892168
spoof,1,0.6189276296330581,0.4655904024475279
spoof,1,0.6091459130043962,0.6464495854659776
spoof,1,0.7149631222054328,0.6369408771219396
spoof,1,0.6628270318740617,0.5577338238448144
spoof,1,0.5925626934907381,0.48922259391378486
spoof,1,0.698180626377305,0.6221202877909425
spoof,1,0.5824134478417297,0.47711707729907055
spoof,1,0.5819431725961516,0.5737282112916673
spoof,1,0.645350886147552,0.6375709430869165
spoof,1,0.5804570637282014,0.3559971258374215
spoof,1,0.6961871389249373,0.6776850295299488
spoof,1,0.677601435023057,0.4763017249629964
spoof,1,0.5984163498514278,0.5011901108622304
spoof,1,0.5719377258131321,0.4175681829872764
spoof,1,0.5891800347136158,0.3748713961473292
spoof,1,0.6198776507338433,0.3082979820457238
spoof,1,0.649652790141756,0.6061862354549126
spoof,1,0.6284316766023824,0.5429533593041611
spoof,1,0.6486912594883483,0.579424198558683
spoof,1,0.6649383265536842,0.6849978872479856
spoof,1,0.6788040258474604,0.47648780878193686
spoof,1,0.5674716509305737,0.30868890548624667
spoof,1,0.721508994442671,0.5269745176296541
spoof,1,0.6965491285736762,0.6594502118499074
spoof,1,0.6744365395154491,0.6046518485473662
spoof,1,0.592625664075054,0.49258364847220604
spoof,1,0.654063418993739,0.5652615891045398
spoof,1,0.6946419176695098,0.6353208373736166
spoof,1,0.5397354197616925,0.3781881847276819
spoof,1,0.637290760694272,0.5445558611027975
spoof,1,0.5618064528111091,0.36866713459723083
spoof,1,0.596480270876743,0.4957227347951896
spoof,1,0.6746016125761898,0.4761437797671816
spoof,1,0.6744896750900999,0.5885729738666554
spoof,1,0.6101942284297698,0.4401959748055219
spoof,1,0.6274796373250773,0.3076000031325019
spoof,1,0.679676904294823,0.4541617151705573
spoof,1,0.6042961206049974,0.307618669013249
spoof,1,0.716242874225057,0.6771961244954456
spoof,1,0.6901248396950905,0.5893237897326417
spoof,1,0.6410029996695852,0.4866661552836234
spoof,1,0.7286227673024356,0.6734521348898376
spoof,1,0.6005090793446526,0.5400152812523994
spoof,1,0.6175662749838507,0.6091542168307233
spoof,1,0.5403855284622855,0.30777470758800274
spoof,1,0.5531789105264276,0.44612748458401785
spoof,1,0.5109869014319632,0.3203418881467877
spoof,1,0.7004992881525772,0.6987570180919732
spoof,1,0.6499456745192291,0.45343588248761324
spoof,1,0.6147746894786845,0.4736782283554202
spoof,1,0.6943207038248416,0.6106103817184357
spoof,1,0.5679134068161962,0.326019775441636
spoof,1,0.5681245836543879,0.4669566311774628
spoof,1,0.645003096694134,0.5009475981277011
spoof,1,0.552016073551762,0.44254388001258965
spoof,1,0.6274984042663109,0.3571701017505406
spoof,1,0.49839529210704087,0.3418615292736525
spoof,1,0.652409887172973,0.6729510685974012
spoof,1,0.5166175696341254,0.3008791844205776
spoof,1,0.6761833512313853,0.5957124845384059
spoof,1,0.6145017165092022,0.5121968375886647
spoof,1,0.6246086465650907,0.46119554542564367
spoof,1,0.7116680435877136,0.5888316353726057
spoof,1,0.6052241247402701,0.480119367526474
spoof,1,0.672016794673746,0.594657911241045
spoof,1,0.5918808746842795,0.4987638153463386
spoof,1,0.5576554094558582,0.42215431348350096
spoof,1,0.627157718309796,0.5028774498762542
spoof,1,0.5375327217362031,0.3075873397230878
spoof,1,0.6320635975893704,0.4651173608977495
spoof,1,0.5910768618118072,0.3680272306900432
spoof,1,0.640173939658427,0.4003742839070499
spoof,1,0.6206435825335268,0.4276684183386583
spoof,1,0.6155244465795482,0.47645827019183373
spoof,1,0.5694965996412884,0.4126610093443445
spoof,1,0.5810949556472114,0.4586360589282044
spoof,1,0.6449102800973342,0.46216158936245455
spoof,1,0.643358234363881,0.6859661052131301
spoof,1,0.5791677187677251,0.5353352978283172
spoof,1,0.5530124097391071,0.3478150105719409
spoof,1,0.590666421703909,0.4949370497819084
spoof,1,0.6799294818045334,0.40450402444031974
spoof,1,0.6589476388966624,0.5285080890619114
spoof,1,0.663145607185764,0.4530418859130939
spoof,1,0.5629619145576876,0.3059440612194416
spoof,1,0.6890594284061291,0.5779315336308976
spoof,1,0.6247369676023395,0.32179517757222964
spoof,1,0.6506988163637223,0.6760875539773933
spoof,1,0.6819198999734262,0.559809778264003
spoof,1,0.6826886283975546,0.625911896282499
spoof,1,0.679431439101585,0.6715114732414017
spoof,1,0.6032679488588348,0.3424393358892372
spoof,1,0.5703752329163949,0.47371603341925683
spoof,1,0.5955097890183798,0.5277063750387241
spoof,1,0.6737223469812509,0.660186872199777
spoof,1,0.5948791236306178,0.41427992927950785
spoof,1,0.523086262285663,0.334572160599355
spoof,1,0.6119266935793461,0.4284302139446401
spoof,1,0.6050594130666167,0.4630318893894876
spoof,1,0.5886553691221112,0.43853050424480855
spoof,1,0.5727019853428768,0.42169598888902754
spoof,1,0.565671878707116,0.45466976922868907
spoof,1,0.5922253774929694,0.32692599061955835
spoof,1,0.6080995951319301,0.42493334888372414
spoof,1,0.6648640644456596,0.6212043073074449
spoof,1,0.5709048877193991,0.4267548568002979
spoof,1,0.7156212191826014,0.6940244784376552
spoof,1,0.6707928080576665,0.6578815226691479
spoof,1,0.5617812489375528,0.38219638490885277
spoof,1,0.594603651400601,0.43771237616600744
spoof,1,0.6044064950645783,0.4640556488049889
spoof,1,0.6860378119838582,0.5113644544080866
spoof,1,0.5785359530234042,0.3517323044104372
spoof,1,0.5923192335454244,0.4752583173927781
spoof,1,0.7643846612150402,0.6611573228224227
spoof,1,0.6119140888642887,0.46042348605830763
spoof,1,0.5530752170432263,0.4343694329811046
spoof,1,0.6490428347861545,0.5214577720066278
spoof,1,0.6935421626535447,0.6020965427039711
spoof,1,0.6158195188302007,0.542102113629644
spoof,1,0.5874221313299061,0.47209295812133745
spoof,1,0.6202614855982244,0.31613293515942403
spoof,1,0.5932327511329383,0.3797282364199291
spoof,1,0.6543143038173552,0.5266335390202936
spoof,1,0.6143053666559067,0.5450714630078446
spoof,1,0.566482489380854,0.3530934007658322
spoof,1,0.5678388622167871,0.407445605249534
spoof,1,0.5394141631685794,0.40946691566844895
spoof,1,0.6449741230789211,0.48179451848639393
spoof,1,0.64662951005809,0.4889786783142115
spoof,1,0.5894360914549356,0.5085570808554526
spoof,1,0.6817452065647434,0.6367385918998074
spoof,1,0.655078550354252,0.6855469637021795
spoof,1,0.6045784312891342,0.3038813422087733
spoof,1,0.7118752791480784,0.6072628074943507
spoof,1,0.6245567639707222,0.5574680728332662
spoof,1,0.5856638629682401,0.3878264686662225
spoof,1,0.5579255940909388,0.4640102929563151
spoof,1,0.7825123919820166,0.6822791874072437
spoof,1,0.6155972959988223,0.48242566931898734
spoof,1,0.6532215446140318,0.6363666880319679
spoof,1,0.6134156704684931,0.588850259934594
spoof,1,0.5928290158108297,0.474550259375348
spoof,1,0.6200984390005756,0.3499345906224968
spoof,1,0.6554087434721291,0.6701829689431998
spoof,1,0.6835161734409172,0.6573371873453557
spoof,1,0.6687774388255109,0.5339421542113154
spoof,1,0.6754200504295349,0.4040705810115035
spoof,1,0.6826559550339597,0.6747397127912782
spoof,1,0.6371211832515888,0.48710899328532387
spoof,1,0.6393113658121926,0.3878008667273975
spoof,1,0.5682187967772981,0.45234365513088914
spoof,1,0.5978904303051766,0.31319759883172577
spoof,1,0.6209286731499948,0.6598933110938278
spoof,1,0.578492302379718,0.4283246636593316
spoof,1,0.6752670198082475,0.5489334015676317
spoof,1,0.5403457484797883,0.5027604345316082
spoof,1,0.6151404027263582,0.3572124601820812
spoof,1,0.5897104508039424,0.36569301364480555
spoof,1,0.5670385595328621,0.5399170262910797
spoof,1,0.7084455741579608,0.6883766114665196
spoof,1,0.580784939972358,0.4788038078353716
spoof,1,0.5889252308913726,0.41224969360688785
spoof,1,0.6767765628013968,0.658033550302199
spoof,1,0.6022002121282048,0.47637212930157713
spoof,1,0.6264232459947681,0.5677615064188122
spoof,1,0.5983429076740866,0.5277065689125546
spoof,1,0.63645830388585,0.5443870460020963
spoof,1,0.6286798253080449,0.6280257148424551
spoof,1,0.5862995891416038,0.31806479468166066
spoof,1,0.663481542267665,0.6759799817291289
spoof,1,0.6114309435414309,0.5513807659173744
spoof,1,0.6021445109249424,0.41132030167524236
spoof,1,0.6463473625544311,0.5269239689651868
spoof,1,0.68050309845871,0.6500871152128351
spoof,1,0.701352366442012,0.6257040912773588
spoof,1,0.6653572155425835,0.6684195448220902
spoof,1,0.6886823346984358,0.6688963646713711
spoof,1,0.605160602740676,0.3852659033839603
spoof,1,0.6686855344667288,0.397482463137101
spoof,1,0.6729350885614767,0.6929931159708379
spoof,1,0.5274837281304035,0.39332360086874163
spoof,1,0.6761712300990951,0.6909107157258455
spoof,1,0.6048093473187741,0.44791869668845374
spoof,1,0.55927354417414,0.3970457635914
spoof,1,0.6885110669296814,0.43716004745184023
spoof,1,0.6944342591284773,0.6596202521724813
spoof,1,0.6644876773019006,0.6305023093276058
spoof,1,0.6651367138264449,0.6298165537826079
spoof,1,0.6251606744290299,0.5402477683890656
spoof,1,0.6893999548637113,0.6304519028266025
spoof,1,0.6143603383410617,0.3401704723842236
spoof,1,0.7292811034059716,0.6913810719018931
spoof,1,0.6513649442788316,0.5914772588567998
spoof,1,0.6464625515353899,0.5828897405267655
spoof,1,0.6463733223783215,0.644708907591951
spoof,1,0.6374729705485536,0.5293135066222969
spoof,1,0.6406980043487034,0.510566167444898
spoof,1,0.7621900264301746,0.6137713092055312
spoof,1,0.6831704823731134,0.47344125844195617
spoof,1,0.5693276151386419,0.4571093519515856
spoof,1,0.6111086565871598,0.4455517289230101
spoof,1,0.5833781038392213,0.33367964201880107
spoof,1,0.6223371290109609,0.6947576749627254
spoof,1,0.5448215376739656,0.30814788628336487
spoof,1,0.5340010443366063,0.48145036860998225
spoof,1,0.6701556505579028,0.6001420590949933
spoof,1,0.6377678579000001,0.34769093035869997
spoof,1,0.655808946154124,0.3968420283846962
spoof,1,0.6387268668529806,0.35042930510251513
spoof,1,0.5628304359725289,0.5209478803813502
spoof,1,0.5765797882184167,0.3063028095020995
spoof,1,0.5690526495652451,0.45836101116624506
spoof,1,0.6434598653190771,0.6938365308617779
spoof,1,0.671773725935528,0.6535784612284806
spoof,1,0.5882880658345357,0.3391182337040976
spoof,1,0.698603174823061,0.6734253807003607
spoof,1,0.5829857753478754,0.4644707571520642
spoof,1,0.528243477857481,0.31305612775382724
spoof,1,0.7427995751209276,0.5756415035873363
spoof,1,0.590203828334594,0.334389173115656
spoof,1,0.607200370882456,0.4807242126662491
spoof,1,0.652790211062858,0.5870469161767013
spoof,1,0.5352363915923855,0.4306214274791177
spoof,1,0.6730891228002837,0.6797414875893446
spoof,1,0.6095617623216713,0.466968031040392
spoof,1,0.6139358796912265,0.4771213869311997
spoof,1,0.6196689717872518,0.517723114896763
spoof,1,0.5083517731750847,0.34676334278419574
spoof,1,0.6014398149812876,0.3143517517671931
spoof,1,0.7284874260099583,0.5843205172733583
spoof,1,0.7180060144353368,0.5011719924836625
spoof,1,0.6808570831907896,0.5234042513175192
spoof,1,0.601444499540786,0.305750767610016
spoof,1,0.6606425294058553,0.31118953162628865
spoof,1,0.6393396942173807,0.5463764840324425
spoof,1,0.5937570151234479,0.45778211892641885
spoof,1,0.6246709469727691,0.5535462110943176
spoof,1,0.725440226845627,0.4771097982201292
spoof,1,0.7455608569187009,0.6650786778998966
spoof,1,0.6078799312400102,0.690129457100492
spoof,1,0.560740425481544,0.3088758859338645
spoof,1,0.663254360700385,0.47444824764701116
spoof,1,0.6255819058291722,0.5365505085355633
spoof,1,0.579866926668662,0.3384734590253653
spoof,1,0.5668163045259975,0.4207288873382285
spoof,1,0.6195432086728275,0.4558315458639641
spoof,1,0.5998873646140949,0.4067940240628971
spoof,1,0.7054716421843316,0.6701958255388518
spoof,1,0.6466367620672204,0.5736107744752574
spoof,1,0.681617678113522,0.6475292389611241
spoof,1,0.6151488092086153,0.4746805460316968
spoof,1,0.606807601321081,0.614538122156626
spoof,1,0.5627592821513999,0.44222085814624396
spoof,1,0.7448674014772095,0.6513123909095553
spoof,1,0.6583133369013187,0.431590391563681
spoof,1,0.7056313457854861,0.5424874522672186
spoof,1,0.6098383666996217,0.5839155642256253
spoof,1,0.627001786552731,0.35411542371879223
spoof,1,0.6438581503400095,0.6863080547610682
spoof,1,0.6151508164533985,0.3633290420523589
spoof,1,0.5196903842824712,0.3157679829472158
spoof,1,0.5858409398455529,0.40561477903707344
spoof,1,0.6096880523967679,0.48714587896526396
spoof,1,0.6733312605852517,0.5789287579226368
spoof,1,0.5952911277993821,0.3020109883559639
spoof,1,0.6640577783389363,0.5652564943992553
spoof,1,0.645733359843884,0.5112339017686093
spoof,1,0.5487694075978885,0.4988775063735795
spoof,1,0.5261607818899358,0.3299103170457162
spoof,1,0.6438177464103357,0.6077711737121858
spoof,1,0.5515877453922282,0.3823216387002642
spoof,1,0.5661862428493428,0.44101837461980425
spoof,1,0.6180626418018369,0.5141653330551645
spoof,1,0.7428682994156073,0.6773822479467886
spoof,1,0.7672196286014117,0.6266475917894263
spoof,1,0.5986330679106022,0.3619497931226413
spoof,1,0.672026048477508,0.5057983665746117
spoof,1,0.5378897866855464,0.4747708090258913
spoof,1,0.6182679888518235,0.6931389389162342
spoof,1,0.6472696221887674,0.5379872732355004
spoof,1,0.690684064987925,0.5452624082140158
spoof,1,0.7128714821217969,0.6413627152261154
spoof,1,0.7137660481710668,0.5494884968514195
spoof,1,0.5403120555682301,0.36369666923092625
spoof,1,0.5967773977460614,0.4279631486673555
spoof,1,0.6314639879501445,0.43529059591513053
spoof,1,0.6090719165451354,0.4719262401579272
spoof,1,0.5767409530223279,0.49424845101787407
spoof,1,0.7145873404353439,0.6868448650668075
spoof,1,0.6769987751850897,0.6300004391626075
spoof,1,0.6463165092568857,0.6501423767824175
spoof,1,0.6551156555269694,0.4985352536458925
spoof,1,0.5300827560944807,0.47008625476126387
spoof,1,0.7132781079938592,0.6788799414928819
spoof,1,0.735739742937283,0.583923338790812
spoof,1,0.7147195826613175,0.6926656503915245
spoof,1,0.5639388535543363,0.3573929797410298
spoof,1,0.5889661267020605,0.31491372473270257
spoof,1,0.6578075883886364,0.6815647379325723
spoof,1,0.6100192504605249,0.6372636799620603
spoof,1,0.5604670952529406,0.4439753758200667
spoof,1,0.6921270179943042,0.5820012739143292
spoof,1,0.5668070569252617,0.3809203850200448
spoof,1,0.6155803006026574,0.45356283881666287
spoof,1,0.6578588288817929,0.47949633179252193
spoof,1,0.6999504530403359,0.5669481490258181
spoof,1,0.5214230800413598,0.32469226348097224
spoof,1,0.6314557621361774,0.645051481911031
spoof,1,0.6524231453992583,0.47836988575845185
spoof,1,0.5310465938863804,0.3851510992360888
spoof,1,0.6578803101900568,0.5471144389201482
spoof,1,0.6147081446373518,0.3824893424681952
spoof,1,0.6659890327564097,0.5971799547661554
spoof,1,0.6442790265829872,0.31874045431746334
spoof,1,0.6862419605140284,0.4408406001701568
spoof,1,0.6885610626255991,0.511096728675969
spoof,1,0.6707273829031987,0.5991300175421954
spoof,1,0.5876924407552644,0.38120882706180514
spoof,1,0.6710611493330402,0.6492388562572103
spoof,1,0.5982726352015579,0.37347842478991744
spoof,1,0.6740769701329757,0.5475470108837781
spoof,1,0.587702112971051,0.44396720406697365
spoof,1,0.5487502954662772,0.31202543852026876
spoof,1,0.7115720183564125,0.6108096529756872
spoof,1,0.6317330434015915,0.4804092797795556
credential_stuffing,1,0.22986485254544664,0.11765064864069258
credential_stuffing,1,0.228822878930737,0.2287762424161443
credential_stuffing,1,0.18916314693834313,0.052236181078998946
credential_stuffing,1,0.28295016781993565,0.17366441238251001
credential_stuffing,1,0.30942843150627236,0.2773094363508288
credential_stuffing,1,0.3055197883950617,0.16228364408562532
credential_stuffing,1,0.2840414213422052,0.07349984675193723
credential_stuffing,1,0.32733131084113426,0.16316044080086603
credential_stuffing,1,0.2943163627024076,0.005869230086810317
credential_stuffing,1,0.2890515284913269,0.2540104244423018
credential_stuffing,1,0.24152354414117574,0.16583739184386695
credential_stuffing,1,0.31978512848766627,0.21768205436846225
credential_stuffing,1,0.34223229400262445,0.15145845528672217
credential_stuffing,1,0.28337487627222446,0.024952286354733587
credential_stuffing,1,0.2937621515050422,0.23324167157311865
credential_stuffing,1,0.23686908868992704,0.043235774581349924
credential_stuffing,1,0.2937963216495179,0.16751911856195603
credential_stuffing,1,0.3054878856312373,0.21871513478775262
credential_stuffing,1,0.3350807169188917,0.19325234084706386
credential_stuffing,1,0.3560743352337628,0.2762514958059028
credential_stuffing,1,0.23445775533200844,0.045351221446190124
credential_stuffing,1,0.28602086370532964,0.059618469137459495
credential_stuffing,1,0.35385518763200335,0.2760901186728625
credential_stuffing,1,0.33870147018747077,0.17181679047384574
credential_stuffing,1,0.3262932421423585,0.21269952539545314
credential_stuffing,1,0.40990697898121253,0.28491325996321354
credential_stuffing,1,0.3503307853829481,0.1442372175798148
credential_stuffing,1,0.28322213958028625,0.2451088811291412
credential_stuffing,1,0.34162917285985656,0.2418198623069208
credential_stuffing,1,0.2824865027549239,0.03910988070173372
credential_stuffing,1,0.38629908766473675,0.1399258669834699
credential_stuffing,1,0.2860719520880926,0.29534499245314494
credential_stuffing,1,0.24279035800505175,0.009031324495686699
credential_stuffing,1,0.35412415225279215,0.09613854018229757
credential_stuffing,1,0.3432519250711131,0.2635870847792805
credential_stuffing,1,0.3013271635446017,0.07131716771713353
credential_stuffing,1,0.29231820092441824,0.09080114481752594
credential_stuffing,1,0.2894489857051192,0.12395214337304875
credential_stuffing,1,0.2857809374801897,0.1619068505982762
credential_stuffing,1,0.3710232490222531,0.13791413955399953
credential_stuffing,1,0.3274431035269607,0.2551241351774636
credential_stuffing,1,0.29005258474603385,0.1504044572219027
credential_stuffing,1,0.40222478091431074,0.26208229367981634
credential_stuffing,1,0.3325415082820419,0.05175714920992649
credential_stuffing,1,0.3169673247500968,0.04055450179665565
credential_stuffing,1,0.19627264369353112,0.1358419366378421
credential_stuffing,1,0.30929936853174816,0.05894782329938838
credential_stuffing,1,0.2533196706793352,0.14748892263533867
credential_stuffing,1,0.27238343047020447,0.1831169359977762
credential_stuffing,1,0.33616753210989014,0.2606499082329865
credential_stuffing,1,0.25813410599279224,0.1597540826948438
credential_stuffing,1,0.29983804863491575,0.1743269443976964
credential_stuffing,1,0.262021250059721,0.12566205326797691
credential_stuffing,1,0.274915232449563,0.2805405979805678
credential_stuffing,1,0.22144447223761904,0.20099612590468288
credential_stuffing,1,0.21165176417709602,0.011686231828488658
credential_stuffing,1,0.31511389971413606,0.22821696793271073
credential_stuffing,1,0.34840501396205115,0.21805511433531613
credential_stuffing,1,0.3271074701616095,0.23152837868114542
credential_stuffing,1,0.37915329836722944,0.27575968391368133
credential_stuffing,1,0.36795215133365555,0.2969958528702378
credential_stuffing,1,0.27969006942413704,0.1024445815094473
credential_stuffing,1,0.3077450603087531,0.14503934066817462
credential_stuffing,1,0.29321473465468656,0.06368970852910036
credential_stuffing,1,0.26423093917380275,0.04134898178706907
credential_stuffing,1,0.2550474704261453,0.028215584504861002
credential_stuffing,1,0.22986263286146297,0.07282051661307888
credential_stuffing,1,0.3269735305186942,0.19903790758773546
credential_stuffing,1,0.3104597795829889,0.18541020823063784
credential_stuffing,1,0.316595404223226,0.21004876178217405
credential_stuffing,1,0.28304609662766655,0.10363934484313415
credential_stuffing,1,0.2465359235691258,0.003196651324876154
credential_stuffing,1,0.2946128184057858,0.22536519075959122
credential_stuffing,1,0.3233298904560214,0.24066625179823503
credential_stuffing,1,0.36256737829331726,0.23577598782156522
credential_stuffing,1,0.24150767612260976,0.0796629802021941
credential_stuffing,1,0.3244540089760182,0.08435297358714662
credential_stuffing,1,0.305748868197535,0.028263772052581
credential_stuffing,1,0.3035796779999263,0.1641935262140295
credential_stuffing,1,0.2962530390842599,0.1365954580495217
credential_stuffing,1,0.23419370288980834,0.0362765728665061
credential_stuffing,1,0.31325544646804115,0.05079560952644265
credential_stuffing,1,0.25542436000524105,0.06617633523171443
credential_stuffing,1,0.28783335016214096,0.16725987306706613
credential_stuffing,1,0.3630006354225249,0.07909724646645977
credential_stuffing,1,0.31732591500865304,0.23055666619040213
credential_stuffing,1,0.3617695920587292,0.2438552120766763
credential_stuffing,1,0.3252818480625431,0.19865463540272502
credential_stuffing,1,0.29584386105259386,0.19665212388009848
credential_stuffing,1,0.25573213985687154,0.0305130864617282
credential_stuffing,1,0.3075414072604032,0.10348621996486936
credential_stuffing,1,0.41668483174152704,0.29081894361128
credential_stuffing,1,0.2510992358496287,0.11181207687144
credential_stuffing,1,0.2904256659902058,0.007850553490956435
credential_stuffing,1,0.2803620491334832,0.12325261960298561
credential_stuffing,1,0.32546983130185053,0.26510883664713447
credential_stuffing,1,0.30644375592539347,0.2486836528744118
credential_stuffing,1,0.2958072373971958,0.23634627289565108
credential_stuffing,1,0.32316196908097694,0.05693439589748641
credential_stuffing,1,0.3513714141591759,0.15024796456403305
credential_stuffing,1,0.28736641905561566,0.06850349536199996
credential_stuffing,1,0.2549155627295812,0.14343187321683828
credential_stuffing,1,0.27225981364465485,0.18648428609838993
credential_stuffing,1,0.29803387754441774,0.2056005886113866
credential_stuffing,1,0.29802244280126067,0.22839429501612643
credential_stuffing,1,0.3532018191754331,0.1938109693125931
credential_stuffing,1,0.3140529302183418,0.0663694232961969
credential_stuffing,1,0.30850646061401066,0.15979858776766573
credential_stuffing,1,0.2891634648467786,0.26958729690802496
credential_stuffing,1,0.3404757335109931,0.09961416592683794
credential_stuffing,1,0.24478476584792547,0.029597575203744186
credential_stuffing,1,0.23870580213750914,0.11502597916422508
credential_stuffing,1,0.3361825088544806,0.10657023000035988
credential_stuffing,1,0.2635429049606917,0.1399057995519255
credential_stuffing,1,0.3066957765516539,0.1995969916036138
credential_stuffing,1,0.2884649159340515,0.1183977130301303
credential_stuffing,1,0.2544400520611126,0.16015702632338852
credential_stuffing,1,0.2811618067204925,0.17843994622570433
credential_stuffing,1,0.24230355980577645,0.03296449442825939
credential_stuffing,1,0.3072523469312385,0.11340961508863551
credential_stuffing,1,0.36600068881596215,0.2609386152625796
credential_stuffing,1,0.23669427052827854,0.017266710908885097
credential_stuffing,1,0.297710457236468,0.22310746519438662
credential_stuffing,1,0.28223958516670294,0.013293964776011602
credential_stuffing,1,0.29056937130503563,0.09468496468474132
credential_stuffing,1,0.2616235018855173,0.18883887167846444
credential_stuffing,1,0.2556016208881361,0.1342939144917606
credential_stuffing,1,0.23728323977321514,0.13943230860777933
credential_stuffing,1,0.3305815742420331,0.2468340559480589
credential_stuffing,1,0.34131894371969795,0.28811013034739585
credential_stuffing,1,0.34337023036359576,0.20346026896844632
credential_stuffing,1,0.35339219795899657,0.1637295105666147
credential_stuffing,1,0.3100596504122864,0.0764066665401479
credential_stuffing,1,0.26232137562529845,0.21289830887908415
credential_stuffing,1,0.3162401367325983,0.25470536719886894
credential_stuffing,1,0.2958342771806346,0.11786869534215615
credential_stuffing,1,0.2707063309580112,0.0775166752810165
credential_stuffing,1,0.3924346791212609,0.183009739141204
credential_stuffing,1,0.2577133519466187,0.08367165414605067
credential_stuffing,1,0.2481147495806897,0.07134484652497368
credential_stuffing,1,0.2528867067269114,0.06978103858351466
credential_stuffing,1,0.3536347030171009,0.23904130579452984
credential_stuffing,1,0.31283625894183753,0.26967563681488216
credential_stuffing,1,0.25818529441512017,0.010966963559350605
credential_stuffing,1,0.39237700412116744,0.2971102654204941
credential_stuffing,1,0.2349675509926004,0.08852219403340816
credential_stuffing,1,0.2988493010295592,0.0077109169660135035
credential_stuffing,1,0.29666430272662664,0.20189714945012593
credential_stuffing,1,0.3237988274890178,0.08079111928830557
credential_stuffing,1,0.3430022567274664,0.1210081950629121
credential_stuffing,1,0.27190607752446594,0.09820244127646795
credential_stuffing,1,0.29633198914896725,0.2859825366892355
credential_stuffing,1,0.22274446944823345,0.03520281649113267
credential_stuffing,1,0.3294098231039496,0.17995810967853437
credential_stuffing,1,0.30493758714166697,0.00242445201837016
credential_stuffing,1,0.27655654791006423,0.22593011060979803
credential_stuffing,1,0.3950217140850536,0.19739538117117542
credential_stuffing,1,0.3740108082794284,0.21362376244467238
credential_stuffing,1,0.34605561148485353,0.14765293718134892
credential_stuffing,1,0.33246341257116596,0.22742268668171736
credential_stuffing,1,0.28399026445324516,0.19980064490509278
credential_stuffing,1,0.29593523022290336,0.24879241285458598
credential_stuffing,1,0.28350204798659157,0.12379908300922733
credential_stuffing,1,0.27273546178433283,0.09352889072108436
credential_stuffing,1,0.22164437574380452,0.02391495866363107
credential_stuffing,1,0.2374103072666137,0.03280625833745652
credential_stuffing,1,0.2778224394705619,0.09729363408616677
credential_stuffing,1,0.3124459077995242,0.22435848919632476
credential_stuffing,1,0.3524479539629451,0.23478327771713736
credential_stuffing,1,0.3353934635655815,0.2302703414769329
credential_stuffing,1,0.21975068383223198,0.062127471699438504
credential_stuffing,1,0.24592917212092782,0.037614951412681286
credential_stuffing,1,0.30932024041477474,0.2103923878211561
credential_stuffing,1,0.33225459203910795,0.15093344177956175
credential_stuffing,1,0.28204877285952207,0.0007699773180332769
credential_stuffing,1,0.26403358029703916,0.024613159776761262
credential_stuffing,1,0.3274812539405765,0.23623230136032283
credential_stuffing,1,0.24670312439595368,0.15100322627574922
credential_stuffing,1,0.28920808441137313,0.06872545454123158
credential_stuffing,1,0.2658136247521906,0.17058442769674617
credential_stuffing,1,0.29952917727249806,0.03899649092675526
credential_stuffing,1,0.29611937538254546,0.10203234081249096
credential_stuffing,1,0.34729299548402376,0.29380812079964047
credential_stuffing,1,0.2012970923665497,0.01747085124792872
credential_stuffing,1,0.30749532601391955,0.15822495147711874
credential_stuffing,1,0.2917143520469111,0.10893665559236466
credential_stuffing,1,0.3217464030836229,0.08787504156352746
credential_stuffing,1,0.2656655495451954,0.17602978457866453
credential_stuffing,1,0.23758799848650314,0.05722371074204732
credential_stuffing,1,0.223390760101776,0.023473218311731957
credential_stuffing,1,0.329021111325179,0.2637972763473844
credential_stuffing,1,0.3626271007517782,0.2040419521463599
credential_stuffing,1,0.3274154939945642,0.007083326521443689
credential_stuffing,1,0.27216523282715055,0.044876443723409175
credential_stuffing,1,0.23486498131537983,0.013785265913794365
credential_stuffing,1,0.28067134707346514,0.04177921399432268
credential_stuffing,1,0.29265104090497474,0.24704948305398172
credential_stuffing,1,0.28870153734687853,0.09369498586862514
credential_stuffing,1,0.35318541181892443,0.13307892652085626
credential_stuffing,1,0.3523842614444985,0.15241591564424511
credential_stuffing,1,0.2721923147258764,0.21633870549903667
credential_stuffing,1,0.2962160677617609,0.27989396435093644
credential_stuffing,1,0.3220312427977749,0.05853035786876906
credential_stuffing,1,0.28602585027758304,0.235092639147071
credential_stuffing,1,0.3484564136327725,0.20470247899566194
credential_stuffing,1,0.3010144401821705,0.2794193218568593
credential_stuffing,1,0.34315007921407065,0.24051682423165127
credential_stuffing,1,0.25530067157880304,0.20980470330907355
credential_stuffing,1,0.3166197966504637,0.10989768610282348
credential_stuffing,1,0.33225375010832764,0.15907428627060005
credential_stuffing,1,0.2835544077784423,0.0842622840473154
credential_stuffing,1,0.253782700388084,0.03488026825129463
credential_stuffing,1,0.3840850320376662,0.27624310213331804
credential_stuffing,1,0.3220840029445674,0.16221980030237582
credential_stuffing,1,0.3490945849283225,0.12322948686356477
credential_stuffing,1,0.23292091796676165,0.04655484830617733
credential_stuffing,1,0.2527395285658988,0.11201681068942611
credential_stuffing,1,0.29933926442367564,0.18031897573487157
credential_stuffing,1,0.3209517369020034,0.14413246172689265
credential_stuffing,1,0.34566796267280275,0.06529794934664328
credential_stuffing,1,0.28500803320494383,0.21211210680762968
credential_stuffing,1,0.36087779324894,0.12035514708907474
credential_stuffing,1,0.34101123558701607,0.27028254525855244
credential_stuffing,1,0.30911267322793673,0.14331226439375036
credential_stuffing,1,0.256096637952001,0.02994889648242308
credential_stuffing,1,0.2604399676781285,0.03562706851670803
credential_stuffing,1,0.3118382449246006,0.2533528175812549
credential_stuffing,1,0.29893117695106664,0.062132639191687676
credential_stuffing,1,0.32391873145363304,0.16814536654061732
credential_stuffing,1,0.21561619065023258,0.09445385963463575
credential_stuffing,1,0.2139634346509161,0.018099351971185063
credential_stuffing,1,0.33072427833818485,0.17691062572246077
credential_stuffing,1,0.3182712532711304,0.2802686301858583
credential_stuffing,1,0.3811874320109046,0.27217630251855546
credential_stuffing,1,0.28010540860529065,0.18989635888668255
credential_stuffing,1,0.3305135162557104,0.24202925785578477
credential_stuffing,1,0.2800800741595081,0.08103231693272304
credential_stuffing,1,0.3151091421075793,0.12963811081393642
credential_stuffing,1,0.3473187739094836,0.047997372632727665
credential_stuffing,1,0.2895804005426655,0.07360047920685865
credential_stuffing,1,0.2760927793040603,0.2931768763863309
credential_stuffing,1,0.3080650056514729,0.12382083385886217
credential_stuffing,1,0.31199686466773113,0.09623942690938382
credential_stuffing,1,0.3479423734149459,0.029983909747269666
credential_stuffing,1,0.24997008977083307,0.14300016467219562
credential_stuffing,1,0.26203471412163093,0.026117431418109672
credential_stuffing,1,0.2689304472568721,0.1795467520593315
credential_stuffing,1,0.3351597088389505,0.21692307922898507
credential_stuffing,1,0.186333944326122,0.11113186481690678
credential_stuffing,1,0.2983332297669073,0.04635721085454333
credential_stuffing,1,0.2856605846801055,0.17464879448192552
credential_stuffing,1,0.3498753518187203,0.10925453702304372
credential_stuffing,1,0.3297522311487,0.25616739054720794
credential_stuffing,1,0.22949344409729808,0.13692406299683055
credential_stuffing,1,0.3384718227977626,0.02601273415234403
credential_stuffing,1,0.33107314159418694,0.29967919013145766
credential_stuffing,1,0.27349672010509707,0.20110703318047976
credential_stuffing,1,0.3311910288562185,0.24257052365872148
credential_stuffing,1,0.25084332066289927,0.07556234445562833
credential_stuffing,1,0.25121499495682376,0.1449104521734781
credential_stuffing,1,0.32617937378555184,0.12766118875720148
credential_stuffing,1,0.2558403808119106,0.030191115845254034
credential_stuffing,1,0.30546365177747975,0.0789418116845696
credential_stuffing,1,0.2910568195985175,0.11504262485120947
credential_stuffing,1,0.3214998043077501,0.10529768163795962
credential_stuffing,1,0.27937272042556416,0.23921525017990836
credential_stuffing,1,0.3400073795378424,0.29615422592607304
credential_stuffing,1,0.3542367441653307,0.12863900328382502
credential_stuffing,1,0.2514973473964839,0.04004930466445524
credential_stuffing,1,0.3175253034403922,0.07526932102281199
credential_stuffing,1,0.2999231687698105,0.1540208625536256
credential_stuffing,1,0.3280197006853424,0.23630182838286756
credential_stuffing,1,0.30212222699062646,0.12064185226980313
credential_stuffing,1,0.36040757013878266,0.28712556208299417
credential_stuffing,1,0.307827255956835,0.2602328283037966
credential_stuffing,1,0.28399984026309827,0.04979610874101401
credential_stuffing,1,0.31523149145858,0.06481780740109296
credential_stuffing,1,0.264675022151616,0.2566314963882077
credential_stuffing,1,0.27304486354676544,0.08889068732194386
credential_stuffing,1,0.28974726662057704,0.2263858489046715
credential_stuffing,1,0.25783895497738324,0.00856147680341488
credential_stuffing,1,0.32146730373105253,0.24221754016881603
credential_stuffing,1,0.3174960935487327,0.13159085337129595
credential_stuffing,1,0.23184342119855805,0.039519833012627216
credential_stuffing,1,0.27783107280317654,0.26821097164310886
credential_stuffing,1,0.3133283148738557,0.2225368825360743
credential_stuffing,1,0.31734216764529444,0.23685436095255236
credential_stuffing,1,0.3506913508452869,0.2707319780382027
credential_stuffing,1,0.2389384720547179,0.1015865862096464
credential_stuffing,1,0.2801123762211912,0.0211650101666366
credential_stuffing,1,0.28015882089717303,0.12961210780206442
credential_stuffing,1,0.26048224416781846,0.1617459949457055
credential_stuffing,1,0.3085235095441101,0.12783442278281748
credential_stuffing,1,0.2757071747534906,0.12234371653788466
credential_stuffing,1,0.24435331212244404,0.042292826192059284
credential_stuffing,1,0.38816476007630757,0.25126487493613864
credential_stuffing,1,0.30398571202565655,0.015619605931773894
credential_stuffing,1,0.3047928546228261,0.03322519237190168
credential_stuffing,1,0.29814179318566025,0.07233390700768268
credential_stuffing,1,0.35052997777075345,0.17477974852649247
credential_stuffing,1,0.36281758162594946,0.21372115140942957
credential_stuffing,1,0.3145985340900194,0.22139154573688657
credential_stuffing,1,0.34951722949043434,0.14805935555413366
credential_stuffing,1,0.2953282232507245,0.08767625095626644
credential_stuffing,1,0.20951326271725512,0.19396703507294757
credential_stuffing,1,0.34553067395480985,0.22894970450421054
credential_stuffing,1,0.34632923617288514,0.2956880447010022
credential_stuffing,1,0.2515453370136567,0.04142616639255387
credential_stuffing,1,0.3124952909175202,0.10386228651114131
credential_stuffing,1,0.16929239712579716,0.06217025072327032
credential_stuffing,1,0.31867475006174917,0.22547509495697332
credential_stuffing,1,0.24805936783117868,0.00738052853542448
credential_stuffing,1,0.3018084868801723,0.25979003977984144
credential_stuffing,1,0.27660637163178875,0.08909003086163832
credential_stuffing,1,0.33650247953980283,0.21637455297955607
credential_stuffing,1,0.24868714246146267,0.16191291772394226
credential_stuffing,1,0.2757626729724908,0.18296984118115348
credential_stuffing,1,0.3488736478872157,0.13746295652189136
credential_stuffing,1,0.24942000151244395,0.08797799988775691
credential_stuffing,1,0.2102927120553337,0.10465725729052869
credential_stuffing,1,0.21193824970520583,0.08358155376916732
credential_stuffing,1,0.29880292691332283,0.13801173666491542
credential_stuffing,1,0.21678672700966986,0.06485218315193488
credential_stuffing,1,0.2689548268987409,0.08093533076301548
credential_stuffing,1,0.25335683907100215,0.19732963669888995
credential_stuffing,1,0.3108046116329964,0.18250584462316238
credential_stuffing,1,0.3925616495306327,0.2940524176180585
credential_stuffing,1,0.3408121096695691,0.24326973996873885
credential_stuffing,1,0.35319512222818117,0.13443286737145524
credential_stuffing,1,0.19940704967941295,0.08708210885439698
credential_stuffing,1,0.2829669468557556,0.0347249797904177
credential_stuffing,1,0.38682278439375506,0.1435379365955405
credential_stuffing,1,0.3549399731175608,0.2177219156560326
credential_stuffing,1,0.2811529488744682,0.10478931182682946
credential_stuffing,1,0.2954505329526022,0.03118756407875438
credential_stuffing,1,0.25210058899726523,0.17165367080459443
credential_stuffing,1,0.27082579182619637,0.12871569679042258
credential_stuffing,1,0.29832729467580066,0.20284552378078943
credential_stuffing,1,0.31484348448476784,0.2047339769870588
credential_stuffing,1,0.3724174950356105,0.1663618457056814
credential_stuffing,1,0.4042404982664555,0.2675320675123272
credential_stuffing,1,0.2957954746947217,0.07199499041722249
credential_stuffing,1,0.2647707622387365,0.13660012329998353
credential_stuffing,1,0.2181268844193604,0.0004919754287072586
credential_stuffing,1,0.28210507338174956,0.07798312927392366
credential_stuffing,1,0.264586997983023,0.10245539426928692
credential_stuffing,1,0.34712518203388204,0.28138827168517355
credential_stuffing,1,0.2999782006676147,0.23112075683902802
credential_stuffing,1,0.31338090847902705,0.05406200564313538
credential_stuffing,1,0.3075459245625109,0.27140610733973036
credential_stuffing,1,0.32933417588722325,0.13976144496540358
credential_stuffing,1,0.22922571989469268,0.006845784654448827
credential_stuffing,1,0.32357977579503205,0.20260557687003025
credential_stuffing,1,0.28873724357221575,0.1747965122771087
credential_stuffing,1,0.2992608304653404,0.2880994346367557
credential_stuffing,1,0.24176622650916682,0.26941126505595603
credential_stuffing,1,0.2972198650210766,0.10076174280424738
credential_stuffing,1,0.31853031016153766,0.26752465363059996
credential_stuffing,1,0.37323228898007677,0.26905517438118165
credential_stuffing,1,0.2507895207512467,0.05687760738211661
credential_stuffing,1,0.32607785049621774,0.12130448253873871
credential_stuffing,1,0.19778496888081312,0.138234027197665
credential_stuffing,1,0.3454170488589406,0.12771542975032557
credential_stuffing,1,0.2622824859191826,0.2315426415225153
credential_stuffing,1,0.30050964327633534,0.02574128056339855
credential_stuffing,1,0.31875854545659704,0.1036011561744465
credential_stuffing,1,0.34421190122829715,0.20723247707683048
credential_stuffing,1,0.24295256633814763,0.09131906170485722
credential_stuffing,1,0.2964024471558526,0.2918901364214513
credential_stuffing,1,0.3346519595560797,0.08264009007012135
credential_stuffing,1,0.2400115353518098,0.14537834925575638
credential_stuffing,1,0.2604536757671725,0.12227375638193402
credential_stuffing,1,0.27320223950644906,0.11898670239537139
credential_stuffing,1,0.3329746402939351,0.25861326787110345
credential_stuffing,1,0.25702459485056806,0.28603955978003565
credential_stuffing,1,0.34520797837437045,0.05782050289985845
credential_stuffing,1,0.30384802174692194,0.16390952078035512
credential_stuffing,1,0.3682776716826247,0.20744900158052276
credential_stuffing,1,0.3762026692200138,0.2988521723046882
credential_stuffing,1,0.2625466090462529,0.07959751236947289
credential_stuffing,1,0.3166988019795878,0.2764751668542676
credential_stuffing,1,0.18196493088302554,0.04716416425865883
credential_stuffing,1,0.2905477366153097,0.1280295696137718
credential_stuffing,1,0.2578798088896955,0.0679894535411491
credential_stuffing,1,0.3636635693801385,0.21833797867172813
credential_stuffing,1,0.32107158174678857,0.2897544246160669
credential_stuffing,1,0.2111702418056337,0.0391225908640351
credential_stuffing,1,0.34566151063209294,0.2676606087581681
credential_stuffing,1,0.32419439419423374,0.10972190672428946
credential_stuffing,1,0.4187089191450576,0.28643183518125215
credential_stuffing,1,0.3024454010329854,0.2136922942956907
credential_stuffing,1,0.2265755356934058,0.06904384650810545
credential_stuffing,1,0.2955635423976846,0.18517580965844885
credential_stuffing,1,0.22509079471193688,0.08717011348154738
credential_stuffing,1,0.3251966539288272,0.23561701852193193
credential_stuffing,1,0.2792169598901607,0.2827285144043195
credential_stuffing,1,0.3160490729307917,0.19739832499097495
credential_stuffing,1,0.33157809100341457,0.264993807948359
credential_stuffing,1,0.24478955495556598,0.09283469037393051
credential_stuffing,1,0.21954817770855145,0.0038413382677167205
credential_stuffing,1,0.35631575447972136,0.2939760145080092
credential_stuffing,1,0.3562617752167921,0.23350148658087033
credential_stuffing,1,0.3287964196736368,0.24393303335770467
credential_stuffing,1,0.30930986906026575,0.13158448050817434
credential_stuffing,1,0.3136120185272262,0.15006028094180876
credential_stuffing,1,0.29988541815326875,0.106531508047031
credential_stuffing,1,0.32349054984446457,0.21905808386873085
credential_stuffing,1,0.3162287460759778,0.2802372841050829
credential_stuffing,1,0.2570829104736813,0.2362455887682205
credential_stuffing,1,0.2963553451383606,0.137961332977027
credential_stuffing,1,0.25485148478556846,0.10429523369197248
credential_stuffing,1,0.36557349741504735,0.22756004751013398
credential_stuffing,1,0.26537408685964875,0.17277765410528453
credential_stuffing,1,0.2897760256663842,0.10498943875186285
credential_stuffing,1,0.325813018592231,0.2929028188095783
credential_stuffing,1,0.22778182815517453,0.18391309878986842
credential_stuffing,1,0.39283748939660385,0.2053589359052099
credential_stuffing,1,0.2660210012501235,0.09643943422892827
credential_stuffing,1,0.23982599287935227,0.02538315251690686
credential_stuffing,1,0.30160426937948837,0.19698399048552342
credential_stuffing,1,0.3488472511140739,0.15548912898633024
credential_stuffing,1,0.25545328404203316,0.15706031330542458
credential_stuffing,1,0.33189216839754837,0.24930710426041075
credential_stuffing,1,0.2660256799009285,0.10926673241298869
credential_stuffing,1,0.23327135969582466,0.003867063539138271
credential_stuffing,1,0.33684627145948765,0.012983446523720521
credential_stuffing,1,0.3092511848756914,0.23341645550204684
credential_stuffing,1,0.323933456679252,0.20957449268334485
credential_stuffing,1,0.31505893143159663,0.09385862322355323
credential_stuffing,1,0.3209966678155273,0.17531850700940654
credential_stuffing,1,0.230283727803025,0.17127479045428218
credential_stuffing,1,0.2746174723965973,0.19261985056366074
credential_stuffing,1,0.26118577974665097,0.1525153309413668
credential_stuffing,1,0.2669538621527623,0.039368091300459304
credential_stuffing,1,0.30914584544662177,0.25947688248137046
credential_stuffing,1,0.2749778821651445,0.11798564028541304
credential_stuffing,1,0.3013918690262007,0.21448157867444603
credential_stuffing,1,0.2524710975462011,0.12668161935938668
credential_stuffing,1,0.30284468147779237,0.1571123239161605
credential_stuffing,1,0.3683373291609905,0.2058879373082995
credential_stuffing,1,0.3622037462856299,0.2082849056192754
credential_stuffing,1,0.31532477698200284,0.13319867750502112
credential_stuffing,1,0.2563128173607512,0.08481896130552212
credential_stuffing,1,0.32784241575162265,0.21082885573593022
credential_stuffing,1,0.3197755522190632,0.12581459334948955
credential_stuffing,1,0.3232138241381932,0.2385436568420604
credential_stuffing,1,0.25289386745687287,0.12676692891528218
credential_stuffing,1,0.28757724239164917,0.22209155987007778
credential_stuffing,1,0.2815840524281542,0.12621961804790735
credential_stuffing,1,0.3829025465397845,0.2792380394730487
credential_stuffing,1,0.3299177373664409,0.19700498834790658
credential_stuffing,1,0.21088960123668793,0.03509212861400722
credential_stuffing,1,0.2635716120922262,0.22906616560570173
credential_stuffing,1,0.3229233029378275,0.18931700475358534
credential_stuffing,1,0.350674905426932,0.24050660696592752
credential_stuffing,1,0.26421647123767755,0.12094825400364206
credential_stuffing,1,0.40963492439372495,0.17015830238903637
credential_stuffing,1,0.35638230183292163,0.21824685482426778
credential_stuffing,1,0.22867201124558437,0.09907060955249822
credential_stuffing,1,0.38127955241453876,0.24692060178145514
credential_stuffing,1,0.2707965589412137,0.12494161291832212
credential_stuffing,1,0.2541952056322627,0.25260196728324713
credential_stuffing,1,0.3233327910227856,0.2348910513629298
credential_stuffing,1,0.24222642380701143,0.09309868291631258
credential_stuffing,1,0.35990185660157326,0.14871237990031413
credential_stuffing,1,0.33431719184452946,0.15610135002912348
credential_stuffing,1,0.24047045514262236,0.015687008375580846
credential_stuffing,1,0.24923124458059576,0.18104185927692626
credential_stuffing,1,0.2884026420155956,0.016428382066283054
credential_stuffing,1,0.31233145142372426,0.24169121004366362
credential_stuffing,1,0.2762480559301833,0.18605328969106347
credential_stuffing,1,0.3193097095956066,0.15821974879918757
credential_stuffing,1,0.32337770388171105,0.2083874734752478
credential_stuffing,1,0.281414551415643,0.2677421862624583
credential_stuffing,1,0.26773632086472743,0.07639569128543806
credential_stuffing,1,0.2885319689499749,0.18019554380437383
credential_stuffing,1,0.3422579143934376,0.2773511709140766
credential_stuffing,1,0.34626452811448627,0.24987672481942808
credential_stuffing,1,0.2886794725852505,0.0009661613302286431
credential_stuffing,1,0.29308271184142576,0.07614395464842487
credential_stuffing,1,0.25920001887877275,0.1618179190092067
credential_stuffing,1,0.25422765078163156,0.2482088554203219
credential_stuffing,1,0.2631177712645811,0.10191277271630268
credential_stuffing,1,0.24172217009985475,0.2221094213983813
credential_stuffing,1,0.3429165317303619,0.0814104404579542
credential_stuffing,1,0.31729074096648546,0.2168663428066822
credential_stuffing,1,0.2534623770640874,0.05913339201841916
credential_stuffing,1,0.2399040536304976,0.24896207153227373
credential_stuffing,1,0.31521892416093267,0.17930418949671076
credential_stuffing,1,0.30076738737534003,0.03601062502214617
credential_stuffing,1,0.2977757784221095,0.12792529032224415
credential_stuffing,1,0.31284707190726674,0.11568444595046376
credential_stuffing,1,0.2631515408093586,0.12613239781863397
credential_stuffing,1,0.3896247052512894,0.18102319117227944
credential_stuffing,1,0.32244996463358117,0.2904296696558638
credential_stuffing,1,0.243528581356312,0.2516211974786504
credential_stuffing,1,0.24064813705398158,0.01581671314022094
credential_stuffing,1,0.22922597194468988,0.077802963107569
credential_stuffing,1,0.19885034242566552,0.03499977779228558
credential_stuffing,1,0.27678487382757855,0.1755928026617581
credential_stuffing,1,0.335127018547239,0.05812650838060894
credential_stuffing,1,0.2865587428269919,0.16910521355512154
credential_stuffing,1,0.2999612822096497,0.18870137398871303
credential_stuffing,1,0.25328209632193793,0.14685797973182413
credential_stuffing,1,0.23671893205921768,0.136601599418073
credential_stuffing,1,0.23056997658478443,0.039887218856758264
credential_stuffing,1,0.28259950870109285,0.1211410890376451
credential_stuffing,1,0.2784515235454863,0.03301134049746962
credential_stuffing,1,0.31508008208561106,0.2071033955064234
credential_stuffing,1,0.31196639002478194,0.29997430375084255
credential_stuffing,1,0.24691356371156148,0.010825144841973888
credential_stuffing,1,0.3548967793196175,0.22738115170800638
credential_stuffing,1,0.2744344953304148,0.14052689564567047
credential_stuffing,1,0.18849365550255248,0.018020169021162546
credential_stuffing,1,0.276604990218292,0.2764942664499222
credential_stuffing,1,0.3350682245784478,0.1180800129128121
credential_stuffing,1,0.3059899396664078,0.1751169742825696
credential_stuffing,1,0.31830395225332186,0.1860266987039064
credential_stuffing,1,0.29926777315042147,0.25901760215582037
credential_stuffing,1,0.23100320151637652,0.05397667615053905
credential_stuffing,1,0.2635695551921457,0.03444102205614758
credential_stuffing,1,0.20570823748311642,0.10202330018326415
credential_stuffing,1,0.2613649694193658,0.13302903846511271
credential_stuffing,1,0.3244033579364354,0.10136861835122374
credential_stuffing,1,0.3211394234431102,0.10140028129846411
credential_stuffing,1,0.25020533749302315,0.142266754363749
credential_stuffing,1,0.22910519891021244,0.00477271503870863
credential_stuffing,1,0.23521789989438655,0.0006978924358997495
credential_stuffing,1,0.25127265398092047,0.07270515353397432
credential_stuffing,1,0.3814277228642416,0.2380066030292529
credential_stuffing,1,0.2953137699163089,0.005378572743315935
credential_stuffing,1,0.3197874753045877,0.2319821245078646
credential_stuffing,1,0.18594507877974858,0.0009230883349092056
credential_stuffing,1,0.30175404319338706,0.05175550404363536
credential_stuffing,1,0.2578828623221315,0.09503834880590496
credential_stuffing,1,0.24931211197081637,0.013494748190082095
credential_stuffing,1,0.18232124894238175,0.10570796460602908
credential_stuffing,1,0.28032299953850687,0.1819716268500676
credential_stuffing,1,0.24223642886298855,0.08825977645307886
credential_stuffing,1,0.22141516954877058,0.009393932916333102
credential_stuffing,1,0.3199156710031765,0.1898538325971812
credential_stuffing,1,0.24843640121502653,0.11838223466385674
credential_stuffing,1,0.3421344274659648,0.1562454091246868
credential_stuffing,1,0.33350966035993407,0.2853796242029203
credential_stuffing,1,0.257935030484997,0.11873624559481716
credential_stuffing,1,0.2645926166533926,0.09111569405943618
credential_stuffing,1,0.36794362182075385,0.23172166180672427
credential_stuffing,1,0.32061155127929014,0.20172692452050298
credential_stuffing,1,0.26123670124889276,0.12299109746605558
credential_stuffing,1,0.367433144115477,0.26466787545507187
credential_stuffing,1,0.3057206276834288,0.2672622753735935
credential_stuffing,1,0.34852719732855464,0.13152178960656782
credential_stuffing,1,0.29715455316370826,0.04218682582161235
credential_stuffing,1,0.29265425773965636,0.24598965588093583
credential_stuffing,1,0.3276418225246062,0.1307278120426469
credential_stuffing,1,0.31508381031284677,0.2533305682647898
credential_stuffing,1,0.34674689872643705,0.17476139386311695
credential_stuffing,1,0.3047556578395642,0.2885408732885025
credential_stuffing,1,0.3262600103264942,0.2624378202753645
credential_stuffing,1,0.3092337607784098,0.21983018373029903
credential_stuffing,1,0.3164328476827521,0.1469799164526545
credential_stuffing,1,0.2419912438159039,0.20711164194856876
credential_stuffing,1,0.2754735292673554,0.17227614558544582
credential_stuffing,1,0.2355538934649911,0.07234578981958373
credential_stuffing,1,0.2512137278175569,0.062167405866963295
credential_stuffing,1,0.3996295993106747,0.18652776136001514
credential_stuffing,1,0.2355293444285522,0.16125194598508477
credential_stuffing,1,0.3253569511833738,0.21734204543196153
credential_stuffing,1,0.3012374073260654,0.18192920697227363
credential_stuffing,1,0.28935618628062376,0.020674360688413516
credential_stuffing,1,0.2845881423451571,0.24686114140419543
credential_stuffing,1,0.3433046464016861,0.09822128283220817
credential_stuffing,1,0.34136198229620596,0.16065995303817326
credential_stuffing,1,0.3257603711337513,0.12087302574472561
credential_stuffing,1,0.3561764132422439,0.29930197026176303
credential_stuffing,1,0.2562242233779706,0.0015104049846158096
credential_stuffing,1,0.29738060383529025,0.02602588979729261
credential_stuffing,1,0.22656167475513073,0.1579803522282431
credential_stuffing,1,0.3110501595694367,0.2099329011031087
credential_stuffing,1,0.3378537369266767,0.1360149720031167
credential_stuffing,1,0.35014314474655855,0.10445948814836215
credential_stuffing,1,0.30407384782043395,0.107299419614043
credential_stuffing,1,0.42741824261854006,0.1663952034906617
credential_stuffing,1,0.2925096199303766,0.15367448508409215
credential_stuffing,1,0.3352227547338836,0.2682374522364636
credential_stuffing,1,0.2984907101466395,0.10484572283863948
credential_stuffing,1,0.3326328135680932,0.2865129296242537
credential_stuffing,1,0.25664198686153017,0.14101381222614892
credential_stuffing,1,0.2790690520660104,0.05231449348190909
credential_stuffing,1,0.2005500834617159,0.019331510085120417
credential_stuffing,1,0.28694864938103287,0.2676567143444649
credential_stuffing,1,0.37764408009544076,0.2725539137985883
credential_stuffing,1,0.3145093476736755,0.1609182320440221
credential_stuffing,1,0.292336451043779,0.1862734430992324
credential_stuffing,1,0.3501213307369188,0.13614736081039633
credential_stuffing,1,0.378797977361562,0.20817687330360082
credential_stuffing,1,0.2848943667658905,0.047508969422046556
credential_stuffing,1,0.3015142878075371,0.11460074288515465
credential_stuffing,1,0.30430587931622105,0.11320496223405638
credential_stuffing,1,0.29515344379813774,0.049059422295852674
credential_stuffing,1,0.42992716492574323,0.24214676111772265
credential_stuffing,1,0.2944382838389593,0.19697603791081206
credential_stuffing,1,0.28823111974538157,0.21010539872409636
credential_stuffing,1,0.3259982067322229,0.2539226604122262
credential_stuffing,1,0.3480910177412018,0.29429495678716566
credential_stuffing,1,0.3484037334585402,0.12659263034826457
credential_stuffing,1,0.3359442468001724,0.008148612477785144
credential_stuffing,1,0.39796708869086433,0.23379276694862014
credential_stuffing,1,0.31266130150493177,0.10388694865308927
credential_stuffing,1,0.2765284265186225,0.0601256468072417
credential_stuffing,1,0.32240373198540523,0.04232243539730026
credential_stuffing,1,0.3114997669547025,0.13449824059550577
credential_stuffing,1,0.24803121071777962,0.09226697407830654
credential_stuffing,1,0.32546182682668046,0.15629659734458373
credential_stuffing,1,0.3267144590681493,0.13540621731563923
credential_stuffing,1,0.3496840798029771,0.10748739488292355
credential_stuffing,1,0.23657960652973611,0.15101590945431712
credential_stuffing,1,0.2992755738415728,0.07883445920021583
credential_stuffing,1,0.2233039155723006,0.012878401247639714
credential_stuffing,1,0.35659473261499625,0.19054916285164056
credential_stuffing,1,0.26668069467365907,0.19816793703235513
credential_stuffing,1,0.37665341194145247,0.12793590663098214
credential_stuffing,1,0.3364819227131935,0.14769784961865026
credential_stuffing,1,0.2648350466231937,0.08971829710955842
credential_stuffing,1,0.2466028669572189,0.15216257104758762
credential_stuffing,1,0.2758218968275048,0.2107736112625219
credential_stuffing,1,0.3058077554951182,0.0018530830064577564
credential_stuffing,1,0.2739293740011487,0.21011363833313623
credential_stuffing,1,0.2940773863084031,0.2570652161571268
credential_stuffing,1,0.26866017116431,0.2404583564046393
credential_stuffing,1,0.3161586866160705,0.0017724954658445702
credential_stuffing,1,0.209257237673295,0.026805040389431378
credential_stuffing,1,0.40012885144926913,0.2546048014990608
credential_stuffing,1,0.36229371418808615,0.2237290288362677
credential_stuffing,1,0.2986778548888205,0.17948219851197175
credential_stuffing,1,0.37424143122209214,0.23508602240467008
credential_stuffing,1,0.3475626197209426,0.26084832985970247
credential_stuffing,1,0.2683344449384735,0.0006777145642519077
credential_stuffing,1,0.3456559302678846,0.28454607120570374
credential_stuffing,1,0.3798068201753799,0.2054527364588894
credential_stuffing,1,0.30562868568861773,0.19117004774942928
credential_stuffing,1,0.2771747400089015,0.09469155776334565
credential_stuffing,1,0.2823420415162558,0.1882290037960158
credential_stuffing,1,0.29630096084440577,0.2834620107028286
credential_stuffing,1,0.2698566481517722,0.11036655694211167
credential_stuffing,1,0.24097681069433668,0.1364204939813483
credential_stuffing,1,0.28110524588614094,0.11771237051911795
credential_stuffing,1,0.27896441446676157,0.16936002627710675
credential_stuffing,1,0.3157385667721539,0.1295918911609572
credential_stuffing,1,0.19538850913248318,0.17120131809550979
credential_stuffing,1,0.317393843785906,0.07400136804633556
credential_stuffing,1,0.315129763936691,0.18315276256008334
credential_stuffing,1,0.24088504536869698,0.09088694259637072
credential_stuffing,1,0.3189981869476358,0.11373347627010973
credential_stuffing,1,0.31475793851111006,0.12407691236733664
credential_stuffing,1,0.3099636534042597,0.1666029824102548
credential_stuffing,1,0.2654228726209446,0.21259893056712934
credential_stuffing,1,0.2613163833897636,0.15415985461373719
credential_stuffing,1,0.2490911847532168,0.08688860553546428
credential_stuffing,1,0.30798036637830595,0.14667821311484708
credential_stuffing,1,0.3654863559222788,0.09085680206184187
credential_stuffing,1,0.3210558248517585,0.12456385050992518
credential_stuffing,1,0.3656553443238907,0.2684496570826592
credential_stuffing,1,0.3214086236476303,0.04816524309087382
credential_stuffing,1,0.1932996423354037,0.001272054178777704
credential_stuffing,1,0.33591551545747084,0.2018981168668815
credential_stuffing,1,0.25790119051383925,0.04259199136805616
credential_stuffing,1,0.2158785184198837,0.18221285599039638
credential_stuffing,1,0.30371364189009026,0.20637227838480013
credential_stuffing,1,0.2848697228232206,0.10789990825639366
credential_stuffing,1,0.28750399550396144,0.11123438413664312
credential_stuffing,1,0.36066556277720674,0.22180702233784277
credential_stuffing,1,0.3679357725615195,0.20176988937238213
credential_stuffing,1,0.34810736012032784,0.2502154021109161
credential_stuffing,1,0.27751857195285634,0.24301231640779514
credential_stuffing,1,0.3220044502821524,0.19942459339088844
credential_stuffing,1,0.2955976066279918,0.025749596662476913
credential_stuffing,1,0.29806712602707675,0.2116302732476806
credential_stuffing,1,0.3263325051243084,0.11836013877196573
credential_stuffing,1,0.3570146756683368,0.18972085718112836
credential_stuffing,1,0.3015298738118515,0.15520778697481732
credential_stuffing,1,0.28538167097037154,0.1275239055425165
credential_stuffing,1,0.3106902619519904,0.10808547339950095
credential_stuffing,1,0.2947987456103976,0.15518906307333757
credential_stuffing,1,0.22081267444222918,0.01846502281827883
credential_stuffing,1,0.21203621843040144,0.060359855802862614
credential_stuffing,1,0.297785865676853,0.15359904179000555
credential_stuffing,1,0.3318917943616048,0.21408846060258252
credential_stuffing,1,0.33097938071867106,0.19830287970089028
credential_stuffing,1,0.29520400340657343,0.10304944229658115
credential_stuffing,1,0.34094425526055844,0.022365070917756136
credential_stuffing,1,0.2751168573001969,0.16982382432458482
credential_stuffing,1,0.3592525057140726,0.0965945066275357
credential_stuffing,1,0.24610113847657872,0.020836404615081815
credential_stuffing,1,0.2584426108882698,0.24763312545535282
credential_stuffing,1,0.2820345489567059,0.04741245781976572
credential_stuffing,1,0.36441245213778245,0.22354021655637968
credential_stuffing,1,0.3902527127811576,0.29111085280063154
credential_stuffing,1,0.2549832672152744,0.07151555259013044
credential_stuffing,1,0.31097652699328554,0.2998514422186835
credential_stuffing,1,0.3538495950202114,0.1369851180990003
credential_stuffing,1,0.2529799141514919,0.1605548303698548
credential_stuffing,1,0.26502402998574287,0.1596200216034631
credential_stuffing,1,0.30229479514257246,0.1080924755275484
credential_stuffing,1,0.30852144814589855,0.09537854901598575
credential_stuffing,1,0.2780551230688987,0.14266301208708246
credential_stuffing,1,0.3076995073187896,0.1483138193039181
credential_stuffing,1,0.2584330801523715,0.24322013401505746
credential_stuffing,1,0.3677304085356931,0.1468622532255672
credential_stuffing,1,0.21305420802567154,0.06634520898348124
credential_stuffing,1,0.24264896464403943,0.21844701193052082
credential_stuffing,1,0.20519417103322496,0.09976791060387828
credential_stuffing,1,0.224162504963113,0.004535501662966834
credential_stuffing,1,0.27338697714966737,0.16126405749189313
credential_stuffing,1,0.353496670995859,0.15582852581703435
credential_stuffing,1,0.3088891772001432,0.20725631972092998
credential_stuffing,1,0.30899643296223894,0.039718317269061
credential_stuffing,1,0.34130082845080917,0.23037716865564162
credential_stuffing,1,0.35805289897203163,0.22352445033682092
credential_stuffing,1,0.293358024341136,0.2030970840245334
credential_stuffing,1,0.2948591197374429,0.23363828637778458
credential_stuffing,1,0.3066001140462836,0.19856072610148895
credential_stuffing,1,0.380739523023791,0.15633484198540715
credential_stuffing,1,0.2756350203339075,0.0036136800625901633
credential_stuffing,1,0.347605558757415,0.23623775729034036
credential_stuffing,1,0.3501261260734061,0.18590595059767492
credential_stuffing,1,0.3457606763342782,0.17459949344171094
credential_stuffing,1,0.3169237158174877,0.07744398504736442
credential_stuffing,1,0.3496806092003921,0.0728916540691574
credential_stuffing,1,0.3015099275505775,0.28869713787841905
credential_stuffing,1,0.3367658007805488,0.2741257556622779
credential_stuffing,1,0.30585775197515874,0.13973845430510765
credential_stuffing,1,0.2763177626078409,0.1261456240144117
credential_stuffing,1,0.25421339263838044,0.08131170670006997
credential_stuffing,1,0.3243789377158274,0.26067303256146585
credential_stuffing,1,0.2566023760691754,0.1377952519377616
credential_stuffing,1,0.35545476043089014,0.29404992394843926
credential_stuffing,1,0.29972781505631796,0.16729952593717445
credential_stuffing,1,0.3602516765015116,0.17801701417928753
credential_stuffing,1,0.26310881400014446,0.03638821228986689
credential_stuffing,1,0.36968952533637534,0.26140818361541934
credential_stuffing,1,0.21086729752261635,0.018285878519387753
credential_stuffing,1,0.29203403579728276,0.11877803811882422
credential_stuffing,1,0.2636174885595707,0.125230913810261
credential_stuffing,1,0.3146568215907246,0.13646396598854113
credential_stuffing,1,0.3125305750891471,0.2694789297360723
credential_stuffing,1,0.25370818004466644,0.15107857404083563
credential_stuffing,1,0.2792723533709164,0.1896463968036966
credential_stuffing,1,0.28575174511747414,0.12213979584406398
credential_stuffing,1,0.2237072618465408,0.17046632978740053
credential_stuffing,1,0.2444866586776464,0.08996642290550834
credential_stuffing,1,0.2880568777484317,0.18054936231997845
credential_stuffing,1,0.24017243925500076,0.05953699185441408
credential_stuffing,1,0.21428511227089556,0.06901934627563922
credential_stuffing,1,0.35644083414965455,0.21408748631086424
credential_stuffing,1,0.3551835136700059,0.0030738830725079657
credential_stuffing,1,0.34786791188383376,0.07504354783980496
credential_stuffing,1,0.23083361259723673,0.05471165637844677
credential_stuffing,1,0.28618019867379835,0.10671829200471959
credential_stuffing,1,0.3275919629362987,0.28675593394295307
credential_stuffing,1,0.3442383711701998,0.17366789557255458
credential_stuffing,1,0.2508769825160236,0.1386620218686773
credential_stuffing,1,0.3431301098079714,0.2743459730355881
credential_stuffing,1,0.2741834356173697,0.0906332278477144
credential_stuffing,1,0.29736251869317537,0.14728858839562428
credential_stuffing,1,0.26864286986228453,0.07987868337266167
credential_stuffing,1,0.3467044923983562,0.2815787073928513
credential_stuffing,1,0.2277889474215139,0.2297229868766805
credential_stuffing,1,0.27029311425351465,0.07082584857246695
credential_stuffing,1,0.35074025933270175,0.10970968159752022
credential_stuffing,1,0.3253679281958981,0.12638095840955138
credential_stuffing,1,0.2774963945567684,0.13593740119658798
credential_stuffing,1,0.33810004916207,0.19223158139981467
credential_stuffing,1,0.2965127090631423,0.24157344168777606
credential_stuffing,1,0.2526465957209376,0.24216507237121182
credential_stuffing,1,0.2940664338225421,0.15980933513591547
credential_stuffing,1,0.20793983628672727,0.13813347052168617
credential_stuffing,1,0.27043161516405545,0.2612399091657679
credential_stuffing,1,0.4093081944545407,0.2869571033200032
credential_stuffing,1,0.3186902889989571,0.09895907222424867
credential_stuffing,1,0.28906667073767695,0.1652831779642001
credential_stuffing,1,0.3277505503141208,0.09052756970246387
credential_stuffing,1,0.3508994760146451,0.248123022980065
credential_stuffing,1,0.3109315722830742,0.14728111099062627
credential_stuffing,1,0.24870357604788867,0.04162977501178359
credential_stuffing,1,0.2472132684846898,0.1666401236606486
credential_stuffing,1,0.41118037195265505,0.283154439621519
credential_stuffing,1,0.2717574239932596,0.12391198723617945
credential_stuffing,1,0.3589718948945646,0.1895443536950727
credential_stuffing,1,0.2048294931091145,0.031695359562691226
credential_stuffing,1,0.3576611868921723,0.20079566193795864
credential_stuffing,1,0.23745272014713636,0.0024277144655111328
credential_stuffing,1,0.3088486304617459,0.203679923580017
credential_stuffing,1,0.32160148108113507,0.19091566898847714
credential_stuffing,1,0.35589101660678324,0.008375702583299848
credential_stuffing,1,0.2684339501358315,0.04581773559094012
credential_stuffing,1,0.331576472886823,0.12350571873588335
credential_stuffing,1,0.2741744263799013,0.1054242974336708
credential_stuffing,1,0.26193180312975944,0.17065198207270701
credential_stuffing,1,0.27962921066205315,0.2586791014691872
credential_stuffing,1,0.27430931116074003,0.14662463720628147
credential_stuffing,1,0.27089530628595304,0.12628407381468396
credential_stuffing,1,0.3087132163082462,0.22198033587157978
credential_stuffing,1,0.3241220706443112,0.09828633166553237
credential_stuffing,1,0.29165279638044583,0.24421991192250134
credential_stuffing,1,0.29812248650643636,0.2678293909750349
credential_stuffing,1,0.2826428894595162,0.14566279478227653
credential_stuffing,1,0.32560001954769263,0.22319114751595262
credential_stuffing,1,0.2434336842241685,0.05171775636882079
credential_stuffing,1,0.2595769318279984,0.12097868819373711
credential_stuffing,1,0.3107416966438288,0.2728888391616127
credential_stuffing,1,0.3323271030601514,0.14206908530879708
credential_stuffing,1,0.2923645774489306,0.03886677064339755
credential_stuffing,1,0.3182742240646415,0.2023954580846485
credential_stuffing,1,0.24229922905987356,0.03363372918504359
credential_stuffing,1,0.300594932157062,0.08156505505058873
credential_stuffing,1,0.2070833536201493,0.08750331576325925
credential_stuffing,1,0.24267005769704622,0.21066323969101178
credential_stuffing,1,0.3799928532602039,0.28344733544856365
credential_stuffing,1,0.3342386031252145,0.174254289757946
credential_stuffing,1,0.2988152603618272,0.06544357499627133
credential_stuffing,1,0.2536415977353256,0.15442897886798823
credential_stuffing,1,0.2569217965159504,0.1939443176566321
credential_stuffing,1,0.27224300928191136,0.03212730632991677
credential_stuffing,1,0.18310398498328656,0.0036083424005547314
credential_stuffing,1,0.22710078769129108,0.055697935837694244
credential_stuffing,1,0.2917665489255341,0.28382280671598364
credential_stuffing,1,0.30945978722881323,0.11396708391243342
credential_stuffing,1,0.3076207947168559,0.1337740500509182
credential_stuffing,1,0.27496334661551924,0.13838024765555718
credential_stuffing,1,0.32907861202462363,0.1722180269583771
credential_stuffing,1,0.36191629194710917,0.2768588774240389
credential_stuffing,1,0.2746883464175706,0.01824023401500303
credential_stuffing,1,0.3879106197457709,0.29171640631870893
credential_stuffing,1,0.30829996285376404,0.11779499849782349
credential_stuffing,1,0.2908922545765179,0.10494088225416336
credential_stuffing,1,0.36545740462713383,0.2815073440856674
credential_stuffing,1,0.19900549465469677,0.1789971708754954
credential_stuffing,1,0.34535521184250434,0.2783352568257887
credential_stuffing,1,0.3771294875315962,0.15422072660594924
credential_stuffing,1,0.339849418868133,0.21451647333208165
credential_stuffing,1,0.31848630443885556,0.1344221620714207
credential_stuffing,1,0.2654076500003677,0.055135081019321075
credential_stuffing,1,0.31863410657183183,0.15696875005508534
credential_stuffing,1,0.36906387067151053,0.2923670545526567
credential_stuffing,1,0.33320747637702797,0.18602219029661077
credential_stuffing,1,0.319416767753914,0.24628684666902817
credential_stuffing,1,0.3383750499813881,0.18244535751202418
credential_stuffing,1,0.26604257762727485,0.07131113302300303
credential_stuffing,1,0.3220575839241432,0.2864982985830962
credential_stuffing,1,0.2704729298852397,0.0198726093700231
credential_stuffing,1,0.32142769549856826,0.03355403122666665
credential_stuffing,1,0.3080357991387491,0.21646042249787123
credential_stuffing,1,0.3032775581212585,0.11033356787401984
credential_stuffing,1,0.3070211734613375,0.08435706212287752
credential_stuffing,1,0.3303117843691064,0.019252169310618017
credential_stuffing,1,0.31122106761447516,0.23003239326917593
credential_stuffing,1,0.4075749468822485,0.26322401474614476
credential_stuffing,1,0.31100244765363794,0.10483829943905655
credential_stuffing,1,0.296614902483813,0.2091584136020759
credential_stuffing,1,0.24995838469739504,0.1432008160427336
credential_stuffing,1,0.22213327567102994,0.057414305010538354
credential_stuffing,1,0.44554880607493375,0.23974253480261173
credential_stuffing,1,0.24210736105107927,0.0170449760383354
credential_stuffing,1,0.3165294509538364,0.2325061180221751
credential_stuffing,1,0.2848348159746595,0.28315830161136174
credential_stuffing,1,0.32665958760040803,0.27101730546391994
credential_stuffing,1,0.3174834467036281,0.11711895655204924
credential_stuffing,1,0.3403775263826958,0.15172602378911323
credential_stuffing,1,0.29504126486318716,0.08439765628246232
credential_stuffing,1,0.3020111610995555,0.29030942674453786
credential_stuffing,1,0.33256633364593885,0.25104303827663893
credential_stuffing,1,0.41954436496841335,0.2888431238030196
credential_stuffing,1,0.32099198035297655,0.05709153760427124
credential_stuffing,1,0.35109233426201303,0.14777888753020335
credential_stuffing,1,0.3355548440003049,0.27632689340302624
credential_stuffing,1,0.3706421592143375,0.2956940138802183
credential_stuffing,1,0.24538962724894908,0.027605716093852872
credential_stuffing,1,0.3549131131094752,0.13034554199850498
credential_stuffing,1,0.23807258638633197,0.2089634239414176
credential_stuffing,1,0.25706290758528916,0.16469533747578843
credential_stuffing,1,0.3387535945326068,0.0989195607825747
credential_stuffing,1,0.31388113901756665,0.18274419500323105
credential_stuffing,1,0.30405680855244654,0.09573264115213524
credential_stuffing,1,0.3336697732507735,0.25593077312526535
credential_stuffing,1,0.32332225000725867,0.15639857315973404
credential_stuffing,1,0.38271924007863495,0.1662585599819951
credential_stuffing,1,0.2557485817246269,0.21599347601176674
credential_stuffing,1,0.33332591268203754,0.15093998139447826
credential_stuffing,1,0.34395199972427987,0.20961631827053137
credential_stuffing,1,0.38725061635337654,0.18689468753815178
credential_stuffing,1,0.3267687550201927,0.14162968386111532
credential_stuffing,1,0.3077991260642889,0.25729312164495877
credential_stuffing,1,0.3105372395248713,0.23242790572676958
credential_stuffing,1,0.26215039508938853,0.20874520356786003
credential_stuffing,1,0.23423559931798474,0.04442303554943695
credential_stuffing,1,0.23336504686472542,0.03436924388418602
credential_stuffing,1,0.3003904411642275,0.06346118656590084
credential_stuffing,1,0.29802468151713696,0.07549203664862493
credential_stuffing,1,0.3495210221139075,0.10520898020805974
credential_stuffing,1,0.3238573957103016,0.15100763770200612
credential_stuffing,1,0.2922490915803449,0.2280766146583666
credential_stuffing,1,0.3366745139806932,0.17072079290637807
credential_stuffing,1,0.3530467302252384,0.18591239281662394
credential_stuffing,1,0.2839398364556372,0.15123127062522476
credential_stuffing,1,0.292442298784483,0.0025617332704072513
credential_stuffing,1,0.3555724706545468,0.11738506542123232
credential_stuffing,1,0.3946027002218061,0.18166609124837843
credential_stuffing,1,0.3544736874082975,0.22608116305561163
credential_stuffing,1,0.41722284855885816,0.21035395336425683
credential_stuffing,1,0.3437862955893263,0.2536349145980492
credential_stuffing,1,0.2651046140967004,0.1648695716892897
credential_stuffing,1,0.24557183063226964,0.2322571911142449
credential_stuffing,1,0.260160690153873,0.24671140636296787
credential_stuffing,1,0.2590607982427135,0.2511012827707913
credential_stuffing,1,0.3107535727813331,0.22470952092441263
credential_stuffing,1,0.2625281151192622,0.1474821289966308
credential_stuffing,1,0.28775106143220663,0.03831253647421101
credential_stuffing,1,0.3740679829449678,0.20296391085100066
credential_stuffing,1,0.2964504458612021,0.05706014648293606
credential_stuffing,1,0.3292947921307759,0.07138491452233965
credential_stuffing,1,0.29805018527974847,0.29049697907160116
credential_stuffing,1,0.25488073422371943,0.06770491216169051
credential_stuffing,1,0.4038502043421664,0.2754750782425655
credential_stuffing,1,0.3806832529274815,0.2403348489236815
credential_stuffing,1,0.3608155632153045,0.09615487156698041
credential_stuffing,1,0.22031560852531534,0.05871211162077236
credential_stuffing,1,0.3318788328567423,0.2670409534661533
credential_stuffing,1,0.3219690184181164,0.2860875390651866
credential_stuffing,1,0.2879485083090866,0.07886615630938665
credential_stuffing,1,0.264209826231777,0.16760410260551825
credential_stuffing,1,0.30239039698202824,0.2012442658008964
credential_stuffing,1,0.35189099651234707,0.06941915331183753
credential_stuffing,1,0.3234416649636606,0.20696346762742876
credential_stuffing,1,0.33610395522156544,0.2353029947675979
credential_stuffing,1,0.2867481585805212,0.2362220647638843
credential_stuffing,1,0.3499455892317798,0.16449831774385854
credential_stuffing,1,0.2916551046996015,0.11445400511211128
credential_stuffing,1,0.27327084940413976,0.028149039404643937
credential_stuffing,1,0.20260737265805948,0.06470685272211486
credential_stuffing,1,0.27169150640430184,0.05624381792926823
credential_stuffing,1,0.3153716945805921,0.1959994235354915
credential_stuffing,1,0.31288800437716263,0.20320320966635183
credential_stuffing,1,0.17136666899049344,0.04390516864007453
credential_stuffing,1,0.23364300217561645,0.2070431698217487
credential_stuffing,1,0.3700433269645013,0.2594508951097726
credential_stuffing,1,0.3058105760875784,0.05238549000169211
credential_stuffing,1,0.24535563321480192,0.1829743585737533
credential_stuffing,1,0.3147809414267933,0.09724824138055164
credential_stuffing,1,0.22517721451839356,0.059792438099356846
credential_stuffing,1,0.2566923547357769,0.03827313679424423
credential_stuffing,1,0.28011103209317234,0.01711981619333489
credential_stuffing,1,0.3620944985970311,0.25556970219614833
credential_stuffing,1,0.3435892947229457,0.1645521341813942
credential_stuffing,1,0.18757945747371513,0.10699063649478512
credential_stuffing,1,0.25450021146729707,0.10018572676146863
credential_stuffing,1,0.3162333524180133,0.22221638097204666
credential_stuffing,1,0.3118131901748412,0.019791615028251386
credential_stuffing,1,0.31934035422834156,0.1966205739223155
credential_stuffing,1,0.3120320247587423,0.21707442797070473
credential_stuffing,1,0.3128583808504689,0.05214423529971056
credential_stuffing,1,0.2744455151763512,0.15294076699125705
credential_stuffing,1,0.35976564161318725,0.21942224228461443
credential_stuffing,1,0.29582530297643495,0.1378991997965386
credential_stuffing,1,0.34500200429343647,0.2593165574112335
credential_stuffing,1,0.2621395160752832,0.030983561204015728
credential_stuffing,1,0.2840390126075073,0.05872097230115951
credential_stuffing,1,0.2928683679944874,0.21647002347345642
credential_stuffing,1,0.3686197415282077,0.16018170457247574
credential_stuffing,1,0.38805258728831254,0.23961161808262207
credential_stuffing,1,0.23617125110659493,0.11297179968501646
credential_stuffing,1,0.33592183558415034,0.09622248507796863
credential_stuffing,1,0.36740467963961554,0.2794659922921994
credential_stuffing,1,0.2838417871505638,0.20751787992196166
credential_stuffing,1,0.41941001456201926,0.2807666138651647
credential_stuffing,1,0.371449282705839,0.20230506461692976
credential_stuffing,1,0.3662250129772416,0.13627214414611744
credential_stuffing,1,0.350335331906958,0.23711190113791614
credential_stuffing,1,0.2834831852911545,0.1691110996898829
credential_stuffing,1,0.25888599562304754,0.26828887093125936
credential_stuffing,1,0.3999853103892758,0.11602140102433678
credential_stuffing,1,0.3105417386197114,0.16971608935598623
credential_stuffing,1,0.3133836040120036,0.29977232554616795
credential_stuffing,1,0.2805504048028287,0.04089881528426374
credential_stuffing,1,0.2591349656144054,0.09016762426298668
credential_stuffing,1,0.31316746890250946,0.18616854768565733
credential_stuffing,1,0.3905063504097224,0.19841768712836688
credential_stuffing,1,0.3694272558860113,0.032957396149331415
credential_stuffing,1,0.27836643452803533,0.1107370941551218
credential_stuffing,1,0.22311737356783365,0.08883203252876128
credential_stuffing,1,0.41668582374579116,0.2111372905229949
credential_stuffing,1,0.3705043808640856,0.28097915672957435
credential_stuffing,1,0.19013353264024907,0.12473664275209137
credential_stuffing,1,0.3173372282447838,0.13252280818959228
credential_stuffing,1,0.17626633007863673,0.012525115110729434
credential_stuffing,1,0.29712976285913384,0.19238999961961697
credential_stuffing,1,0.30796806743941973,0.22545777690295143
credential_stuffing,1,0.20542436458658997,0.023545322108195686
credential_stuffing,1,0.35856594934420305,0.21920301839002293
credential_stuffing,1,0.29359869909772457,0.21775174899619096
credential_stuffing,1,0.28608727873012646,0.23992919523800482
credential_stuffing,1,0.290668762213466,0.030410072693123534
credential_stuffing,1,0.36035357184258704,0.2961374655167045
credential_stuffing,1,0.3616715287277277,0.11438505185246008
credential_stuffing,1,0.2554234155183216,0.0017777420193797243
credential_stuffing,1,0.3084497185494595,0.09102135545539099
credential_stuffing,1,0.2577950722862947,0.20203334624873046
credential_stuffing,1,0.29661439274395685,0.16965534125296294
credential_stuffing,1,0.3445699027824911,0.299322295814834
credential_stuffing,1,0.29202633585454124,0.0650724840403916
credential_stuffing,1,0.18750128078869105,0.017969995421143057
credential_stuffing,1,0.33026430836779397,0.09559219313730756
credential_stuffing,1,0.2336565084334222,0.03963862829230323
credential_stuffing,1,0.3160206953970321,0.2777628300580572
credential_stuffing,1,0.28198839420378,0.28931664747358554
credential_stuffing,1,0.3557670608303269,0.15205882700738682
credential_stuffing,1,0.25801908471682955,0.07679715729706665
credential_stuffing,1,0.27811239041518365,0.06955204041982153
credential_stuffing,1,0.26709726635982817,0.11420801070300707
credential_stuffing,1,0.3368075553379349,0.26897806719021505
credential_stuffing,1,0.3210906733720719,0.25988371187044473
credential_stuffing,1,0.2560822212200545,0.12328258520405247
credential_stuffing,1,0.36081696527713375,0.27868368855038317
credential_stuffing,1,0.2999342199428751,0.17833455935928835
credential_stuffing,1,0.2573284533465622,0.030120036784558612
credential_stuffing,1,0.22963509958189454,0.19569192344577926
credential_stuffing,1,0.3158919380487818,0.18759066755142703
credential_stuffing,1,0.2501670943972849,0.1421762470667649
credential_stuffing,1,0.3004400390257411,0.07575706512090992
credential_stuffing,1,0.38532967698089615,0.28305669563162666
credential_stuffing,1,0.258886948141388,0.009974045701251544
credential_stuffing,1,0.28911808082062135,0.18053916838976225
credential_stuffing,1,0.27842198572880705,0.06861184540163284
credential_stuffing,1,0.3354866981996554,0.1313379589275194
credential_stuffing,1,0.3651681069316517,0.13894668488704556
credential_stuffing,1,0.28650946307099023,0.1336660333675801
credential_stuffing,1,0.22074330472585973,0.026099771473182185
credential_stuffing,1,0.23098208416550875,0.029968989433647595
credential_stuffing,1,0.296357974438437,0.0814106737842862
credential_stuffing,1,0.32021004783695756,0.25550951505712427
credential_stuffing,1,0.27547511497867155,0.15814472909880112
credential_stuffing,1,0.3755387584285673,0.22701567586132348
credential_stuffing,1,0.3034029822249409,0.12133354309293792
credential_stuffing,1,0.24166595170936075,0.03108640417154641
credential_stuffing,1,0.2514003274350531,0.08413925545278904
credential_stuffing,1,0.31042866516177636,0.06224926702991118
credential_stuffing,1,0.31514712792880095,0.2567788850877505
credential_stuffing,1,0.24767027507585238,0.236077556200838
credential_stuffing,1,0.31255483553176583,0.10406164450915605
credential_stuffing,1,0.355912869070265,0.17666233277485224
credential_stuffing,1,0.33396981593379654,0.08677389592950298
credential_stuffing,1,0.2652677648620806,0.1960362623946631
credential_stuffing,1,0.32459448049638256,0.2645027252529258
credential_stuffing,1,0.3067821666577494,0.0048888164182800285
credential_stuffing,1,0.3501447288490219,0.21622777745461355
credential_stuffing,1,0.2947129951750144,0.08006202918066976
credential_stuffing,1,0.26719469987368505,0.1967164543644891
credential_stuffing,1,0.24431053034193548,0.1562711127483679
credential_stuffing,1,0.362148481674341,0.20947643172604705
credential_stuffing,1,0.3062027268953393,0.21774072742449038
credential_stuffing,1,0.22399892751615919,0.020399825731352673
credential_stuffing,1,0.23875999934530717,0.07541760011883836
credential_stuffing,1,0.34545640915799947,0.1969787663095984
credential_stuffing,1,0.28916188784253366,0.25575599388652664
credential_stuffing,1,0.29992693505485285,0.28617686093189415
credential_stuffing,1,0.28190179333860105,0.03406027005220234
credential_stuffing,1,0.294596695755134,0.128229436481613
credential_stuffing,1,0.2812778179467237,0.12322417679363294
credential_stuffing,1,0.2644480507530579,0.2047496222268834
credential_stuffing,1,0.314942051302588,0.044872803807216054
credential_stuffing,1,0.3024436217137221,0.14267427591913265
credential_stuffing,1,0.27217097319549793,0.09712487957717408
credential_stuffing,1,0.34942025749142613,0.1765946225617474
credential_stuffing,1,0.3082362780228042,0.0616624576224689
credential_stuffing,1,0.3135101518843895,0.2202074293793195
credential_stuffing,1,0.24793760495913447,0.042524341543412024
credential_stuffing,1,0.2982804949041052,0.05934863575725105
credential_stuffing,1,0.1992553957881451,0.011311988524266835
credential_stuffing,1,0.29076136315354006,0.1744428139785424
credential_stuffing,1,0.3037283168194767,0.27364577509705984
credential_stuffing,1,0.30088946126582666,0.03849048497869739
credential_stuffing,1,0.2588143175188549,0.006228124702009219
credential_stuffing,1,0.32264742838506666,0.2251882070406475
credential_stuffing,1,0.35809876041090705,0.16556088845150288
credential_stuffing,1,0.30470820835873497,0.21175176273312193
credential_stuffing,1,0.27618328358672517,0.059484864658089096
credential_stuffing,1,0.27972624139084895,0.06687132075192738
credential_stuffing,1,0.39467252576648126,0.26326488806768283
credential_stuffing,1,0.38736921662559526,0.27941536728641486
credential_stuffing,1,0.31127855154971934,0.18776478071997085
credential_stuffing,1,0.3344155652062539,0.22057761824938485
credential_stuffing,1,0.27077629832904987,0.1377312156677021
credential_stuffing,1,0.34226560759869556,0.15931647173984767
credential_stuffing,1,0.353055568005026,0.2928687172674458
credential_stuffing,1,0.33049590473057827,0.12655350236531981
credential_stuffing,1,0.2695715884585187,0.11382727710928352
credential_stuffing,1,0.34027754625598977,0.11235510674092475
credential_stuffing,1,0.32291476216588866,0.24673367969925736
credential_stuffing,1,0.25988641716281297,0.18230836357207686
credential_stuffing,1,0.27788678429937164,0.2866968745977763
credential_stuffing,1,0.286656807723894,0.08130259044902423
credential_stuffing,1,0.35923964767016653,0.16857838361213048
credential_stuffing,1,0.24541826254840682,0.014732120692295613
credential_stuffing,1,0.1861385738631103,0.07001058386646265
credential_stuffing,1,0.3438475617529315,0.19077033978196323
credential_stuffing,1,0.2399285834172635,0.12544897376949263
credential_stuffing,1,0.3736916045644166,0.2814132915981203
credential_stuffing,1,0.4051189442824108,0.2193077923109157
credential_stuffing,1,0.23146879590137084,0.12966024382271685
credential_stuffing,1,0.33468862163359975,0.1838310430983388
credential_stuffing,1,0.33845254829651855,0.2958335912859299
credential_stuffing,1,0.363822293671111,0.28274901309016887
credential_stuffing,1,0.2769213609306978,0.2981124905548357
credential_stuffing,1,0.2456695587859079,0.20635678579267633
credential_stuffing,1,0.3719542896491798,0.20276787084911135
credential_stuffing,1,0.24874581402913568,0.2385868424765819
credential_stuffing,1,0.362947589559042,0.10692062810833598
credential_stuffing,1,0.3506309579457846,0.05892820105358523
credential_stuffing,1,0.2791109849459456,0.1495570158242633
credential_stuffing,1,0.3323380650524235,0.11419114726835922
credential_stuffing,1,0.2972803927420613,0.08791043777136846
credential_stuffing,1,0.3934374601486949,0.23958923468074123
credential_stuffing,1,0.2643886989064607,0.08535843779744974
credential_stuffing,1,0.3039207554360177,0.06388082125305938
credential_stuffing,1,0.36665118165692584,0.2905551119696625
credential_stuffing,1,0.3259831989970988,0.27832464724163913
credential_stuffing,1,0.29824892476488074,0.014659142306600181
credential_stuffing,1,0.22956648256248546,0.01983041578424165
credential_stuffing,1,0.30358334848574803,0.019926390746970057
credential_stuffing,1,0.30196124707980426,0.12777928163395072
credential_stuffing,1,0.29727042857741376,0.06538946932252196
credential_stuffing,1,0.31680672793160736,0.03501857040443005
credential_stuffing,1,0.27064465283135236,0.14626794202755672
credential_stuffing,1,0.30958630405556764,0.11963598585561572
credential_stuffing,1,0.2590294897691724,0.014273673129807839
credential_stuffing,1,0.2901795122040619,0.09708969694068628
credential_stuffing,1,0.2655156598495432,0.23395433032080284
credential_stuffing,1,0.25782274994440957,0.008728495285589699
credential_stuffing,1,0.3449875975712718,0.256922647204565
credential_stuffing,1,0.2593228068636065,0.029881766770347627
credential_stuffing,1,0.2621115104782187,0.09005580258110168
credential_stuffing,1,0.2272645762909106,0.22104763791075413
credential_stuffing,1,0.285408320520351,0.05571873716681936
credential_stuffing,1,0.287788240135404,0.11720767159722935
credential_stuffing,1,0.3563705016148769,0.23451696106301279
credential_stuffing,1,0.263996027095087,0.1996728717392292
credential_stuffing,1,0.2859652441307744,0.2701541855382592
credential_stuffing,1,0.2629721979660308,0.04254949539450402
credential_stuffing,1,0.3203490253724222,0.013564744520633675
credential_stuffing,1,0.3610460837621339,0.25156183912491353
credential_stuffing,1,0.2986683017849928,0.28320161960504664
credential_stuffing,1,0.26563501166226033,0.007849666199619531
credential_stuffing,1,0.2617746321104589,0.0934156757939179
credential_stuffing,1,0.25339242309647836,0.16359585427557172
credential_stuffing,1,0.3071604231837326,0.1277365607724121
credential_stuffing,1,0.25983980082949093,0.03491146537279549
credential_stuffing,1,0.3028257697820368,0.19986264469829296
credential_stuffing,1,0.27013837285737524,0.15156616241279514
credential_stuffing,1,0.3456065314521037,0.2934567579900601
credential_stuffing,1,0.3330426121010059,0.22051963461481927
credential_stuffing,1,0.29373475215591277,0.09372178610723451
credential_stuffing,1,0.31910698042653757,0.03610402201010908
credential_stuffing,1,0.374932231003082,0.2651245865603041
credential_stuffing,1,0.3470563921899086,0.036989968699129794
credential_stuffing,1,0.2992625843531997,0.15190825614288458
credential_stuffing,1,0.34531917434818427,0.05823916492598344
credential_stuffing,1,0.22770449609162455,0.11903804157760894
credential_stuffing,1,0.19353917130560444,0.052951883671988484
credential_stuffing,1,0.15904470240187263,0.01890275316534099
credential_stuffing,1,0.28330949136500067,0.05015708181764604
credential_stuffing,1,0.2917907061584397,0.14264609521389565
credential_stuffing,1,0.2776655335630682,0.23746439350224502
credential_stuffing,1,0.3030045686986739,0.1394478001332899
credential_stuffing,1,0.2767371795022322,0.019407191250346734
credential_stuffing,1,0.37222579875035955,0.1584674769510385
credential_stuffing,1,0.2341699590455247,0.052054921179480115
credential_stuffing,1,0.2572407945292004,0.08482890843645523
credential_stuffing,1,0.30672030684752116,0.12197720802548767
credential_stuffing,1,0.31750821573356514,0.13505124756234269
credential_stuffing,1,0.3157479618001981,0.2721014896241322
credential_stuffing,1,0.2461720938656402,0.03943584076360359
credential_stuffing,1,0.28146671338432044,0.25958101788853755
credential_stuffing,1,0.28070668676278776,0.19366201202276498
credential_stuffing,1,0.2875332833873323,0.28185310517124224
credential_stuffing,1,0.2731728432457231,0.14969631114201348
credential_stuffing,1,0.3127395812475876,0.048810418760523444
credential_stuffing,1,0.2755931840913202,0.25270842426617646
credential_stuffing,1,0.27722592379211997,0.020377895749622243
credential_stuffing,1,0.28150141146625735,0.2715724054430384
credential_stuffing,1,0.33934668590949146,0.004691733729143732
credential_stuffing,1,0.27323749688167775,0.24567712865739846
credential_stuffing,1,0.26529706993178237,0.1132389705410286
credential_stuffing,1,0.20902941107194015,0.04616322327808818
credential_stuffing,1,0.2409796285171221,0.07205361712278875
credential_stuffing,1,0.3230656662873875,0.2956359559113342
credential_stuffing,1,0.29664599135393543,0.12013120878058378
credential_stuffing,1,0.41607337870744787,0.24019037483610528
credential_stuffing,1,0.37512816581981967,0.29639342191814655
credential_stuffing,1,0.20004146951210655,0.010924826717055436
credential_stuffing,1,0.27871521337560534,0.2533605068658632
credential_stuffing,1,0.277529998568087,0.25411544884659976
credential_stuffing,1,0.2861677415936517,0.09922730511723502
credential_stuffing,1,0.3101761783951178,0.21618372625089205
credential_stuffing,1,0.24370209218196506,0.2974585337497973
credential_stuffing,1,0.34045948253679986,0.2202023754449338
credential_stuffing,1,0.3062153607990409,0.14529164059912897
credential_stuffing,1,0.37083965604625485,0.05617101439003181
credential_stuffing,1,0.32773298581308663,0.10495524831615204
credential_stuffing,1,0.3086945396278685,0.2178568535600677
credential_stuffing,1,0.265501345734246,0.18375455368085747
credential_stuffing,1,0.3281694568753202,0.15219506428928023
credential_stuffing,1,0.39107189478519505,0.23576842259405703
credential_stuffing,1,0.30556129999138837,0.012502728747453817
credential_stuffing,1,0.30174299385788467,0.2503772471016189
credential_stuffing,1,0.3524469644186977,0.04923031075574997
credential_stuffing,1,0.3331455115940368,0.2661166580243456
credential_stuffing,1,0.30361856508861806,0.16822434546284082
credential_stuffing,1,0.3310785771329867,0.16358712498463493
credential_stuffing,1,0.3316257319463592,0.2697639639502772
credential_stuffing,1,0.32748134371150994,0.22753975413878108
credential_stuffing,1,0.3244112613144566,0.2488406627021892
credential_stuffing,1,0.27558382089974,0.261637608221865
credential_stuffing,1,0.32293204131821207,0.2100707534125565
credential_stuffing,1,0.30847807477966016,0.28306193675609065
credential_stuffing,1,0.31538335256922667,0.2712448504846348
credential_stuffing,1,0.3186718509151234,0.158049171553711
credential_stuffing,1,0.4021465092562336,0.2857889975175595
credential_stuffing,1,0.35363767852196454,0.22127629423604428
credential_stuffing,1,0.31123400562704334,0.006287264565834993
credential_stuffing,1,0.2533608418995773,0.13390325106333467
credential_stuffing,1,0.2872310576731868,0.21415431858368708
credential_stuffing,1,0.23421834760822205,0.09942708892102749
credential_stuffing,1,0.26443812152560214,0.13446175266835458
credential_stuffing,1,0.40369331945486436,0.2850493632542323
credential_stuffing,1,0.2946100460416742,0.04242862420545966
credential_stuffing,1,0.22881601949341357,0.061217482970656996
credential_stuffing,1,0.30790330123747905,0.10600543141002405
credential_stuffing,1,0.3427510126217242,0.26962952251222017
credential_stuffing,1,0.3217164061593484,0.10690005443872791
credential_stuffing,1,0.22539005071146415,0.07448871978576517
credential_stuffing,1,0.30864814005030233,0.25197526986088936
credential_stuffing,1,0.185205383260143,0.028415465302141285
credential_stuffing,1,0.23090666782839933,0.24289083663915634
credential_stuffing,1,0.28680306465166283,0.14590977126051086
credential_stuffing,1,0.23365052630297528,0.13873282662733727
credential_stuffing,1,0.2683493574864935,0.025848663147728834
credential_stuffing,1,0.34136608883145175,0.2520650680082403
credential_stuffing,1,0.33110432837412906,0.24497043448824235
credential_stuffing,1,0.3544190668939252,0.11644905081989185
credential_stuffing,1,0.3196820388711127,0.25345533100414297
credential_stuffing,1,0.27532598208637965,0.07316010593296769
credential_stuffing,1,0.30707652636447824,0.26088053139348444
credential_stuffing,1,0.26866972662730826,0.17213871336400674
credential_stuffing,1,0.23663658631850729,0.03884636001677142
credential_stuffing,1,0.29062788628870573,0.1530196418700071
credential_stuffing,1,0.23675674627904347,0.09197399866243762
credential_stuffing,1,0.33454457170452123,0.21947861048372
credential_stuffing,1,0.31540136703172605,0.11931317817876563
credential_stuffing,1,0.2668407022086123,0.18416596634434085
credential_stuffing,1,0.31946229665083414,0.008633807202410382
credential_stuffing,1,0.37048988027507956,0.26977094456564443
credential_stuffing,1,0.3349682068684151,0.2739120897103959
credential_stuffing,1,0.3283305684971315,0.15317955758973356
credential_stuffing,1,0.247149114791895,0.16176931629615063
credential_stuffing,1,0.2643630997646411,0.02231970227813218
credential_stuffing,1,0.23672196544376525,0.05650994806290614
credential_stuffing,1,0.2677261643109954,0.06697215318265622
credential_stuffing,1,0.29067246206782804,0.16212627483182776
credential_stuffing,1,0.252797510603424,0.15574685903042
credential_stuffing,1,0.29564867959103514,0.0104329232224734
credential_stuffing,1,0.2940147783369206,0.21354939102667853
credential_stuffing,1,0.3440731958041106,0.2544359590759635
credential_stuffing,1,0.27603342212583803,0.22509148279217167
credential_stuffing,1,0.32028754116577723,0.26687172861237257
credential_stuffing,1,0.3328423258461299,0.0952669511261208
credential_stuffing,1,0.3411141480017357,0.21680802071030686
credential_stuffing,1,0.29685435236555946,0.031204688306204185
credential_stuffing,1,0.1662725980470473,0.01695041752194042
credential_stuffing,1,0.29998316634765965,0.05695288499170106
credential_stuffing,1,0.30193914990574544,0.20039398341655537
credential_stuffing,1,0.37488292251675137,0.23962792909083905
credential_stuffing,1,0.3619663346540264,0.2780632587522596
credential_stuffing,1,0.2536560630591896,0.022398468716164032
credential_stuffing,1,0.2990565423512404,0.15727296225484058
credential_stuffing,1,0.27631821340777224,0.10150651763220854
credential_stuffing,1,0.2873707796216236,0.21736255766436444
credential_stuffing,1,0.30156590527953264,0.1863353354023877
credential_stuffing,1,0.3025240388788906,0.0163747753227356
credential_stuffing,1,0.40157945413995133,0.23035861415203623
credential_stuffing,1,0.28795733646185145,0.02667022599998865
credential_stuffing,1,0.3203860491685201,0.1200373655588076
credential_stuffing,1,0.3290206891428261,0.2919918816224925
credential_stuffing,1,0.2872908196898809,0.1797659970751119
credential_stuffing,1,0.33249758625013204,0.28337511000527876
credential_stuffing,1,0.35592112478273114,0.21305135721345866
credential_stuffing,1,0.35568639381069334,0.08579453508655589
credential_stuffing,1,0.42641373252480996,0.2792498950559254
credential_stuffing,1,0.31074920180082394,0.2034700585856311
credential_stuffing,1,0.24407557113155587,0.21871910697870944
credential_stuffing,1,0.34533476879972347,0.08483566208477382
credential_stuffing,1,0.33502095388132025,0.061066551830135825
credential_stuffing,1,0.2486539619600832,0.048174723138438943
credential_stuffing,1,0.29775870921870856,0.12618463814757214
credential_stuffing,1,0.17649824267645506,0.003037805890110223
credential_stuffing,1,0.1931268114684126,0.07335393700214728
credential_stuffing,1,0.19795585748772707,0.23907542132800774
credential_stuffing,1,0.28574722941407715,0.16432171469770707
credential_stuffing,1,0.35565589188014934,0.08916345038715033
credential_stuffing,1,0.37393564628688175,0.2713032367678242
credential_stuffing,1,0.35989782002035126,0.13076489872814936
credential_stuffing,1,0.30992181645436745,0.14465563052584435
credential_stuffing,1,0.32511310844605024,0.08686061878265357
credential_stuffing,1,0.2797230050911307,0.04182377768680403
credential_stuffing,1,0.3351358227715096,0.22316632369016104
credential_stuffing,1,0.299935569011383,0.10406289639263878
credential_stuffing,1,0.3245464977726894,0.09218545890552632
credential_stuffing,1,0.3103921631516814,0.07807722536195418
credential_stuffing,1,0.323279830866002,0.223162827487898
credential_stuffing,1,0.30784031624486846,0.082891424264469
credential_stuffing,1,0.3263178826505979,0.2961976946158251
credential_stuffing,1,0.37031487224870724,0.2632502112957906
credential_stuffing,1,0.254022752442133,4.557190807386035e-07
credential_stuffing,1,0.33618521489347497,0.22360041741827247
credential_stuffing,1,0.23890475473584594,0.06376371631262708
credential_stuffing,1,0.3196443844366468,0.23025738139832122
credential_stuffing,1,0.266900059043009,0.08404112067811238
credential_stuffing,1,0.2898818699778746,0.17179170954435333
credential_stuffing,1,0.20326073594631966,0.02092884432183283
credential_stuffing,1,0.262208190440219,0.14446791529463768
credential_stuffing,1,0.2981303242075343,0.2379878237344225
credential_stuffing,1,0.2056029581425238,0.09740705859933003
credential_stuffing,1,0.2979855090543686,0.261094640205457
credential_stuffing,1,0.3224411420888812,0.18126154426087535
credential_stuffing,1,0.31893686658739484,0.0763660774586705
credential_stuffing,1,0.23121378350447683,0.08262782046365338
credential_stuffing,1,0.270352762857815,0.21251467925486495
credential_stuffing,1,0.29404069045550985,0.14565438409463335
credential_stuffing,1,0.37365991635464574,0.2253171712115001
credential_stuffing,1,0.28490527347214406,0.15638956504581145
credential_stuffing,1,0.33627205206468114,0.24307880808825316
credential_stuffing,1,0.324881882087916,0.0866322796236171
credential_stuffing,1,0.30727933120215567,0.2118382247696344
credential_stuffing,1,0.3209150971138855,0.1981647275454221
credential_stuffing,1,0.29841011701309117,0.1552356430766133
credential_stuffing,1,0.2523084326783497,0.06694111407150367
credential_stuffing,1,0.3256135494713931,0.246446414826072
credential_stuffing,1,0.32882796489220295,0.29849578709524127
credential_stuffing,1,0.3233265368990291,0.10943929149119615
credential_stuffing,1,0.29229074468757077,0.004246961707186824
credential_stuffing,1,0.2474939709079084,0.19679796418809228
credential_stuffing,1,0.28686799008793795,0.2560452610652295
credential_stuffing,1,0.3002464504401703,0.1429485660966222
credential_stuffing,1,0.24997050138689123,0.1759619465835612
credential_stuffing,1,0.3312400764602586,0.26712722923061694
credential_stuffing,1,0.39254355136004,0.24813657561786417
credential_stuffing,1,0.3265850650899297,0.05829329129512588
credential_stuffing,1,0.3645503137275903,0.2163711732624952
credential_stuffing,1,0.22257732685959292,0.20931529055470213
credential_stuffing,1,0.3414445826044463,0.1997170985299817
credential_stuffing,1,0.2847222549988968,0.26838776421630284
credential_stuffing,1,0.2803397621901369,0.06736961651117887
credential_stuffing,1,0.30999232505686863,0.10948416310634596
credential_stuffing,1,0.31060218890279984,0.13457814269650953
credential_stuffing,1,0.30483162756342436,0.07699368725070928
credential_stuffing,1,0.4177562304845247,0.2529641959090492
credential_stuffing,1,0.2598644123591484,0.048023005794480385
credential_stuffing,1,0.21088136893774542,0.02520445848787778
credential_stuffing,1,0.28756587822612767,0.17871791636020462
credential_stuffing,1,0.2220507521451993,0.10864679412256427
credential_stuffing,1,0.3137195137295467,0.18959913578062376
credential_stuffing,1,0.2284748137539897,0.04384485635543859
credential_stuffing,1,0.3467865767842041,0.2076692318829596
credential_stuffing,1,0.2892754739010744,0.16828968033550606
credential_stuffing,1,0.3391557930050586,0.2748686951430435
credential_stuffing,1,0.29958182313333737,0.1745064360037458
credential_stuffing,1,0.3101253922643926,0.009464961513434456
credential_stuffing,1,0.2691319995010779,0.02525634433438003
credential_stuffing,1,0.34163025982717615,0.22312837997257678
credential_stuffing,1,0.2471334572699951,0.0592691516650698
credential_stuffing,1,0.3087683485252919,0.06926367584785915
credential_stuffing,1,0.3211765857977453,0.1656438341348438
credential_stuffing,1,0.29201671442705635,0.19697737885928307
credential_stuffing,1,0.3587624762437251,0.18380198497883046
credential_stuffing,1,0.26537710221449795,0.15066519453679558
credential_stuffing,1,0.2533299229639426,0.12619305874469555
credential_stuffing,1,0.32026528133880383,0.22468775202184613
credential_stuffing,1,0.343388882856777,0.2952598471916705
credential_stuffing,1,0.2975646207839158,0.12930290210817277
credential_stuffing,1,0.34213405425485,0.2853472693249511
credential_stuffing,1,0.273309069402292,0.10420688166109635
credential_stuffing,1,0.20010982553653173,0.05440626247091938
credential_stuffing,1,0.31152175660448356,0.2245865555761814
credential_stuffing,1,0.3405669580885312,0.22964811024114865
credential_stuffing,1,0.31051485539178475,0.2264600186817565
credential_stuffing,1,0.2534025854075362,0.2593394085054395
credential_stuffing,1,0.3296662369598444,0.2642344662240742
credential_stuffing,1,0.29122938350661615,0.0006977044708918911
credential_stuffing,1,0.2754491578818655,0.07970234224387507
credential_stuffing,1,0.3244335125624243,0.2945203292202451
credential_stuffing,1,0.25057677398460787,0.22396382413349425
credential_stuffing,1,0.3062039195730767,0.15427829355728456
credential_stuffing,1,0.4190661755337226,0.22071280488626602
credential_stuffing,1,0.27039600007658804,0.09192948478886714
credential_stuffing,1,0.27910132811253363,0.1794508846662536
credential_stuffing,1,0.38709864088822193,0.2657210550878549
credential_stuffing,1,0.28538537306878736,0.11769616567020046
credential_stuffing,1,0.26188361874696475,0.11284001806937195
credential_stuffing,1,0.3296777748794725,0.28548191896845115
credential_stuffing,1,0.30933544954267883,0.16752199366385817
credential_stuffing,1,0.2585517882908727,0.13268227432575055
credential_stuffing,1,0.3606769819661086,0.16171858074608958
credential_stuffing,1,0.25307179372387933,0.0420075796722735
credential_stuffing,1,0.389433837866847,0.2387844679469164
credential_stuffing,1,0.37900560595185445,0.2134466983191514
credential_stuffing,1,0.2477216912143487,0.049262100887154645
credential_stuffing,1,0.2948028642020996,0.059720565117393494
credential_stuffing,1,0.20500134505532353,0.028399612257438075
credential_stuffing,1,0.23444354180119062,0.020686071734185685
credential_stuffing,1,0.24927064655042153,0.13562004419894166
credential_stuffing,1,0.348876520155828,0.2559604270636669
credential_stuffing,1,0.27371345697522476,0.0001500904364968747
credential_stuffing,1,0.37073539506305275,0.25470854656462455
credential_stuffing,1,0.23153590317565062,0.028862887042680772
credential_stuffing,1,0.32684874415059467,0.23546548060957395
credential_stuffing,1,0.24176761044057338,0.17243345362542256
credential_stuffing,1,0.35048837760557794,0.2904673878914765
credential_stuffing,1,0.25150147335561335,0.21824240935240488
credential_stuffing,1,0.35429380028562857,0.2644404970933825
credential_stuffing,1,0.26487818833972077,0.06492312099298087
credential_stuffing,1,0.22220764886023156,0.008636126932065313
credential_stuffing,1,0.2712087820271107,0.033296919299672156
credential_stuffing,1,0.32049227149650905,0.25147553713362514
credential_stuffing,1,0.25474819455179065,0.12415082339464208
credential_stuffing,1,0.19963614093460766,0.008030868151839066
credential_stuffing,1,0.33159408940430923,0.15328192128355875
credential_stuffing,1,0.3130768718768385,0.18745482489593243
credential_stuffing,1,0.31605082701513365,0.1512988446032438
credential_stuffing,1,0.24300747879539236,0.014058802597365472
credential_stuffing,1,0.32263982627136867,0.09849611632240902
credential_stuffing,1,0.36286890680610306,0.28076880896679624
credential_stuffing,1,0.3835729570814081,0.23412091655137315
credential_stuffing,1,0.3699513215424818,0.12476888483652271
credential_stuffing,1,0.26594217894850763,0.06486223193927511
credential_stuffing,1,0.22612564412323577,0.06576812969324498
credential_stuffing,1,0.34799509404349527,0.2809246023663796
credential_stuffing,1,0.3299798502277137,0.28038194027217117
credential_stuffing,1,0.3038821054553666,0.28955271243536457
credential_stuffing,1,0.327946521081806,0.27684326354961003
credential_stuffing,1,0.29509420615659887,0.19627921929575798
credential_stuffing,1,0.18010151110358472,0.005306442319528859
credential_stuffing,1,0.26877637898720874,0.07936740800435584
credential_stuffing,1,0.2768877324956796,0.08085406023396054
credential_stuffing,1,0.24550062573926718,0.1549009603731311
credential_stuffing,1,0.2554173844779861,0.037812197394315135
credential_stuffing,1,0.31911756138882014,0.27379122245074167
credential_stuffing,1,0.3101918122895139,0.12178162026876094
credential_stuffing,1,0.31009231706692925,0.23931325138757445
credential_stuffing,1,0.3413175335271896,0.2033864578028285
credential_stuffing,1,0.26758647845133765,0.0410668380345911
credential_stuffing,1,0.24032620878439356,0.02668617895200015
credential_stuffing,1,0.3891234717541127,0.2670670585312942
credential_stuffing,1,0.24630827433586922,0.04483888862015207
credential_stuffing,1,0.3441166102428291,0.2906850800646101
credential_stuffing,1,0.34564721368828905,0.25265730721058083
credential_stuffing,1,0.25368092100594536,0.27740858398405266
credential_stuffing,1,0.333856437257948,0.23843628686583662
credential_stuffing,1,0.34838219563629286,0.22017423869582572
credential_stuffing,1,0.3210031140642684,0.16905198749370004
credential_stuffing,1,0.3063269580456731,0.05986026935022293
credential_stuffing,1,0.26029445999925593,0.09074226118545588
credential_stuffing,1,0.2877579876612523,0.25936050425787144
credential_stuffing,1,0.3110023252889111,0.2997063121928032
credential_stuffing,1,0.2523525429729305,0.06859993019596901
credential_stuffing,1,0.24862051108361696,0.08922717508013267
credential_stuffing,1,0.25016676376724123,0.08471600499094849
credential_stuffing,1,0.28246317851223474,0.026992022197366815
credential_stuffing,1,0.3205738525874558,0.13269310226492856
credential_stuffing,1,0.2721581490840498,0.1376954514737008
credential_stuffing,1,0.2723123982622606,0.15992467591312567
credential_stuffing,1,0.23400468049838788,0.06272285799776094
credential_stuffing,1,0.31000863971981996,0.11090959448991486
credential_stuffing,1,0.41226546058751123,0.2528553386559335
credential_stuffing,1,0.3047026543590255,0.2552763509781524
credential_stuffing,1,0.2956157111739855,0.11211776377945333
credential_stuffing,1,0.28352852614249296,0.14793841765775864
credential_stuffing,1,0.29671384943970563,0.21011852625739677
credential_stuffing,1,0.3594141799963034,0.15575274038117706
credential_stuffing,1,0.23222257561400844,0.01869515085437613
credential_stuffing,1,0.3070062320563464,0.1074633331791616
credential_stuffing,1,0.28866772949025526,0.08093064257489108
credential_stuffing,1,0.24825248347519255,0.0001256957518066204
credential_stuffing,1,0.3130707573862642,0.052743104342368015
credential_stuffing,1,0.30993417384928046,0.08405515319589008
credential_stuffing,1,0.27802161017737304,0.07930723435165032
credential_stuffing,1,0.336747626557297,0.2354094272032651
credential_stuffing,1,0.2424000207209049,0.16094472839472163
credential_stuffing,1,0.27267034510941307,0.12143944925154343
credential_stuffing,1,0.3094445964535833,0.11955853157806896
credential_stuffing,1,0.2663780981717922,0.1539538901820758
credential_stuffing,1,0.3892963464092971,0.28906356566347785
credential_stuffing,1,0.2526845567569885,0.09345803286333323
credential_stuffing,1,0.2883726004702131,0.1660123454084346
credential_stuffing,1,0.2617908007907739,0.11665177576186099
credential_stuffing,1,0.2694607319300171,0.09580896653397454
credential_stuffing,1,0.3472466840467577,0.2992825710705631
credential_stuffing,1,0.25398782045602525,0.08546621826217078
credential_stuffing,1,0.25165350827261185,0.13662241648128215
credential_stuffing,1,0.24435918678068075,0.0023262395079679753
credential_stuffing,1,0.2263138908246769,0.010686390823048153
credential_stuffing,1,0.28503623267033124,0.07044113440380582
credential_stuffing,1,0.33035391000793285,0.2973706755962574
credential_stuffing,1,0.3286150561894125,0.23419514156903914
credential_stuffing,1,0.22974170457375126,0.07959338954803531
credential_stuffing,1,0.3588803789883196,0.16227552221611663
credential_stuffing,1,0.30069115910898975,0.13957848956521313
credential_stuffing,1,0.2753709344808202,0.19716297980399003
credential_stuffing,1,0.24659609768518945,0.1759391547751243
credential_stuffing,1,0.2837137644777738,0.1540970087853073
credential_stuffing,1,0.35063824880524797,0.10862076558358331
credential_stuffing,1,0.25758148795234015,0.14734884169686266
credential_stuffing,1,0.3054439408721686,0.22500474431354422
credential_stuffing,1,0.29885534767077343,0.0904382874027136
credential_stuffing,1,0.23351174713111164,0.020762729820885815
credential_stuffing,1,0.31507125600626845,0.2531241653362085
credential_stuffing,1,0.24095516289676827,0.0832867371455417
credential_stuffing,1,0.30740127392490013,0.031239024037295702
credential_stuffing,1,0.4202018307098672,0.20900174049759035
credential_stuffing,1,0.28124275872820975,0.1969267409809364
credential_stuffing,1,0.32188588463627554,0.06911161339754364
credential_stuffing,1,0.35204839229351315,0.12739359051873128
credential_stuffing,1,0.4358846026250215,0.2597183230460801
credential_stuffing,1,0.24262337051686583,0.08692912320915915
credential_stuffing,1,0.2762254736835101,0.01966399495192873
credential_stuffing,1,0.30684231100793374,0.2870616080377485
credential_stuffing,1,0.2590924579474918,0.021880714036034785
credential_stuffing,1,0.3394113476320243,0.1639839039805379
credential_stuffing,1,0.36879820497575094,0.10589145347196181
credential_stuffing,1,0.30565125184045816,0.23500384241118452
credential_stuffing,1,0.3060004269737446,0.22557645759793957
credential_stuffing,1,0.4003454606455332,0.19775410787562528
credential_stuffing,1,0.3717053387216532,0.1754100419264831
credential_stuffing,1,0.2668880356704108,0.1248912715400523
credential_stuffing,1,0.38620731059365304,0.15472096917500872
credential_stuffing,1,0.2789366604361304,0.23281766299148135
credential_stuffing,1,0.2913658190350419,0.08572633769646068
credential_stuffing,1,0.2894708997058319,0.05883438897281133
credential_stuffing,1,0.21762710828215495,0.04381251810970405
credential_stuffing,1,0.37406379571435044,0.18556511692266325
credential_stuffing,1,0.27196190366421996,0.057727966056121946
credential_stuffing,1,0.2637315902076545,0.015647668454652784
credential_stuffing,1,0.28761930780846046,0.23787754345168563
credential_stuffing,1,0.3334977702229503,0.06457668076557996
credential_stuffing,1,0.2806295809490661,0.03428798646922284
credential_stuffing,1,0.26147901535965956,0.06747199071144658
credential_stuffing,1,0.2997660487684676,0.020930619393486394
credential_stuffing,1,0.20889660551834224,0.10035459135649351
credential_stuffing,1,0.34729480626634274,0.26199328634580155
credential_stuffing,1,0.4014771914618048,0.2562418932877028
credential_stuffing,1,0.24284038461677065,0.048511972388831114
credential_stuffing,1,0.2431629182645111,0.10951268781631454
credential_stuffing,1,0.3395805148808386,0.186404619291803
credential_stuffing,1,0.3369632034071478,0.18852376807645685
credential_stuffing,1,0.3174639311286849,0.22907244228331747
credential_stuffing,1,0.30401028295067273,0.21646859506798308
credential_stuffing,1,0.2746838889445841,0.044370394934249546
credential_stuffing,1,0.3183477862864364,0.1413690406187618
credential_stuffing,1,0.30555789546172346,0.22554596439034727
credential_stuffing,1,0.3318933940307334,0.16388964244150495
credential_stuffing,1,0.3509349395004696,0.2609795903567877
credential_stuffing,1,0.2755489431597127,0.11153632262829828
credential_stuffing,1,0.21592498690769885,0.015830634826634847
credential_stuffing,1,0.29733798183021837,0.23848495563905536
credential_stuffing,1,0.19646606243745646,0.10082023906188044
credential_stuffing,1,0.24563031010124883,0.2547357311207706
credential_stuffing,1,0.26076002965949757,0.24458852926565758
credential_stuffing,1,0.2854806525597037,0.24154847596621815
credential_stuffing,1,0.2578608301711933,0.1339291624662459
credential_stuffing,1,0.34277173090570534,0.13675940285963414
credential_stuffing,1,0.3941293741847138,0.28067010266347103
credential_stuffing,1,0.31539736952168396,0.11484718510903728
credential_stuffing,1,0.32865048594477964,0.2548453697112318
credential_stuffing,1,0.18917286132817668,0.018084576491667236
credential_stuffing,1,0.23376704421619093,0.2028330670592021
credential_stuffing,1,0.30072732583480893,0.14358230432647687
credential_stuffing,1,0.2790676579454947,0.07984862247558473
credential_stuffing,1,0.28406522317557115,0.181028185300969
credential_stuffing,1,0.37753818639444015,0.2674596189399179
credential_stuffing,1,0.29229765195305624,0.22007922629494991
credential_stuffing,1,0.3556689065598136,0.26796052049055935
credential_stuffing,1,0.33408843012265954,0.13809238195308823
credential_stuffing,1,0.3139639342188485,0.10992487877398202
credential_stuffing,1,0.28166306643769173,0.23449086900581576
credential_stuffing,1,0.3904021417635301,0.2566116862171844
credential_stuffing,1,0.23451021099433553,0.052649125201821
credential_stuffing,1,0.29919901569831214,0.1327517059596199
credential_stuffing,1,0.32837118028811846,0.12431296903021644
credential_stuffing,1,0.2356880398081861,0.12247643144036327
credential_stuffing,1,0.3307681562657708,0.20747822636463706
credential_stuffing,1,0.3431522479336918,0.24510954808013694
credential_stuffing,1,0.29800419556206925,0.1643560069672245
credential_stuffing,1,0.22165900016330173,0.034600005186696925
credential_stuffing,1,0.22462702432168405,0.16650710213822764
credential_stuffing,1,0.3245253722653852,0.006265803204818198
credential_stuffing,1,0.3103264405796351,0.21049539934524214
credential_stuffing,1,0.24508721476320902,0.045294191368183696
credential_stuffing,1,0.29227912417419255,0.2102094787178034
credential_stuffing,1,0.30409487769231824,0.09058387536895265
credential_stuffing,1,0.36552776789623603,0.29372757203752703
credential_stuffing,1,0.3347903086204639,0.2560217895382074
credential_stuffing,1,0.2606386661543007,0.12247384811003245
credential_stuffing,1,0.2700212052329994,0.009048202080320067
credential_stuffing,1,0.3492755336059693,0.27889657689758307
credential_stuffing,1,0.25542834684768845,0.2187685361666838
credential_stuffing,1,0.30099726409553257,0.1049488132823667
credential_stuffing,1,0.27587749516762133,0.10438327418337262
credential_stuffing,1,0.158416401101144,0.009128672811785265
credential_stuffing,1,0.39081062360008323,0.26229510588104726
credential_stuffing,1,0.38768605044756416,0.2996984549085935
credential_stuffing,1,0.41690653052734933,0.2834720106727669
credential_stuffing,1,0.24113649596253922,0.013129341048022903
credential_stuffing,1,0.2960281097519568,0.0114672813685598
credential_stuffing,1,0.31304802660866127,0.22836894012626424
credential_stuffing,1,0.27061793592884625,0.041659894511821484
credential_stuffing,1,0.3170756642308909,0.06127960438871788
credential_stuffing,1,0.30890118568841984,0.21081054236250305
credential_stuffing,1,0.32943397994130746,0.048982692635341794
credential_stuffing,1,0.3791410045801813,0.2347903006628119
credential_stuffing,1,0.33399161544096495,0.2938501014759491
credential_stuffing,1,0.27967083236019713,0.07556167085922617
credential_stuffing,1,0.2566805506734201,0.17099258384626043
credential_stuffing,1,0.2903720323169428,0.0663491400137071
credential_stuffing,1,0.32477277694328816,0.2590596427304794
credential_stuffing,1,0.3062753139298275,0.175162800227832
credential_stuffing,1,0.43157122302590584,0.26868345891016937
credential_stuffing,1,0.25088522070665936,0.1012009071618983
credential_stuffing,1,0.26015705618408924,0.039576916848719224
credential_stuffing,1,0.30992951944788194,0.08183583493304035
credential_stuffing,1,0.3081064709748757,0.08941253746557856
credential_stuffing,1,0.2703422696263613,0.02586777405701468
credential_stuffing,1,0.29201393461141056,0.1740380130053514
credential_stuffing,1,0.3429866359982184,0.14390674448150167
credential_stuffing,1,0.1977067199061937,0.08215980743146925
credential_stuffing,1,0.2600098303409956,0.08979049033666224
credential_stuffing,1,0.2767707788089817,0.041868489126061156
credential_stuffing,1,0.22326482188948324,0.0008624229630426083
credential_stuffing,1,0.3563289313926928,0.2891987135750675
credential_stuffing,1,0.33585873515998815,0.26683005698121615
credential_stuffing,1,0.3424742165177347,0.2269394915888928
credential_stuffing,1,0.28603909496061175,0.11185857594984273
credential_stuffing,1,0.3388011729471357,0.17783423537258658
credential_stuffing,1,0.2855714871587426,0.07356976721882709
credential_stuffing,1,0.3509487357458287,0.19589552439015467
credential_stuffing,1,0.41823245168510553,0.2722805184453703
credential_stuffing,1,0.2899568190187891,0.14983664158686041
credential_stuffing,1,0.3218217354155122,0.2639167402722811
credential_stuffing,1,0.30382919120088125,0.15662067694429674
credential_stuffing,1,0.2911952307574975,0.2203130010696717
credential_stuffing,1,0.3889742686471165,0.21828100973490974
credential_stuffing,1,0.2725974955804957,0.056823790320322976
credential_stuffing,1,0.2944095092600052,0.2383667842975855
credential_stuffing,1,0.2003683306745226,0.053373192769544
credential_stuffing,1,0.24371207524552455,0.08493748975804218
credential_stuffing,1,0.37068702022719946,0.27016344841318585
credential_stuffing,1,0.26717772952902824,0.08665607250456926
credential_stuffing,1,0.3371350720131657,0.273802373500833
credential_stuffing,1,0.2747195038671437,0.06059685190676562
credential_stuffing,1,0.2701030981729833,0.046717434097246845
credential_stuffing,1,0.3249191845461622,0.24432355071783574
credential_stuffing,1,0.3217259758062725,0.1459576871780804
credential_stuffing,1,0.25962429420661864,0.040031714293553934
credential_stuffing,1,0.37759951004824455,0.1997248566484953
credential_stuffing,1,0.35154845712339466,0.2420639146650737
credential_stuffing,1,0.32083409223977616,0.19407255666809664
credential_stuffing,1,0.25582569132195265,0.022968309639466753
credential_stuffing,1,0.2417243544581485,0.18442542362940928
credential_stuffing,1,0.27793242549658403,0.19148585283738573
credential_stuffing,1,0.2797223837334488,0.18807925086539878
credential_stuffing,1,0.25868135203561476,0.1243428253177225
credential_stuffing,1,0.3618027354759693,0.29484871173339594
credential_stuffing,1,0.2643495880235984,0.027730732165908878
credential_stuffing,1,0.3200368754040557,0.2328749372313093
credential_stuffing,1,0.2724065900001085,0.08669952123404473
credential_stuffing,1,0.3367058044345473,0.09460296856270915
credential_stuffing,1,0.29430977985216594,0.28522823445115353
credential_stuffing,1,0.28035871715224175,0.2525876449115916
credential_stuffing,1,0.30603755468612087,0.07526541705469504
credential_stuffing,1,0.2867953221424615,0.253491033398663
credential_stuffing,1,0.3028569796842444,0.038315085749546805
credential_stuffing,1,0.2796222592532869,0.03875992215094106
credential_stuffing,1,0.2761418011355571,0.12947892229116226
credential_stuffing,1,0.28570301908693874,0.10116454496514342
credential_stuffing,1,0.26954773469920434,0.011246990855679673
credential_stuffing,1,0.21925147329745726,0.10854632972803278
credential_stuffing,1,0.2975453143069582,0.057570883404407844
credential_stuffing,1,0.2387846274561235,0.1778074430982073
credential_stuffing,1,0.28268317025894024,0.2050299404220331
credential_stuffing,1,0.2348822820333227,0.045269624301176155
credential_stuffing,1,0.4052346100004612,0.2395854126091494
credential_stuffing,1,0.27188716138724683,0.1579173863438945
credential_stuffing,1,0.20655427597306023,0.005782647299943755
credential_stuffing,1,0.29450725335671685,0.08180285129982083
credential_stuffing,1,0.17049156946854996,0.01585792772391845
credential_stuffing,1,0.3120822878836931,0.008481968098078274
credential_stuffing,1,0.21820485172332174,0.1595324309299641
credential_stuffing,1,0.3617141801219034,0.11556149432738436
credential_stuffing,1,0.28835713833208815,0.20437762064026083
credential_stuffing,1,0.3359488615180716,0.1790852514391405
credential_stuffing,1,0.2661152578543124,0.24553788964891543
credential_stuffing,1,0.33874597649822324,0.12606920381781364
credential_stuffing,1,0.39015917779806986,0.2697124473920667
credential_stuffing,1,0.28779431308377923,0.1154611122314621
credential_stuffing,1,0.31285877201986184,0.004644269245251775
credential_stuffing,1,0.3207729537906697,0.1458216016772302
credential_stuffing,1,0.2817293684541767,0.08695273152706905
credential_stuffing,1,0.26764781780226127,0.2157778420243396
credential_stuffing,1,0.31823246881678485,0.1903859183389317
credential_stuffing,1,0.30985149082995883,0.18271747944500275
credential_stuffing,1,0.3651388894596177,0.1706613171694028
credential_stuffing,1,0.3661216140444265,0.27312865467695957
credential_stuffing,1,0.26787392338211363,0.035140207530218535
credential_stuffing,1,0.2714458720741421,0.0762799761498034
credential_stuffing,1,0.29413800778619337,0.15762640030503153
credential_stuffing,1,0.27150642349322457,0.06359802685665045
credential_stuffing,1,0.3247789422411716,0.06511750502465513
credential_stuffing,1,0.3175581390992343,0.2002806700927117
credential_stuffing,1,0.2481263633392715,0.14448154891198145
credential_stuffing,1,0.26393943793073027,0.015743039169799553
credential_stuffing,1,0.3219584057638694,0.23967268713540285
credential_stuffing,1,0.26581305151644147,0.2499428449291805
credential_stuffing,1,0.25187144300395015,0.11821588201253444
credential_stuffing,1,0.377833933491615,0.29868197026638676
credential_stuffing,1,0.40927870844926095,0.16500300013165245
credential_stuffing,1,0.2579209151109627,0.14956182158875278
credential_stuffing,1,0.318112683630362,0.083531559226095
credential_stuffing,1,0.342740467279173,0.10757805230350416
credential_stuffing,1,0.256774008311213,0.0748824396890076
credential_stuffing,1,0.25401915527200497,0.09635456853980001
credential_stuffing,1,0.23363918438671993,0.08388429778120081
credential_stuffing,1,0.27336085565547436,0.2177106285178827
credential_stuffing,1,0.24000460252190717,0.07266233048685584
credential_stuffing,1,0.2872817961083203,0.1505527155446175
credential_stuffing,1,0.32281848377661093,0.2796981785483367
credential_stuffing,1,0.3827437686403209,0.21506939412686182
credential_stuffing,1,0.18671854772959476,0.017906366965768836
credential_stuffing,1,0.27220659008205567,0.09255861842645986
credential_stuffing,1,0.3144711983064843,0.07179542882905782
credential_stuffing,1,0.23797812319752495,0.2541342811617964
credential_stuffing,1,0.29467091743096363,0.15067153244001028
credential_stuffing,1,0.32943061655709566,0.21085881216803
credential_stuffing,1,0.27533536649991747,0.13460766763494153
credential_stuffing,1,0.34647324570079585,0.15958425641785667
credential_stuffing,1,0.2715080071202805,0.10871546241367071
credential_stuffing,1,0.31049682635196096,0.2791747797729121
credential_stuffing,1,0.36234657798047387,0.26799404035597246
credential_stuffing,1,0.26155052748507635,0.16655146973904092
credential_stuffing,1,0.340225038086928,0.2202912750151973
credential_stuffing,1,0.34113321075310293,0.0990841115816834
credential_stuffing,1,0.3104199543300878,0.07337747003097833
credential_stuffing,1,0.32643409412981883,0.26869837439950195
credential_stuffing,1,0.25638318002762733,0.05099963076240701
credential_stuffing,1,0.2833053602799603,0.12703916732531992
credential_stuffing,1,0.41172932965670195,0.2791717453652866
credential_stuffing,1,0.2846749718278544,0.20466249079333998
credential_stuffing,1,0.3118140183493096,0.1699928166801713
credential_stuffing,1,0.31591461773431506,0.14865783713921762
credential_stuffing,1,0.2530939848749777,0.19191338880149686
credential_stuffing,1,0.3374356232677692,0.14085187040948483
credential_stuffing,1,0.33220549310468095,0.009479032584718338
credential_stuffing,1,0.35255467653149264,0.0007239089463956571
credential_stuffing,1,0.26142385103193516,0.08050836019170737
credential_stuffing,1,0.24552196870242812,0.02723942867389264
credential_stuffing,1,0.33360902608141196,0.2003207773772363
credential_stuffing,1,0.24591496907763813,0.20984019241536012
credential_stuffing,1,0.2909782289739434,0.25717319167154185
credential_stuffing,1,0.35496709705341556,0.20781181847682836
credential_stuffing,1,0.2591609763835172,0.09223959617694996
credential_stuffing,1,0.34990825233353845,0.0730976070381393
credential_stuffing,1,0.4009261170893187,0.16097448250865012
credential_stuffing,1,0.28694492815087147,0.15537862898175994
credential_stuffing,1,0.3553901436538287,0.036440481529020505
credential_stuffing,1,0.32729250935702703,0.2648582555605042
credential_stuffing,1,0.357874500015976,0.2407097680239309
credential_stuffing,1,0.2496211019998016,0.059487220435400355
credential_stuffing,1,0.3160975103964316,0.07789990200921426
credential_stuffing,1,0.3483247425052551,0.14699406621329836
credential_stuffing,1,0.2968256729739595,0.08881702099391232
credential_stuffing,1,0.29612349710360253,0.23850540268402656
credential_stuffing,1,0.27216689333455524,0.14237534653187334
credential_stuffing,1,0.21050472395081157,0.11247867892331269
credential_stuffing,1,0.3049972188418228,0.16944141542195357
credential_stuffing,1,0.2611018177276027,0.24582970100338822
credential_stuffing,1,0.25495963938012683,0.11470235498810721
credential_stuffing,1,0.2999397377813044,0.08969773674614138
credential_stuffing,1,0.30030573650673154,0.05984156453179132
credential_stuffing,1,0.3169449890342417,0.1961984713671834
credential_stuffing,1,0.27651868257328727,0.1084930740821506
credential_stuffing,1,0.2260808529262882,0.06638950828519777
credential_stuffing,1,0.31741447199307,0.2844374310559256
credential_stuffing,1,0.30708014591691124,0.2394183900963135
credential_stuffing,1,0.31147310985136445,0.265675446705611
credential_stuffing,1,0.3116309400378332,0.008567539710337824
credential_stuffing,1,0.2647438308327622,0.12233625001337739
credential_stuffing,1,0.28244801099184286,0.14699317074050378
credential_stuffing,1,0.34423795489125414,0.11970904578135833
credential_stuffing,1,0.38299021838713254,0.20476913441609723
credential_stuffing,1,0.251504757210542,0.1105595120916381
credential_stuffing,1,0.38420134806105705,0.28177187797645487
credential_stuffing,1,0.3436594939452221,0.2613110276196006
credential_stuffing,1,0.31880429117249026,0.06771136168340038
credential_stuffing,1,0.3626291611751548,0.27475695168699454
credential_stuffing,1,0.32818969651187807,0.21596617230808662
credential_stuffing,1,0.30698632709677937,0.10195860498045828
credential_stuffing,1,0.2429565064562795,0.007959660492083076
credential_stuffing,1,0.27038626436691265,0.079278927141342
credential_stuffing,1,0.3188269697081971,0.17658019564544555
credential_stuffing,1,0.25888205079347926,0.05397990919318731
credential_stuffing,1,0.2711301156477945,0.09451619577516733
credential_stuffing,1,0.2972468988387573,0.06269754602367554
credential_stuffing,1,0.3134552745666324,0.29758862794998664
credential_stuffing,1,0.30362136093960873,0.23219345996593171
credential_stuffing,1,0.3338894293883103,0.22557144462566348
credential_stuffing,1,0.2842433128124634,0.12083390460415085
credential_stuffing,1,0.2632430492759878,0.21738357414355178
credential_stuffing,1,0.33203986528042606,0.2846573823485188
credential_stuffing,1,0.2721811906643332,0.009009670364208577
credential_stuffing,1,0.2742572235291445,0.18487397246871656
credential_stuffing,1,0.2616386298142907,0.1808377389785207
credential_stuffing,1,0.32466932007649457,0.27070166364160825
credential_stuffing,1,0.32605319682998735,0.023082879404530663
credential_stuffing,1,0.3401687395590889,0.2547304626523412
credential_stuffing,1,0.28734982233617445,0.2126446669537353
credential_stuffing,1,0.25875982393984187,0.15700760458744187
credential_stuffing,1,0.22337771972680998,0.0672563290477289
credential_stuffing,1,0.2515787728130915,0.11461765546877101
credential_stuffing,1,0.21619898680206623,0.11517488590247024
credential_stuffing,1,0.2736305279175405,0.14884858663097592
credential_stuffing,1,0.29763149942635087,0.2121225235398819
credential_stuffing,1,0.34337380091994546,0.18761054695006454
credential_stuffing,1,0.31948736720537185,0.007414965196505063
credential_stuffing,1,0.2547351587541968,0.0820233638010875
credential_stuffing,1,0.3924143047329096,0.102335555586821
credential_stuffing,1,0.2971550207833737,0.12982469072091143
credential_stuffing,1,0.2558394253442756,0.04814589692151695
credential_stuffing,1,0.3338811521373204,0.2980833150594542
credential_stuffing,1,0.34984314255551374,0.22246528462643023
credential_stuffing,1,0.27451224299895255,0.040770241530095494
credential_stuffing,1,0.2894937690517534,0.1480935736899966
credential_stuffing,1,0.35265922966089197,0.1969425191730796
credential_stuffing,1,0.33690355217065504,0.275226100799972
credential_stuffing,1,0.33282645723468623,0.17291649202291146
credential_stuffing,1,0.24527581749743593,0.008372668497756109
credential_stuffing,1,0.3269855877667092,0.25946899175867477
credential_stuffing,1,0.27500208977385543,0.2275859669322833
credential_stuffing,1,0.2551179766097125,0.0740504199380413
credential_stuffing,1,0.19657957894639178,0.026942154788628925
credential_stuffing,1,0.2849821575411357,0.028039047889687883
credential_stuffing,1,0.2906127298482253,0.051935731726117804
credential_stuffing,1,0.2684536739724717,0.1570225661041002
credential_stuffing,1,0.3291035816945119,0.29197841158767385
credential_stuffing,1,0.25908581372076833,0.056711606344929485
credential_stuffing,1,0.31506609307514966,0.2707878159608826
credential_stuffing,1,0.28820198609763475,0.0015290323086117775
credential_stuffing,1,0.267055858967124,0.13363205457611022
credential_stuffing,1,0.2659063477926854,0.18383133787412012
credential_stuffing,1,0.33251954797407723,0.2064149679898962
credential_stuffing,1,0.2174786266360434,0.025995670627146614
credential_stuffing,1,0.2818373910931511,0.07139982826710989
credential_stuffing,1,0.2959735390071118,0.10458238989320118
credential_stuffing,1,0.26590317610121583,0.23757643223742525
credential_stuffing,1,0.3094985980451429,0.03518721200280078
credential_stuffing,1,0.3229054228025412,0.1731458175409946
credential_stuffing,1,0.22531646777923997,0.06981760098189639
credential_stuffing,1,0.2511894125495723,0.09712325736386423
credential_stuffing,1,0.32102644348435244,0.09450293138420156
credential_stuffing,1,0.2507504742848494,0.06543938983568658
credential_stuffing,1,0.25725723929896904,0.11347878401914578
credential_stuffing,1,0.296778136264412,0.23655706583943403
credential_stuffing,1,0.3706820336093817,0.2646396321699473
credential_stuffing,1,0.35308593746003136,0.1172471856468964
credential_stuffing,1,0.3177475916607962,0.2041659217214046
credential_stuffing,1,0.4499081752125356,0.26486575634156656
credential_stuffing,1,0.2929479223988668,0.0406122591980426
credential_stuffing,1,0.3093861559932796,0.2759645482393656
credential_stuffing,1,0.26101136588003276,0.1300436196939108
credential_stuffing,1,0.30731301210962764,0.2851563883910307
credential_stuffing,1,0.3326406075258452,0.05418989299535088
credential_stuffing,1,0.2657466379974264,0.07480274708178157
credential_stuffing,1,0.30157592792329824,0.13533624708533187
credential_stuffing,1,0.24957819800531458,0.004959265103463528
credential_stuffing,1,0.3904254214211323,0.23326277190507286
credential_stuffing,1,0.3761240599942397,0.25893968400175665
credential_stuffing,1,0.22814403294554395,0.08063418298454551
credential_stuffing,1,0.30056181278294286,0.10868349143476928
credential_stuffing,1,0.27872732967460045,0.13996928627134644
credential_stuffing,1,0.28107677347320387,0.10330552910234528
credential_stuffing,1,0.2743595620059083,0.054546571625937575
credential_stuffing,1,0.20134004528104024,0.033467673610645954
credential_stuffing,1,0.3310827379083107,0.22874179596038352
credential_stuffing,1,0.3678729964458668,0.22904506381740453
credential_stuffing,1,0.3599653808586162,0.18279793152455567
credential_stuffing,1,0.2846977872410563,0.06506849524661866
credential_stuffing,1,0.242395951810805,0.19268632779293518
credential_stuffing,1,0.32500860413486504,0.03761438828600789
credential_stuffing,1,0.2838574402299674,0.24377895424303522
credential_stuffing,1,0.31609393502273875,0.21064655942476498
credential_stuffing,1,0.22478279056808842,0.16909947897706745
credential_stuffing,1,0.2935829234270308,0.17084557977634698
credential_stuffing,1,0.3763032204202084,0.21023626337794138
credential_stuffing,1,0.29051287886751653,0.046727698093346356
credential_stuffing,1,0.3619614007117972,0.191350152370857
credential_stuffing,1,0.3019740648824066,0.21866179226593763
credential_stuffing,1,0.2791369097066455,0.14897134601724224
credential_stuffing,1,0.21907330322243804,0.18902556369489892
credential_stuffing,1,0.28933430488373685,0.10543953041362493
credential_stuffing,1,0.38726557576560766,0.29661096650564284
credential_stuffing,1,0.2033828982031101,0.0027548202679763653
credential_stuffing,1,0.32555569848378435,0.2631397602744743
credential_stuffing,1,0.2685098847741411,0.15336576931085918
credential_stuffing,1,0.34455096121436696,0.17908978120068894
credential_stuffing,1,0.26387968784915117,0.045978431277900876
credential_stuffing,1,0.2230667199589577,0.0004211225114751249
credential_stuffing,1,0.32248881461393136,0.19769125785512517
credential_stuffing,1,0.3601287193573978,0.29152372125814574
credential_stuffing,1,0.35335908664630294,0.17699906819062974
credential_stuffing,1,0.32784643582907125,0.1919735685385173
credential_stuffing,1,0.2684656113168314,0.27894282308902635
credential_stuffing,1,0.35475517070181356,0.272173817599401
credential_stuffing,1,0.24039120552030366,0.15299828804718354
credential_stuffing,1,0.22538054144805736,0.007792824521984409
credential_stuffing,1,0.3154403742214751,0.25592042396328996
credential_stuffing,1,0.3086256916294559,0.07037476114725909
credential_stuffing,1,0.26232583381640817,0.09818747277826056
credential_stuffing,1,0.23751273392362932,0.047269946580568746
credential_stuffing,1,0.2644338966460398,0.08076325348742946
credential_stuffing,1,0.2767347665126247,0.09749068054802629
credential_stuffing,1,0.24953854955131147,0.0510507264037731
credential_stuffing,1,0.3251874233775251,0.053376975827194535
credential_stuffing,1,0.3317024682140054,0.16913198484192996
credential_stuffing,1,0.2384582222381182,0.0012815888581670597
credential_stuffing,1,0.30881567058123155,0.15483119439020462
credential_stuffing,1,0.19962976333670754,0.10229633089590963
credential_stuffing,1,0.27342204671312675,0.16479291984414465
credential_stuffing,1,0.28555531670113615,0.12053100773637682
credential_stuffing,1,0.3232777859262275,0.09698334821960068
credential_stuffing,1,0.3961199584426368,0.25937481660879286
credential_stuffing,1,0.33163618269640843,0.13647827392418513
credential_stuffing,1,0.2610077940164048,0.015002759868528625
credential_stuffing,1,0.3506214476644937,0.27311474601090807
credential_stuffing,1,0.3480539044073606,0.13522707671724213
credential_stuffing,1,0.27720850951520604,0.16050041912987742
credential_stuffing,1,0.3218111411829511,0.021729623372218475
credential_stuffing,1,0.3173435671814272,0.2270013898047986
credential_stuffing,1,0.30191419100014594,0.09641746178617998
credential_stuffing,1,0.38340100772070446,0.19872355364851152
credential_stuffing,1,0.3657503675543522,0.15432341461511548
credential_stuffing,1,0.24060614939559366,0.15296625090707558
credential_stuffing,1,0.30436552502053327,0.04847856855168451
credential_stuffing,1,0.3413530576205866,0.10005059573781948
credential_stuffing,1,0.32301301111101843,0.08048186967951987
credential_stuffing,1,0.2941201767632365,0.059946640992519395
credential_stuffing,1,0.3480317435733765,0.16718219136469267
credential_stuffing,1,0.2971270468760193,0.03695789935394339
credential_stuffing,1,0.2704347461040205,0.16432963383729612
credential_stuffing,1,0.21430342257537732,0.14552764222374048
credential_stuffing,1,0.2511320371883559,0.08214516767863908
credential_stuffing,1,0.22207783730695113,0.1558102045206111
credential_stuffing,1,0.34236616938796904,0.280393630504131
credential_stuffing,1,0.3093772270440215,0.21187273398605308
credential_stuffing,1,0.3378835383345138,0.1914395125298096
credential_stuffing,1,0.3618976432260007,0.21980553807138073
credential_stuffing,1,0.3507193755951901,0.22098552592383058
credential_stuffing,1,0.23810723045231658,0.07597162353507776
credential_stuffing,1,0.17961071539150766,0.04642477380683262
credential_stuffing,1,0.22030252654569055,0.00936264608119176
credential_stuffing,1,0.27615948174050226,0.16340253097873317
credential_stuffing,1,0.1842823124943951,0.02903213269477138
credential_stuffing,1,0.30847664068203756,0.19481452984094136
credential_stuffing,1,0.27683405818373336,0.0680889055273298
credential_stuffing,1,0.32802402007246606,0.2812071691268678
credential_stuffing,1,0.28242093126633994,0.16477967599253038
credential_stuffing,1,0.2544315501292407,0.026678415730067084
credential_stuffing,1,0.2138091028669768,0.03809477538364588
credential_stuffing,1,0.3313125869005311,0.24968286871847128
credential_stuffing,1,0.29873942507870943,0.06050904139306396
credential_stuffing,1,0.31956778439190603,0.2717472740918711
credential_stuffing,1,0.3395585217001443,0.2860215983881783
credential_stuffing,1,0.24494964409434766,0.09750978005107354
credential_stuffing,1,0.2715065142101349,0.23567614195612493
credential_stuffing,1,0.22835114156330835,0.10450554302812491
credential_stuffing,1,0.31123806580973074,0.18472393318656313
credential_stuffing,1,0.3558646118238456,0.21071604540449035
credential_stuffing,1,0.26071632813427076,0.05670903483671116
credential_stuffing,1,0.3137320763671218,0.25672370327739014
credential_stuffing,1,0.3789858352235507,0.20779950363618888
credential_stuffing,1,0.3597270841393658,0.2943057792512967
credential_stuffing,1,0.2546241195257138,0.13466120329730671
credential_stuffing,1,0.2838005318251524,0.06268683670299871
credential_stuffing,1,0.2608013336497565,0.16705898099399322
credential_stuffing,1,0.28985207933047435,0.10277486078360516
credential_stuffing,1,0.2782416223833662,0.0027907672675483884
impossible_travel,1,0.6042985569830917,0.9288264789643121
impossible_travel,1,0.48602211829880193,0.6805281093338976
impossible_travel,1,0.5492161795556333,0.6887750582161463
impossible_travel,1,0.550930966554608,0.9338409387673761
impossible_travel,1,0.6294170201741099,0.9097680245458364
impossible_travel,1,0.5253782946312238,0.6592133769831131
impossible_travel,1,0.5604777503424448,0.730037314098633
impossible_travel,1,0.5760769311785141,0.860577034867368
impossible_travel,1,0.5699454710389438,0.8767473341275316
impossible_travel,1,0.49457742937056465,0.6780460332808615
impossible_travel,1,0.5280561030252925,0.7734258178312954
impossible_travel,1,0.5452847750971941,0.7307283559988154
impossible_travel,1,0.5026502826939865,0.7316008233407851
impossible_travel,1,0.6183683900028857,0.9041532846969743
impossible_travel,1,0.5565753959314057,0.8008581403574114
impossible_travel,1,0.6296531091208237,0.9154622666505224
impossible_travel,1,0.617951982169912,0.9370938705580654
impossible_travel,1,0.5429227719115889,0.7526305384971064
impossible_travel,1,0.5645230681489037,0.8274695232435402
impossible_travel,1,0.5575969166187569,0.8931931137840979
impossible_travel,1,0.6048942952786995,0.7182054997627354
impossible_travel,1,0.5773607250059024,0.8642839177288213
impossible_travel,1,0.5414888869186283,0.8518970673341432
impossible_travel,1,0.5383990718796786,0.7296133948908504
impossible_travel,1,0.4900738327796189,0.6102938430051071
impossible_travel,1,0.5198865102273517,0.7745078579203678
impossible_travel,1,0.4780774227256877,0.6998947378875522
impossible_travel,1,0.5183798331061261,0.7845948389773882
impossible_travel,1,0.6201624021995666,0.8228464550781288
impossible_travel,1,0.5575579331933573,0.7883522939035277
impossible_travel,1,0.5421541035864907,0.9007212746711251
impossible_travel,1,0.5733230295417852,0.8985597351473884
impossible_travel,1,0.4656193643902357,0.6132895545007124
impossible_travel,1,0.5184508352392374,0.8083658142936438
impossible_travel,1,0.5282085620096306,0.7575578433848894
impossible_travel,1,0.5392158046668817,0.636361402242298
impossible_travel,1,0.5518750028656745,0.7972653115793004
impossible_travel,1,0.5726041809506451,0.7155365898948882
impossible_travel,1,0.5722686434926039,0.9463946234240259
impossible_travel,1,0.6340005425272428,0.9083393621798466
impossible_travel,1,0.4647186263408258,0.7218120204479734
impossible_travel,1,0.5101946357119617,0.762970156275463
impossible_travel,1,0.5268261210219948,0.8135334964178498
impossible_travel,1,0.533340415980258,0.7716866407413737
impossible_travel,1,0.6480700410323346,0.9426378460815578
impossible_travel,1,0.6364150505327003,0.8591654897679559
impossible_travel,1,0.5513643738843684,0.7082645292635887
impossible_travel,1,0.5213629477936501,0.676065662585613
impossible_travel,1,0.60570404889777,0.9213412357515008
impossible_travel,1,0.6448636481972284,0.9222320884571249
impossible_travel,1,0.5188018767664285,0.6250992688966728
impossible_travel,1,0.5299071610040061,0.8155521566333188
impossible_travel,1,0.5361172794153151,0.7097514841014751
impossible_travel,1,0.531060621370412,0.6404810641421034
impossible_travel,1,0.5524985242200426,0.6695043677413848
impossible_travel,1,0.5646989102197854,0.7078609235690317
impossible_travel,1,0.502380654401605,0.6576632875222799
impossible_travel,1,0.5948838970790411,0.6865002364377369
impossible_travel,1,0.5674704335978266,0.8620309076779968
impossible_travel,1,0.5910865404621262,0.9115365136970663
impossible_travel,1,0.539096441986462,0.6198704346872899
impossible_travel,1,0.5790660928840466,0.675638455620626
impossible_travel,1,0.5570991641530324,0.7466656115909888
impossible_travel,1,0.5547988740731054,0.8570972492907762
impossible_travel,1,0.6513881425314105,0.8320483040093837
impossible_travel,1,0.5952129738154924,0.8117525906844003
impossible_travel,1,0.4919420817951232,0.6308231616056097
impossible_travel,1,0.5396754946637571,0.7884391390881677
impossible_travel,1,0.5747154294507277,0.9076408947690415
impossible_travel,1,0.5427000408523801,0.9239864875362391
impossible_travel,1,0.5013266845388047,0.6252256121111244
impossible_travel,1,0.5342540334253982,0.8103543972194098
impossible_travel,1,0.5520452936450256,0.7392795580551202
impossible_travel,1,0.5145820873487273,0.814005229874133
impossible_travel,1,0.5965693938559564,0.8085548834907708
impossible_travel,1,0.6301339718167719,0.8784933837628287
impossible_travel,1,0.5265957521827271,0.7627349597182687
impossible_travel,1,0.5907700243795537,0.7956490124932992
impossible_travel,1,0.5073597173881306,0.6193143613666243
impossible_travel,1,0.5695010810676644,0.7577639364883911
impossible_travel,1,0.5248367879080861,0.8063732106458321
impossible_travel,1,0.5035068317410604,0.6864038472885424
impossible_travel,1,0.632692267724283,0.8865513915866718
impossible_travel,1,0.4784583577826606,0.6986485868274173
impossible_travel,1,0.48623062814578527,0.6895428830822824
impossible_travel,1,0.5769607288513273,0.8374318826115268
impossible_travel,1,0.5844525196453415,0.7081061562042354
impossible_travel,1,0.5585128477187458,0.6196454986767818
impossible_travel,1,0.6163952131911506,0.9383235366448919
impossible_travel,1,0.4996148609815113,0.7156722211879578
impossible_travel,1,0.5712917493527371,0.8330088269579007
impossible_travel,1,0.6614862291613828,0.9038723494900263
impossible_travel,1,0.527531906694999,0.842887804073827
impossible_travel,1,0.4775826937451056,0.7425287921087403
impossible_travel,1,0.540059156421279,0.6185069369653236
impossible_travel,1,0.5240137447543021,0.735617375341302
impossible_travel,1,0.5620539133444834,0.8719839392995623
impossible_travel,1,0.5708900651598057,0.6888215876667318
impossible_travel,1,0.5197898583473954,0.7076082627518259
impossible_travel,1,0.5385481998562481,0.7230838488614674
impossible_travel,1,0.49876322647159055,0.6274316216452561
impossible_travel,1,0.5651942340747113,0.7179227466019072
impossible_travel,1,0.5441952493909886,0.7116706881946631
impossible_travel,1,0.5428000906301695,0.8729673744931494
impossible_travel,1,0.5849517403820856,0.925223281609925
impossible_travel,1,0.508539040191958,0.7327414025737121
impossible_travel,1,0.5252887611437004,0.7024922892936726
impossible_travel,1,0.5156697662945982,0.7061125146734027
impossible_travel,1,0.5972125560831754,0.9406278488185917
impossible_travel,1,0.5341641641073981,0.6538949052578434
impossible_travel,1,0.6320108766905636,0.9126244201343681
impossible_travel,1,0.5171838138831288,0.846893500744034
impossible_travel,1,0.5852536576517837,0.8112848180102029
impossible_travel,1,0.5125981135629617,0.6274720510387166
impossible_travel,1,0.6067205660143007,0.917192037679561
impossible_travel,1,0.5441409594019938,0.6785724227950493
impossible_travel,1,0.5310204876302345,0.7115132307583818
impossible_travel,1,0.6022683863150814,0.757431091095252
impossible_travel,1,0.5780381260552396,0.9248553004154647
impossible_travel,1,0.5532400559737696,0.8519976105392668
impossible_travel,1,0.5002218240665142,0.761976195242459
impossible_travel,1,0.5425524228458984,0.7273868203646118
impossible_travel,1,0.5185371129125617,0.6690140591807083
impossible_travel,1,0.5351923761117094,0.8831254951119942
impossible_travel,1,0.5280542350605677,0.7530429327363448
impossible_travel,1,0.5226068806666869,0.6003711332029456
impossible_travel,1,0.5839373099539555,0.8601373788249478
impossible_travel,1,0.5998685008404808,0.9478127931094882
impossible_travel,1,0.5841685619535375,0.8376962531843721
impossible_travel,1,0.5743798126257086,0.8422034055620848
impossible_travel,1,0.5764423524202377,0.882516438267916
impossible_travel,1,0.44205377989771466,0.7101967070217261
impossible_travel,1,0.5333435915235343,0.6968022673270884
impossible_travel,1,0.5549231754117849,0.6712180587099974
impossible_travel,1,0.4537704647525923,0.6201426411162054
impossible_travel,1,0.5869957982098222,0.9119796860530189
impossible_travel,1,0.5178612201023912,0.9141250954110995
impossible_travel,1,0.5944510152043213,0.9479105889312491
impossible_travel,1,0.6112846774962699,0.8272548409906009
impossible_travel,1,0.5058792556039884,0.6305692183551427
impossible_travel,1,0.6585552954427812,0.945296840833574
impossible_travel,1,0.5884521210254071,0.8755192694300638
impossible_travel,1,0.4795348979939154,0.7521584628517932
impossible_travel,1,0.4881132760457841,0.6549594709183844
impossible_travel,1,0.5517867447015148,0.7213545521271834
impossible_travel,1,0.5818292127024854,0.8242611431843012
impossible_travel,1,0.5778039855587059,0.9118710347241306
impossible_travel,1,0.49955705389661925,0.7893271245775293
impossible_travel,1,0.4876295959829259,0.7564772683451617
impossible_travel,1,0.5689084994101126,0.9019072271243789
impossible_travel,1,0.5269992937860885,0.7235196969386585
impossible_travel,1,0.5183469073502576,0.7045602837908549
impossible_travel,1,0.5121358819738485,0.7101097772351787
impossible_travel,1,0.5690572404506361,0.801136506418334
impossible_travel,1,0.6200309960004521,0.9272827779006478
impossible_travel,1,0.4640477706497502,0.6396057724874189
impossible_travel,1,0.5654323863794091,0.7483550360590123
impossible_travel,1,0.5696696271464968,0.7897687748597001
impossible_travel,1,0.47061632051403557,0.6404935926803568
impossible_travel,1,0.5799371289933442,0.8184331157274346
impossible_travel,1,0.5669233384768968,0.6964753783487149
impossible_travel,1,0.5469641038965934,0.8532886714867287
impossible_travel,1,0.46675901400726566,0.6993373312245288
impossible_travel,1,0.5415868179909908,0.6831456230081506
impossible_travel,1,0.5511052193365771,0.7109196705018194
impossible_travel,1,0.6189804369437626,0.7456677102149204
impossible_travel,1,0.6237307777744234,0.9251064151895064
impossible_travel,1,0.5730764630085626,0.6870994420443909
impossible_travel,1,0.5675854645662552,0.7520703988022944
impossible_travel,1,0.5799302115316367,0.8764293788114284
impossible_travel,1,0.6335165702040019,0.915584406872419
impossible_travel,1,0.5251634550034141,0.719664850262852
impossible_travel,1,0.5763249043988977,0.9278543201017977
impossible_travel,1,0.578123075573477,0.8435897030984525
impossible_travel,1,0.5801030522328651,0.7583139727088334
impossible_travel,1,0.5169906778784266,0.7779186094618065
impossible_travel,1,0.5007380568077502,0.7250871111384984
impossible_travel,1,0.5862396064002707,0.793670318061015
impossible_travel,1,0.5070717476088367,0.6989780781802843
impossible_travel,1,0.5152580644703318,0.8670132596628978
impossible_travel,1,0.5631222332872169,0.7025309010910903
impossible_travel,1,0.5466759437327591,0.8183132291631144
impossible_travel,1,0.568436997988878,0.6331046410295189
impossible_travel,1,0.5819202922528638,0.8651386575810891
impossible_travel,1,0.5312907221092905,0.7639830504651908
impossible_travel,1,0.6076933283379401,0.8021478467776543
impossible_travel,1,0.5535275216467257,0.7964605694525736
impossible_travel,1,0.5604633810919452,0.7873404852277275
impossible_travel,1,0.5312532872217055,0.6523967103620729
impossible_travel,1,0.5001335397997001,0.6245373353400101
impossible_travel,1,0.5439666776078951,0.6706889960868734
impossible_travel,1,0.5474550781415167,0.910997728042392
impossible_travel,1,0.4982603579010657,0.6588290110250486
impossible_travel,1,0.5716909882735111,0.7720149664685036
impossible_travel,1,0.5182636957545335,0.7034818231034138
impossible_travel,1,0.49541552351278706,0.6232019797915959
impossible_travel,1,0.6184976386051323,0.8627342685415926
impossible_travel,1,0.5609853322908099,0.8266066074521838
impossible_travel,1,0.5593052570436665,0.742232799400347
impossible_travel,1,0.5807878237236686,0.8100716418142677
impossible_travel,1,0.5099157057692922,0.6003322379738637
impossible_travel,1,0.5087536773833338,0.7460407642945541
impossible_travel,1,0.5566068045038028,0.9129096479937397
impossible_travel,1,0.5623161867748936,0.6491852642165372
impossible_travel,1,0.5210971030263024,0.8765447007968442
impossible_travel,1,0.5354046211127719,0.8450494671048061
impossible_travel,1,0.5586829569331734,0.9088948744197953
impossible_travel,1,0.5540680460635884,0.6668689852723848
impossible_travel,1,0.5249002636364233,0.8867515843144067
impossible_travel,1,0.5786314176716625,0.9231732175644951
impossible_travel,1,0.48354988856895403,0.6415444861473155
impossible_travel,1,0.5913978230703675,0.9186696794870906
impossible_travel,1,0.464107962385389,0.6734076230211243
impossible_travel,1,0.6150577900764164,0.8291040100341347
impossible_travel,1,0.5508612031192271,0.9403845248591751
impossible_travel,1,0.4938567275502112,0.6618919525410627
impossible_travel,1,0.6391896330947184,0.9301110283173233
impossible_travel,1,0.5444526728801679,0.9151757966307439
impossible_travel,1,0.5288814828411719,0.7594296348935078
impossible_travel,1,0.5331452986694865,0.7578552683274519
impossible_travel,1,0.523241710815161,0.6668797623658882
impossible_travel,1,0.5378651741509198,0.7975175191459244
impossible_travel,1,0.6075546013932988,0.7699042084409191
impossible_travel,1,0.4682394272526245,0.6486178660869496
impossible_travel,1,0.5131915478074056,0.632367407471203
impossible_travel,1,0.5499333764219466,0.9369568925582876
impossible_travel,1,0.5042772228455205,0.6471943242347661
impossible_travel,1,0.5538042183961618,0.7429799861417848
impossible_travel,1,0.5155685996905304,0.7036154122431982
impossible_travel,1,0.6374883890804557,0.9409937920241584
impossible_travel,1,0.5501892561801671,0.8178975955379739
impossible_travel,1,0.582365915814128,0.9270054637337888
impossible_travel,1,0.5665586350141362,0.9279356892626325
impossible_travel,1,0.5869189600402662,0.9275087448248225
impossible_travel,1,0.5383361416822972,0.6800531090834923
impossible_travel,1,0.5910208634479945,0.7501712519112909
impossible_travel,1,0.4866895710962408,0.6870535670106397
impossible_travel,1,0.5758109118004179,0.9293715333464565
impossible_travel,1,0.6366314758032395,0.882859840420753
impossible_travel,1,0.5330891340218477,0.7436232128809463
impossible_travel,1,0.5267628265734065,0.6469312049030632
impossible_travel,1,0.5227020428017616,0.6992186033993814
impossible_travel,1,0.5534022907725883,0.6103249431803749
impossible_travel,1,0.5077964979953588,0.7677100240352013
impossible_travel,1,0.615112547495709,0.903926427478496
impossible_travel,1,0.6175331832505879,0.8623955387750714
impossible_travel,1,0.4915928915607174,0.8020777824652049
impossible_travel,1,0.5303225516143508,0.6919731664833049
impossible_travel,1,0.5414112197277314,0.8251065632530875
impossible_travel,1,0.4906195532151112,0.6284656874423216
impossible_travel,1,0.5140285499047158,0.7353652039350779
impossible_travel,1,0.5401661667056026,0.834910822404084
impossible_travel,1,0.5600725737973744,0.6798579312650153
impossible_travel,1,0.5126741756130188,0.6458784877057329
impossible_travel,1,0.5144532525363388,0.6887554774794803
impossible_travel,1,0.5966775387455162,0.7844394090828934
impossible_travel,1,0.486871940130438,0.6088542967308754
impossible_travel,1,0.6389234095645684,0.8893680902938573
impossible_travel,1,0.5471232276147638,0.6585364570398343
impossible_travel,1,0.5029105219908637,0.6365190227963355
impossible_travel,1,0.6527616952097783,0.9154742917501807
impossible_travel,1,0.4636452064393141,0.6875137633859743
impossible_travel,1,0.4802458896344994,0.6832331828102236
impossible_travel,1,0.4501396368951386,0.601857108035198
impossible_travel,1,0.6008305112129557,0.7600593802613462
impossible_travel,1,0.6152051664532454,0.8642082189641631
impossible_travel,1,0.6144130268136746,0.8835627670497455
impossible_travel,1,0.5249538836965956,0.611120189712896
impossible_travel,1,0.458667229057616,0.6440155422012082
impossible_travel,1,0.5417069167025246,0.7802147482614132
impossible_travel,1,0.6114564130341695,0.9289683904868273
impossible_travel,1,0.5525531553407252,0.8055978863772143
impossible_travel,1,0.5044631783175415,0.6833367108572012
impossible_travel,1,0.5303112513697037,0.7079248810496074
impossible_travel,1,0.6194477338243233,0.7909647194845264
impossible_travel,1,0.4941078943922831,0.6450674553527529
impossible_travel,1,0.5624013000675978,0.8907943817198676
impossible_travel,1,0.565469296486609,0.9237662945558651
impossible_travel,1,0.5366281472393948,0.9082537150590266
impossible_travel,1,0.6109713920374644,0.8735394788203328
impossible_travel,1,0.5307105662880679,0.6521994819174546
impossible_travel,1,0.5366261655648118,0.6327465215432152
impossible_travel,1,0.5947770849615778,0.7944735923451467
impossible_travel,1,0.5543951406748783,0.8311332233621411
impossible_travel,1,0.57092912523349,0.7814075104339727
impossible_travel,1,0.583014371261944,0.6419854685720929
impossible_travel,1,0.6153820896106196,0.8474359608666396
impossible_travel,1,0.4962713355654341,0.6252929788808027
impossible_travel,1,0.6138301406092448,0.9440874925941635
impossible_travel,1,0.5400205535826993,0.7019383538876609
impossible_travel,1,0.5219093730768413,0.6545235969366328
impossible_travel,1,0.5669173389110559,0.8123196553838876
impossible_travel,1,0.595574296254774,0.9113450375264764
impossible_travel,1,0.5555610500284278,0.7985678787229221
impossible_travel,1,0.5455773272967809,0.7687472450649724
impossible_travel,1,0.5424119283813852,0.6890280877061243
impossible_travel,1,0.5899521179482247,0.8751801168315572
impossible_travel,1,0.5716933644596451,0.8468096272360974
impossible_travel,1,0.5905838176013022,0.8428029991994814
impossible_travel,1,0.5606563151484025,0.8000050861108217
impossible_travel,1,0.6144166090227845,0.7526328513938808
impossible_travel,1,0.5291910981542128,0.8418244637753262
impossible_travel,1,0.4807506175700725,0.6911156073247228
impossible_travel,1,0.632239331677361,0.9349290434073876
impossible_travel,1,0.4553775421883858,0.6807491329210593
impossible_travel,1,0.5584977848175182,0.9056760277666257
impossible_travel,1,0.5106991569615852,0.6644366796908452
impossible_travel,1,0.505102052745336,0.7428357612715598
impossible_travel,1,0.5367604603435377,0.8387863705371771
impossible_travel,1,0.4761099456816554,0.606499405205682
impossible_travel,1,0.595721002442631,0.7868820486728265
impossible_travel,1,0.6285470995740289,0.7822521777076091
impossible_travel,1,0.5497497601085616,0.6407331452474974
impossible_travel,1,0.521637527497035,0.6950542266637095
impossible_travel,1,0.5928781200148358,0.7955259293428237
impossible_travel,1,0.518809587845808,0.803929060134638
impossible_travel,1,0.5821481272950874,0.920147351616231
impossible_travel,1,0.5674378861351961,0.861191746583308
impossible_travel,1,0.5052846845781935,0.6022302446343404
impossible_travel,1,0.5534575463728543,0.838750881719537
impossible_travel,1,0.5872089394392744,0.9498126859304609
impossible_travel,1,0.4900523528178632,0.7657665946420201
impossible_travel,1,0.5697876637291062,0.7696856467089402
impossible_travel,1,0.6020319841610184,0.8011078199812321
impossible_travel,1,0.5554767169012427,0.8276311501513709
impossible_travel,1,0.5909549613439312,0.7648362447444492
impossible_travel,1,0.5339854457790606,0.856679711871863
impossible_travel,1,0.5892113264313723,0.7573991257120037
impossible_travel,1,0.4964592269753118,0.6107512074189828
impossible_travel,1,0.5603535396877378,0.9491742352023277
impossible_travel,1,0.4742015413453422,0.6573601720195104
impossible_travel,1,0.6064624672653716,0.9374351959938942
impossible_travel,1,0.5327342229678933,0.7499195215580715
impossible_travel,1,0.5744094794801186,0.7097793483356272
impossible_travel,1,0.4518662329111454,0.6894740759347567
impossible_travel,1,0.6605561421317946,0.8307313470903509
impossible_travel,1,0.5740750087453921,0.7892290594659773
impossible_travel,1,0.5127990252997306,0.6941206925457439
impossible_travel,1,0.5373364893056952,0.6657386619555296
impossible_travel,1,0.5392285165233482,0.7069730599286929
impossible_travel,1,0.49525841691125105,0.6050621851275924
impossible_travel,1,0.6071898345735542,0.7626978776123614
impossible_travel,1,0.49861326968507197,0.644270324215239
impossible_travel,1,0.5187399001877491,0.780311379546222
impossible_travel,1,0.6164842181769508,0.7846374207105706
impossible_travel,1,0.48884817056752594,0.6680904860382911
impossible_travel,1,0.599289688987842,0.7149512390037229
impossible_travel,1,0.5338642808494004,0.7092276645220223
impossible_travel,1,0.5885195917799657,0.8294054105847615
impossible_travel,1,0.6157019231309504,0.7429795020633986
impossible_travel,1,0.5589049749533638,0.7493955992962835
impossible_travel,1,0.5682853895580006,0.6978581843008974
impossible_travel,1,0.652232504998242,0.8783521281332879
impossible_travel,1,0.4824790020728891,0.6569250583728627
impossible_travel,1,0.47550196740993494,0.6347818008011928
impossible_travel,1,0.5749091254682623,0.9184430017652913
impossible_travel,1,0.5441044896451136,0.8497094852485602
impossible_travel,1,0.5047247298859627,0.6515666916244317
impossible_travel,1,0.5386983495156515,0.7330583686202756
impossible_travel,1,0.5039914635645916,0.6641820797114141
impossible_travel,1,0.5134583875089938,0.6847835691768165
impossible_travel,1,0.5948916960134023,0.8014246785012268
impossible_travel,1,0.5127552806823273,0.9198565748906897
impossible_travel,1,0.4751797611717058,0.718814877492012
impossible_travel,1,0.5677287418185807,0.8190312557477935
impossible_travel,1,0.537563731513346,0.7570409646877769
impossible_travel,1,0.49507839712340773,0.7828810319701763
impossible_travel,1,0.48741272182526374,0.6690839178462592
impossible_travel,1,0.5205845572593545,0.6248663268576001
impossible_travel,1,0.5780335088314669,0.9296694520606712
impossible_travel,1,0.5233146772889682,0.7318775831432913
impossible_travel,1,0.5710915543199588,0.9356574196308953
impossible_travel,1,0.5140934746510181,0.7090385677891955
impossible_travel,1,0.5214420915994651,0.7454717092020228
impossible_travel,1,0.5765820194813054,0.949975219161983
impossible_travel,1,0.5047631622556615,0.7145410204364168
impossible_travel,1,0.5511170457640638,0.7093101241021064
impossible_travel,1,0.5343699772352588,0.6227242757394196
impossible_travel,1,0.58345628062084,0.7381068925425699
impossible_travel,1,0.6548016809369841,0.9372872698360806
impossible_travel,1,0.5963112567475558,0.9210699182787112
impossible_travel,1,0.5598707125459588,0.7152864941678906
impossible_travel,1,0.5381967485635599,0.7118096720421049
impossible_travel,1,0.4399432427696563,0.620046570153624
impossible_travel,1,0.5851142397361829,0.8316943640171883
impossible_travel,1,0.5849238870537871,0.8528677505645288
impossible_travel,1,0.5448597450008177,0.6852951589524445
impossible_travel,1,0.4816342688570016,0.736274640450629
impossible_travel,1,0.46269035115964047,0.647754880206322
impossible_travel,1,0.5780742252837303,0.6104719157649732
impossible_travel,1,0.6508520064976199,0.8910178247707232
impossible_travel,1,0.5519014275300943,0.713690632777635
impossible_travel,1,0.5863394226438244,0.8763675551583598
impossible_travel,1,0.5043431952146052,0.6954882328828791
impossible_travel,1,0.5542168908408078,0.7795839764656018
impossible_travel,1,0.5606754162252319,0.8262756847831907
impossible_travel,1,0.5502489203752731,0.9402544213175589
impossible_travel,1,0.5539728480128983,0.6710618056674863
impossible_travel,1,0.5715536220748734,0.6123318612188718
impossible_travel,1,0.5841766596741171,0.9166248880944705
impossible_travel,1,0.5555578140636896,0.8290009865242799
impossible_travel,1,0.4856275216248028,0.6214717950304909
impossible_travel,1,0.48869946461942476,0.8388704839462899
impossible_travel,1,0.6043446480862317,0.7733847371596998
impossible_travel,1,0.4895700187524063,0.6893995646020213
impossible_travel,1,0.650551724943779,0.8124497949502555
impossible_travel,1,0.5690071813721232,0.9227649399106552
impossible_travel,1,0.5818213712781015,0.8024705652901307
impossible_travel,1,0.49685573811120237,0.8799685227866683
impossible_travel,1,0.4988531438514701,0.6317811516101954
impossible_travel,1,0.5423026115691612,0.9250829362859254
impossible_travel,1,0.4553643556783867,0.6035837664612853
impossible_travel,1,0.6551287257203754,0.9433807948463231
impossible_travel,1,0.589918833851731,0.9455497151647204
impossible_travel,1,0.5462982374501867,0.7771409176178068
impossible_travel,1,0.5745147983360311,0.7707648717874936
impossible_travel,1,0.5291939644593656,0.7826298304137779
impossible_travel,1,0.5633307076931959,0.8033024490186541
impossible_travel,1,0.5153120725992819,0.7493031961636779
impossible_travel,1,0.5472808093113203,0.7712208036644068
impossible_travel,1,0.5650839425087072,0.7459058761206783
impossible_travel,1,0.5607649747604903,0.8264197840825394
impossible_travel,1,0.6009966904326044,0.9446302826972548
impossible_travel,1,0.559182946058056,0.6604437221862641
impossible_travel,1,0.4723222748390121,0.7007213553675385
impossible_travel,1,0.6121678209359419,0.9009937657271629
impossible_travel,1,0.4494562926692557,0.6310096737394536
impossible_travel,1,0.5488731868055083,0.7782658856004372
impossible_travel,1,0.5517234380440776,0.6397704710801726
impossible_travel,1,0.47371688081637225,0.7916527859994883
impossible_travel,1,0.5480278185275426,0.6353231536477613
impossible_travel,1,0.5760774954703846,0.833793727575538
impossible_travel,1,0.5395789291961575,0.6596121426691087
impossible_travel,1,0.5153553364013446,0.6772987358233726
impossible_travel,1,0.5219821600064057,0.6510204146102604
impossible_travel,1,0.6132395620823119,0.7832651973978966
impossible_travel,1,0.520925425862377,0.8787848885122156
impossible_travel,1,0.6374154983922182,0.9426200293246616
impossible_travel,1,0.5933081360131626,0.9412100731556063
impossible_travel,1,0.5486526096200137,0.8379592259855391
impossible_travel,1,0.5815508451595623,0.9093845604670345
impossible_travel,1,0.5384960526734544,0.6228324892964435
impossible_travel,1,0.5750068230767966,0.7618505062531423
impossible_travel,1,0.46831163337046217,0.7482045771670482
impossible_travel,1,0.5260811256637895,0.675018186681349
impossible_travel,1,0.5438301018033183,0.756386918068568
impossible_travel,1,0.5147883330249525,0.6890598855768486
impossible_travel,1,0.5270377538337279,0.7871247880046671
impossible_travel,1,0.49797809143521726,0.6688385351210693
impossible_travel,1,0.560794986890703,0.8173672295353874
impossible_travel,1,0.5659235290399451,0.804621217680947
impossible_travel,1,0.5345989803810205,0.7898479186333159
impossible_travel,1,0.5012138988350332,0.7181709403200505
impossible_travel,1,0.5626256262641653,0.7632355944390647
impossible_travel,1,0.5666867557345394,0.9439296740196093
impossible_travel,1,0.5827119956392728,0.6340018241975558
impossible_travel,1,0.5632325332872924,0.8917102876145642
impossible_travel,1,0.5616505187638154,0.8759281250544795
impossible_travel,1,0.6093817980195411,0.9014246891858435
impossible_travel,1,0.5898969907942776,0.7872634829070717
impossible_travel,1,0.6055117821439044,0.8355852947690874
impossible_travel,1,0.5369432377230564,0.6849301823457615
impossible_travel,1,0.5276718007686871,0.6339007639103038
impossible_travel,1,0.49683975525659185,0.6946548704463797
impossible_travel,1,0.4539338714961038,0.6054566338881497
impossible_travel,1,0.5630193983845287,0.7069394136528064
impossible_travel,1,0.4952166976552472,0.7048187568829895
impossible_travel,1,0.6311951001090661,0.8607469209643767
impossible_travel,1,0.5734329395017115,0.9064581611524472
impossible_travel,1,0.6189562158702673,0.932603177548758
impossible_travel,1,0.5028867824375574,0.7722611327702833
impossible_travel,1,0.5830900215200826,0.8315422018783026
impossible_travel,1,0.6267885135818716,0.9351000298815368
impossible_travel,1,0.5715683331582719,0.883756965612269
impossible_travel,1,0.586887766356446,0.8048254327512971
impossible_travel,1,0.5073237719077814,0.6406801519123408
impossible_travel,1,0.6097637231958598,0.8458770427203615
impossible_travel,1,0.5932916002949358,0.7312099952606712
impossible_travel,1,0.4653007111687726,0.6204451583663324
impossible_travel,1,0.5470604750450817,0.70463928713155
impossible_travel,1,0.48462250422171727,0.6506939416622699
impossible_travel,1,0.588342596889406,0.9155258336468299
impossible_travel,1,0.49815127948499344,0.8244535250436846
impossible_travel,1,0.5205193760553783,0.7385603844052568
impossible_travel,1,0.5621788942172106,0.9037895798519657
impossible_travel,1,0.5392724028176845,0.7877284634573881
impossible_travel,1,0.580424422104622,0.823837798837233
impossible_travel,1,0.5281117318017698,0.6419689493548629
impossible_travel,1,0.4724113328416128,0.6622024638328767
impossible_travel,1,0.6317641859065545,0.9066386109402025
impossible_travel,1,0.5644744189130769,0.7421170560158572
impossible_travel,1,0.553493672470786,0.7473287812326048
impossible_travel,1,0.5239226152645986,0.8681974117775267
impossible_travel,1,0.479761835370656,0.6886646232579703
impossible_travel,1,0.5629284881200862,0.609438028326379
impossible_travel,1,0.48856033468557697,0.6126049202459521
impossible_travel,1,0.6039799619624092,0.887362127210535
impossible_travel,1,0.5290984979160611,0.8979575350043838
impossible_travel,1,0.5848728606278839,0.8349497430713284
impossible_travel,1,0.5629314379881016,0.8841706311317217
impossible_travel,1,0.5300939965865971,0.6847266172582577
impossible_travel,1,0.5442553537122311,0.7893389624047116
impossible_travel,1,0.5034629878281967,0.8157542093486202
impossible_travel,1,0.534440141432079,0.676354620067629
impossible_travel,1,0.5485458882348946,0.7094278465465435
impossible_travel,1,0.5494956420194418,0.7811532648439319
impossible_travel,1,0.512533177150543,0.6289711507420513
impossible_travel,1,0.5249237616965189,0.8387018691168598
impossible_travel,1,0.5166294560142782,0.6797410661368297
impossible_travel,1,0.5184322926329435,0.6180039002531613
impossible_travel,1,0.5266919433274846,0.6718486332465333
impossible_travel,1,0.5134012307110775,0.6123663043180839
impossible_travel,1,0.5166195595916762,0.6479177735433805
impossible_travel,1,0.47428986481865454,0.7326252077956416
impossible_travel,1,0.6646914182135897,0.9121855763304471
impossible_travel,1,0.5450264810170804,0.7777012028525438
impossible_travel,1,0.5592079174803709,0.8429301431560292
impossible_travel,1,0.5353601814387512,0.8969348527234987
impossible_travel,1,0.48007008576851556,0.7623890229213477
impossible_travel,1,0.6247977361390937,0.8417454347104669
impossible_travel,1,0.505700994709186,0.8375167330714777
impossible_travel,1,0.48083675719787655,0.7520618676002402
impossible_travel,1,0.5628200106029724,0.6530887184747984
impossible_travel,1,0.5696635781360722,0.7988754299082009
impossible_travel,1,0.5125769081428081,0.794588856595703
impossible_travel,1,0.5153102856520118,0.8061853355449269
impossible_travel,1,0.5858975551618882,0.7023869535540466
impossible_travel,1,0.5213456896996863,0.659140645145734
impossible_travel,1,0.5767943757363394,0.7625448251421798
impossible_travel,1,0.5608152331883338,0.8464200566231566
impossible_travel,1,0.5779139586084782,0.8597149290942014
impossible_travel,1,0.5539836220087597,0.723375934891489
impossible_travel,1,0.6195575833118292,0.9454625235771762
impossible_travel,1,0.604048617089451,0.8570785510922339
impossible_travel,1,0.5175526477534839,0.7103484561576188
impossible_travel,1,0.576579819616358,0.7336790150531521
impossible_travel,1,0.5039860014911401,0.7959777036471165
impossible_travel,1,0.4683468856683543,0.6426679911866641
impossible_travel,1,0.5349561054356511,0.6686851521303949
impossible_travel,1,0.6428296308340866,0.8894832744293737
impossible_travel,1,0.495230714769456,0.6198759893987713
impossible_travel,1,0.5517452496619516,0.7717159229982611
impossible_travel,1,0.5938869559568947,0.8842501961425239
impossible_travel,1,0.5134161040850519,0.6798785084857214
impossible_travel,1,0.5186647877512545,0.7940392227089093
impossible_travel,1,0.5412210040764938,0.7110503322160704
impossible_travel,1,0.5379189303360172,0.7734072228734488
impossible_travel,1,0.5801757948244822,0.7061026247909824
impossible_travel,1,0.5467244770861268,0.6257648589563011
impossible_travel,1,0.42299986077144563,0.6254704308831904
impossible_travel,1,0.5003405092871174,0.6682225223085937
impossible_travel,1,0.5790893953565309,0.8158994492209086
impossible_travel,1,0.4859345075899468,0.7352748672003745
impossible_travel,1,0.5250548392141198,0.6393322461327795
impossible_travel,1,0.5677729339402671,0.9293800954603141
impossible_travel,1,0.5322127987906117,0.6969940190805683
impossible_travel,1,0.5912331957831894,0.7350514625569824
impossible_travel,1,0.6141755451604909,0.8726188002764523
impossible_travel,1,0.5705133217794124,0.7842074335674116
impossible_travel,1,0.5667308347974563,0.705578504081457
impossible_travel,1,0.4963129163394811,0.8146044954284941
impossible_travel,1,0.5552231839974808,0.876480448238631
impossible_travel,1,0.5488289826355305,0.6664368451197138
impossible_travel,1,0.5587495383282095,0.606741058990065
impossible_travel,1,0.43999497664414144,0.6251644507165047
impossible_travel,1,0.6116622229047665,0.8328841475708388
impossible_travel,1,0.5133788245504425,0.710578626319485
impossible_travel,1,0.5179650244014058,0.6030472894140217
impossible_travel,1,0.525007260592559,0.6538769211864865
impossible_travel,1,0.6322071427061308,0.9375409887085423
impossible_travel,1,0.5288738546908636,0.8383172978948388
impossible_travel,1,0.5627338058373218,0.8878118687744551
impossible_travel,1,0.5186276131740798,0.6573675928356512
impossible_travel,1,0.6102592511524669,0.9004244294422135
impossible_travel,1,0.5313337653241045,0.6709963713269993
impossible_travel,1,0.533347826044906,0.6690873073229643
impossible_travel,1,0.5505807185296544,0.7322743453962377
impossible_travel,1,0.5731626775484107,0.8267036059310042
impossible_travel,1,0.5975572940680561,0.9441190941995756
impossible_travel,1,0.49910083379508097,0.6553379002529424
impossible_travel,1,0.5499047464431531,0.8399593464244693
impossible_travel,1,0.6210173071054705,0.8557916845240039
impossible_travel,1,0.5369227466986825,0.6842007878098926
impossible_travel,1,0.6024335152577436,0.9258611156270387
impossible_travel,1,0.4834838510973354,0.6098748947988585
impossible_travel,1,0.5587416719392211,0.8718023321793096
impossible_travel,1,0.46254717774250054,0.6343411053735358
impossible_travel,1,0.5090905231999119,0.623593307947041
impossible_travel,1,0.5447336382636679,0.7084472599084591
impossible_travel,1,0.5890146155999967,0.91669897042236
impossible_travel,1,0.5436611596672983,0.6904135510239336
impossible_travel,1,0.5827112517844394,0.79034610061344
impossible_travel,1,0.5176490375887047,0.7512574871699154
impossible_travel,1,0.5738897026707306,0.9034467921578522
impossible_travel,1,0.5460908820664044,0.7952226736773372
impossible_travel,1,0.5480982376153208,0.8352807184002998
impossible_travel,1,0.6525939396894354,0.9437519735184772
impossible_travel,1,0.6203256864169822,0.9265013275416899
impossible_travel,1,0.5213098478297759,0.7763981276653678
impossible_travel,1,0.5922748729205463,0.8547877354951845
impossible_travel,1,0.470265093816291,0.6003208017392455
impossible_travel,1,0.5550473283727775,0.9222253452612252
impossible_travel,1,0.46482913120599206,0.6249708440312434
impossible_travel,1,0.565702152355712,0.7749496217866689
impossible_travel,1,0.5301765848966236,0.6403984535074231
impossible_travel,1,0.5770408672682661,0.8796668285662002
impossible_travel,1,0.6048316646102541,0.8065246137024358
impossible_travel,1,0.5954390598866162,0.8937497599544859
impossible_travel,1,0.5728500339941358,0.709132741699195
impossible_travel,1,0.5843536774818607,0.8064726748183882
impossible_travel,1,0.5777933249213596,0.8132470901205413
impossible_travel,1,0.5691392618761278,0.6922658074026098
impossible_travel,1,0.5876444602552026,0.8791626306834728
impossible_travel,1,0.5479605519373254,0.715273806634931
impossible_travel,1,0.5494696008542104,0.6950356851546847
impossible_travel,1,0.5935250723249906,0.769351990282117
impossible_travel,1,0.5805291557717223,0.9303895654271692
impossible_travel,1,0.548998386050272,0.7359763603209875
impossible_travel,1,0.5638774833512064,0.8257602081248102
impossible_travel,1,0.5941425394514451,0.9178404010592927
impossible_travel,1,0.5953691692080736,0.7489304030995756
impossible_travel,1,0.5187639208582843,0.8119985268245922
impossible_travel,1,0.5273969742757231,0.6564603295859593
impossible_travel,1,0.5663986983661411,0.8781276199997603
impossible_travel,1,0.5547044874020095,0.6687205586064483
impossible_travel,1,0.5704393904925968,0.7601765944594311
impossible_travel,1,0.5631662553585965,0.714977201992324
impossible_travel,1,0.4692953430594875,0.6127956111517598
impossible_travel,1,0.5081170027515601,0.7959999044834312
impossible_travel,1,0.5574301300482383,0.6445781618237713
impossible_travel,1,0.5930369911081214,0.6997058924946249
impossible_travel,1,0.5876583654864463,0.834881266301777
impossible_travel,1,0.6328212734374281,0.780668507626262
impossible_travel,1,0.5658080634421286,0.9472884834127822
impossible_travel,1,0.4984154621348038,0.6093631335912636
impossible_travel,1,0.6168323888904512,0.8622609680290877
impossible_travel,1,0.5539031031523772,0.8289199395832056
impossible_travel,1,0.5874257175717716,0.9296029405374946
impossible_travel,1,0.5577548839364539,0.7550934913323453
impossible_travel,1,0.4904567670618813,0.6143765183081527
impossible_travel,1,0.605654249269909,0.8618235244525223
impossible_travel,1,0.4590366291080826,0.6013510436853821
impossible_travel,1,0.5739876478960703,0.6025723001679916
impossible_travel,1,0.5612525506309886,0.8846023607236694
impossible_travel,1,0.5416199863785967,0.7062982252155863
impossible_travel,1,0.5840130364939426,0.8242500772994532
impossible_travel,1,0.5888709817949778,0.9278709260700266
impossible_travel,1,0.47386176471406205,0.724466618204819
impossible_travel,1,0.5541237364743774,0.8533359762745039
impossible_travel,1,0.48867741363801676,0.6316453096083627
impossible_travel,1,0.5134186447362363,0.7191798123549447
impossible_travel,1,0.5052488230157617,0.674938882527587
impossible_travel,1,0.6103734965275149,0.8787156236012912
impossible_travel,1,0.5515491989751938,0.7307899476035128
impossible_travel,1,0.5272128686033274,0.6730025048918722
impossible_travel,1,0.5382365688916935,0.683914037087917
impossible_travel,1,0.5744055602100443,0.7799453786289081
impossible_travel,1,0.5865715797165387,0.8539029214656482
impossible_travel,1,0.4644026281395084,0.6198071398962467
impossible_travel,1,0.5331947788817305,0.8220099438837221
impossible_travel,1,0.4990109041513293,0.651928675120315
impossible_travel,1,0.5339734038236645,0.7642504238137666
impossible_travel,1,0.6496414908378293,0.9073495639517859
impossible_travel,1,0.5953385770723965,0.7185033964411003
impossible_travel,1,0.5669420899873374,0.681689131506344
impossible_travel,1,0.5341227493928012,0.6009751428021471
impossible_travel,1,0.5367396459325714,0.7361509631229479
impossible_travel,1,0.4794757664725322,0.7424306951895856
impossible_travel,1,0.5003543908308854,0.7538166018490714
impossible_travel,1,0.5253494561239086,0.7501092273306811
impossible_travel,1,0.5549496974429794,0.7517181921875986
impossible_travel,1,0.45364555083628233,0.6099722734095488
impossible_travel,1,0.571079435389654,0.7701908748203703
impossible_travel,1,0.5411664160317526,0.8091306358795851
impossible_travel,1,0.5656916111827536,0.9029102475287605
impossible_travel,1,0.5072459899010067,0.7184195678083669
impossible_travel,1,0.6176696473138753,0.8830052601924167
impossible_travel,1,0.5882286883484964,0.8715001856214635
impossible_travel,1,0.6151938011635971,0.944259859759865
impossible_travel,1,0.5602285192148457,0.9250436852487316
impossible_travel,1,0.5922879359147277,0.7670143279114691
impossible_travel,1,0.627638041486742,0.9056515816385804
impossible_travel,1,0.4881741834863605,0.7017932845187131
impossible_travel,1,0.636631797542904,0.9424289006468072
impossible_travel,1,0.5574047916049624,0.8801163323349395
impossible_travel,1,0.6131668403370524,0.7580948827994102
impossible_travel,1,0.49090354219734605,0.7408670238271118
impossible_travel,1,0.6000974515287965,0.9417497974369684
impossible_travel,1,0.5000682800396979,0.6516147676997989
impossible_travel,1,0.5920766364007514,0.7874300238471746
impossible_travel,1,0.5253311592833567,0.8526584595028186
impossible_travel,1,0.532041835375738,0.769044436033191
impossible_travel,1,0.4381600060133689,0.6332533974039245
impossible_travel,1,0.5933348081526278,0.6885407247588929
impossible_travel,1,0.5576409397195337,0.7311197177865097
impossible_travel,1,0.49680034664509426,0.6665082313101545
impossible_travel,1,0.5029381876660687,0.6403029954649907
impossible_travel,1,0.5465817172492584,0.8250708681883925
impossible_travel,1,0.47148610133217284,0.8712454472293
impossible_travel,1,0.5443696497516536,0.9216635203265766
impossible_travel,1,0.46172656701411435,0.6265174841145379
impossible_travel,1,0.5404398357854029,0.8030647851620221
impossible_travel,1,0.5510953783554051,0.7330239968051323
impossible_travel,1,0.4988718886248415,0.7603070771646326
impossible_travel,1,0.5800710693421177,0.8784736913354403
impossible_travel,1,0.5422446820870342,0.9112663206385766
impossible_travel,1,0.5095852327075598,0.6319616592239381
impossible_travel,1,0.504092811375432,0.7740566099892507
impossible_travel,1,0.670809482532803,0.9388098635114104
impossible_travel,1,0.5515185943570327,0.8179193519694237
impossible_travel,1,0.5531647278025098,0.8784698621567923
impossible_travel,1,0.5736994639620853,0.8047368639810402
impossible_travel,1,0.5689236282126073,0.8259354411240606
impossible_travel,1,0.47033748792736196,0.6739636464451393
impossible_travel,1,0.4723331002957434,0.7186427240337546
impossible_travel,1,0.534958632208088,0.712871346787594
impossible_travel,1,0.5504533093413031,0.8654486814701737
impossible_travel,1,0.5649376613060022,0.8370167720684993
impossible_travel,1,0.5150136799370668,0.8379384243026877
impossible_travel,1,0.5812164844353601,0.8285601679798444
impossible_travel,1,0.6218405268991493,0.9176134775247664
impossible_travel,1,0.5234864884344285,0.7326210577376765
impossible_travel,1,0.543835874043121,0.766333768999415
impossible_travel,1,0.6292504136887562,0.9179812900920965
impossible_travel,1,0.6194048158306587,0.9167046613862944
impossible_travel,1,0.5742706477178293,0.8888680577501573
impossible_travel,1,0.5314544054932298,0.6405634549269789
impossible_travel,1,0.5154414069306689,0.7200127583236708
impossible_travel,1,0.5701639329529414,0.914413216425633
impossible_travel,1,0.5388028652033751,0.6948475366497292
impossible_travel,1,0.5681060296374787,0.8530396098689756
impossible_travel,1,0.5623530087286078,0.8716012032818389
impossible_travel,1,0.6049632678312032,0.8831758193429267
impossible_travel,1,0.5302889763169081,0.638751952162587
impossible_travel,1,0.6090003242830232,0.9476368608459351
impossible_travel,1,0.5720884571820651,0.7211551241959187
impossible_travel,1,0.5600941956443115,0.7013886761153804
impossible_travel,1,0.559938209522162,0.8264222661903561
impossible_travel,1,0.5962467623847008,0.6743706127688073
impossible_travel,1,0.49148607705546915,0.6207750267286852
impossible_travel,1,0.5550011208907569,0.6925109697982184
impossible_travel,1,0.5668265730793969,0.7639095957953237
impossible_travel,1,0.5860409824878873,0.9027098842051076
impossible_travel,1,0.609289101266588,0.734890756943279
impossible_travel,1,0.5520713842702372,0.7539018907556196
impossible_travel,1,0.6001854345337341,0.9243630767074171
impossible_travel,1,0.5709951235466311,0.7750993350631796
impossible_travel,1,0.5628705371386193,0.726156293188202
impossible_travel,1,0.4942525531636954,0.7632133429983023
impossible_travel,1,0.47432225396088434,0.7976146643154867
impossible_travel,1,0.5796322269528411,0.7995739944599967
impossible_travel,1,0.5318449404019409,0.6252271927230966
impossible_travel,1,0.5626985892147552,0.7819531746663577
impossible_travel,1,0.5885377524551014,0.7345143699358636
impossible_travel,1,0.5955470400564116,0.9067458656055583
impossible_travel,1,0.5449817163678206,0.6572162442758551
impossible_travel,1,0.5655944742005269,0.8705243946146557
impossible_travel,1,0.5212616253937452,0.7732192162941597
impossible_travel,1,0.5336032898346432,0.7560376785948684
impossible_travel,1,0.5948287064472425,0.8538329163876246
impossible_travel,1,0.48210894402091686,0.7167272523640449
impossible_travel,1,0.5333707729013312,0.617310088577127
impossible_travel,1,0.5314908275946395,0.8090613306433099
impossible_travel,1,0.4608932267931739,0.6973239754678222
impossible_travel,1,0.5450432385093249,0.8469244110070518
impossible_travel,1,0.6373204845097046,0.8749634211127477
impossible_travel,1,0.5343258091385886,0.8200746496849973
impossible_travel,1,0.6079967928950354,0.8095723655840852
impossible_travel,1,0.5022326621877384,0.6689943307603454
impossible_travel,1,0.5294765764209419,0.6840226506611987
impossible_travel,1,0.6056472345168841,0.887028466965754
impossible_travel,1,0.5782187340981195,0.8392980478998757
impossible_travel,1,0.5554487852113644,0.7688657377283968
impossible_travel,1,0.5994731517128385,0.8836878182577466
impossible_travel,1,0.5448003677131348,0.6932131079924653
impossible_travel,1,0.5329482442399479,0.7880095129810376
impossible_travel,1,0.508092657044675,0.6438524383759616
impossible_travel,1,0.6223959288631413,0.8646372668722141
impossible_travel,1,0.5849979627401339,0.6932594355488793
impossible_travel,1,0.4226881265030828,0.6302306748872167
impossible_travel,1,0.5532770772079356,0.7358740710301792
impossible_travel,1,0.5397470754285663,0.7440477852809702
impossible_travel,1,0.5251625022109487,0.6758732848965873
impossible_travel,1,0.502924754199024,0.8642579873818111
impossible_travel,1,0.5707989715454221,0.8192143553424497
impossible_travel,1,0.5763374000322775,0.9181463596015512
impossible_travel,1,0.5768122615670357,0.8766297887876815
impossible_travel,1,0.5587222436242629,0.7592782087951264
impossible_travel,1,0.4834236432413681,0.6087423765694749
impossible_travel,1,0.5699016078619052,0.6433552611042233
impossible_travel,1,0.5913709858314615,0.9232874229817001
impossible_travel,1,0.5570539980765207,0.8742835913714292
impossible_travel,1,0.5374294647257383,0.7217836106591424
impossible_travel,1,0.47768429924690375,0.6848755971311135
impossible_travel,1,0.5522992685775096,0.8111638424287455
impossible_travel,1,0.5527572701626087,0.7901223575484935
impossible_travel,1,0.5324357154765459,0.8636745371580398
impossible_travel,1,0.5597980609621149,0.911527161323608
impossible_travel,1,0.541911692948273,0.7773441376037019
impossible_travel,1,0.5703807036271479,0.8603759442280012
impossible_travel,1,0.5868810017980752,0.7100756190977164
impossible_travel,1,0.4911551300511484,0.723503601272954
impossible_travel,1,0.5142636920930685,0.7920986982131435
impossible_travel,1,0.567403280013059,0.826810228870772
impossible_travel,1,0.5732106707810207,0.8105980869157869
impossible_travel,1,0.5943676445097673,0.9351437829635499
impossible_travel,1,0.4441051150368859,0.6509598671234771
impossible_travel,1,0.6030513687043246,0.9484488611231732
impossible_travel,1,0.5641928656396046,0.6103231167199537
impossible_travel,1,0.5262167539577773,0.6989411126183728
impossible_travel,1,0.6262669763488984,0.8806344908903838
impossible_travel,1,0.5259735382660817,0.6554941161756229
impossible_travel,1,0.5754322905774283,0.8561921665036646
impossible_travel,1,0.6221060969626778,0.8859328460801181
impossible_travel,1,0.5161234237935396,0.8261305455544387
impossible_travel,1,0.6049344807699034,0.790871686099835
impossible_travel,1,0.4961155894441863,0.7036052218982418
impossible_travel,1,0.5127961540761774,0.7157992224744816
impossible_travel,1,0.5600144676353974,0.6836014949840685
impossible_travel,1,0.5707506172134588,0.7170676947534508
impossible_travel,1,0.6095786246860861,0.7288164911596521
impossible_travel,1,0.5344618858944024,0.7434999252447431
impossible_travel,1,0.5400556218617925,0.6469370239291056
impossible_travel,1,0.5320448575334062,0.8505220312045456
impossible_travel,1,0.542353121389365,0.884631824510295
impossible_travel,1,0.6207160474268573,0.8315663021526671
impossible_travel,1,0.5969846937215926,0.8829393193204682
impossible_travel,1,0.6034593060781994,0.8456924201439143
impossible_travel,1,0.5026515442489589,0.6650860598764499
impossible_travel,1,0.550015530183539,0.9455735587011115
impossible_travel,1,0.5773506886316528,0.6319056673924353
impossible_travel,1,0.568400691870802,0.8105710055841273
impossible_travel,1,0.4919117242507816,0.6240033064772406
impossible_travel,1,0.5393414104256804,0.7384906023229564
impossible_travel,1,0.5657657058840151,0.7816499330524267
impossible_travel,1,0.6131365104652554,0.9243798759614502
impossible_travel,1,0.5069640591266364,0.665796713068616
impossible_travel,1,0.5135683601405759,0.6466966822732153
impossible_travel,1,0.6226523791094696,0.9302614671412371
impossible_travel,1,0.5088969785054452,0.606274967528239
impossible_travel,1,0.5972665413427284,0.904733055064305
impossible_travel,1,0.6334119325054357,0.7849576355482782
impossible_travel,1,0.5659884239268862,0.7638645976108459
impossible_travel,1,0.5927469005593112,0.8122609931273734
impossible_travel,1,0.564927561468441,0.6013657489190909
impossible_travel,1,0.4789062119734627,0.614060078697959
impossible_travel,1,0.5560232515614439,0.9031974204195687
impossible_travel,1,0.5888331677501677,0.8675475016925425
impossible_travel,1,0.5156525868378192,0.6716867001282394
impossible_travel,1,0.6013602625634389,0.81661541263239
impossible_travel,1,0.590618836725063,0.8884554579716394
impossible_travel,1,0.5214591214287576,0.7414020422263177
impossible_travel,1,0.49383265055090975,0.8422167495193469
impossible_travel,1,0.5098208426621728,0.6288703479252116
impossible_travel,1,0.5343070273968011,0.6954821453034933
impossible_travel,1,0.6317668435085577,0.9489693667800989
impossible_travel,1,0.5761566536209924,0.834236525805837
impossible_travel,1,0.5269733037561923,0.7027115373161312
impossible_travel,1,0.5723294050857909,0.7789408019921786
impossible_travel,1,0.5589965293899496,0.641681782112969
impossible_travel,1,0.555032234136392,0.7239448549079727
impossible_travel,1,0.5989967268207002,0.7371504067149722
impossible_travel,1,0.5308472706469182,0.9427510902138188
impossible_travel,1,0.5667170252163036,0.6570447527471851
impossible_travel,1,0.5530443254151451,0.7698446412298962
impossible_travel,1,0.5571734974370537,0.6310397316590736
impossible_travel,1,0.6163015026332789,0.9355800341984006
impossible_travel,1,0.44911690749681454,0.6080919781158006
impossible_travel,1,0.5005298837545167,0.7407085741662081
impossible_travel,1,0.5112595168323718,0.6880098134303095
impossible_travel,1,0.5338631984193047,0.7199797505006968
impossible_travel,1,0.544257988130124,0.7916601343668757
impossible_travel,1,0.5071700217559095,0.6667491207944712
impossible_travel,1,0.5791666186307731,0.9270771278378589
impossible_travel,1,0.5590754185137455,0.8120788158228691
impossible_travel,1,0.5417834340771831,0.9464615015128526
impossible_travel,1,0.5899721584183127,0.7920343333066378
impossible_travel,1,0.5107564858957061,0.7864742254013826
impossible_travel,1,0.6376503537658896,0.8046749577629622
impossible_travel,1,0.5815526144333171,0.8645945819257297
impossible_travel,1,0.5218043424816916,0.6262463035819007
impossible_travel,1,0.5047570077472825,0.7215066026497121
impossible_travel,1,0.5444345449734816,0.7934188918446656
impossible_travel,1,0.5707958180276288,0.6384713760359759
impossible_travel,1,0.555611035386926,0.6976538840805875
impossible_travel,1,0.570935190807861,0.9102096514663782
impossible_travel,1,0.5587805354505644,0.9424990064184087
impossible_travel,1,0.5430464681721529,0.6516756043996238
impossible_travel,1,0.5555089314125463,0.8747239452646807
impossible_travel,1,0.5588241863273168,0.9100215547117094
impossible_travel,1,0.5396720809410603,0.7901524568227197
impossible_travel,1,0.5822560358887399,0.7501411269692966
impossible_travel,1,0.487252643692084,0.6787663006230311
impossible_travel,1,0.5766269294956436,0.8733072523609171
impossible_travel,1,0.5780705563285882,0.936409394445433
impossible_travel,1,0.5245210549443414,0.8581098577913191
impossible_travel,1,0.5352294709941509,0.6423542515563955
impossible_travel,1,0.5447598159799981,0.7645362726473043
impossible_travel,1,0.5329747569550332,0.6300078190412468
impossible_travel,1,0.5568282203795352,0.8906446652744333
impossible_travel,1,0.45638449300095507,0.6745052383160404
impossible_travel,1,0.4715659456453214,0.6429570613936578
impossible_travel,1,0.43184642835380427,0.6841321795071564
impossible_travel,1,0.5640960733053553,0.7562245212918369
impossible_travel,1,0.60436925578703,0.8055322626108816
impossible_travel,1,0.6754172295259402,0.8630735261782571
impossible_travel,1,0.566308740324906,0.6466640065299669
impossible_travel,1,0.47375866987580817,0.6271992529108043
impossible_travel,1,0.5552677453037609,0.9107095860335487
impossible_travel,1,0.6056253739057251,0.9422117706988372
impossible_travel,1,0.5885729378599114,0.7303675735810764
impossible_travel,1,0.5519147969236324,0.7814759517845796
impossible_travel,1,0.5911934888378191,0.8740476964410313
impossible_travel,1,0.5534697777577433,0.9158166592235246
impossible_travel,1,0.5563334313256028,0.8244651996604473
impossible_travel,1,0.5003928671717477,0.8141647682392311
impossible_travel,1,0.6227269276948426,0.8492533334042333
impossible_travel,1,0.5750934768805207,0.7883356835813782
impossible_travel,1,0.5374834734311114,0.6592010445950351
impossible_travel,1,0.5050810729361911,0.722509471536524
impossible_travel,1,0.6243736679630973,0.8789584429717014
impossible_travel,1,0.5155890530139018,0.6331473979837716
impossible_travel,1,0.5016234870393922,0.6008877065055814
impossible_travel,1,0.5872088813033708,0.6106702793064468
impossible_travel,1,0.6321460626167293,0.9070516168330326
impossible_travel,1,0.540565439697764,0.9248714393362139
impossible_travel,1,0.5158116029660977,0.8688825153135261
impossible_travel,1,0.516707992721259,0.6558169386731997
impossible_travel,1,0.6185400479231424,0.8873790137211367
impossible_travel,1,0.6381476984398525,0.9033452712462052
impossible_travel,1,0.5660421844499405,0.8183582546708201
impossible_travel,1,0.534226354723616,0.7650907995480679
impossible_travel,1,0.5352106485878428,0.6937704861274584
impossible_travel,1,0.6433923997500287,0.9493304848245226
impossible_travel,1,0.5530946694450535,0.6517937958118399
impossible_travel,1,0.455060187255863,0.7134789261481501
impossible_travel,1,0.5417281011248961,0.7466854537602721
impossible_travel,1,0.48766282733093225,0.6837305331258688
impossible_travel,1,0.5407423130709492,0.9423194852784065
impossible_travel,1,0.5448522256990602,0.7689872002120612
impossible_travel,1,0.563321360862429,0.7526178349408993
impossible_travel,1,0.44745481678170856,0.6619576502885145
impossible_travel,1,0.44912886873605096,0.6031164460268268
impossible_travel,1,0.515173834904413,0.6058254399422041
impossible_travel,1,0.6228277664895163,0.8897554375679075
impossible_travel,1,0.5567396850138984,0.779546123465358
impossible_travel,1,0.5404012577533732,0.7007936877599771
impossible_travel,1,0.542517607413392,0.6839575521705941
impossible_travel,1,0.5670102175061571,0.8857163358795508
impossible_travel,1,0.54867781111569,0.7377360826528898
impossible_travel,1,0.5300413927501954,0.6958424460352971
impossible_travel,1,0.4806789574535243,0.6555552770800339
impossible_travel,1,0.5909283770421077,0.9365781299863541
impossible_travel,1,0.501427772948784,0.6022412025196708
impossible_travel,1,0.5123059520503352,0.6789107329392557
impossible_travel,1,0.5889447684118047,0.8069070008085557
impossible_travel,1,0.5930239263821173,0.87910073584366
impossible_travel,1,0.5139543005194778,0.8786534339059399
impossible_travel,1,0.5681215693647651,0.7301882778210578
impossible_travel,1,0.5151728913020334,0.8430874639611505
impossible_travel,1,0.49563230574934614,0.7501416529667901
impossible_travel,1,0.6064518063952328,0.8747928526873743
impossible_travel,1,0.5281566304900054,0.6401719191537949
impossible_travel,1,0.47697510163349827,0.774549253674293
impossible_travel,1,0.5699060906063522,0.8541405916634425
impossible_travel,1,0.5906771242521208,0.8923584540774552
impossible_travel,1,0.46672374457662497,0.6644307575438456
impossible_travel,1,0.6507057521794323,0.9407776040835554
impossible_travel,1,0.5360752012106702,0.6700792064957444
impossible_travel,1,0.5473393479909161,0.6007943260840756
impossible_travel,1,0.6202994542710429,0.8457484782614066
impossible_travel,1,0.4554792016852951,0.7044461978441009
impossible_travel,1,0.5141284180177284,0.6366495137367675
impossible_travel,1,0.561698808707618,0.8374214792005897
impossible_travel,1,0.5478104463409772,0.7208478298900397
impossible_travel,1,0.5392317909769462,0.6336761039982165
impossible_travel,1,0.6139680029957012,0.857278376450737
impossible_travel,1,0.5866761751970843,0.7696665591755139
impossible_travel,1,0.5485439781207305,0.7277747569800633
impossible_travel,1,0.6449417848590969,0.924311623465863
impossible_travel,1,0.573625282171074,0.6414172862167212
impossible_travel,1,0.5079586936550817,0.7832156547390354
impossible_travel,1,0.47705923573739833,0.6717089376048481
impossible_travel,1,0.5005510707876762,0.6046584620006552
impossible_travel,1,0.49260044299209066,0.917954200698641
impossible_travel,1,0.5772833725081385,0.6849224948201511
impossible_travel,1,0.5496040203417526,0.8541878152591591
impossible_travel,1,0.6251508764855861,0.9174051075740333
impossible_travel,1,0.4935174876662227,0.6123000334204419
impossible_travel,1,0.5326523882798921,0.8274375994455685
impossible_travel,1,0.5499932594734502,0.6405833702073778
impossible_travel,1,0.49219031239789235,0.6228186282070063
impossible_travel,1,0.4730454910411022,0.6806745506416993
impossible_travel,1,0.45871674198815277,0.6779631443954387
impossible_travel,1,0.5220822211146842,0.8014607215919674
impossible_travel,1,0.5035519833838075,0.6146810539363584
impossible_travel,1,0.6553954382502059,0.8906992139123483
impossible_travel,1,0.5283454794948147,0.8134058277047997
impossible_travel,1,0.5828500349666276,0.7364113089621032
impossible_travel,1,0.5377197426158808,0.842462858848533
impossible_travel,1,0.5340548136301496,0.781924581270803
impossible_travel,1,0.5266737579667451,0.6394465100093331
impossible_travel,1,0.569930246004156,0.8221395897748818
impossible_travel,1,0.4866820891393229,0.7063742496627592
impossible_travel,1,0.5158485470740897,0.6726775345042963
impossible_travel,1,0.5296408303313072,0.7308826901874631
impossible_travel,1,0.5332798174443067,0.7990776354306576
impossible_travel,1,0.5537331449161467,0.7613395932219543
impossible_travel,1,0.5604020367671639,0.7376527516495094
impossible_travel,1,0.5870269372079416,0.8655466021064926
impossible_travel,1,0.6396154765227774,0.923755932447341
impossible_travel,1,0.6161434861639825,0.9371562058717151
impossible_travel,1,0.5013389137824298,0.7310366053661259
impossible_travel,1,0.6195383735483819,0.8982223655303019
impossible_travel,1,0.5402268949215505,0.7490166203847233
impossible_travel,1,0.4426833524040378,0.6394191924343998
impossible_travel,1,0.576021706837729,0.9064336501135852
impossible_travel,1,0.6022746879569848,0.6721211133915505
impossible_travel,1,0.5542422465617076,0.7427560491016962
impossible_travel,1,0.6144321537977184,0.8358086659500918
impossible_travel,1,0.5903537501902356,0.9457445806543701
impossible_travel,1,0.5617211120018695,0.7890305786527466
impossible_travel,1,0.5705352044125483,0.6960771757503199
impossible_travel,1,0.531888178573912,0.7806923323359934
impossible_travel,1,0.4849584754914271,0.7216670516942295
impossible_travel,1,0.5568676750039212,0.8182788440283739
impossible_travel,1,0.5021714841199048,0.7143560042945009
impossible_travel,1,0.490916700454329,0.7353161895936547
impossible_travel,1,0.5844468878447043,0.8312795138597229
impossible_travel,1,0.5162009390745333,0.6889206156820538
impossible_travel,1,0.561938848771392,0.7918876857244719
impossible_travel,1,0.5356022481896973,0.6994504665449736
impossible_travel,1,0.49433721536622693,0.6158113982239204
impossible_travel,1,0.49665180304729384,0.6115358988524152
impossible_travel,1,0.5249450309879632,0.6509049580570513
impossible_travel,1,0.5259949544908986,0.7806466663380085
impossible_travel,1,0.5608536080736244,0.7633497044898363
impossible_travel,1,0.5217998762662791,0.8998218844021391
impossible_travel,1,0.5391970884448335,0.8969686263516252
impossible_travel,1,0.47083313578403635,0.65908232341571
impossible_travel,1,0.5651972296125,0.8125330207438508
impossible_travel,1,0.4885041333990876,0.6502805872800677
impossible_travel,1,0.5063014168926879,0.7344792320271093
impossible_travel,1,0.5431900066584497,0.7759573445280825
impossible_travel,1,0.6153578436340892,0.8343880443719912
impossible_travel,1,0.5870305649031136,0.8258232456277999
impossible_travel,1,0.5105676374641536,0.8264129026094077
impossible_travel,1,0.5546157084953087,0.7671175506763213
impossible_travel,1,0.5876413764617123,0.7635900078625546
impossible_travel,1,0.4911963488359281,0.721082587190125
impossible_travel,1,0.5628534177372546,0.6389471044683779
impossible_travel,1,0.5801521721400222,0.6756715567679136
impossible_travel,1,0.4779278167488042,0.7492177713681608
impossible_travel,1,0.5289547439707166,0.6236518533022977
impossible_travel,1,0.6084316572808607,0.9321694255246324
impossible_travel,1,0.5205143220362203,0.609452062201769
impossible_travel,1,0.5232061880980878,0.7441713486525358
impossible_travel,1,0.529329804266824,0.7641736016908702
impossible_travel,1,0.5769723428640117,0.7235559445039564
impossible_travel,1,0.5432443375512566,0.8218142790174472
impossible_travel,1,0.48783645401853865,0.6548971441700255
impossible_travel,1,0.5695082351759477,0.6151480209426679
impossible_travel,1,0.5888680958978811,0.7783482895612157
impossible_travel,1,0.5203668938900146,0.7165707511878725
impossible_travel,1,0.5399602424447614,0.8171921853421179
impossible_travel,1,0.6233365335032711,0.7394479160616432
impossible_travel,1,0.5294674749798755,0.6604668446391605
impossible_travel,1,0.5891869726360897,0.9390836214792544
impossible_travel,1,0.6343473846252643,0.8914639143516172
impossible_travel,1,0.4660158854126256,0.6182525879374092
impossible_travel,1,0.5799588364290014,0.7639964453495744
impossible_travel,1,0.5706574907803188,0.7506308361759528
impossible_travel,1,0.5454179601707042,0.844696125045583
impossible_travel,1,0.550083031377058,0.9478856108194017
impossible_travel,1,0.5291598484790196,0.7956564259913985
impossible_travel,1,0.49059980362778655,0.6598552453128375
impossible_travel,1,0.5164682801312621,0.6412318651235148
impossible_travel,1,0.6073721860605996,0.8047136041500037
impossible_travel,1,0.5256607275604038,0.7993562029390511
impossible_travel,1,0.594656213952747,0.7568697790392067
impossible_travel,1,0.5976932846876177,0.8474802063793636
impossible_travel,1,0.5332035359519834,0.8597493348715313
impossible_travel,1,0.6536371953717008,0.8973864498644463
impossible_travel,1,0.6032638593598821,0.9031082051589292
impossible_travel,1,0.5545149204420212,0.7311454958534918
impossible_travel,1,0.533584049018816,0.7076965673124076
impossible_travel,1,0.545319354387876,0.8417589187480679
impossible_travel,1,0.49794002707627955,0.6088229991777847
impossible_travel,1,0.5538961252375453,0.8284735687229027
impossible_travel,1,0.5654472069418859,0.9436377522745718
impossible_travel,1,0.5702575965353753,0.8791488892776516
impossible_travel,1,0.5905770309747408,0.8401622576577932
impossible_travel,1,0.598668665847424,0.9279999368888099
impossible_travel,1,0.519464654558921,0.7625615664350325
impossible_travel,1,0.5881474714065706,0.8515574270417132
impossible_travel,1,0.6139766581591791,0.8470236220746564
impossible_travel,1,0.5887223801858482,0.8421595997385093
impossible_travel,1,0.5472905565427805,0.828145086289555
impossible_travel,1,0.5201316089084536,0.6298063350621395
impossible_travel,1,0.6430412279107534,0.8596974618268722
impossible_travel,1,0.5210735263067516,0.7724803570638554
impossible_travel,1,0.599505620637593,0.7460597805620446
impossible_travel,1,0.5720226901519858,0.6955661329533929
impossible_travel,1,0.5370185729839763,0.7283964511295767
impossible_travel,1,0.5602015866475353,0.89351071344752
impossible_travel,1,0.6143470208171474,0.7646765987626181
impossible_travel,1,0.5518654723052095,0.742664917362629
impossible_travel,1,0.5500530093660074,0.7701837584832991
impossible_travel,1,0.6128363448199903,0.9092628527255678
impossible_travel,1,0.5955360379070089,0.8889964819675729
impossible_travel,1,0.4994904156971523,0.7537709084050066
impossible_travel,1,0.5772517894354047,0.9436952416423152
impossible_travel,1,0.5043628709421937,0.7954260685238658
impossible_travel,1,0.5791247409485736,0.769401908242879
impossible_travel,1,0.5198628975028282,0.6286208103547383
impossible_travel,1,0.4486630501293777,0.6105132198147057
impossible_travel,1,0.5121751819475193,0.666911557706205
impossible_travel,1,0.5658361360487952,0.7680864983408418
impossible_travel,1,0.5939480837958709,0.9371935758168657
impossible_travel,1,0.5781336779255293,0.7359843162514257
impossible_travel,1,0.5614201691369076,0.7464538757568856
impossible_travel,1,0.5239507534132983,0.6615357885548911
impossible_travel,1,0.5444726209331145,0.7337422700066015
impossible_travel,1,0.5238825766076031,0.6036422208764863
impossible_travel,1,0.533752153791602,0.8810203024891241
impossible_travel,1,0.5514612021396957,0.6767414680247663
impossible_travel,1,0.598133141957428,0.7985716571187396
impossible_travel,1,0.49397254819812786,0.7635233251146023
impossible_travel,1,0.6557572605680927,0.9220226596616079
impossible_travel,1,0.5182428464627666,0.7406580020469185
impossible_travel,1,0.4644326244904382,0.6882822781236524
impossible_travel,1,0.498604217990376,0.6122979500509503
impossible_travel,1,0.5336740613341983,0.6192609954978183
impossible_travel,1,0.5808341357483302,0.7276857254300229
impossible_travel,1,0.547605235444865,0.7283294201712315
impossible_travel,1,0.6145454189329546,0.8121773354062285
impossible_travel,1,0.5925768015897926,0.90625137807708
impossible_travel,1,0.5758892934589905,0.8960947138315773
impossible_travel,1,0.6416199881842615,0.8624702020795934
impossible_travel,1,0.49197855874512625,0.6727464370688937
impossible_travel,1,0.5954325165486554,0.7368077679336067
impossible_travel,1,0.5309584414967023,0.6562897738350433
impossible_travel,1,0.5050597626219981,0.6230005212743194
impossible_travel,1,0.6040235278401019,0.8331192048122011
impossible_travel,1,0.508151646505815,0.7068802076913614
impossible_travel,1,0.5467769659871158,0.6238065689753871
impossible_travel,1,0.4976357001724197,0.6408249238246609
impossible_travel,1,0.6057359653660457,0.9327607681349854
impossible_travel,1,0.5191820014601676,0.68570165546129
impossible_travel,1,0.532561021866926,0.9034896640296528
impossible_travel,1,0.5832281480905444,0.8468187350628272
impossible_travel,1,0.5429647975004225,0.8352015328918948
impossible_travel,1,0.5039316926172764,0.709780810931502
impossible_travel,1,0.5330042591751821,0.6768910392055492
impossible_travel,1,0.617173999980078,0.8794451691831161
impossible_travel,1,0.5544384106019061,0.7353178917483405
impossible_travel,1,0.5166718625018967,0.6500317244552364
impossible_travel,1,0.5868333048376254,0.6843879295015776
impossible_travel,1,0.5512823500967465,0.6209427806703964
impossible_travel,1,0.5767247598769552,0.6784590587750565
impossible_travel,1,0.5354729767311308,0.8676479964435
impossible_travel,1,0.5558925350882087,0.8306141613161899
impossible_travel,1,0.5217989763425587,0.6355403049663004
impossible_travel,1,0.6431553846116084,0.9242772155684058
impossible_travel,1,0.46107540895361276,0.6959033639838071
impossible_travel,1,0.5385846909490928,0.7371387421180882
impossible_travel,1,0.5583299308834807,0.7948346484433445
impossible_travel,1,0.5471521964104378,0.7245578030543277
impossible_travel,1,0.5521373875150759,0.749280867879311
impossible_travel,1,0.5272877768887306,0.711815598215716
impossible_travel,1,0.5417822331191174,0.7986610076715656
impossible_travel,1,0.4921504433918331,0.693750705457769
impossible_travel,1,0.5444912449304437,0.7139085820787626
impossible_travel,1,0.5451761082499285,0.909290598353172
impossible_travel,1,0.5223367346343916,0.669407812687094
impossible_travel,1,0.5803073501789868,0.9291261206657131
impossible_travel,1,0.5533265845838696,0.8008348568440791
impossible_travel,1,0.49633858592125063,0.6140659479709987
impossible_travel,1,0.5886013766820635,0.8823931196814139
impossible_travel,1,0.511960356928228,0.6660854768858854
impossible_travel,1,0.4676096168922452,0.7156752361737857
impossible_travel,1,0.5574958066110214,0.7871811665456655
impossible_travel,1,0.5955812899963209,0.8373023148672936
impossible_travel,1,0.577227077959608,0.8365847659684169
impossible_travel,1,0.5184172562019442,0.600921673171408
impossible_travel,1,0.4681022705522017,0.6437642758410486
impossible_travel,1,0.5738787064561872,0.8687810474054642
impossible_travel,1,0.5443207057898216,0.6473541113002662
impossible_travel,1,0.5838319236533862,0.9179874479004348
impossible_travel,1,0.5766886796905996,0.8372624652479229
impossible_travel,1,0.5373215828765089,0.7238240275788234
impossible_travel,1,0.47022682898043194,0.6109720580359693
impossible_travel,1,0.5948570020843724,0.7529477660647494
impossible_travel,1,0.5231922845580662,0.7910448587644452
impossible_travel,1,0.5619524903508246,0.8615227632796056
impossible_travel,1,0.47288359222359666,0.6391753524680684
impossible_travel,1,0.5227538928662105,0.8228706644532248
impossible_travel,1,0.47378569961799816,0.6076149405619697
impossible_travel,1,0.5240200790210721,0.6957340416109881
impossible_travel,1,0.5572306249292184,0.7550412234963029
impossible_travel,1,0.4584038366535491,0.6078865038034682
impossible_travel,1,0.5945766448947932,0.9217971511496428
impossible_travel,1,0.5814931946681787,0.8942365472495303
impossible_travel,1,0.4966364526649565,0.6045109457362361
impossible_travel,1,0.5665297599592382,0.7949429173030664
impossible_travel,1,0.6101910614375796,0.7667441265299635
impossible_travel,1,0.5269463422391085,0.7585321176150006
impossible_travel,1,0.5349949251565727,0.7468569415430482
impossible_travel,1,0.47918923153235093,0.6005739965272208
impossible_travel,1,0.5710406778287266,0.9083542281000331
impossible_travel,1,0.4952868011265797,0.6947242193619435
impossible_travel,1,0.5898108716205893,0.8221406638781559
impossible_travel,1,0.5913436270792749,0.9486298172178466
impossible_travel,1,0.5632845958497725,0.6733372507610467
impossible_travel,1,0.6153952076497359,0.7820229369353205
impossible_travel,1,0.5958234577437289,0.8448204603842999
impossible_travel,1,0.5919478667374896,0.7733164063200012
impossible_travel,1,0.5524643684667371,0.6057375730438579
impossible_travel,1,0.5751887623435864,0.8334650000227409
impossible_travel,1,0.5015938770269225,0.721456281232914
impossible_travel,1,0.4976464526915267,0.7155154112915612
impossible_travel,1,0.5529506670486765,0.7694310590720161
impossible_travel,1,0.5822943343075236,0.8781066690702596
impossible_travel,1,0.47769093070496105,0.6323295900006918
impossible_travel,1,0.5547952473674451,0.8008067194220575
impossible_travel,1,0.47739991867890713,0.6322169751939657
impossible_travel,1,0.5066602253800025,0.6960427569857692
impossible_travel,1,0.47708298016049233,0.6903633468614299
impossible_travel,1,0.5789348028145842,0.7959393355650349
impossible_travel,1,0.47948158829171517,0.6879401947934191
impossible_travel,1,0.4886394891648649,0.6755606654758336
impossible_travel,1,0.5125267355068662,0.7027972203290442
impossible_travel,1,0.4549500811141963,0.8416410204576732
impossible_travel,1,0.5164019595826949,0.7106170381346306
impossible_travel,1,0.5529300302930445,0.735012461340294
impossible_travel,1,0.5805540557074688,0.868970549579052
impossible_travel,1,0.5132445260712722,0.6246346710446777
impossible_travel,1,0.5011308505643667,0.6840749664190058
impossible_travel,1,0.5200680868528199,0.6133016563795547
impossible_travel,1,0.5692978682849125,0.723192508228929
impossible_travel,1,0.48031460787135327,0.6221971485235109
impossible_travel,1,0.5025473818036741,0.8480126856755912
impossible_travel,1,0.6398124239819092,0.8120636474015434
impossible_travel,1,0.49449169266036774,0.6360110015633096
impossible_travel,1,0.6362830874826969,0.9062379931235041
impossible_travel,1,0.6111834200910391,0.8344242531629
impossible_travel,1,0.5799840817495527,0.8013701529893833
impossible_travel,1,0.5155213752785597,0.7853754627143508
impossible_travel,1,0.5817066290334132,0.8180889120084319
impossible_travel,1,0.5459056397439956,0.6558233447611104
impossible_travel,1,0.5151992574918794,0.8802132684633404
impossible_travel,1,0.5535410319271817,0.6816791183564197
impossible_travel,1,0.5415971116594686,0.9130015114487946
impossible_travel,1,0.5481054258925263,0.7901200610781927
impossible_travel,1,0.494044284058791,0.6124810294817321
impossible_travel,1,0.5076529861638257,0.6732126820146537
impossible_travel,1,0.549764462457242,0.7787495925254303
impossible_travel,1,0.6295561420587691,0.8522514627969431
impossible_travel,1,0.5000266621736759,0.7574195881455441
impossible_travel,1,0.6505043644212716,0.9172458089794414
impossible_travel,1,0.5405307104927988,0.6916240177030532
impossible_travel,1,0.5447401493868401,0.8252758893973042
impossible_travel,1,0.5285745367580124,0.6328601085289046
impossible_travel,1,0.46741604545602133,0.6684435472358125
impossible_travel,1,0.5767800180241289,0.9172999496127728
impossible_travel,1,0.46786711846248863,0.6852543312080245
impossible_travel,1,0.5421443545130364,0.7090692698634675
impossible_travel,1,0.5144351668206637,0.7607931594646375
impossible_travel,1,0.64851700592399,0.8973185288619365
impossible_travel,1,0.5170107802606438,0.604267812061507
impossible_travel,1,0.5559498090971735,0.7518480949736348
impossible_travel,1,0.5905003614596894,0.8733005611850295
impossible_travel,1,0.539454513969212,0.759915381941412
impossible_travel,1,0.5258611736570291,0.7801690140238713
impossible_travel,1,0.5933130526337184,0.8644028615615085
impossible_travel,1,0.500702516493021,0.8426643733305983
impossible_travel,1,0.5518381797010503,0.9235582620191688
impossible_travel,1,0.460302699407331,0.6993845989753158
impossible_travel,1,0.6249489272565867,0.9053535554289844
impossible_travel,1,0.44370308582397416,0.6962165074298057
impossible_travel,1,0.5552926872552054,0.7802411225481296
impossible_travel,1,0.5029433315194954,0.7564147756569211
impossible_travel,1,0.5377519185864419,0.616213954783054
impossible_travel,1,0.5520435085227813,0.7941004102797125
impossible_travel,1,0.5976179419909622,0.8074425643179473
impossible_travel,1,0.5283807890364358,0.8691061257112425
impossible_travel,1,0.5309918860808887,0.7495507578600147
impossible_travel,1,0.5428525440608787,0.8061925828762189
impossible_travel,1,0.5634483887487266,0.724992898360757
impossible_travel,1,0.5793168277962084,0.8520830546847351
impossible_travel,1,0.5518006098894996,0.8651949558584329
impossible_travel,1,0.5636060549888899,0.783517582546211
impossible_travel,1,0.6360232474103418,0.9327228160312385
impossible_travel,1,0.4971104185316603,0.6774274564755645
impossible_travel,1,0.5566611280600289,0.6908710559185016
impossible_travel,1,0.5580295277927635,0.7500248815137718
impossible_travel,1,0.5259112561752198,0.7652801542139042
impossible_travel,1,0.5577381075795559,0.6425109503343451
impossible_travel,1,0.5316160437127307,0.8157527314045367
impossible_travel,1,0.548281075076129,0.8991296776223581
impossible_travel,1,0.4923362888213602,0.6009470449394595
impossible_travel,1,0.5670034626761725,0.8474518192577499
impossible_travel,1,0.5967444174536537,0.8352643174989686
impossible_travel,1,0.5615084554189559,0.7221146163648358
impossible_travel,1,0.5009698583411417,0.7413545747043698
impossible_travel,1,0.5764231687216073,0.7151385419126046
impossible_travel,1,0.6225529200769381,0.9489212770485401
impossible_travel,1,0.5146095449989445,0.8165383206233146
impossible_travel,1,0.5604786483549988,0.9287482515494954
impossible_travel,1,0.5845974556553544,0.6573203179329569
impossible_travel,1,0.561322847099993,0.6503608801713089
impossible_travel,1,0.6057991492202592,0.8808838718545622
impossible_travel,1,0.644340209034098,0.8503247319627363
impossible_travel,1,0.6037674388704246,0.742959760910659
impossible_travel,1,0.5987173003542829,0.8790533483855418
impossible_travel,1,0.5485263936145921,0.6582919605431731
impossible_travel,1,0.5947153905856271,0.7285864558936356
impossible_travel,1,0.5217515780456027,0.6786690846065785
impossible_travel,1,0.5252529896085043,0.6826030667547707
impossible_travel,1,0.49528572911108965,0.7509976652609649
impossible_travel,1,0.5363790476864,0.8293815021515121
impossible_travel,1,0.548111863983684,0.7427772651528063
impossible_travel,1,0.5018846048229131,0.6153848134690786
impossible_travel,1,0.5691018567332402,0.6132781980993439
impossible_travel,1,0.5668817666508901,0.695094764794986
impossible_travel,1,0.5586649001297995,0.9152037368503874
impossible_travel,1,0.5892466126252581,0.7254912271183586
impossible_travel,1,0.5849894593398623,0.9431161009759803
impossible_travel,1,0.6144749341788851,0.9483326454419787
impossible_travel,1,0.5348208464583408,0.7610936145297671
impossible_travel,1,0.661867751491381,0.9152873614845481
impossible_travel,1,0.484179207498006,0.6990963264930428
impossible_travel,1,0.6339668745137886,0.8662536153123749
impossible_travel,1,0.5812095202000546,0.8344761226245523
impossible_travel,1,0.6089962013168033,0.8821899576540035
impossible_travel,1,0.5963112417710943,0.8922198582055496
impossible_travel,1,0.609757157162132,0.8990391575399391
impossible_travel,1,0.47783247366085224,0.7469604002728606
impossible_travel,1,0.5241069385095951,0.6840178409325164
impossible_travel,1,0.6254740316900269,0.9378294677016119
impossible_travel,1,0.5617772519518939,0.6216651971631596
impossible_travel,1,0.5720152525511982,0.9247374156651808
impossible_travel,1,0.5212668230302894,0.7326568659340725
impossible_travel,1,0.4889500899533828,0.6488657217236903
impossible_travel,1,0.5696023531026916,0.7808772758905558
impossible_travel,1,0.614559563315881,0.7784725270598394
impossible_travel,1,0.5600973812520058,0.8683344332904199
impossible_travel,1,0.5313560973707336,0.8378692648052308
impossible_travel,1,0.5133057875917799,0.60647563748603
impossible_travel,1,0.5856149343581367,0.713127384255988
impossible_travel,1,0.6094902776751283,0.8628988443213153
impossible_travel,1,0.5294524180660394,0.6820222260501565
impossible_travel,1,0.4670416622051787,0.6287868999696635
impossible_travel,1,0.440643663926243,0.6406103091527542
impossible_travel,1,0.522717207240796,0.669789360784338
impossible_travel,1,0.5061266826111672,0.635207398159666
impossible_travel,1,0.5841480389709541,0.8543420469112069
impossible_travel,1,0.5015339828557546,0.7154818024539364
impossible_travel,1,0.53242021461011,0.6652933625634123
impossible_travel,1,0.5570046394927154,0.686610239724025
impossible_travel,1,0.5088685014533764,0.7351911888007742
impossible_travel,1,0.5275185463556114,0.6680064230251962
impossible_travel,1,0.5287148778908545,0.6359467651120021
impossible_travel,1,0.5746480016571729,0.7991350091165728
impossible_travel,1,0.5151538862082943,0.7269187855000165
impossible_travel,1,0.5351302755162657,0.6959061545051788
impossible_travel,1,0.5155464217758001,0.7539817002663157
impossible_travel,1,0.5675683500919789,0.7653821858162831
impossible_travel,1,0.5573036440220004,0.7852375146162646
impossible_travel,1,0.6192248375737561,0.7394050758855402
impossible_travel,1,0.599834485600093,0.9024963247365023
impossible_travel,1,0.5536527817018333,0.7790682353266323
impossible_travel,1,0.5545649582392708,0.8456814476761714
impossible_travel,1,0.6224968520771984,0.8418317276175938
impossible_travel,1,0.6276583070706307,0.8056253769244711
impossible_travel,1,0.5398037342144215,0.7594328628936412
impossible_travel,1,0.5811222844132143,0.8466943489341976
impossible_travel,1,0.512312732123998,0.7289474233950931
impossible_travel,1,0.5564722648960353,0.6821326291983227
impossible_travel,1,0.6034621106660236,0.8801821259771183
impossible_travel,1,0.6049809225521128,0.8498860106441535
impossible_travel,1,0.5551200791270936,0.828669986697407
impossible_travel,1,0.5909552486199058,0.6517411563023372
impossible_travel,1,0.4637629756224632,0.778621628733007
impossible_travel,1,0.5811351894711124,0.7580836023481315
impossible_travel,1,0.5680935284800889,0.9258424300265713
impossible_travel,1,0.5955362817260832,0.8183621151828846
impossible_travel,1,0.5791912166508104,0.8466738109270948
impossible_travel,1,0.5684702520845685,0.788373360817329
impossible_travel,1,0.5221827986544452,0.6725329672765187
impossible_travel,1,0.5883088159954659,0.927934836014197
impossible_travel,1,0.627997369651109,0.8243469320955652
impossible_travel,1,0.5448728845788235,0.6467543350907063
impossible_travel,1,0.5220500203247234,0.6906656588570865
impossible_travel,1,0.5798944444853158,0.6074477900359034
impossible_travel,1,0.547700173490494,0.8105134641569377
impossible_travel,1,0.5527047949211534,0.6572823089342015
impossible_travel,1,0.5329702056623962,0.7124800857562105
impossible_travel,1,0.5764584890553558,0.7281415399185767
impossible_travel,1,0.6185154538098208,0.8789664564253157
impossible_travel,1,0.551761447593419,0.6384979191279601
impossible_travel,1,0.5268019965799741,0.6915989573238648
impossible_travel,1,0.5637012632305481,0.792658685395601
impossible_travel,1,0.5097058728678445,0.6162719605881151
impossible_travel,1,0.5964353626467248,0.8906013225941181
impossible_travel,1,0.5165026917733944,0.8458315273005892
impossible_travel,1,0.5594389278710926,0.858541729547875
impossible_travel,1,0.5699902855301013,0.7480801204113556
impossible_travel,1,0.5889785313085141,0.7936674316710589
impossible_travel,1,0.483780634572907,0.7247581395960985
impossible_travel,1,0.5317446283494847,0.7366754204026005
impossible_travel,1,0.5834649911044103,0.9110486699314888
impossible_travel,1,0.525957070896148,0.668212988574506
impossible_travel,1,0.514374039288721,0.8231822620768794
impossible_travel,1,0.5901237458854229,0.9142562754019768
impossible_travel,1,0.5486238678780799,0.6639858130239426
impossible_travel,1,0.5485903067193371,0.7712059931104687
impossible_travel,1,0.5650321041936675,0.8124106277545138
impossible_travel,1,0.5405443006946743,0.7973109503058219
impossible_travel,1,0.6495988780967502,0.8890831943502259
impossible_travel,1,0.5221432753833541,0.7520917276269239
impossible_travel,1,0.6017491272430068,0.8100840651089294
impossible_travel,1,0.5515654214594377,0.6483886083547902
impossible_travel,1,0.5528744360278262,0.6884409272256741
impossible_travel,1,0.5468702280387274,0.6966529706388329
impossible_travel,1,0.6189064640075368,0.7474414722015799
impossible_travel,1,0.5961361349266503,0.819695335951504
impossible_travel,1,0.5720861948382961,0.7348100074007675
impossible_travel,1,0.4565653528485001,0.6116729982633909
impossible_travel,1,0.5803440629520349,0.7309527199413034
impossible_travel,1,0.565165203809519,0.9112793556342034
impossible_travel,1,0.5666118259109325,0.8936857033962824
impossible_travel,1,0.5923614252460605,0.8682294765514951
impossible_travel,1,0.5366719751096042,0.7796370460839019
impossible_travel,1,0.5154300783016657,0.8217486364203033
impossible_travel,1,0.5720773317107879,0.7272265932287628
impossible_travel,1,0.5393067663163351,0.660733049799621
impossible_travel,1,0.4798029027507372,0.681278267829459
impossible_travel,1,0.5651527238216779,0.7683758704542604
impossible_travel,1,0.6160229952163936,0.9128965707383018
impossible_travel,1,0.5635744293296031,0.647619605152972
impossible_travel,1,0.5852222844442293,0.6865877458912235
impossible_travel,1,0.4729520644674936,0.7178906524505361
impossible_travel,1,0.5225769332433912,0.6893662858132776
impossible_travel,1,0.5936960716653426,0.8595922292859177
impossible_travel,1,0.582355774535436,0.907059373622422
impossible_travel,1,0.49578645574840685,0.724904956820058
impossible_travel,1,0.49674922151306206,0.6265316202608996
impossible_travel,1,0.5602212155305004,0.7399813762295133
impossible_travel,1,0.555713194605774,0.9266853297580537
impossible_travel,1,0.46614317707590003,0.6304016132360675
impossible_travel,1,0.540965611049192,0.681622525876216
impossible_travel,1,0.4921357215747769,0.6470643627252218
impossible_travel,1,0.574366697856781,0.8090724758270208
impossible_travel,1,0.5166388841327068,0.6367976911223796
impossible_travel,1,0.5432522985477278,0.7216717444577279
impossible_travel,1,0.4734073544595328,0.7509702404498881
impossible_travel,1,0.5562454876459371,0.8340744618012776
impossible_travel,1,0.532956377439755,0.6448478359991
impossible_travel,1,0.5822689912506753,0.7922243077529472
impossible_travel,1,0.5012412851594111,0.743150866709219
impossible_travel,1,0.5283762024274848,0.818299480469754
impossible_travel,1,0.533116455884712,0.6783891119034504
impossible_travel,1,0.5140169731401586,0.6651206955247573
impossible_travel,1,0.5234558025429591,0.8618934718649522
impossible_travel,1,0.5474418010377953,0.8907642845848021
impossible_travel,1,0.5590309020346714,0.6904988442687178
impossible_travel,1,0.5636516364678797,0.8675179734919433
impossible_travel,1,0.5249730636010421,0.6097630335506824
impossible_travel,1,0.5626749843063028,0.7640360535381097
impossible_travel,1,0.5940256517822622,0.7969123944509767
impossible_travel,1,0.5326041184977816,0.8247423397754411
impossible_travel,1,0.47897320052577685,0.8071780575385706
impossible_travel,1,0.5400271858896423,0.7241425875925208
impossible_travel,1,0.5630487422161254,0.7362587927168877
impossible_travel,1,0.5057608816133049,0.7418950810102409
impossible_travel,1,0.5786223426842906,0.6632945414277079
impossible_travel,1,0.49007899561355345,0.6239999138784348
impossible_travel,1,0.5346098158729806,0.6896563155682255
impossible_travel,1,0.4905899789833767,0.7255724385654784
impossible_travel,1,0.6413041698880879,0.9306391876385385
impossible_travel,1,0.550494379116725,0.6411220452553341
impossible_travel,1,0.6563555642100323,0.907625838816581
impossible_travel,1,0.5193915782260308,0.7349743626200482
impossible_travel,1,0.503115062471576,0.8737991137971133
impossible_travel,1,0.4809908952231176,0.6624128129654989
impossible_travel,1,0.4838051457317456,0.7248330802520435
impossible_travel,1,0.5691363398653556,0.7554502207034797
impossible_travel,1,0.6199329274374539,0.732869439946608
impossible_travel,1,0.5006690807577906,0.6935563403182703
impossible_travel,1,0.5694782574354165,0.8393363263327018
impossible_travel,1,0.4809237526824832,0.6224229042059692
impossible_travel,1,0.573742916950693,0.8393338894135949
impossible_travel,1,0.5628118690183544,0.9088563075190956
impossible_travel,1,0.5027769831314556,0.6618510804211254
impossible_travel,1,0.5365755150719944,0.6823515412506135
impossible_travel,1,0.5695887368061864,0.8378748217976234
impossible_travel,1,0.5514524187549873,0.9430159113671268
impossible_travel,1,0.47769920559870555,0.6208971769011279
impossible_travel,1,0.5727896901462369,0.7448929181325797
impossible_travel,1,0.4684255162545616,0.7361668697888125
impossible_travel,1,0.5834490580426502,0.7986382287204687
impossible_travel,1,0.587863783938461,0.9263904349133848
impossible_travel,1,0.6031646597155489,0.8303549732779429
impossible_travel,1,0.5672703221235457,0.6863094253830955
impossible_travel,1,0.5586767548584028,0.806715251950349
impossible_travel,1,0.5761555606596254,0.67083975706151
impossible_travel,1,0.6231802582240268,0.9097294571480163
impossible_travel,1,0.6200801026107041,0.9328192508283184
impossible_travel,1,0.6389174147395537,0.9222801015365665
impossible_travel,1,0.6052034214068499,0.8982789170240214
impossible_travel,1,0.5868463607156327,0.8400316070057023
impossible_travel,1,0.5043375732956406,0.6791212724046082
impossible_travel,1,0.5084412719871608,0.6893401658518737
impossible_travel,1,0.4950006192840066,0.6744115981623557
impossible_travel,1,0.5012488604351973,0.631557952347027
impossible_travel,1,0.556945853890691,0.723849656128272
impossible_travel,1,0.4813672742342465,0.6307571155179108
impossible_travel,1,0.559752143087775,0.9132989793183446
impossible_travel,1,0.5739422934456633,0.7945419699514855
impossible_travel,1,0.5471107078573016,0.8549651182571342
impossible_travel,1,0.6681762023961562,0.9497220293435173
impossible_travel,1,0.6473882282487027,0.9456074033486984
impossible_travel,1,0.5276074017960602,0.7056530138951863
impossible_travel,1,0.6233239347980106,0.937904526659766
impossible_travel,1,0.48537682321310643,0.7374394635698195
impossible_travel,1,0.6268382782905455,0.8393138509229766
impossible_travel,1,0.5361157586137419,0.7458560562141875
impossible_travel,1,0.6009726467444926,0.8012122319800667
impossible_travel,1,0.5245232743771249,0.7084891802539216
impossible_travel,1,0.6097860843109625,0.8655980282739871
impossible_travel,1,0.6143850488734658,0.8918221022732751
impossible_travel,1,0.5079236297129112,0.8278792342956605
impossible_travel,1,0.6616296982283474,0.9246804022240037
impossible_travel,1,0.6068173097418088,0.8839852149957178
impossible_travel,1,0.5625082737121048,0.9373691097493277
impossible_travel,1,0.49906861057433566,0.6517211389823817
impossible_travel,1,0.5427283208142129,0.8986712168839048
impossible_travel,1,0.509579812989264,0.7668574008377997
impossible_travel,1,0.574899330751799,0.9003366372285085
impossible_travel,1,0.6377047304708546,0.9248575646291146
impossible_travel,1,0.5486875707119782,0.8087341642222662
impossible_travel,1,0.5947252579437207,0.8808509902515345
impossible_travel,1,0.528048211256922,0.6241214326413839
impossible_travel,1,0.5010858914603704,0.7247969916219921
impossible_travel,1,0.4960961217582876,0.6013084968555852
impossible_travel,1,0.6031747989282221,0.918977691761622
impossible_travel,1,0.5289474613476493,0.8022179187913476
impossible_travel,1,0.5452653739960128,0.7082551070191746
impossible_travel,1,0.5123990429200838,0.6522485628093179
impossible_travel,1,0.6337320695884154,0.8504597124300923
impossible_travel,1,0.524579700625604,0.6410526895692527
impossible_travel,1,0.584866372044131,0.9095208200111732
impossible_travel,1,0.5264314042586997,0.7418326201529155
impossible_travel,1,0.4752001977445646,0.6302292972995872
impossible_travel,1,0.6049148452299727,0.8804446896489396
impossible_travel,1,0.6219694224565062,0.9233281691807764
impossible_travel,1,0.5407779983527282,0.7680547777923855
impossible_travel,1,0.5872710371393359,0.8848881797007572
impossible_travel,1,0.6296382622964636,0.6886935844168819
impossible_travel,1,0.5351636403800903,0.9260243825919208
impossible_travel,1,0.5464159860680184,0.8143949949844478
impossible_travel,1,0.6551423992112249,0.7834744056238458
impossible_travel,1,0.5495977922435529,0.7222717862613977
impossible_travel,1,0.5687305547252707,0.9187169310407682
impossible_travel,1,0.5583977367628367,0.7220083111838259
impossible_travel,1,0.6418042442406047,0.8830147571547149
impossible_travel,1,0.5967417233990417,0.944476930070667
impossible_travel,1,0.5765378144693399,0.7627593137169136
impossible_travel,1,0.5457929943368338,0.6950498035243513
impossible_travel,1,0.6169323363604813,0.9200884788003729
impossible_travel,1,0.6322801203944366,0.8013587430062517
impossible_travel,1,0.5833440619109276,0.7870986298857005
impossible_travel,1,0.5406231516202367,0.77103419239943
impossible_travel,1,0.47292914443008155,0.6255116396100068
impossible_travel,1,0.49089422698133056,0.7455316418078844
impossible_travel,1,0.46118480508541515,0.6348855099523502
impossible_travel,1,0.5671326511402867,0.9247174419414326
impossible_travel,1,0.5437845889541131,0.7238214019595255
impossible_travel,1,0.5398863964278047,0.7649731597097746
impossible_travel,1,0.5379363408140952,0.7637458494759934
impossible_travel,1,0.597343912761712,0.9154612094776298
impossible_travel,1,0.5840490939838481,0.9200723176970929
impossible_travel,1,0.5907568122826198,0.8716862002743306
impossible_travel,1,0.5737887481796896,0.9194495152926374
impossible_travel,1,0.6233908143284577,0.944502511414671
impossible_travel,1,0.6044486412942022,0.8093319550118176
impossible_travel,1,0.4674245301406254,0.7213732463888036
impossible_travel,1,0.5917674958718855,0.8470245168735586
impossible_travel,1,0.5295499647601501,0.7037599730648968
impossible_travel,1,0.5203269837203144,0.7322869382991006
impossible_travel,1,0.6096049756759494,0.7982260329941105
impossible_travel,1,0.4993727261120346,0.8352606572356762
impossible_travel,1,0.43838879679107995,0.702335521885515
impossible_travel,1,0.6044419274372774,0.8934953144731845
impossible_travel,1,0.596064346864281,0.6767470704563388
impossible_travel,1,0.5663257273123968,0.670534203136302
impossible_travel,1,0.5103690488371051,0.6122877223850174
impossible_travel,1,0.5776062253832813,0.7969228856838315
impossible_travel,1,0.5578227021380127,0.7586605070549355
impossible_travel,1,0.5602869815718416,0.7303918855387224
impossible_travel,1,0.5542598339034321,0.6866454747520472
impossible_travel,1,0.5618038257772593,0.8378336155527968
impossible_travel,1,0.6006528532214059,0.7963841752702288
impossible_travel,1,0.5798322050974378,0.7898041773482887
impossible_travel,1,0.5441999658715758,0.7510801193437683
impossible_travel,1,0.6200160947368346,0.869474735865408
impossible_travel,1,0.5550386227018763,0.8882459700014522
impossible_travel,1,0.5213354752390228,0.7206509510271142
impossible_travel,1,0.5895935574931996,0.9451461665849301
impossible_travel,1,0.5178369852312675,0.6982323162921157
impossible_travel,1,0.5205108435405771,0.7420505643270179
impossible_travel,1,0.5645422241208014,0.7989117470418585
impossible_travel,1,0.5754056243064397,0.8673778809974154
impossible_travel,1,0.5756204730183172,0.9241557167862293
impossible_travel,1,0.5997588840340184,0.7644189995644237
impossible_travel,1,0.5481337543657878,0.6673011137628685
impossible_travel,1,0.603052163262785,0.9057673654975621
impossible_travel,1,0.5592910670312162,0.7927509487754946
impossible_travel,1,0.4956090962699638,0.7752107207186868
impossible_travel,1,0.5745488508761565,0.9025160201309118
impossible_travel,1,0.5091444716896054,0.6428901746431683
impossible_travel,1,0.5714822275881287,0.927053428037417
impossible_travel,1,0.5415267284961958,0.7861790945958193
impossible_travel,1,0.5427826549919276,0.7653512410035461
impossible_travel,1,0.47657879819295945,0.6031419790794149
impossible_travel,1,0.551875047230797,0.7924592483722663
impossible_travel,1,0.5994658446479716,0.9198995835812529
impossible_travel,1,0.5174668828743737,0.7038552365349371
impossible_travel,1,0.5647204771101559,0.7771168817487744
impossible_travel,1,0.5457718439528527,0.7492491571077008
impossible_travel,1,0.5014020408919441,0.6715024619984877
impossible_travel,1,0.48176259233821395,0.6123162783591591
impossible_travel,1,0.5868681959564738,0.7118807991673708
impossible_travel,1,0.5884237671328121,0.8422032334908239
impossible_travel,1,0.5873364122827007,0.8997127181092581
impossible_travel,1,0.5467977721789744,0.6188695260047185
impossible_travel,1,0.626747674214412,0.842156482840202
impossible_travel,1,0.6025646339686885,0.9021477605380415
impossible_travel,1,0.4718146711693948,0.6524524048647578
impossible_travel,1,0.5617355768381975,0.8667237007675441
impossible_travel,1,0.5672137202509179,0.9157386464202677
impossible_travel,1,0.5968629319831824,0.949281114603177
impossible_travel,1,0.5129439074656974,0.7056143066831467
impossible_travel,1,0.5913832175576778,0.7947570306065156
impossible_travel,1,0.5473123604278898,0.9363902436344264
impossible_travel,1,0.5615257577333365,0.7504276225372031
impossible_travel,1,0.5855473236908696,0.7420112317012295
impossible_travel,1,0.5074599446091936,0.7597580155937531
impossible_travel,1,0.5717214479574435,0.9183508270451984
impossible_travel,1,0.47168949554366885,0.7186387248412143
impossible_travel,1,0.5738610925117086,0.8534345545787612
impossible_travel,1,0.5713877955706409,0.9148474338857393
impossible_travel,1,0.5918530175617565,0.9489875401480019
impossible_travel,1,0.5311513269884228,0.6516266341149759
impossible_travel,1,0.5674345357425703,0.6123645008439212
impossible_travel,1,0.5541491070190973,0.6314536974507711
impossible_travel,1,0.6425764481443231,0.8150835167486301
impossible_travel,1,0.5896502746415511,0.8626796679107784
impossible_travel,1,0.6093971564422996,0.9333628675249889
impossible_travel,1,0.4733909806563656,0.6130307264942126
impossible_travel,1,0.49061361375044166,0.6316179967844746
impossible_travel,1,0.5131867690564789,0.9100745434124203
impossible_travel,1,0.6233308500444054,0.8193802171076559
impossible_travel,1,0.48953186150672556,0.7165359661965476
impossible_travel,1,0.6011272199367557,0.9037553502049475
impossible_travel,1,0.5551878064952964,0.883107887787877
impossible_travel,1,0.6287223349348444,0.9485903227619406
impossible_travel,1,0.48248348644540767,0.6955356731410635
impossible_travel,1,0.5055529927416078,0.6129297067421909
impossible_travel,1,0.5792664787258494,0.9193963405473324
impossible_travel,1,0.5534534981005208,0.7467881014998815
impossible_travel,1,0.5650061590416782,0.7250546957941422
impossible_travel,1,0.5514703022256283,0.7850707400468347
impossible_travel,1,0.601466440884801,0.9288468310066734
impossible_travel,1,0.5736772241971697,0.8524259744480128
impossible_travel,1,0.6555893271898947,0.8422971461681329
impossible_travel,1,0.5880046646885483,0.8738404895869195
impossible_travel,1,0.5884879803195961,0.9093485398743725
impossible_travel,1,0.6185581872994692,0.7481606685927604
impossible_travel,1,0.5993182595010184,0.8897409367156432
impossible_travel,1,0.5591858082539214,0.9132183105014674
impossible_travel,1,0.62125547617768,0.803054961660089
impossible_travel,1,0.5737176346286639,0.6833095599977639
impossible_travel,1,0.5467650321319161,0.7243258835955676
impossible_travel,1,0.5850738060121291,0.8079259886918037
impossible_travel,1,0.5628470295926826,0.9299142892318546
impossible_travel,1,0.44807717722049284,0.6452132554367083
impossible_travel,1,0.5449255054082106,0.6546482110363747
impossible_travel,1,0.5788865042644,0.7919931738734803
impossible_travel,1,0.5205288342169196,0.6372387079198399
impossible_travel,1,0.624636671672335,0.8461554974602762
impossible_travel,1,0.6034248765403006,0.8190160003856638
impossible_travel,1,0.5275212683708823,0.675534998541117
impossible_travel,1,0.5949233358311644,0.8053017878474871
impossible_travel,1,0.5628758923208571,0.903114055073029
impossible_travel,1,0.6114433905911375,0.9463572969292615
impossible_travel,1,0.4882823703955321,0.7332745664741906
impossible_travel,1,0.5172690047228924,0.6634943436150457
impossible_travel,1,0.632228639636067,0.8739173170175941
impossible_travel,1,0.5563489077068982,0.6737251333419064
impossible_travel,1,0.5451387399620207,0.7305850667423441
impossible_travel,1,0.5657401861578087,0.9031150576702615
impossible_travel,1,0.6313955143480134,0.7966615883398088
impossible_travel,1,0.6373771669406343,0.9235644373273593
impossible_travel,1,0.5013914165053603,0.6218333639617666
impossible_travel,1,0.5995311955822309,0.8305644936173296
impossible_travel,1,0.5603923056532979,0.6439844996065014
impossible_travel,1,0.5947097690617393,0.9153634538072198
impossible_travel,1,0.602730843681208,0.7356259183834246
impossible_travel,1,0.49515825146396586,0.6236646986552523
impossible_travel,1,0.5023455305219596,0.6196971401057104
impossible_travel,1,0.6404366142647074,0.928360595944712
impossible_travel,1,0.6108894406081888,0.9365997123576665
impossible_travel,1,0.6315243879422568,0.9379899789832262
impossible_travel,1,0.6247744682170073,0.9019319652001128
impossible_travel,1,0.4607430204566604,0.6388440874073433
impossible_travel,1,0.4772402108361182,0.690588697001039
impossible_travel,1,0.5385834939515877,0.6213944776110834
impossible_travel,1,0.5427366658229815,0.7458786855087246
impossible_travel,1,0.5947684999118306,0.9100335151792855
impossible_travel,1,0.5418889878584153,0.7840874010865699
impossible_travel,1,0.6165298800362469,0.8760386426052298
impossible_travel,1,0.5387590834724603,0.943056228656025
impossible_travel,1,0.5449809884536924,0.867877948583466
impossible_travel,1,0.4989738099963575,0.8488302911414433
impossible_travel,1,0.6117579546383155,0.8805476035397921
impossible_travel,1,0.6030160533105853,0.8915069699542866
impossible_travel,1,0.540323852894081,0.8327522242113212
impossible_travel,1,0.4862268928952901,0.6647140751420628
impossible_travel,1,0.5580671764177385,0.6305214943067106
impossible_travel,1,0.5915441270856457,0.9182838487951552
impossible_travel,1,0.5665804903688899,0.8342880415344104
impossible_travel,1,0.5453231839440964,0.8206020845598854
impossible_travel,1,0.5367417119957223,0.6510553545033917
impossible_travel,1,0.5101636438391255,0.6696807125787818
impossible_travel,1,0.5966734589637194,0.7321260860211878
impossible_travel,1,0.5412411405751976,0.6589969622443823
impossible_travel,1,0.5191652328638207,0.6362848367567788
impossible_travel,1,0.535826054753157,0.8139967202831223
impossible_travel,1,0.66420970669068,0.9229394114060213
impossible_travel,1,0.6129528644623728,0.9054042516514397
impossible_travel,1,0.5977761325229832,0.7816946084588641
impossible_travel,1,0.46130099413158393,0.6086194497314309
impossible_travel,1,0.6184014588032979,0.8809830764481057
impossible_travel,1,0.5627550086408148,0.8917937656695981
impossible_travel,1,0.5844635105746595,0.7427776081345033
impossible_travel,1,0.6012739061349097,0.869222498808115
impossible_travel,1,0.5007259177277908,0.7804266262503563
impossible_travel,1,0.5622180353320305,0.6487931138996347
impossible_travel,1,0.4695576105010029,0.6079768479405236
impossible_travel,1,0.5023855630092945,0.7226110730448178
impossible_travel,1,0.5761465014243824,0.8313119388875922
impossible_travel,1,0.6017360793867583,0.8814850171795595
impossible_travel,1,0.5440082953667449,0.9098192489423353
impossible_travel,1,0.5645265400932454,0.7578629285321901
impossible_travel,1,0.5699410812375177,0.7128693825999689
impossible_travel,1,0.5503668742913012,0.6658093665774265
impossible_travel,1,0.5956837797428558,0.806538785910426
impossible_travel,1,0.5312122300781421,0.7540067160753339
impossible_travel,1,0.4667842007827605,0.6490955813488054
impossible_travel,1,0.543953185541633,0.7897380426882785
impossible_travel,1,0.5401604881158275,0.8635590341294288
impossible_travel,1,0.5447765187647602,0.8040764804316577
impossible_travel,1,0.5558871423378366,0.91744067233386
impossible_travel,1,0.5729546473435353,0.8406794939572033
impossible_travel,1,0.5490259271931663,0.686478580590748
impossible_travel,1,0.6081102831579741,0.8841781751677037
impossible_travel,1,0.49008675698287063,0.798545530135091
impossible_travel,1,0.5114655580044687,0.8412957536350655
impossible_travel,1,0.5267370906801828,0.6570113485676777
impossible_travel,1,0.4737690217851773,0.7863890830376498
impossible_travel,1,0.5128488959579731,0.6779489633728788
impossible_travel,1,0.5582142480152321,0.9122944377526718
impossible_travel,1,0.5951445874560304,0.7924765226062345
impossible_travel,1,0.5958110779585076,0.8952926102337397
impossible_travel,1,0.5787517898957897,0.766061217174764
impossible_travel,1,0.5753311055050486,0.6601542240865457
impossible_travel,1,0.5460442586740264,0.623923451776007
impossible_travel,1,0.5716189494888576,0.6838546783446926
impossible_travel,1,0.5674631483886968,0.7609323782682664
impossible_travel,1,0.5546954831027793,0.9337848707476298
impossible_travel,1,0.47964990961592974,0.6756304479481318
impossible_travel,1,0.6025203436089553,0.8541440582623373
impossible_travel,1,0.5951751553273115,0.823607744307012
impossible_travel,1,0.6008246705552802,0.7673194983427138
impossible_travel,1,0.49715810065741256,0.758830118250443
impossible_travel,1,0.5132873789871554,0.7340852807033452
impossible_travel,1,0.47275127379285237,0.6130867503560725
impossible_travel,1,0.5499271104690722,0.6961671099015224
impossible_travel,1,0.5911579221218477,0.7057719269064188
impossible_travel,1,0.5095781886839015,0.787418083553028
impossible_travel,1,0.5818570994956572,0.8220942147552119
impossible_travel,1,0.4596440481200419,0.623860872401843
impossible_travel,1,0.5600045063860545,0.7614362919922117
impossible_travel,1,0.48255281040747444,0.6417656234337097
impossible_travel,1,0.5187360693628724,0.6854186745277975
impossible_travel,1,0.4936779106603211,0.6627196281490203
impossible_travel,1,0.6108090400664671,0.8070381310352641
impossible_travel,1,0.5974007397915225,0.7105252753895968
impossible_travel,1,0.5509723274721282,0.9110843746355213
impossible_travel,1,0.5243794487991867,0.8058130717359877
impossible_travel,1,0.4884582802254401,0.7494736543908033
impossible_travel,1,0.5202182412758894,0.6523142362798278
impossible_travel,1,0.5876433889891085,0.7057566509764763
impossible_travel,1,0.5439276322391129,0.6344804686513807
impossible_travel,1,0.6035927014446135,0.7104952877292153
impossible_travel,1,0.47608454429627006,0.6353122935209791
impossible_travel,1,0.6201275290018081,0.8341648930307485
impossible_travel,1,0.5500146027708248,0.6654715865484473
impossible_travel,1,0.5872720684774523,0.7665193793998031
impossible_travel,1,0.5275940863000342,0.6424649146143916
impossible_travel,1,0.5887796198962242,0.9161107072154797
impossible_travel,1,0.47057991525457454,0.6886993502669427
impossible_travel,1,0.5460033041829601,0.8980413673150518
impossible_travel,1,0.5524397959486836,0.869727577185545
impossible_travel,1,0.4787565374868405,0.6450397536813766
impossible_travel,1,0.4974141107293345,0.7142574633507947
impossible_travel,1,0.4914245055762861,0.7331019348958423
impossible_travel,1,0.5392617401730059,0.9018138915688889
impossible_travel,1,0.595261890824157,0.9346246806137253
impossible_travel,1,0.556368336798581,0.7170934255167056
impossible_travel,1,0.5588824600126742,0.9085593980123224
impossible_travel,1,0.5576536571989854,0.8048944689866504
impossible_travel,1,0.5932918391091542,0.817443301962242
impossible_travel,1,0.5207680489355082,0.7458140002579495
impossible_travel,1,0.58676539549855,0.7662739191898087
impossible_travel,1,0.6001318436606576,0.8001295133579174
impossible_travel,1,0.5742092153108732,0.913023851256796
impossible_travel,1,0.63259312055883,0.8681609933910757
impossible_travel,1,0.5379027115948101,0.7071368038965165
impossible_travel,1,0.6405855202468838,0.9465851099616729
impossible_travel,1,0.602321308891272,0.768728596129903
impossible_travel,1,0.5424923491861234,0.7684078676883371
impossible_travel,1,0.5804137993722964,0.6443243538994876
impossible_travel,1,0.519885057896146,0.6796636846136326
impossible_travel,1,0.5289018952459849,0.7867012675996591
impossible_travel,1,0.6378070273325052,0.9429469893934266
impossible_travel,1,0.5164854617601599,0.6136140926801894
impossible_travel,1,0.5759598156363269,0.9356030564102471
impossible_travel,1,0.533981470570912,0.6091332946085877
impossible_travel,1,0.5810740458542467,0.8912557890988609
impossible_travel,1,0.523194570747909,0.8916630662455394
impossible_travel,1,0.4799171001756909,0.6583687506252272
impossible_travel,1,0.4968563984852813,0.6933601588019964
impossible_travel,1,0.6585303693261422,0.9249549174312741
impossible_travel,1,0.5831585433240285,0.6409105160091199
impossible_travel,1,0.5277096742288537,0.6891315737950015
impossible_travel,1,0.45517937222110316,0.6956248311954911
impossible_travel,1,0.5685565727628161,0.69040786519449
impossible_travel,1,0.5173238058041348,0.7908593476542192
impossible_travel,1,0.6213303657510734,0.8761161330215574
impossible_travel,1,0.6117337333387423,0.938345407565393
impossible_travel,1,0.5605689898941194,0.7654506478817472
impossible_travel,1,0.4698779953311935,0.6172689376699484
impossible_travel,1,0.5888245191423876,0.8829391006976828
impossible_travel,1,0.5403319662999917,0.8709444037114069
impossible_travel,1,0.5952711775450705,0.751597295069142
impossible_travel,1,0.5810377666512521,0.7419903380163936
impossible_travel,1,0.5504548079514862,0.8683051093198986
impossible_travel,1,0.6055623142748905,0.8770960969805772
impossible_travel,1,0.5343758223682518,0.7473977447335994
impossible_travel,1,0.5516075327062809,0.7177424931987165
impossible_travel,1,0.5757804449361844,0.6703762970391115
impossible_travel,1,0.5490292030115582,0.8230437333768525
impossible_travel,1,0.52776964545346,0.8061268834668587
impossible_travel,1,0.5260619408558163,0.703877295365372
impossible_travel,1,0.5188490132829159,0.7288387058469498
impossible_travel,1,0.5954383643310042,0.8873094666216854
impossible_travel,1,0.5801786259211059,0.842093184412077
impossible_travel,1,0.5264541456342051,0.6560805224680077
impossible_travel,1,0.5896545047321331,0.7601720381563442
impossible_travel,1,0.5457916362166378,0.9134705852331555
impossible_travel,1,0.6220038805695882,0.9147186982729865
impossible_travel,1,0.5450576180062108,0.9114274701772536
impossible_travel,1,0.5201779148152816,0.6131942187428184
impossible_travel,1,0.5292402045374274,0.6404969650463772
impossible_travel,1,0.5090573281430592,0.6032741635913651
impossible_travel,1,0.5535718455206402,0.8404740819835561
impossible_travel,1,0.5247930759474134,0.6573195020268476
impossible_travel,1,0.5265938646774411,0.8059001700273675
impossible_travel,1,0.5493100682957177,0.7984192077107508
impossible_travel,1,0.5018782208069685,0.7354829525975501
impossible_travel,1,0.6192666803682166,0.945692090014824
impossible_travel,1,0.5205390475625014,0.8123549288215723
impossible_travel,1,0.5863846615903051,0.9409268492842355
impossible_travel,1,0.5122620539795305,0.6329794461836492
impossible_travel,1,0.5729611013555798,0.8440662701264385
impossible_travel,1,0.5550507995312445,0.7861130412785038
impossible_travel,1,0.585200835802172,0.7988535979068849
impossible_travel,1,0.5184692962976383,0.7852674275812546
impossible_travel,1,0.5544283835547597,0.7742370114389263
impossible_travel,1,0.5451591384766596,0.8977498914358648
impossible_travel,1,0.5902991287072471,0.8551341382224618
impossible_travel,1,0.6008464800122738,0.8591353662998298
impossible_travel,1,0.5234191430749152,0.81766273753455
impossible_travel,1,0.4986170599537896,0.7613304416629905
impossible_travel,1,0.43788399273309964,0.6402919608006918
impossible_travel,1,0.5855851748517689,0.7561092636894905
impossible_travel,1,0.5134565733250254,0.7125443405679476
impossible_travel,1,0.595556513797238,0.930827300931711
impossible_travel,1,0.567479256064483,0.8659958289914689
impossible_travel,1,0.557996864489453,0.8287138079542375
impossible_travel,1,0.5520301822521952,0.7225772236915131
impossible_travel,1,0.5653352604731756,0.7007728103411857
impossible_travel,1,0.6346779598386075,0.9247875555196892
impossible_travel,1,0.5968161005957882,0.7664761923205471
impossible_travel,1,0.5394232700361642,0.8198351919600853
impossible_travel,1,0.6229626647766631,0.8211360870895168
impossible_travel,1,0.5040512703421577,0.8662769264935307
impossible_travel,1,0.6235960391391474,0.8469947273635171
impossible_travel,1,0.5810491318870854,0.865650100052183
impossible_travel,1,0.5788005813851785,0.9201483162556685
impossible_travel,1,0.5866507513158197,0.7942586588954654
impossible_travel,1,0.5439399962215805,0.6860203084276707
impossible_travel,1,0.6197032994481658,0.9089800401788315
impossible_travel,1,0.5042171278599957,0.6024637801102303
impossible_travel,1,0.5235527225604313,0.6237133718946943
impossible_travel,1,0.5140962615728751,0.7298198851677038
impossible_travel,1,0.5258391373078551,0.8650432229027749
impossible_travel,1,0.5494213159825949,0.8015738432887368
impossible_travel,1,0.6331071347289331,0.9330440702132108
impossible_travel,1,0.680656182710302,0.9467679359006156
impossible_travel,1,0.6255577350439905,0.9402723560179316
impossible_travel,1,0.5579681576077687,0.8172828526246073
impossible_travel,1,0.6161508805168964,0.9306527221846623
impossible_travel,1,0.6038185799348761,0.7120020433257711
impossible_travel,1,0.5448695595857693,0.8153423291832009
impossible_travel,1,0.5893551535153112,0.8633973183367079
impossible_travel,1,0.5168892864898087,0.6605759122689989
impossible_travel,1,0.6004571705856209,0.8533678603585102
impossible_travel,1,0.5832186016380349,0.8848478484506981
impossible_travel,1,0.4460448759482852,0.6098300079711033
impossible_travel,1,0.5861660387518521,0.882525521369816
impossible_travel,1,0.49441834686699004,0.6919022549143905
impossible_travel,1,0.5818694815615768,0.7435633465257416
impossible_travel,1,0.48962967061888174,0.6158701930937815
impossible_travel,1,0.5243092702241957,0.6788727259331938
impossible_travel,1,0.5719259217791783,0.744765424465339
impossible_travel,1,0.49140935329277496,0.623769896539414
impossible_travel,1,0.6139353949033447,0.9104969942092669
impossible_travel,1,0.5143790527127781,0.7333114276224686
impossible_travel,1,0.5459976391096568,0.915832272551671
impossible_travel,1,0.5449287513874613,0.6336225779155447
impossible_travel,1,0.5898470752462968,0.8363784025505255
impossible_travel,1,0.498485811655354,0.8369208280157321
impossible_travel,1,0.5103757732186538,0.8019698468390043
impossible_travel,1,0.5400987851910752,0.8549518072666993
impossible_travel,1,0.586295178969751,0.7965632438372854
impossible_travel,1,0.4768855248976528,0.6069362557444562
impossible_travel,1,0.4771212196083441,0.6014453815814199
impossible_travel,1,0.5036589176565314,0.6627598852294138
impossible_travel,1,0.5453064737926704,0.7702864882652849
impossible_travel,1,0.5917725110925293,0.6803372109911819
impossible_travel,1,0.6155589097631801,0.8308555845650983
impossible_travel,1,0.5602515839733708,0.8568989670168492
impossible_travel,1,0.5236636571759542,0.8346535908090911
impossible_travel,1,0.569513868004042,0.715052017268266
impossible_travel,1,0.5168027082490221,0.7403711205394629
impossible_travel,1,0.5698135654848627,0.788646716745725
impossible_travel,1,0.5291025564050291,0.9199968977101167
impossible_travel,1,0.5343691591659572,0.637305249532332
impossible_travel,1,0.5467132828105119,0.8543238239615085
impossible_travel,1,0.5623485065403575,0.6325818238625538
impossible_travel,1,0.604589326757821,0.836070610339021
impossible_travel,1,0.5146649962213978,0.7424454569306369
impossible_travel,1,0.5283604040757601,0.7734276844148884
impossible_travel,1,0.5451623044412878,0.6717699460257975
impossible_travel,1,0.5954495312189256,0.8843356082379767
impossible_travel,1,0.5229350337946611,0.7286688186161161
impossible_travel,1,0.5808012173727203,0.8400524172954338
impossible_travel,1,0.5920671153844879,0.7998856280608553
impossible_travel,1,0.48679330672655236,0.6434207188691249
impossible_travel,1,0.5257873302310201,0.6664722848218496
impossible_travel,1,0.5134978434982125,0.7828804502316091
impossible_travel,1,0.557232346539809,0.6114160049782785
impossible_travel,1,0.5843255262690578,0.8190442042286182
impossible_travel,1,0.4922503040516918,0.662070857311824
impossible_travel,1,0.5368887215340576,0.9046159465428486
impossible_travel,1,0.479302668253461,0.6092707068270323
impossible_travel,1,0.5857762299051766,0.8552659948199377
impossible_travel,1,0.5484799776605943,0.6531396336358564
impossible_travel,1,0.5925141525215712,0.7844917021910862
impossible_travel,1,0.507238654063361,0.8489312590978919
impossible_travel,1,0.5767964567554937,0.8335158566486516
impossible_travel,1,0.5610568968367114,0.7882008611360027
impossible_travel,1,0.6499144029331179,0.8688988263774974
impossible_travel,1,0.49548263439653806,0.7684107338400267
impossible_travel,1,0.5629902751506273,0.6809676561597853
impossible_travel,1,0.5662509349616542,0.7764886699932125
impossible_travel,1,0.596271187626053,0.75719171562569
impossible_travel,1,0.4915665116649177,0.6486185869577223
impossible_travel,1,0.5769052542727138,0.8302435675894966
impossible_travel,1,0.5775333756519624,0.7542378679741628
impossible_travel,1,0.5416124814627123,0.8121223174246418
impossible_travel,1,0.5484301702198403,0.6815582203880884
impossible_travel,1,0.6228155785899355,0.8503708720081209
impossible_travel,1,0.5011330905381272,0.7300149046383256
impossible_travel,1,0.6113682583807448,0.7627017998000356
impossible_travel,1,0.5568132955385917,0.7907904004960847
insider_replay,1,0.4262766304860203,0.015759163767697572
insider_replay,1,0.43378796511444156,0.22897922681368732
insider_replay,1,0.3543549985085083,0.10084095045837507
insider_replay,1,0.43636467433000453,0.06809413158934911
insider_replay,1,0.5137626390067362,0.3145134639982616
insider_replay,1,0.4432840533182514,0.159926567743645
insider_replay,1,0.3672794977132035,0.15312805978061098
insider_replay,1,0.5180704309402225,0.38616708307488384
insider_replay,1,0.4599515492015924,0.1884274871250368
insider_replay,1,0.462508101765605,0.3041465551541078
insider_replay,1,0.4256154381166573,0.08319771193894368
insider_replay,1,0.5165246545805052,0.33391931913514017
insider_replay,1,0.43899908236111773,0.13646277485517286
insider_replay,1,0.4537732272935252,0.31452245032883663
insider_replay,1,0.3922204386528143,0.293254538627934
insider_replay,1,0.39021241401854395,0.05794288946920996
insider_replay,1,0.45357309919358707,0.34840583496767974
insider_replay,1,0.44037006753532393,0.20007873519199473
insider_replay,1,0.4007969749020384,0.09935966849206457
insider_replay,1,0.4649912384367604,0.25159719909931255
insider_replay,1,0.4217533378063518,0.1605528178920205
insider_replay,1,0.37694970591399957,0.13518107396596105
insider_replay,1,0.4307639881354244,0.13166302989879491
insider_replay,1,0.5358217860802733,0.24742003158488082
insider_replay,1,0.5002468197456226,0.2952977936455032
insider_replay,1,0.3067728982435458,0.12245451438549929
insider_replay,1,0.5540615715536665,0.24472731388240462
insider_replay,1,0.5110504009369882,0.12279061009990233
insider_replay,1,0.4510964780679638,0.12008908613703682
insider_replay,1,0.47394012349092307,0.13378500556925285
insider_replay,1,0.4081075053610975,0.1679494053751828
insider_replay,1,0.40629212878692683,0.3904688744662048
insider_replay,1,0.38589311645350544,0.02841026860441409
insider_replay,1,0.49029748569214515,0.05403775390611676
insider_replay,1,0.466587560948556,0.17606447849741313
insider_replay,1,0.47823601251986625,0.2699042211367115
insider_replay,1,0.4192263854198807,0.25572258141065324
insider_replay,1,0.49112359814973694,0.2898454060441902
insider_replay,1,0.49178147813496037,0.34155146523469965
insider_replay,1,0.3903021662455722,0.2691103709662524
insider_replay,1,0.3810771260748804,0.046329146024664425
insider_replay,1,0.4208354841283115,0.10219974355178195
insider_replay,1,0.4625588394031174,0.3058598761498588
insider_replay,1,0.41546393796568615,0.35515336875488324
insider_replay,1,0.37579984928799137,0.12169040761637953
insider_replay,1,0.45352077165376,0.11346281908239293
insider_replay,1,0.5182653270366464,0.3609002923260207
insider_replay,1,0.4808480349390947,0.2966654954649066
insider_replay,1,0.39886078763408794,0.17697471435365375
insider_replay,1,0.35715157117008484,0.040259304356465145
insider_replay,1,0.5018033271918945,0.16192093641043478
insider_replay,1,0.5086508018174137,0.3952782401900531
insider_replay,1,0.4856757427523233,0.24531223322838064
insider_replay,1,0.4154613940286148,0.020235845605205905
insider_replay,1,0.3818009477203155,0.06099932641074775
insider_replay,1,0.4013375839667842,0.0948970710968423
insider_replay,1,0.4204541965499932,0.1516967649757598
insider_replay,1,0.3512233299570409,0.06530495572545685
insider_replay,1,0.36155332187449957,0.18131443558027238
insider_replay,1,0.4506671891352346,0.14457703589884716
insider_replay,1,0.45021860254496626,0.27469686850765335
insider_replay,1,0.37689559072519985,0.12095345871463002
insider_replay,1,0.41155505688545463,0.21620396127933478
insider_replay,1,0.44391205248743143,0.06230657009194012
insider_replay,1,0.47174878664267234,0.3810858305124513
insider_replay,1,0.4171036249255695,0.2753933110448944
insider_replay,1,0.4371427097457904,0.3991104174047261
insider_replay,1,0.47106543768683057,0.187345361764891
insider_replay,1,0.45620110622510035,0.17834682693453519
insider_replay,1,0.5093528259682363,0.22953216571293134
insider_replay,1,0.49107253250238203,0.3421687337270463
insider_replay,1,0.3750867044112372,0.06323019823418367
insider_replay,1,0.5156134838298672,0.29985738739394
insider_replay,1,0.42651390219383745,0.08001198720025467
insider_replay,1,0.47047242259992317,0.304593850348152
insider_replay,1,0.4815214256469227,0.18380735608822027
insider_replay,1,0.34455067194717565,0.03663533864185764
insider_replay,1,0.3892370804532049,0.2388381411775772
insider_replay,1,0.3780294041048427,0.05860059524919299
insider_replay,1,0.5654130812285294,0.35952229021184395
insider_replay,1,0.37637375887768204,0.15237902280920934
insider_replay,1,0.4572835844435516,0.15189614981213198
insider_replay,1,0.4274078161756308,0.17567078110899248
insider_replay,1,0.4382271915369458,0.301961779793547
insider_replay,1,0.38228746247796186,0.1193162262615358
insider_replay,1,0.37918775005341615,0.04754323228557955
insider_replay,1,0.39434773030575315,0.04298671355194324
insider_replay,1,0.4545596603625612,0.18696258007928948
insider_replay,1,0.47786241727239726,0.02117212439446439
insider_replay,1,0.38761074065233536,0.1520759448502722
insider_replay,1,0.48087259654722114,0.34310377373707546
insider_replay,1,0.4817185183208456,0.3086689889743508
insider_replay,1,0.4234680521898892,0.1426277049356254
insider_replay,1,0.47557276673665766,0.30372019384661386
insider_replay,1,0.5063742429122084,0.12254534699345437
insider_replay,1,0.42235161930681125,0.2838826650556207
insider_replay,1,0.4339856170454803,0.31233187200852686
insider_replay,1,0.4597786324260637,0.35757491751051546
insider_replay,1,0.3866423115038458,0.06242086779134866
insider_replay,1,0.4317214731569279,0.24363566952315385
insider_replay,1,0.3736010773394399,0.08189556220937565
insider_replay,1,0.3763868436086726,0.07573308288603604
insider_replay,1,0.4398033639428275,0.2743449603324645
insider_replay,1,0.38491104532638404,0.2082741404015462
insider_replay,1,0.3716298809023033,0.04595321326570567
insider_replay,1,0.5002135549219977,0.2625136170066416
insider_replay,1,0.4026212041563799,0.01512851323190989
insider_replay,1,0.5479944138063252,0.37243332376076527
insider_replay,1,0.5078433749603799,0.3752770084305448
insider_replay,1,0.5072143410791279,0.20667524417193592
insider_replay,1,0.3192815238531502,0.10681133573203577
insider_replay,1,0.42255617611607144,0.1775798700931112
insider_replay,1,0.3908835552830626,0.01596774323887953
insider_replay,1,0.47819311937351233,0.39410675363243675
insider_replay,1,0.3312614047845617,0.053140331668268107
insider_replay,1,0.44230040393553655,0.2661733153657777
insider_replay,1,0.40844860225902535,0.2555333183747461
insider_replay,1,0.5759267201475029,0.39914329811432314
insider_replay,1,0.4323740845645078,0.37048551793753925
insider_replay,1,0.35949209963634815,0.012869842376590102
insider_replay,1,0.49552660210224586,0.29282672402777776
insider_replay,1,0.5403896389531088,0.3972827051567377
insider_replay,1,0.467206126285925,0.16891252426887765
insider_replay,1,0.4843708121129959,0.30912646572081776
insider_replay,1,0.4820091575135786,0.3536684657325162
insider_replay,1,0.46266091473530613,0.12283683478982416
insider_replay,1,0.4214841113408364,0.1506576060627074
insider_replay,1,0.524631876780606,0.3933173686170641
insider_replay,1,0.3708925200467437,0.32874086128403585
insider_replay,1,0.4010159561021008,0.25576974201206043
insider_replay,1,0.4487549896588977,0.20753225091029517
insider_replay,1,0.40738204832666614,0.20971566260619168
insider_replay,1,0.42390573428331696,0.014138830617293064
insider_replay,1,0.44413000745478204,0.3064936451613864
insider_replay,1,0.5137801128397014,0.1447062027387454
insider_replay,1,0.49570107091422333,0.2212139916336036
insider_replay,1,0.4430824343542434,0.33098512807570857
insider_replay,1,0.4463657679795148,0.26109602538447735
insider_replay,1,0.3584111019841891,0.0409841180847165
insider_replay,1,0.3934664931199819,0.17952240107202944
insider_replay,1,0.37115967080846096,0.09183269602153987
insider_replay,1,0.3907396041838681,0.03722457697319115
insider_replay,1,0.40020834156432605,0.39490526556219874
insider_replay,1,0.4507554296981623,0.15887878816927717
insider_replay,1,0.48468536752164404,0.3436895446088073
insider_replay,1,0.3996322386204847,0.12025873394469287
insider_replay,1,0.47129267846478956,0.11572749503629574
insider_replay,1,0.49452028070315013,0.12611024423847225
insider_replay,1,0.37994350563960233,0.2300167124033081
insider_replay,1,0.4687015513147005,0.04869355059383982
insider_replay,1,0.5032191094260517,0.23509148126187865
insider_replay,1,0.3669084723394666,0.19127655267596097
insider_replay,1,0.44076440286831464,0.09177851863079778
insider_replay,1,0.4472957637304753,0.23012109687442203
insider_replay,1,0.4354794100351906,0.0641609315909836
insider_replay,1,0.37196976395578646,0.126921485101489
insider_replay,1,0.41528149310427487,0.09347747259483907
insider_replay,1,0.42705143694934466,0.37053386450101233
insider_replay,1,0.48679727908356724,0.374628766999161
insider_replay,1,0.42509743040811865,0.14807166338533673
insider_replay,1,0.3795538739903062,0.0029457740110068187
insider_replay,1,0.4579395200026073,0.26024399180979213
insider_replay,1,0.42168656113409186,0.021047690996402135
insider_replay,1,0.37806349428442965,0.03150269053820396
insider_replay,1,0.42871167496112805,0.3100088744605129
insider_replay,1,0.5146989266289018,0.16065045939804198
insider_replay,1,0.443095357717452,0.139048620844261
insider_replay,1,0.3980148034398287,0.24944326077189044
insider_replay,1,0.48374188098237375,0.33303562768099987
insider_replay,1,0.30523478415251465,0.06501130401254085
insider_replay,1,0.458598057643565,0.32425388403725425
insider_replay,1,0.43657543107617713,0.019167013122083756
insider_replay,1,0.43048588058089876,0.0009135509965209732
insider_replay,1,0.39602371092511873,0.07925401119340819
insider_replay,1,0.4475659174359956,0.32569342151583
insider_replay,1,0.5829707016706187,0.3998175774273995
insider_replay,1,0.5122712746727688,0.3743990183508986
insider_replay,1,0.452752263615873,0.03877013626172299
insider_replay,1,0.3838778941086707,0.08726720427336342
insider_replay,1,0.4046608063752132,0.08833230052152184
insider_replay,1,0.4406868616957522,0.3502771857002858
insider_replay,1,0.3967065991180309,0.027961006969539917
insider_replay,1,0.42019166001825464,0.14039169196673515
insider_replay,1,0.4240652339190837,0.3820914877809003
insider_replay,1,0.4009060545791164,0.07281085652713144
insider_replay,1,0.4518261731834518,0.11565366035971421
insider_replay,1,0.4012052916096502,0.008062094098050877
insider_replay,1,0.431584326172068,0.35681323166366496
insider_replay,1,0.44364341312562905,0.23918693461559407
insider_replay,1,0.523945883042441,0.3616251476347343
insider_replay,1,0.4214516167936753,0.13289073631256385
insider_replay,1,0.40654650607733783,0.04472163387546022
insider_replay,1,0.41730288251238445,0.3100116647127989
insider_replay,1,0.39193892967064,0.1742844051411686
insider_replay,1,0.42121609313480957,0.05982311738695043
insider_replay,1,0.42644734896150727,0.2911402158116185
insider_replay,1,0.36503078807525585,0.17718834811912665
insider_replay,1,0.49159487449967443,0.3362590790328257
insider_replay,1,0.42047486941044243,0.022402386230907557
insider_replay,1,0.3987313049895963,0.07330049903869336
insider_replay,1,0.37969103106815016,0.1209962540202818
insider_replay,1,0.4806647365204088,0.35274787214443093
insider_replay,1,0.5168025522760928,0.3631776159709901
insider_replay,1,0.5219763622201653,0.22618721380227355
insider_replay,1,0.4713763028351812,0.2526265246949728
insider_replay,1,0.4480058439999491,0.11194614069338416
insider_replay,1,0.46425061098992665,0.14775524141006674
insider_replay,1,0.38459739791983294,0.02488599117671746
insider_replay,1,0.43010989589925996,0.10016319058228446
insider_replay,1,0.4030335190294189,0.21370810887774075
insider_replay,1,0.47215546296811406,0.16936804870816813
insider_replay,1,0.4459213625830214,0.0876023412670703
insider_replay,1,0.39427449845533635,0.03293884265110303
insider_replay,1,0.4622827321782327,0.37980243826637156
insider_replay,1,0.5282631683432599,0.37442455847730993
insider_replay,1,0.451764412620866,0.25065835772951833
insider_replay,1,0.44332164950084785,0.3688915120418774
insider_replay,1,0.41378723616796087,0.11026822313245735
insider_replay,1,0.5338979573075773,0.3972288256936466
insider_replay,1,0.3936810063127246,0.058947197580886096
insider_replay,1,0.47612132776424576,0.3302322786076388
insider_replay,1,0.41022786911123144,0.13152746339481833
insider_replay,1,0.4460226549479128,0.2649850966960556
insider_replay,1,0.34162023645738765,0.010329085553828499
insider_replay,1,0.4341981667109772,0.010938549782946661
insider_replay,1,0.467935805090874,0.3173217263701219
insider_replay,1,0.4948921050566816,0.2736149331115936
insider_replay,1,0.43901880994731096,0.3342112793905948
insider_replay,1,0.4701005511045157,0.1949173513983709
insider_replay,1,0.4334375093354131,0.32974637548275026
insider_replay,1,0.3981866410182971,0.09431782916622451
insider_replay,1,0.4902666733709951,0.3108024553574152
insider_replay,1,0.3853402089717465,0.025945358971037537
insider_replay,1,0.4384461749393382,0.34800125303130386
insider_replay,1,0.4409692463456245,0.3470566727910681
insider_replay,1,0.4466790846744607,0.2395017062343392
insider_replay,1,0.4200256304986086,0.21450282521303318
insider_replay,1,0.4685615175743405,0.30723428992811597
insider_replay,1,0.46405520992576105,0.07728291892127333
insider_replay,1,0.4499717589139077,0.31023994489698126
insider_replay,1,0.5343366161135235,0.3045687654169973
insider_replay,1,0.5159223913063311,0.38321841783922705
insider_replay,1,0.4750368882611533,0.21956978955528467
insider_replay,1,0.41614077555838436,0.02303139264250982
insider_replay,1,0.4281463018293178,0.387754038348506
insider_replay,1,0.3873523096832256,0.050455270817238246
insider_replay,1,0.4405386887571458,0.11118640133415432
insider_replay,1,0.4832142245475068,0.19259594477965833
insider_replay,1,0.4469193829218503,0.2868525903247808
insider_replay,1,0.5185133739655623,0.31622203028056023
insider_replay,1,0.5275540233982576,0.25638822097720043
insider_replay,1,0.46896102166434755,0.21949028369950857
insider_replay,1,0.4600175335687928,0.3328889695313036
insider_replay,1,0.5058928826374224,0.39936097443912244
insider_replay,1,0.4021762937847869,0.2351966291250622
insider_replay,1,0.5008189039236972,0.3013000265474586
insider_replay,1,0.42259410326947316,0.28378340459610046
insider_replay,1,0.5133504412202752,0.38752897958051286
insider_replay,1,0.5177474473611737,0.36937304154591455
insider_replay,1,0.3982724816556401,0.08743112039263656
insider_replay,1,0.4030248353450957,0.2410764498793188
insider_replay,1,0.47584548506524094,0.3589095602135544
insider_replay,1,0.45982080981446666,0.3955588121182315
insider_replay,1,0.49445566393730145,0.2864026837908835
insider_replay,1,0.390897571533482,0.05613783216702926
insider_replay,1,0.4930610824544476,0.18715556119476706
insider_replay,1,0.5111239443388187,0.36853064984333234
insider_replay,1,0.42168037781802936,0.177222316965427
insider_replay,1,0.4459812227791817,0.19207337830524385
insider_replay,1,0.435238516935086,0.2412140749830134
insider_replay,1,0.4284393540375796,0.14565562585186256
insider_replay,1,0.32623502899218326,0.12987766850475824
insider_replay,1,0.510871943077029,0.26678148497800547
insider_replay,1,0.4726091383083807,0.2747114265860915
insider_replay,1,0.38758821765519696,0.1867414090822635
insider_replay,1,0.4849763803829419,0.09947566433441826
insider_replay,1,0.4352376978320903,0.2662139369932141
insider_replay,1,0.4585959144929318,0.19993172569193157
insider_replay,1,0.4108082981153216,0.17873354583147574
insider_replay,1,0.3228683291979396,0.13654148348283718
insider_replay,1,0.4890030210728132,0.09622649901835444
insider_replay,1,0.4208189097022854,0.07960414199822502
insider_replay,1,0.42682212437701195,0.018477183256416032
insider_replay,1,0.44277622391219296,0.06321840018828243
insider_replay,1,0.4970804988281943,0.3397490760135884
insider_replay,1,0.4749723843072187,0.397665523530211
insider_replay,1,0.4708721559726603,0.17392993881985241
insider_replay,1,0.4886052878561709,0.38989297546143104
insider_replay,1,0.6050603736316622,0.38588288708995816
insider_replay,1,0.33820320631821393,0.058380195901015286
insider_replay,1,0.4360580907231948,0.10846713781902824
insider_replay,1,0.4528948934634888,0.245281776877808
insider_replay,1,0.4750578412170182,0.33521763596479376
insider_replay,1,0.553392052164221,0.38351451314823365
insider_replay,1,0.4277602289341062,0.0754921491271559
insider_replay,1,0.4191074306495712,0.1599213080764056
insider_replay,1,0.4233646760405597,0.004709951791667022
insider_replay,1,0.3934094839043467,0.026605327443771688
insider_replay,1,0.507995312552108,0.3130088376124974
insider_replay,1,0.4723150808990623,0.2295733958137184
insider_replay,1,0.43024792651382926,0.22660939049764678
insider_replay,1,0.43987818136209633,0.2842050628951833
insider_replay,1,0.40898374823971595,0.2391525833995976
insider_replay,1,0.43923143655840347,0.197263015934695
insider_replay,1,0.46588964931738897,0.18002222188585534
insider_replay,1,0.4578087199104352,0.3090148616558999
insider_replay,1,0.40565566636629363,0.13830042913687965
insider_replay,1,0.4429419044203429,0.10358072313247471
insider_replay,1,0.37397925399219095,0.23642512749841413
insider_replay,1,0.41672097308417677,0.2173531869515669
insider_replay,1,0.45232299081316313,0.023230477593096977
insider_replay,1,0.44062684618478515,0.3624813157326908
insider_replay,1,0.4251875936603027,0.3056480101964234
insider_replay,1,0.4513323504065512,0.3570465824077869
insider_replay,1,0.48818724728976787,0.11759699336454954
insider_replay,1,0.46980435593616304,0.35591339665943567
insider_replay,1,0.4264410817238536,0.1283572708037728
insider_replay,1,0.5430367434065784,0.3777267474687782
insider_replay,1,0.3968776933964669,0.04228469825178727
insider_replay,1,0.3733223863754733,0.019250132796986997
insider_replay,1,0.42225078386648124,0.026249423389832584
insider_replay,1,0.4918635045388858,0.2481885591276378
insider_replay,1,0.4630575981894114,0.22096862381113308
insider_replay,1,0.37731677948027004,0.004736711936111782
insider_replay,1,0.4074618160519145,0.28691478516101565
insider_replay,1,0.36771645639400846,0.221786026426137
insider_replay,1,0.45706958301931555,0.2713368734332518
insider_replay,1,0.3762722065825666,0.022904348709700307
insider_replay,1,0.5107757799321215,0.2238831085228525
insider_replay,1,0.40231742796055164,0.28630836851937314
insider_replay,1,0.45945965340672834,0.1717290598389994
insider_replay,1,0.47779025683931436,0.2643185546470133
insider_replay,1,0.41053434710796377,0.04024374162335347
insider_replay,1,0.4425944160983692,0.01576129273718534
insider_replay,1,0.48930151721240345,0.3607639154906218
insider_replay,1,0.40635390512510405,0.0628590508104447
insider_replay,1,0.480476640021349,0.07710261609320655
insider_replay,1,0.5222964958775194,0.38571042192722294
insider_replay,1,0.4721867993300677,0.22094886412500625
insider_replay,1,0.37023752701643037,0.16813138595020027
insider_replay,1,0.530101591401476,0.28426706843679506
insider_replay,1,0.4301155132111503,0.14578295894435037
insider_replay,1,0.42160352426307346,0.2536861792706773
insider_replay,1,0.48049839304839326,0.38694652997667817
insider_replay,1,0.5360329322958901,0.35176921272489936
insider_replay,1,0.3490683158169883,0.13311092060625396
insider_replay,1,0.4905721863925644,0.3898836521749651
insider_replay,1,0.411327853486487,0.16633096937384645
insider_replay,1,0.3387197201460807,0.004645618384617745
insider_replay,1,0.45304424101937707,0.3317092966276714
insider_replay,1,0.3860705031582155,0.14167217336810642
insider_replay,1,0.3766145347641895,0.11815390439727991
insider_replay,1,0.484826963548193,0.18681423579417708
insider_replay,1,0.44024377425128325,0.05628465524711684
insider_replay,1,0.38454216008537534,0.07015375483117552
insider_replay,1,0.4484837265556109,0.10942980949108874
insider_replay,1,0.3854401005875945,0.1324344978575671
insider_replay,1,0.4005744985795129,0.19649116182255916
insider_replay,1,0.4975372017895904,0.3895560107021248
insider_replay,1,0.4067366005180996,0.1528284560399769
insider_replay,1,0.36992430153864064,0.1253414596253565
insider_replay,1,0.4057691005338789,0.21635691139430763
insider_replay,1,0.5187833392556157,0.39486887171597623
insider_replay,1,0.4821976658329612,0.1891758587932996
insider_replay,1,0.4955206327920314,0.3633859731299486
insider_replay,1,0.4306261301619793,0.25816491475629405
insider_replay,1,0.4200177430712058,0.11938464270761102
insider_replay,1,0.5320835908844068,0.24495113662430038
insider_replay,1,0.40485119310381573,0.15495261227192136
insider_replay,1,0.40010990430056054,0.0022369270209871674
insider_replay,1,0.3777620447692044,0.042648146080825816
insider_replay,1,0.4040421156513371,0.25794689891079026
insider_replay,1,0.455763003108376,0.26799123489960075
insider_replay,1,0.4504515587506771,0.33581466519319453
insider_replay,1,0.43762056522114856,0.020692745444753236
insider_replay,1,0.44657344529015647,0.09771785743121982
insider_replay,1,0.43926176051610855,0.27411323026481366
insider_replay,1,0.40223233329459845,0.33962318486971427
insider_replay,1,0.4598210435363904,0.24598079772207773
insider_replay,1,0.4121509863027672,0.22092792920554755
insider_replay,1,0.3597514487311829,0.09326583009743761
insider_replay,1,0.47443629021559597,0.26070550694044464
insider_replay,1,0.39611582067056417,0.1523798944279227
insider_replay,1,0.43648561282587117,0.28267044714389006
insider_replay,1,0.41935727884882146,0.13793532597189073
insider_replay,1,0.5159893595555112,0.37098220222410516
insider_replay,1,0.4866301311236507,0.22382638790762793
insider_replay,1,0.46780275417557093,0.34222735446836544
insider_replay,1,0.5750237626392309,0.36483300745151437
insider_replay,1,0.44706933798204296,0.19952704182924258
insider_replay,1,0.3957364457239898,0.06208821234749467
insider_replay,1,0.40764339022035073,0.13394550021109694
insider_replay,1,0.46495738538007875,0.1846097954266207
insider_replay,1,0.5472783733384687,0.2358791511454691
insider_replay,1,0.3946052135977681,0.10512601042302352
insider_replay,1,0.4311621617234775,0.20688364746668017
insider_replay,1,0.5077138094146088,0.3048729602607619
insider_replay,1,0.49585069878556215,0.34653781792266286
insider_replay,1,0.48846890336791343,0.27912747358586304
insider_replay,1,0.43985328682245284,0.21359974037498242
insider_replay,1,0.4138726673695283,0.13973451460823813
insider_replay,1,0.45746632645247426,0.12821287088384384
insider_replay,1,0.49408321405890115,0.2200008499382714
insider_replay,1,0.5236859092607614,0.2452749147958141
insider_replay,1,0.473509667400176,0.2238394211827048
insider_replay,1,0.5269612521780906,0.26529624807925667
insider_replay,1,0.45014757185110765,0.3479191015708846
insider_replay,1,0.456699390144159,0.16436293224836926
insider_replay,1,0.4394893862922758,0.13614546770579095
insider_replay,1,0.458805480881608,0.21864515947068225
insider_replay,1,0.42527852061528476,0.23847019259047944
insider_replay,1,0.5227414118120758,0.3497412723959641
insider_replay,1,0.42746986154851985,0.14557864312767244
insider_replay,1,0.5602815831744992,0.3391688293541175
insider_replay,1,0.4194467733814894,0.05696295687787694
insider_replay,1,0.4048730025210149,0.1501794092471454
insider_replay,1,0.4013088131366563,0.12880379739875744
insider_replay,1,0.34490213986687446,0.046767547200676066
insider_replay,1,0.45213432176856805,0.3353187166613225
insider_replay,1,0.4306606599206082,0.03253309830787101
insider_replay,1,0.4178944856445488,0.21439527783328025
insider_replay,1,0.4747586497445342,0.26136655187621155
insider_replay,1,0.46185570662104725,0.2200538075201954
insider_replay,1,0.2911473500875619,0.03746803117776625
insider_replay,1,0.46941214872483866,0.3397014669797841
insider_replay,1,0.49477849134736335,0.2744008917507338
insider_replay,1,0.4616636077990197,0.3976484865129255
insider_replay,1,0.5012421741018053,0.3624210078643929
insider_replay,1,0.38329970283812687,0.2589910981253213
insider_replay,1,0.38546452924920277,0.13774069676663214
insider_replay,1,0.31760081391109923,0.020935896970413117
insider_replay,1,0.4291139283150157,0.12343075611205308
insider_replay,1,0.42078201778833496,0.3570386587412261
insider_replay,1,0.3297392442870773,0.04398048040422591
insider_replay,1,0.5106043594712114,0.342569928513047
insider_replay,1,0.45159879073124587,0.049194294210632976
insider_replay,1,0.37487710474647756,0.17054962038581056
insider_replay,1,0.47733438569582815,0.20170591437559013
insider_replay,1,0.4417227137584731,0.25358278591476496
insider_replay,1,0.4214366934468249,0.1344561997136029
insider_replay,1,0.4079458125491815,0.06900524507449428
insider_replay,1,0.42518747966800974,0.26894358951672975
insider_replay,1,0.5064338772555135,0.3787159283726025
insider_replay,1,0.36230038830344663,0.023485025260165805
insider_replay,1,0.4941833523467577,0.3263979564961741
insider_replay,1,0.4966772140604613,0.2547705374367796
insider_replay,1,0.3580449736410457,0.21468223314049018
insider_replay,1,0.4784554120645314,0.17842950399190902
insider_replay,1,0.4075873741197128,0.30524001941611917
insider_replay,1,0.46568945156428626,0.277848217760223
insider_replay,1,0.4038914196559545,0.3642946735389442
insider_replay,1,0.4550631917589997,0.12150406551419768
insider_replay,1,0.48804608652364373,0.34230639483811803
insider_replay,1,0.44428423415104723,0.11002080037569938
insider_replay,1,0.47991877080990497,0.35113064987662557
insider_replay,1,0.4016801546772767,0.18355907048363138
insider_replay,1,0.4485911842238251,0.12813947299220338
insider_replay,1,0.4042794510894517,0.09208495147467213
insider_replay,1,0.3738560246346022,0.07610015624994962
insider_replay,1,0.42997954894927015,0.01848966071331821
insider_replay,1,0.5054900652323586,0.3466634667465763
insider_replay,1,0.434786554759446,0.006280755750700928
insider_replay,1,0.4397644168950339,0.16899194239048182
insider_replay,1,0.47237150485545976,0.21046122998279296
insider_replay,1,0.5516546699064158,0.34552506158859386
insider_replay,1,0.5324686877169743,0.3208558540890447
insider_replay,1,0.4480038324769417,0.2432034126347482
insider_replay,1,0.45215691496467403,0.10960477037387083
insider_replay,1,0.40938300912344333,0.20324032631993316
insider_replay,1,0.39793541598488047,0.07187240245882234
insider_replay,1,0.5119046067275643,0.3668136755992768
insider_replay,1,0.49254622462588554,0.11707539305956548
insider_replay,1,0.36198063274029174,0.005984108876380701
insider_replay,1,0.5014217371901218,0.3331474963521747
insider_replay,1,0.4648838636107417,0.1224950334459518
insider_replay,1,0.3618930084426526,0.18501254169838408
insider_replay,1,0.3998457031100394,0.19298208173325027
insider_replay,1,0.28653138042479387,0.020986432031571578
insider_replay,1,0.5240474949816109,0.3181802970032577
insider_replay,1,0.39756609168140966,0.10272448856254451
insider_replay,1,0.5311685269739757,0.32615218516101796
insider_replay,1,0.4333881738627997,0.11192012192734718
insider_replay,1,0.42621987462365446,0.14147564960758255
insider_replay,1,0.4191119336722291,0.15183499003876966
insider_replay,1,0.4153486823506754,0.21454653231367643
insider_replay,1,0.43914106927825985,0.3195410269683165
insider_replay,1,0.40418967008448636,0.04787522773269242
insider_replay,1,0.4840576138344479,0.28705461763821094
insider_replay,1,0.44326786887551795,0.19057851936688
insider_replay,1,0.37679978686247584,0.2679114340263315
insider_replay,1,0.5038798768773046,0.2335164701660352
insider_replay,1,0.5165290446470423,0.17616167529205648
insider_replay,1,0.39870037063488306,0.1385889327304755
insider_replay,1,0.39369408528458977,0.01701999572268389
insider_replay,1,0.48026927956723026,0.2831866024727555
insider_replay,1,0.43942053534828324,0.1081457905017425
insider_replay,1,0.42202197297307237,0.023267292564378473
insider_replay,1,0.38713478321593997,0.1089573195877704
insider_replay,1,0.3215301496503348,0.08472920550010575
insider_replay,1,0.5303462648214841,0.2833849225835821
insider_replay,1,0.45873137534545366,0.10957841352194704
insider_replay,1,0.4639286277545206,0.1856719299283232
insider_replay,1,0.3828808884911306,0.07727046568032253
insider_replay,1,0.387857186702374,0.17221627048681298
insider_replay,1,0.4046535514463529,0.10162308074384413
insider_replay,1,0.412638197105494,0.12526247760382456
insider_replay,1,0.4773565480747634,0.17827111526229042
insider_replay,1,0.3781726062291206,0.16063904648858462
insider_replay,1,0.4461536016322714,0.13778018800928768
insider_replay,1,0.4181439349051915,0.1505363314705094
insider_replay,1,0.5065020758226922,0.27916503677910526
insider_replay,1,0.41426167263827196,0.2634677384179503
insider_replay,1,0.401229086011189,0.1444789302076878
insider_replay,1,0.5509810416931628,0.3771918947291019
insider_replay,1,0.43748253010560945,0.2267276377556463
insider_replay,1,0.3622899591402905,0.1605718862906935
insider_replay,1,0.47536581077974516,0.3234336323320073
insider_replay,1,0.4744794746641914,0.20235831686696965
insider_replay,1,0.4150330968092765,0.17306353647399791
insider_replay,1,0.42505736389575544,0.31502360224535075
insider_replay,1,0.447802355133317,0.36616871468317536
insider_replay,1,0.44748857027802225,0.16505874722650377
insider_replay,1,0.41418168266743166,0.12129224239372159
insider_replay,1,0.5714552942017826,0.30776894445633296
insider_replay,1,0.5310341894407579,0.3439088943921003
insider_replay,1,0.42340193381875135,0.10713595335110813
insider_replay,1,0.4048613174838037,0.09638851402731655
insider_replay,1,0.44601426599901245,0.24964324823618403
insider_replay,1,0.46964771122140514,0.20304021596671562
insider_replay,1,0.4274194132597861,0.3110592785223647
insider_replay,1,0.5153617265650908,0.05435972469942683
insider_replay,1,0.46828023814877157,0.2077588875696087
insider_replay,1,0.5167219425910835,0.37328031215847146
insider_replay,1,0.45220310372013667,0.1138107074735275
insider_replay,1,0.49389825081237554,0.24230782016920843
insider_replay,1,0.3590349677148328,0.03572169836683616
insider_replay,1,0.3990450268917546,0.06802223531746021
insider_replay,1,0.33255522593327447,0.048181113926323474
insider_replay,1,0.4611837972988419,0.07492651680899774
insider_replay,1,0.45145855208281127,0.03369564407496735
insider_replay,1,0.46988924084575306,0.09875443238256945
insider_replay,1,0.42862253162292036,0.045689362664453094
insider_replay,1,0.4476913694267986,0.36598849135427
insider_replay,1,0.4347635570792194,0.2319472834357551
insider_replay,1,0.3372029855022085,0.0281537161879339
insider_replay,1,0.433685632559859,0.352899603090223
insider_replay,1,0.4842984460531097,0.25520818520315497
insider_replay,1,0.33538140978828507,0.020392574686757172
insider_replay,1,0.4507657359044343,0.2830638527932549
insider_replay,1,0.43992459705131715,0.019994942611635393
insider_replay,1,0.4931380538137294,0.30366678089562193
insider_replay,1,0.3646990718186623,0.1726816432598895
insider_replay,1,0.3766099200789014,0.07589254060480673
insider_replay,1,0.38105906318228927,0.026099555664029862
insider_replay,1,0.47716240907607205,0.31085658777737346
insider_replay,1,0.4014209951415597,0.007228637914562342
insider_replay,1,0.4391445387320569,0.13349366502690865
insider_replay,1,0.3427242083443739,0.16438865027156035
insider_replay,1,0.3747833606205681,0.18387677632950453
insider_replay,1,0.3712917417333243,0.07091740535848699
insider_replay,1,0.4769787001828088,0.22489674577762708
insider_replay,1,0.38669379455028735,0.3265733709354719
insider_replay,1,0.3578183054973467,0.027222240529199707
insider_replay,1,0.4957834816132482,0.2854888172088927
insider_replay,1,0.4280220197339245,0.06380567187082185
insider_replay,1,0.4278581047576126,0.16301785517091788
insider_replay,1,0.455489248405151,0.09070409426176505
insider_replay,1,0.4510309953841154,0.33512919856597206
insider_replay,1,0.44199076547637134,0.2968485818628305
insider_replay,1,0.4051419784333479,0.07397078666038563
insider_replay,1,0.42007022940653527,0.12251348942651706
insider_replay,1,0.45937616189544356,0.35272399039451985
insider_replay,1,0.3387337669088188,0.013978544483618061
insider_replay,1,0.454389253020134,0.05129275147084194
insider_replay,1,0.43314117912958505,0.19562103526522528
insider_replay,1,0.34124698988498936,0.10505461066838367
insider_replay,1,0.41356576767320974,0.15423846586986634
insider_replay,1,0.5280364477783797,0.16770100253049477
insider_replay,1,0.38150189030103676,0.18478370603944494
insider_replay,1,0.3866212076994688,0.12135759154492831
insider_replay,1,0.49440765502345835,0.3711339933256852
insider_replay,1,0.5184678152937543,0.2701842778689693
insider_replay,1,0.37401643120662803,0.1871609852021463
insider_replay,1,0.463194197683658,0.24065442436129045
insider_replay,1,0.39505820308499706,0.2163628596455935
insider_replay,1,0.3845191683462094,0.1505090668262501
insider_replay,1,0.41315952816015983,0.04493906989917993
insider_replay,1,0.48572975409443714,0.14481489077570964
insider_replay,1,0.3426274005864022,0.055953004020576375
insider_replay,1,0.4824405364121922,0.29139387500774777
insider_replay,1,0.4645872115852913,0.14630853650719647
insider_replay,1,0.497552018690578,0.30860943510432126
insider_replay,1,0.4477703673691742,0.19744302607548284
insider_replay,1,0.4292168364150973,0.3862480781042722
insider_replay,1,0.36583103322750066,0.12428881349082221
insider_replay,1,0.449768383204503,0.38235223497465065
insider_replay,1,0.4320328661178561,0.11556192542341917
insider_replay,1,0.45420856543497384,0.3405572224088135
insider_replay,1,0.49337710716382666,0.31939934378403
insider_replay,1,0.42943117804036146,0.08435643882252589
insider_replay,1,0.4715661957006267,0.38848917045093057
insider_replay,1,0.39319278598000446,0.27482520984515435
insider_replay,1,0.41074693269109047,0.266890351158167
insider_replay,1,0.36390324366812227,0.14858246923350601
insider_replay,1,0.48587113787117114,0.23494816609994254
insider_replay,1,0.4598856980381738,0.08735850351739952
insider_replay,1,0.5172011103548091,0.3206924154964413
insider_replay,1,0.4773129230863707,0.22380761055091797
insider_replay,1,0.3384194648119287,0.07880938943878131
insider_replay,1,0.4839077197489894,0.20217456054314883
insider_replay,1,0.5342855407901053,0.2992221377134203
insider_replay,1,0.5397973853670883,0.2714961388937375
insider_replay,1,0.4564932544350492,0.2810328847455467
insider_replay,1,0.49997432975550365,0.21573208980688585
insider_replay,1,0.3784205940435585,0.15526687281869675
insider_replay,1,0.3622367538129243,0.10864576578016494
insider_replay,1,0.33101992675779324,0.07070944039941
insider_replay,1,0.43448122509166354,0.20915765833958103
insider_replay,1,0.4035785678539781,0.18143521702515886
insider_replay,1,0.4669159919793141,0.08360011701287165
insider_replay,1,0.46553464508165016,0.34247561252538766
insider_replay,1,0.4330048695338095,0.19833923813043267
insider_replay,1,0.44796192721694206,0.29296249760074294
insider_replay,1,0.4883861224614303,0.18285279806097876
insider_replay,1,0.30371669233758464,0.05701882936205163
insider_replay,1,0.41417188603003197,0.19808271574831948
insider_replay,1,0.4773450299536789,0.14676029921308684
insider_replay,1,0.43301648025678924,0.24533341154988653
insider_replay,1,0.3953661970023018,0.14047237924756067
insider_replay,1,0.48114032013385466,0.31207818291321354
insider_replay,1,0.41772061300504726,0.14592178956570243
insider_replay,1,0.37360864482700384,0.23685753636607076
insider_replay,1,0.42141297270344574,0.06362346049221866
insider_replay,1,0.4289382379018465,0.03782644421248574
insider_replay,1,0.47557989593858246,0.283695784623376
insider_replay,1,0.5234040018828949,0.3737343022383009
insider_replay,1,0.42676533667350736,0.29535357736784107
insider_replay,1,0.47710720181359173,0.3940582647035544
insider_replay,1,0.5048643652927202,0.29294981137323817
insider_replay,1,0.5547931494500321,0.39405856666496913
insider_replay,1,0.34767661840299147,0.001762995799156908
insider_replay,1,0.5552964337743493,0.3261691108809065
insider_replay,1,0.4216268045270894,0.2224007048759451
insider_replay,1,0.42567049904404985,0.23180811729946835
insider_replay,1,0.46286783108301566,0.07702529509536299
insider_replay,1,0.39350307614641306,0.2078248908989933
insider_replay,1,0.41820177406513787,0.1079786248178094
insider_replay,1,0.4738216082006519,0.2752542480843653
insider_replay,1,0.47489829204877904,0.21883037567926236
insider_replay,1,0.44409622465580306,0.11532754827591392
insider_replay,1,0.5262006300111458,0.26332252142831986
insider_replay,1,0.45065543329693025,0.13963280730958078
insider_replay,1,0.3920103979093911,0.14771101604321088
insider_replay,1,0.40769614849529046,0.059881770304131714
insider_replay,1,0.4179394948249102,0.0957162855809612
insider_replay,1,0.43017306954347095,0.34425186450638035
insider_replay,1,0.4508932261713727,0.11445816360599914
insider_replay,1,0.3918710284925935,0.022737760788820352
insider_replay,1,0.43419557802724246,0.18529739929586256
insider_replay,1,0.5624813365099661,0.33573305357010663
insider_replay,1,0.44546930831748754,0.18637692438800527
insider_replay,1,0.46750398835550466,0.374281405763329
insider_replay,1,0.37383681516787703,0.14869842571623787
insider_replay,1,0.5109891433530998,0.31188254696106615
insider_replay,1,0.4717849277414237,0.23458062252789671
insider_replay,1,0.4110837018355224,0.11295864315014055
insider_replay,1,0.42126782129947443,0.27711101086270523
insider_replay,1,0.5535377357051953,0.32886853040085523
insider_replay,1,0.36998190149408267,0.05941704181984991
insider_replay,1,0.48244036727659567,0.1991792478083989
insider_replay,1,0.4147934425553494,0.17644197771047299
insider_replay,1,0.3479983626910311,0.06268183041002327
insider_replay,1,0.5249717070174378,0.2358392088178461
insider_replay,1,0.5388003743799447,0.39625832555051116
insider_replay,1,0.5117576437854906,0.28584219067611677
insider_replay,1,0.5386359247671202,0.3597826340924933
insider_replay,1,0.39095355143264604,0.19238283387852403
insider_replay,1,0.5338364781542533,0.3679671563269643
insider_replay,1,0.4662715692166615,0.1869725296410934
insider_replay,1,0.48804059724733156,0.33998519553633777
insider_replay,1,0.47401738093109214,0.30724037947918165
insider_replay,1,0.5298388311632669,0.23777736413469783
insider_replay,1,0.4052412958571749,0.00548386861146879
insider_replay,1,0.49546578706672023,0.22812196541668037
insider_replay,1,0.40546249551797686,0.20880530797485722
insider_replay,1,0.4157573519656247,0.26965269285447174
insider_replay,1,0.38377537536950146,0.11735529898763267
insider_replay,1,0.46164442664221644,0.2804290211914091
insider_replay,1,0.34034416268380746,0.04966798143948688
insider_replay,1,0.467968280460018,0.14579130714599997
insider_replay,1,0.3471496792936992,0.13829459457237545
insider_replay,1,0.4323251742495944,0.33944136267251146
insider_replay,1,0.48974738746634616,0.2852957805069557
insider_replay,1,0.3833754363579373,0.19901163112009013
insider_replay,1,0.47587348123900286,0.16340153279771405
insider_replay,1,0.4572415879643499,0.037184124219137485
insider_replay,1,0.5165368363359576,0.17215060103936058
insider_replay,1,0.4249475012802108,0.24585712343357813
insider_replay,1,0.4524146946454963,0.38385843133116015
insider_replay,1,0.3807836144269326,0.20782320788285566
insider_replay,1,0.37929179647082906,0.12669379322496513
insider_replay,1,0.4644096890785878,0.36989909888748207
insider_replay,1,0.42793070747451806,0.19012030332840216
insider_replay,1,0.42728720631372263,0.27873137882707844
insider_replay,1,0.4332796500276451,0.3192297375650915
insider_replay,1,0.3508256338359593,0.009571698301039211
insider_replay,1,0.44418919045149874,0.08212835912724376
insider_replay,1,0.4944456074424924,0.27830139302828205
insider_replay,1,0.4357745614643755,0.11700537392870132
insider_replay,1,0.41850107082692944,0.06837395442393039
insider_replay,1,0.5212933212789016,0.37732790208349754
insider_replay,1,0.41741793874496314,0.10909678430337495
insider_replay,1,0.515016728053341,0.20838010025557982
insider_replay,1,0.38051595244129854,0.057920224486834204
insider_replay,1,0.4084471911993809,0.023505439615546166
insider_replay,1,0.46962841896982666,0.3526644584575132
insider_replay,1,0.48768083175950555,0.3912180662425855
insider_replay,1,0.5889556293061802,0.3909383401453293
insider_replay,1,0.4576640743503761,0.25422419591088463
insider_replay,1,0.37301360894562186,0.05906039721393044
insider_replay,1,0.46896032190814835,0.21121048184190797
insider_replay,1,0.5154835190607054,0.39686225031371575
insider_replay,1,0.4260348170150734,0.05209632216354252
insider_replay,1,0.46876180528306466,0.38830834622003296
insider_replay,1,0.5587818454577355,0.3735502530458608
insider_replay,1,0.4186796337311061,0.15066988160768782
insider_replay,1,0.45245123455769,0.03833338840523273
insider_replay,1,0.4627191135818276,0.36554149666759633
insider_replay,1,0.41667796827863435,0.20492364524332465
insider_replay,1,0.4798051073004784,0.2565407528822555
insider_replay,1,0.37918406380365705,0.12787900046863573
insider_replay,1,0.5554878932277012,0.3696259166903324
insider_replay,1,0.3662780640628678,0.2996776969373418
insider_replay,1,0.44893816353269367,0.17171244772281488
insider_replay,1,0.4020293259448568,0.0016432021074510583
insider_replay,1,0.4259554886742385,0.22876319254765695
insider_replay,1,0.4910744890284421,0.27322728556069614
insider_replay,1,0.4376909866976619,0.021416255784407534
insider_replay,1,0.4402923190055022,0.30178323769680454
insider_replay,1,0.4268252299363204,0.31063369978396244
insider_replay,1,0.3720209651251973,0.03901157662786057
insider_replay,1,0.5149027830260009,0.3358950021745013
insider_replay,1,0.4002142188579847,0.1507730065449976
insider_replay,1,0.46458322167898264,0.25860171056579795
insider_replay,1,0.42339989284786494,0.2635403160954615
insider_replay,1,0.5217119017361459,0.13426220348615076
insider_replay,1,0.4113415643873718,0.38128845216875695
insider_replay,1,0.4391957633688342,0.24020546311523316
insider_replay,1,0.4856161470448996,0.14479304163235024
insider_replay,1,0.48996719249235243,0.37804654700015894
insider_replay,1,0.3249836340089201,0.1839936184542771
insider_replay,1,0.46767903179127357,0.28930652876023105
insider_replay,1,0.43583570602857863,0.38481700586804546
insider_replay,1,0.43708569095275934,0.09047622291674991
insider_replay,1,0.47524333498564364,0.2808424122491513
insider_replay,1,0.4494689565126266,0.14889623920788542
insider_replay,1,0.4617465724201177,0.3495577320024113
insider_replay,1,0.4685253613393656,0.28201625618660836
insider_replay,1,0.41784845569195994,0.11323551336555333
insider_replay,1,0.5652818191681508,0.33916519605570594
insider_replay,1,0.4915640589285433,0.39331797002511926
insider_replay,1,0.41062310699823223,0.182309909700784
insider_replay,1,0.31772756408531233,0.07048946103936259
insider_replay,1,0.5666787800658577,0.3138826555051122
insider_replay,1,0.4126992332530548,0.10638970149260879
insider_replay,1,0.35258755831598443,0.16719818979697532
insider_replay,1,0.5142995423347598,0.3379384376900639
insider_replay,1,0.5146442536425693,0.3740277300451915
insider_replay,1,0.4242335573181617,0.030433725448697758
insider_replay,1,0.4490262071153569,0.3135921276914055
insider_replay,1,0.5428577687003574,0.38828412501680726
insider_replay,1,0.3788622679975355,0.019297340804980447
insider_replay,1,0.3957632768767883,0.14493566036270453
insider_replay,1,0.4745863931706296,0.3718298768857613
insider_replay,1,0.42478339595378867,0.11199132684786828
insider_replay,1,0.5061874437734818,0.252619720484144
insider_replay,1,0.389870600016322,0.0044135220756323255
insider_replay,1,0.38626310369653244,0.07071797768792716
insider_replay,1,0.4814048586441544,0.259508984120563
insider_replay,1,0.4922910079787685,0.28667158303477336
insider_replay,1,0.4342909709107134,0.22373147730656973
insider_replay,1,0.48105894325504883,0.37026801560102407
insider_replay,1,0.524438128602241,0.10528495272811088
insider_replay,1,0.5004791824341726,0.11221243955938301
insider_replay,1,0.35010081461355436,0.02405365430251756
insider_replay,1,0.49523600189328126,0.27619492262456813
insider_replay,1,0.3672613537530225,0.22611047382497135
insider_replay,1,0.42629307797365096,0.047973978844929425
insider_replay,1,0.4216917116761735,0.11954719912802446
insider_replay,1,0.5002859403717295,0.15655959944492223
insider_replay,1,0.5350332225353902,0.3606462343199286
insider_replay,1,0.5297278828767107,0.3655524249284985
insider_replay,1,0.4071568810943293,0.005526623310806934
insider_replay,1,0.3647695620186094,0.04399899397692089
insider_replay,1,0.43745508535868105,0.22995379194385668
insider_replay,1,0.3859428574173088,0.15733901238073714
insider_replay,1,0.40874461157638664,0.12803317960997576
insider_replay,1,0.5317290822631999,0.39244271585818746
insider_replay,1,0.4195026558114065,0.11830534024505318
insider_replay,1,0.469765271295352,0.32727121548399235
insider_replay,1,0.3679303012717256,0.10417050212726955
insider_replay,1,0.56945654524056,0.31301182717674636
insider_replay,1,0.400974407227799,0.18159517915278403
insider_replay,1,0.4882742851492316,0.12599695387872498
insider_replay,1,0.5056806729967763,0.38081448369621285
insider_replay,1,0.3786297565934579,0.09774040633838643
insider_replay,1,0.4621708523051658,0.2634997476570419
insider_replay,1,0.4189003511216502,0.3174814186625947
insider_replay,1,0.43298649396537314,0.12216592853540634
insider_replay,1,0.40362537637563434,0.09375458015033074
insider_replay,1,0.4875172065046071,0.23294460027907116
insider_replay,1,0.39953049109010447,0.060051974284720804
insider_replay,1,0.3570182634665912,0.016596704315181166
insider_replay,1,0.5210660358468926,0.34385852308138365
insider_replay,1,0.33940388618122397,0.1104931514461328
insider_replay,1,0.4002322345911559,0.20561662873140524
insider_replay,1,0.5189716540977868,0.2283565775310967
insider_replay,1,0.4791815536789107,0.08594955055645151
insider_replay,1,0.5177578387976738,0.3823065693057832
insider_replay,1,0.4946792015245899,0.3855094357526226
insider_replay,1,0.3708451370072561,0.06626980097467282
insider_replay,1,0.49787212093879274,0.39286221141466915
insider_replay,1,0.4397665876189898,0.07173316102127113
insider_replay,1,0.43857434109636817,0.1580796231346301
insider_replay,1,0.4550842634190424,0.26259764255618306
insider_replay,1,0.5097563271491481,0.1392510839697457
insider_replay,1,0.39831516795815525,0.15891738155476576
insider_replay,1,0.4225253847021901,0.1551098425064401
insider_replay,1,0.4806555931316444,0.16042729228822103
insider_replay,1,0.43845238669352815,0.2188614132740253
insider_replay,1,0.48030203308336283,0.04351894786776796
insider_replay,1,0.44932817809660874,0.0765216524994043
insider_replay,1,0.41553732291339424,0.12455324233040957
insider_replay,1,0.3882313843959104,0.11856010285869392
insider_replay,1,0.367276556118757,0.06217669753081681
insider_replay,1,0.47590705366757663,0.065185978572228
insider_replay,1,0.4077038976496239,0.08099954649416055
insider_replay,1,0.468720717393088,0.24384703993875592
insider_replay,1,0.4656291347460381,0.3229848753774971
insider_replay,1,0.5233268882860276,0.3000545905433914
insider_replay,1,0.4689310963774261,0.34911791273103665
insider_replay,1,0.43197056690509367,0.2890885483494719
insider_replay,1,0.5108762715445084,0.35287147479684733
insider_replay,1,0.5345328526207989,0.36811387708757787
insider_replay,1,0.4200722671414378,0.09897915153339554
insider_replay,1,0.4274125765271926,0.25004987991852323
insider_replay,1,0.5378885703372734,0.2545542955141807
insider_replay,1,0.4384783885655781,0.20148508158472828
insider_replay,1,0.47153503682163667,0.051183682108245865
insider_replay,1,0.35141438734747654,0.013167375416488759
insider_replay,1,0.48014692498201966,0.0829605731376856
insider_replay,1,0.4692099733350671,0.3097029166524952
insider_replay,1,0.4055285886651542,0.10030262601430207
insider_replay,1,0.43829275712098675,0.2926392227875536
insider_replay,1,0.43276189230252393,0.01626009851832517
insider_replay,1,0.548433880088588,0.3227924605650987
insider_replay,1,0.4333610486311237,0.004324074829171876
insider_replay,1,0.40221349854458815,0.13443075914021568
insider_replay,1,0.44259153143081725,0.16186165645543218
insider_replay,1,0.4101887718164528,0.089101033795682
insider_replay,1,0.4789084834246072,0.3047329357260504
insider_replay,1,0.4193680954383258,0.23175251140785594
insider_replay,1,0.41883909379349965,0.15468665418817495
insider_replay,1,0.3864987457063499,0.08065712587126589
insider_replay,1,0.5670741584394163,0.3206486391288641
insider_replay,1,0.33269227799845585,0.22013214677806592
insider_replay,1,0.39830238260644707,0.0907119039880556
insider_replay,1,0.41215095638511035,0.0853811549972023
insider_replay,1,0.4515333688452526,0.17283333331029913
insider_replay,1,0.4850257933870102,0.1221980130728234
insider_replay,1,0.4019990976282053,0.3011891368950573
insider_replay,1,0.47645817719341876,0.26384373091803687
insider_replay,1,0.34705907298096517,0.20185637123564415
insider_replay,1,0.41242502875900355,0.31385999613791293
insider_replay,1,0.4190953940178855,0.15287824970713382
insider_replay,1,0.41412276747519294,0.2970297124783136
insider_replay,1,0.4943227498845074,0.28372975591304705
insider_replay,1,0.3797343173328817,0.20182465493649604
insider_replay,1,0.442993606433313,0.07737711853935654
insider_replay,1,0.5017587814542122,0.12360343036527036
insider_replay,1,0.529073979062706,0.3512050589729583
insider_replay,1,0.4404481839084605,0.0008238060234194933
insider_replay,1,0.46832183860010584,0.36070773968470715
insider_replay,1,0.47880975978913287,0.1715020616412382
insider_replay,1,0.48802024280540185,0.1825050103292387
insider_replay,1,0.5042753573339857,0.25344172754470634
insider_replay,1,0.5244893699497224,0.25116148418515466
insider_replay,1,0.38228607215232596,0.23857897171244602
insider_replay,1,0.3923652569290184,0.21988360316508634
insider_replay,1,0.395760941985414,0.18882259576784285
insider_replay,1,0.5748708920600634,0.34297631924671745
insider_replay,1,0.4881155100051409,0.3558758933909426
insider_replay,1,0.5001812116121689,0.25527037214873594
insider_replay,1,0.46858916431611025,0.19857406807699754
insider_replay,1,0.464203118315011,0.1935680180631858
insider_replay,1,0.3965903542232571,0.26747093292282953
insider_replay,1,0.5002114777257738,0.3577969492923942
insider_replay,1,0.44145421156496717,0.29041343778843925
insider_replay,1,0.5055889459401273,0.38613328845134154
insider_replay,1,0.4475537914926587,0.2936115715531179
insider_replay,1,0.39275709408587445,0.010132930485124182
insider_replay,1,0.46759835272725614,0.3684026852110482
insider_replay,1,0.48902146332051044,0.27107968959892537
insider_replay,1,0.4245341885577105,0.025226260114085842
insider_replay,1,0.41135885557028157,0.10355958344912959
insider_replay,1,0.45872522772133795,0.26255061032410876
insider_replay,1,0.3925855983272242,0.04138701380014731
insider_replay,1,0.3496757511629441,0.049089944517633245
insider_replay,1,0.4811936876919171,0.38743678249096314
insider_replay,1,0.4807489315776479,0.1703386622511924
insider_replay,1,0.49392454782257694,0.2906395244764046
insider_replay,1,0.3919302792601981,0.22507587218442443
insider_replay,1,0.5195485070393948,0.28089245399564844
insider_replay,1,0.4670021216121302,0.30710683672043926
insider_replay,1,0.34255920468117124,0.003810552880168361
insider_replay,1,0.48164793470467193,0.3047746337602285
insider_replay,1,0.4420901666582962,0.239900053021282
insider_replay,1,0.38256631783813194,0.01961404574618726
insider_replay,1,0.4070979980428633,0.08456795976934589
insider_replay,1,0.5393914832590867,0.275809555195857
insider_replay,1,0.4812341991615985,0.3824130678729874
insider_replay,1,0.3959471297711791,0.014437757807838425
insider_replay,1,0.38647918391446445,0.05494562623668808
insider_replay,1,0.4969925138697381,0.21247892748465258
insider_replay,1,0.36010804108584515,0.0010873491055205075
insider_replay,1,0.4030523710276053,0.18761998280619638
insider_replay,1,0.4414797655176433,0.3202473377187
insider_replay,1,0.5231229521478604,0.24112614479348882
insider_replay,1,0.36296079803949577,0.048941315531745036
insider_replay,1,0.4371168839688164,0.3441675283489319
insider_replay,1,0.45636376396311934,0.20542712993850454
insider_replay,1,0.3943943096799828,0.08622327667618168
insider_replay,1,0.3945542875589566,0.17583357902785532
insider_replay,1,0.3462900179399576,0.066916756530483
insider_replay,1,0.3974276000851792,0.17675484576730272
insider_replay,1,0.454317073333383,0.1075514883404623
insider_replay,1,0.428069550461358,0.1037492635747705
insider_replay,1,0.5388401752190126,0.39547332872836627
insider_replay,1,0.3914219275936883,0.0587037708987495
insider_replay,1,0.34595179155079836,0.1974226558585108
insider_replay,1,0.45645490154751295,0.3201156594279573
insider_replay,1,0.5065083240366407,0.28849314823446204
insider_replay,1,0.4773093710946006,0.3990958727127628
insider_replay,1,0.4598275692823273,0.17296494007530835
insider_replay,1,0.3943461755855414,0.23183859672026097
insider_replay,1,0.41866183552817016,0.03575078209882312
insider_replay,1,0.32674376757796075,0.04399060615811377
insider_replay,1,0.500705515797984,0.3774577300484971
insider_replay,1,0.5067437743267365,0.3335121535359143
insider_replay,1,0.37628348859761307,0.02899099235208138
insider_replay,1,0.4180993688959941,0.04897595924079288
insider_replay,1,0.4810362678091717,0.061233676089576375
insider_replay,1,0.4318531601271799,0.10997595054617873
insider_replay,1,0.5655368937542258,0.3245856991763059
insider_replay,1,0.49832293006040496,0.3518417051626872
insider_replay,1,0.4684587943537518,0.21712122976236117
insider_replay,1,0.5662337824091468,0.3240025646876733
insider_replay,1,0.4785467773518454,0.33031519440295676
insider_replay,1,0.507868794803035,0.3598313069586172
insider_replay,1,0.4768104922047999,0.342132338235434
insider_replay,1,0.5535814976630093,0.3556616937864922
insider_replay,1,0.43877177504831844,0.19423669225157414
insider_replay,1,0.41499543787301735,0.061702994822172036
insider_replay,1,0.45320550089027783,0.13175273952848174
insider_replay,1,0.4557348440830594,0.01248803273335546
insider_replay,1,0.5031827069863546,0.39094865463899375
insider_replay,1,0.47518378945352613,0.1574650242015525
insider_replay,1,0.37393669532273094,0.015313582365415713
insider_replay,1,0.42364867193010647,0.1922975964137201
insider_replay,1,0.37292806402734313,0.022951921132667998
insider_replay,1,0.4045695935177264,0.29910583129766133
insider_replay,1,0.4387449519090765,0.0681533329171895
insider_replay,1,0.51970206335612,0.27417381014436465
insider_replay,1,0.5252084569430111,0.3644246307629131
insider_replay,1,0.43577587484154884,0.22672581160377847
insider_replay,1,0.4585626275255752,0.2905549925318195
insider_replay,1,0.48974732758416456,0.20300070795487368
insider_replay,1,0.4850292996035145,0.3971464526049865
insider_replay,1,0.35734788721335375,0.1158366154747796
insider_replay,1,0.3562762745123303,0.17684651699552234
insider_replay,1,0.4247689639069613,0.15320528387562318
insider_replay,1,0.4435687347941204,0.22594539582707546
insider_replay,1,0.40135165120132904,0.13686291915681448
insider_replay,1,0.4647654066648959,0.012045532568388452
insider_replay,1,0.3951038710436991,0.1458388824219608
insider_replay,1,0.42835453922219036,0.12437925539768419
insider_replay,1,0.5016019776581442,0.0792410917945805
insider_replay,1,0.3716401721099001,0.15192329621754028
insider_replay,1,0.4467826192092233,0.11522716921189442
insider_replay,1,0.49012777165165555,0.2509575874441975
insider_replay,1,0.4037161513373488,0.2949190018900727
insider_replay,1,0.3942330850252042,0.09326952146454902
insider_replay,1,0.40053748059228417,0.14302659257365172
insider_replay,1,0.44591988358804685,0.03529888374139239
insider_replay,1,0.49688096877360766,0.3745970823620153
insider_replay,1,0.3351840307448724,0.26953107700285306
insider_replay,1,0.44886825614315995,0.23018527037857722
insider_replay,1,0.36417612837646074,0.08913271707048756
insider_replay,1,0.46095089623530155,0.3215715395406109
insider_replay,1,0.41730367845645844,0.2865682919144509
insider_replay,1,0.4964549967850862,0.18511732303152192
insider_replay,1,0.4814624050561711,0.32096783739386114
insider_replay,1,0.46603281863432766,0.29897849462950193
insider_replay,1,0.5149970124787252,0.33553029022136616
insider_replay,1,0.4786716223577263,0.2992505971089016
insider_replay,1,0.387043519531709,0.055882629648493956
insider_replay,1,0.5211448426499441,0.3565430091374502
insider_replay,1,0.4842462122586646,0.20468865035614903
insider_replay,1,0.3962224215647538,0.2344694472068067
insider_replay,1,0.457348006258771,0.17843357240382748
insider_replay,1,0.4902238519212045,0.3780823611753038
insider_replay,1,0.4624604974049401,0.18824921552269525
insider_replay,1,0.45946741179504036,0.2884173978206141
insider_replay,1,0.5189882914984156,0.3170355843468133
insider_replay,1,0.4128827086491932,0.1758153328172447
insider_replay,1,0.31875479119234257,0.1188012933694989
insider_replay,1,0.4991381307631234,0.23512448238329872
insider_replay,1,0.4191407372340517,0.15615019658772483
insider_replay,1,0.47467561646375134,0.16179659979597388
insider_replay,1,0.46723519359095933,0.18094442339831313
insider_replay,1,0.42022372202813496,0.014059797550830888
insider_replay,1,0.47189662395376886,0.19383528138230607
insider_replay,1,0.4223152569437339,0.15295199235383514
insider_replay,1,0.5355336084603162,0.37918018767935024
insider_replay,1,0.44048619178471854,0.24488092100452988
insider_replay,1,0.37977616609570475,0.14388939235709
insider_replay,1,0.4659904574057528,0.35722889998769985
insider_replay,1,0.5183567194283436,0.21779432460838177
insider_replay,1,0.4782510001449322,0.24753697806804162
insider_replay,1,0.40128054205439523,0.25080894502902734
insider_replay,1,0.3978461729233105,0.04021173510088452
insider_replay,1,0.5050837645659825,0.37804420196823335
insider_replay,1,0.4522828362116353,0.04459779747721058
insider_replay,1,0.4396151216928998,0.26103923176677285
insider_replay,1,0.5435182659534721,0.39646669380777805
insider_replay,1,0.5285499117275099,0.2901948134127257
insider_replay,1,0.49222979692960483,0.18958013288594533
insider_replay,1,0.45663866344525217,0.2690047861338705
insider_replay,1,0.5598767899048959,0.31828935974225153
insider_replay,1,0.5288827428388544,0.28485451400756395
insider_replay,1,0.3988430245346617,0.18703303375240055
insider_replay,1,0.42683072483003137,0.11715256359628752
insider_replay,1,0.4059798058268298,0.06317806239127198
insider_replay,1,0.5321389723867297,0.3985313203371831
insider_replay,1,0.3361500616231845,0.08497148561949822
insider_replay,1,0.4311020858939398,0.19545345972829928
insider_replay,1,0.3919539693906585,0.09527506295217836
insider_replay,1,0.409978305119622,0.1366152631707309
insider_replay,1,0.3607147960751511,0.12803427186202715
insider_replay,1,0.4065882218005901,0.10383622814576979
insider_replay,1,0.47380086858756354,0.32213626250168864
insider_replay,1,0.404082143548949,0.000982594151789673
insider_replay,1,0.3925949280403237,0.13386717053411892
insider_replay,1,0.432701342442637,0.24707257300082272
insider_replay,1,0.5120605846963924,0.3546660945069097
insider_replay,1,0.5076408156512857,0.1399694722001589
insider_replay,1,0.3705047980172163,0.02707499635844357
insider_replay,1,0.5534882410674289,0.3824813656924489
insider_replay,1,0.42720775636691527,0.25920306600246396
insider_replay,1,0.43655059060976165,0.15446140651288878
insider_replay,1,0.49774917276294217,0.26533547758824905
insider_replay,1,0.38891421729389947,0.32026229425818814
insider_replay,1,0.44019143407532135,0.18705421651097764
insider_replay,1,0.4787041870307693,0.39740604069359686
insider_replay,1,0.33573113252440534,0.0018347132809387824
insider_replay,1,0.48809476535634755,0.3351232399296422
insider_replay,1,0.5057600065654753,0.18918426493370002
insider_replay,1,0.4588640873460978,0.2811117324345764
insider_replay,1,0.4288000968031082,0.3182130833083594
insider_replay,1,0.4141825455930961,0.1507877702161216
insider_replay,1,0.4651059567789533,0.22358171092730939
insider_replay,1,0.4300574301113117,0.2338529247519604
insider_replay,1,0.3750426839557049,0.042945200777695994
insider_replay,1,0.37978577130992613,0.1407963072456412
insider_replay,1,0.4183568372501766,0.04514374762785898
insider_replay,1,0.41757327067014893,0.32798578082765756
insider_replay,1,0.5284094230901573,0.3599815535948533
insider_replay,1,0.41582995622375096,0.0789186010006031
insider_replay,1,0.46576820875176983,0.358966581848662
insider_replay,1,0.4150572859448512,0.2431923034043606
insider_replay,1,0.4689930512883737,0.011267937620639136
insider_replay,1,0.4732371013005597,0.1930781074901432
insider_replay,1,0.4754281358753671,0.3903764903292338
insider_replay,1,0.4309368122326271,0.33508088092366284
insider_replay,1,0.3263801999642837,0.11845228177388654
insider_replay,1,0.4266892067061787,0.22932403453918904
insider_replay,1,0.4004503439273868,0.12851779765254245
insider_replay,1,0.40372022190507545,0.015036986895067895
insider_replay,1,0.42826526252976127,0.1428383845623083
insider_replay,1,0.49418636444204334,0.3763267030535831
insider_replay,1,0.49471088629743926,0.15103716603083336
insider_replay,1,0.5288631191850479,0.32927876772061293
insider_replay,1,0.4401796373176938,0.16440056239671186
insider_replay,1,0.5423549499593481,0.36235491231544786
insider_replay,1,0.28266324322550307,0.04907082766594071
insider_replay,1,0.3740730444488201,0.06626024029235737
insider_replay,1,0.4097968877622808,0.16324759969375144
insider_replay,1,0.44652998714435943,0.271801514632856
insider_replay,1,0.4679425620451322,0.31744617267199415
insider_replay,1,0.5023378465490634,0.27657826116021444
insider_replay,1,0.4240789276618272,0.21244022068024548
insider_replay,1,0.458537773387664,0.22108566398793347
insider_replay,1,0.45236492024564373,0.17915155950588202
insider_replay,1,0.4070395542309518,0.31225950446597706
insider_replay,1,0.4935657145363021,0.2690188687644994
insider_replay,1,0.5651999267599257,0.28997372293376605
insider_replay,1,0.40079363775574395,0.14353429124048778
insider_replay,1,0.4793524299350032,0.26309231058891613
insider_replay,1,0.45000754687112704,0.32327294893153447
insider_replay,1,0.4708167358447988,0.23708370276632298
insider_replay,1,0.3804959486675757,0.1486479335426724
insider_replay,1,0.44981989712333165,0.20758059409689872
insider_replay,1,0.47555692902362257,0.04408075195975556
insider_replay,1,0.4606916070432413,0.05679827279038499
insider_replay,1,0.4589562226150274,0.33938607166506424
insider_replay,1,0.39363673486911754,0.07959007011177875
insider_replay,1,0.4656778209020485,0.3750756736866612
insider_replay,1,0.47724563776777695,0.30283950196374243
insider_replay,1,0.5328915948190188,0.2694612128748229
insider_replay,1,0.3960726302624066,0.09720800022216132
insider_replay,1,0.5318895851751013,0.34030670324711054
insider_replay,1,0.46359695327212347,0.38643366823020736
insider_replay,1,0.39685608575089737,0.098840069987568
insider_replay,1,0.49384235403782234,0.2616382381657098
insider_replay,1,0.37751453773202964,0.06414651377081615
insider_replay,1,0.38566389592316086,0.03470727421640394
insider_replay,1,0.43432451153583473,0.20949551926148358
insider_replay,1,0.4107340762675155,0.021705634706419775
insider_replay,1,0.44421158072940053,0.11722477793797706
insider_replay,1,0.40601525948491196,0.01446199523716496
insider_replay,1,0.40807715232748426,0.2934511768172303
insider_replay,1,0.4496359784098607,0.39458453059529486
insider_replay,1,0.5075154658412359,0.18101542854071542
insider_replay,1,0.4251148151621437,0.11267887494989114
insider_replay,1,0.43928164357949095,0.11959998156767862
insider_replay,1,0.5312175664046724,0.2842355880253116
insider_replay,1,0.400401482969514,0.1662004353816701
insider_replay,1,0.3913636470335387,0.2723604191600302
insider_replay,1,0.5356353201152801,0.35267244926598545
insider_replay,1,0.31485598097625367,0.09855579886228716
insider_replay,1,0.3630385486464824,0.04252870875535737
insider_replay,1,0.44248767304086867,0.1461079613935907
insider_replay,1,0.44888490508321593,0.08527371976146202
insider_replay,1,0.3840895298705993,0.027918955070452035
insider_replay,1,0.3406007314512002,0.06794997375301791
insider_replay,1,0.4723093328025891,0.37176774837788384
insider_replay,1,0.3951735393690522,0.09363548692336737
insider_replay,1,0.4747167372109027,0.30563142326752984
insider_replay,1,0.41038978714943375,0.06706614378320674
insider_replay,1,0.5272624584276754,0.36267262360701435
insider_replay,1,0.42092219482257187,0.13658328588190485
insider_replay,1,0.49721911270179525,0.35760368885813304
insider_replay,1,0.5173516255488517,0.350657715238428
insider_replay,1,0.44149362916851936,0.021769410190429418
insider_replay,1,0.3769429829364885,0.016503920423770337
insider_replay,1,0.4714732358678117,0.39022994148120493
insider_replay,1,0.38090591156028664,0.1720067942106955
insider_replay,1,0.4355825933919373,0.15679842648819436
insider_replay,1,0.4801130606164307,0.23095225282728166
insider_replay,1,0.4346774775930188,0.012154644415783978
insider_replay,1,0.5242272887413861,0.3037485292303118
insider_replay,1,0.47032441458965524,0.31554712563238774
insider_replay,1,0.4384760992673598,0.1297410189864607
insider_replay,1,0.48916393463346247,0.34558448146436294
insider_replay,1,0.4633908821927557,0.25509699195779156
insider_replay,1,0.44599296122756626,0.1561894418189687
insider_replay,1,0.445380382846474,0.12103669742702779
insider_replay,1,0.4312738788080679,0.03657781395540312
insider_replay,1,0.469925335905254,0.3340617820353435
insider_replay,1,0.4397614073142314,0.15431491997133404
insider_replay,1,0.42750683918356736,0.24692727774635892
insider_replay,1,0.5700739078984479,0.25348426247808303
insider_replay,1,0.5039544660687204,0.2842279190098509
insider_replay,1,0.3237501945236448,0.0068243067307092176
insider_replay,1,0.4930762009561772,0.3360261867695186
insider_replay,1,0.4063846175570186,0.23736088297136498
insider_replay,1,0.40308360925866465,0.1953425059450906
insider_replay,1,0.3989340822683062,0.03525429108077787
insider_replay,1,0.3553805518445776,0.12790417727212527
insider_replay,1,0.5074528804345978,0.3305615526844685
insider_replay,1,0.48265004083312874,0.19193094809262085
insider_replay,1,0.4270426414573285,0.15996499975715617
insider_replay,1,0.46278918644689604,0.1347808525818829
insider_replay,1,0.4765274219546749,0.07966583469093616
insider_replay,1,0.36266505400527593,0.15976470973029563
insider_replay,1,0.4044454154271243,0.17413627349803906
insider_replay,1,0.593812223839387,0.37780826097827946
insider_replay,1,0.5616623921953475,0.24797760521310375
insider_replay,1,0.5255297278080615,0.33894402268588364
insider_replay,1,0.5033086223400155,0.3144260147274635
insider_replay,1,0.4161330894864506,0.03845276253228409
insider_replay,1,0.433035263800242,0.1925477779615896
insider_replay,1,0.4710345972017669,0.20487033401691312
insider_replay,1,0.45117617181509917,0.2737451385178055
insider_replay,1,0.4347804870024194,0.08483921889014492
insider_replay,1,0.4774011209749052,0.3940951805169719
insider_replay,1,0.4349196346807838,0.08897574821504413
insider_replay,1,0.5292968220789228,0.31386743565058206
insider_replay,1,0.4860664927302161,0.32873953661596705
insider_replay,1,0.4694734326633029,0.1325666359631338
insider_replay,1,0.33241974410042086,0.0033106757603344585
insider_replay,1,0.4055366770844183,0.0589943524651301
insider_replay,1,0.4670715647830552,0.09586973040264724
insider_replay,1,0.2982927434821443,0.016791547109883266
insider_replay,1,0.41705892076815104,0.2024313173186525
insider_replay,1,0.36282405474750123,0.09095970685020333
insider_replay,1,0.42961061006741025,0.18765995796236823
insider_replay,1,0.3422037927927215,0.054988363009463775
insider_replay,1,0.536362623905825,0.3735199885095144
insider_replay,1,0.3970541123774252,0.16253064837017744
insider_replay,1,0.49152731993663185,0.3860677478947079
insider_replay,1,0.4511941474311873,0.07896032190634031
insider_replay,1,0.3923525190378581,0.15738966692066414
insider_replay,1,0.37676753975369215,0.15767659089859506
insider_replay,1,0.4475639653817375,0.21655100397234592
insider_replay,1,0.43624846311876075,0.28622989198307963
insider_replay,1,0.5261852681304717,0.384770821287773
insider_replay,1,0.45194197479707576,0.34142153752703647
insider_replay,1,0.4389454484607435,0.15378778711135146
insider_replay,1,0.412669594657778,0.01292234446258278
insider_replay,1,0.4982987117237208,0.3452959587925938
insider_replay,1,0.38688201991691634,0.2524443004664551
insider_replay,1,0.4096333788026522,0.09534786584085664
insider_replay,1,0.5008407201209976,0.3452313655178057
insider_replay,1,0.32807532226191266,0.047591990626693594
insider_replay,1,0.5126213201319323,0.3228241068815454
insider_replay,1,0.40552160811958404,0.07635119529869239
insider_replay,1,0.45147263492057177,0.3152804094292386
insider_replay,1,0.4872878277871695,0.11320420500433222
insider_replay,1,0.4164787055857482,0.03568449348191023
insider_replay,1,0.5334782577479883,0.28138009763754973
insider_replay,1,0.46613050977097836,0.2767587225091996
insider_replay,1,0.337032747755894,0.0464088033564138
insider_replay,1,0.5288264610155116,0.3849439889671325
insider_replay,1,0.4931132670417604,0.33108506330536813
insider_replay,1,0.3614733013888924,0.1485684281371693
insider_replay,1,0.4352739423553451,0.09902801930267091
insider_replay,1,0.44567774977265195,0.24830444875201574
insider_replay,1,0.41426920483492274,0.15070282383869024
insider_replay,1,0.41327941896966247,0.11765078456692
insider_replay,1,0.4770464292906628,0.255662982421808
insider_replay,1,0.49934308083082474,0.3268737806643544
insider_replay,1,0.555491653597238,0.3832898899021426
insider_replay,1,0.5083168589751118,0.3321996867561018
insider_replay,1,0.41055235310670646,0.029336499555461026
insider_replay,1,0.4123096185778742,0.11045469524225915
insider_replay,1,0.48793556014082606,0.22759553943517496
insider_replay,1,0.45834338929341134,0.17985035481255315
insider_replay,1,0.4424936128642443,0.22718727370717678
insider_replay,1,0.42439262561988483,0.07063121283639871
insider_replay,1,0.4645013431399836,0.22293297575555707
insider_replay,1,0.45114563066703467,0.15310058679779523
insider_replay,1,0.4433785114114076,0.10631974319094128
insider_replay,1,0.400238074056541,0.27512632202255416
insider_replay,1,0.501144609392129,0.20696692400388336
insider_replay,1,0.5091140357991387,0.37410099974852795
insider_replay,1,0.5020174642302561,0.35106815007483716
insider_replay,1,0.3713405604108153,0.21978628597574323
insider_replay,1,0.3504130528165362,0.21428124649703723
insider_replay,1,0.424141026057883,0.2556547491690684
insider_replay,1,0.4429858689612439,0.14480825069797096
insider_replay,1,0.3590523346372676,0.008795184298881065
insider_replay,1,0.5156748516225067,0.2907806152478041
insider_replay,1,0.46488883829622324,0.12599656396669387
insider_replay,1,0.42532306960098104,0.009797062204761798
insider_replay,1,0.4620219332522255,0.31776880059841084
insider_replay,1,0.41804583633701436,0.10306516079415617
insider_replay,1,0.43430053758385445,0.23806823010078057
insider_replay,1,0.43610953274546327,0.1584616016831491
insider_replay,1,0.5133122447231561,0.33524495883531613
insider_replay,1,0.43793730968083705,0.2664130484518712
insider_replay,1,0.362044037658889,0.044922037093670444
insider_replay,1,0.5288795901920823,0.2840906930508203
insider_replay,1,0.4237609228639107,0.004104317061636431
insider_replay,1,0.5166058270965033,0.34663193028394856
insider_replay,1,0.44994876840473874,0.07146712096441958
insider_replay,1,0.43176624741891345,0.3840929692326389
insider_replay,1,0.48521806194935596,0.23436070698100175
insider_replay,1,0.3929636287380819,0.0689802269637673
insider_replay,1,0.3994955613626687,0.23898015526597624
insider_replay,1,0.45397357092734036,0.28476852537954905
insider_replay,1,0.43589356223352194,0.39084498076716034
insider_replay,1,0.35994778587686377,0.11450943588981018
insider_replay,1,0.4168104411387135,0.3029850705559751
insider_replay,1,0.4965990059493469,0.2988208620815953
insider_replay,1,0.42503967971072515,0.03988230421702395
insider_replay,1,0.37424088471861305,0.1934321520781219
insider_replay,1,0.4453959152864307,0.29673206738195756
insider_replay,1,0.3594633591838397,0.04678537413462012
insider_replay,1,0.3886442166939381,0.08430706529478878
insider_replay,1,0.45779200942339754,0.27944985235629033
insider_replay,1,0.4690279512719238,0.23602557551774447
insider_replay,1,0.4437161258078836,0.17848844119219087
insider_replay,1,0.47305982341603686,0.21591899949748897
insider_replay,1,0.43881799916967434,0.2868362887363879
insider_replay,1,0.43174030466016433,0.21296520889700182
insider_replay,1,0.4334766685187914,0.03828529368371961
insider_replay,1,0.5320766078429306,0.33591235571728506
insider_replay,1,0.43469035394189126,0.3590074188134526
insider_replay,1,0.4981456835674269,0.17840316068909898
insider_replay,1,0.35668716957545593,0.18027725740047984
insider_replay,1,0.4211948114463298,0.08664610283646726
insider_replay,1,0.5211102588775677,0.3781286848646247
insider_replay,1,0.4753999275670082,0.07662016847338489
insider_replay,1,0.44250099813182137,0.2203250683790044
insider_replay,1,0.4563355102817672,0.2138650121130269
insider_replay,1,0.4131654542372207,0.2590906376582836
insider_replay,1,0.46084857570400944,0.03297219880227958
insider_replay,1,0.4144271579436904,0.20810137607129306
insider_replay,1,0.5100028672343586,0.38168760345776276
insider_replay,1,0.47930645029371144,0.2051832110154778
insider_replay,1,0.3705063439243205,0.11247191912053962
insider_replay,1,0.3329886096977625,0.02396192474657002
insider_replay,1,0.43208148321884166,0.10557680850588956
insider_replay,1,0.4376704264416687,0.1965057496673222
insider_replay,1,0.3869507246122183,0.23641785101842722
insider_replay,1,0.3545134424099162,0.08793276993468867
insider_replay,1,0.47726530764335157,0.34424925712149534
insider_replay,1,0.4397379480319576,0.1035878174672515
insider_replay,1,0.44329627525321524,0.1426475264945721
insider_replay,1,0.36813075334264794,0.13922849989474048
insider_replay,1,0.3337393755895133,0.052133818351143016
insider_replay,1,0.4741484854893526,0.31817934204987197
insider_replay,1,0.4943662365553362,0.1406303061748512
insider_replay,1,0.33206834700570753,0.03520361462707427
insider_replay,1,0.37257045183803345,0.10951601731937705
insider_replay,1,0.4006502035090891,0.011073313781763572
insider_replay,1,0.5225015290238054,0.3385071133118708
insider_replay,1,0.3822556851346924,0.056359255114305375
insider_replay,1,0.5054111874274582,0.01513692113341243
insider_replay,1,0.536217670047257,0.3116566796333325
insider_replay,1,0.48089512257214206,0.3662443013735804
insider_replay,1,0.4268850383080526,0.03740943372733918
insider_replay,1,0.463561589432207,0.2980470130535198
insider_replay,1,0.5169807413146812,0.34095177370702934
insider_replay,1,0.4697917084338832,0.38140861575398244
insider_replay,1,0.3889374807896272,0.05589150012399094
insider_replay,1,0.39892712741451564,0.11959936128145442
insider_replay,1,0.4686056836842819,0.30341997381400954
insider_replay,1,0.5595517541104221,0.3912634727924448
insider_replay,1,0.4375417805295454,0.250304227445179
insider_replay,1,0.47052887072374416,0.22055239308737154
insider_replay,1,0.4304655947915086,0.10803514222261153
insider_replay,1,0.40727090532559473,0.10894706707370627
insider_replay,1,0.4381583956583568,0.25743282984091376
insider_replay,1,0.42333577865342803,0.07723596308402302
insider_replay,1,0.37586025072012114,0.16860773300434204
insider_replay,1,0.5086951096122582,0.364185448354456
insider_replay,1,0.5439163227436641,0.2648163244210635
insider_replay,1,0.5120181549072375,0.18649385010469863
insider_replay,1,0.4780688627732894,0.20849660862489172
insider_replay,1,0.49261577369562765,0.39887596229093836
insider_replay,1,0.3358325044388628,0.002516180771586729
insider_replay,1,0.47209481875254045,0.24701591947621182
insider_replay,1,0.42904622541755544,0.08482507797081734
insider_replay,1,0.39245857678833446,0.15244656720992522
insider_replay,1,0.41489364138479434,0.02532589981226563
insider_replay,1,0.43713319837881814,0.22420768560831236
insider_replay,1,0.4815444881415956,0.3896730355672275
insider_replay,1,0.4599008559789052,0.08483236177771124
insider_replay,1,0.4100902355013065,0.3197993313444947
insider_replay,1,0.40794431263863973,0.2876700419186303
insider_replay,1,0.38048831898133884,0.16137709410190243
insider_replay,1,0.418823767972922,0.22517351101289074
insider_replay,1,0.4398110864650694,0.21731921128933562
insider_replay,1,0.5566654734370025,0.3799022115970814
insider_replay,1,0.44232249605169116,0.285577934175473
insider_replay,1,0.39533846886894686,0.1477299382634735
insider_replay,1,0.5010985448666327,0.2916428684586559
insider_replay,1,0.5963188046424199,0.39445427377624687
insider_replay,1,0.5302648601161806,0.3209792586067603
insider_replay,1,0.5309929934819155,0.37490053314732874
insider_replay,1,0.4940732413352761,0.2826355231560619
insider_replay,1,0.4074517957530859,0.11860165010549922
insider_replay,1,0.4529390880498636,0.2759250840318878
insider_replay,1,0.39744184741435523,0.13237431341556483
insider_replay,1,0.5455694114709948,0.38057229885193355
insider_replay,1,0.41092820251697987,0.25305278151004323
insider_replay,1,0.38428075818107044,0.09508662933118882
insider_replay,1,0.5341464226877742,0.3097935344871107
insider_replay,1,0.5444913987859239,0.3795096000733317
insider_replay,1,0.4424917372920723,0.34301882264935135
insider_replay,1,0.36163605980316066,0.07911946642802908
insider_replay,1,0.44206097694785684,0.18586039283744105
insider_replay,1,0.4443864110367112,0.19828303419932305
insider_replay,1,0.48206212268054965,0.11720384422240278
insider_replay,1,0.3751080698863214,0.024245566843970237
insider_replay,1,0.44658718659077845,0.2785978419497762
insider_replay,1,0.4300054125178624,0.37648924611540846
insider_replay,1,0.4268106000112764,0.28227131875247985
insider_replay,1,0.4038744318158026,0.3058196249799963
insider_replay,1,0.4615924273503238,0.15726112231377876
insider_replay,1,0.4283884574047184,0.2518479770204883
insider_replay,1,0.4311790379649645,0.2616155830574416
insider_replay,1,0.5037731586319705,0.3209554347646414
insider_replay,1,0.4234166958906902,0.06838380154592137
insider_replay,1,0.5364962309464586,0.31699674387730054
insider_replay,1,0.3843682667029079,0.2773733579303001
insider_replay,1,0.42176925768174517,0.02935429743197764
insider_replay,1,0.44091538320678175,0.1261160364559799
insider_replay,1,0.4581198696366826,0.1607488472131181
insider_replay,1,0.5988734639126718,0.3900766641070848
insider_replay,1,0.4169517815847507,0.061429821638526595
insider_replay,1,0.43873818366102957,0.10463388070053453
insider_replay,1,0.49758273443262624,0.3786821355148636
insider_replay,1,0.5545286285166384,0.3277122182385589
insider_replay,1,0.3550516077580078,0.019334850217537003
insider_replay,1,0.34676689736217825,0.15421879710085623
insider_replay,1,0.4416315277849151,0.10241539401365096
insider_replay,1,0.4732058578418031,0.08353571729842187
insider_replay,1,0.5060523969142111,0.3223588720263155
insider_replay,1,0.4158765045282242,0.04209818646515515
insider_replay,1,0.3934693982541915,0.06312656766879136
insider_replay,1,0.4875350915704132,0.3943845552882166
insider_replay,1,0.3676012039464002,0.13381684262893462
insider_replay,1,0.4231674731963738,0.04395026570311407
insider_replay,1,0.5124367681847352,0.2907605856699382
insider_replay,1,0.413317900163,0.19268510748012538
insider_replay,1,0.3862472223310042,0.04022463225989173
insider_replay,1,0.48743992530496494,0.3278918040848857
insider_replay,1,0.4298030817448098,0.03035566919859405
insider_replay,1,0.486304722456919,0.3705402510192662
insider_replay,1,0.6034505086477887,0.3533113829394855
insider_replay,1,0.38683122274380766,0.026195869301612086
insider_replay,1,0.47533393009998526,0.20549520560098614
insider_replay,1,0.45007855113028833,0.3538780513595768
insider_replay,1,0.47693536933912073,0.0019465731362412254
insider_replay,1,0.4301173682878512,0.02736316590048631
insider_replay,1,0.4413711405988167,0.33708427632498456
insider_replay,1,0.3943073137253273,0.2003492887980441
insider_replay,1,0.4742007852747498,0.29204376312865116
insider_replay,1,0.4332265097384402,0.36796704384783774
insider_replay,1,0.2837760665161715,0.05666146154896179
insider_replay,1,0.3937655758107022,0.20288215006298113
insider_replay,1,0.5293283691998563,0.29745900807270603
insider_replay,1,0.3811160806067222,0.07360605156250544
insider_replay,1,0.43148314282329175,0.1685934237797845
insider_replay,1,0.4381661115033007,0.1941928611770384
insider_replay,1,0.4296148892388412,0.22918082366832837
insider_replay,1,0.5354016227613302,0.2683146519392961
insider_replay,1,0.44140128809181667,0.20283996907341156
insider_replay,1,0.5106028904181349,0.15169200739555674
insider_replay,1,0.4500397196413772,0.12790908775802695
insider_replay,1,0.4941722547725899,0.180842384965764
insider_replay,1,0.45846081276681255,0.35779954508540784
insider_replay,1,0.5254323174007274,0.389632996969559
insider_replay,1,0.42873156965107895,0.00816708900319818
insider_replay,1,0.39552627460587336,0.21313532860388462
insider_replay,1,0.4302466017290324,0.31159617351426716
insider_replay,1,0.4056985338661655,0.06045882606983475
insider_replay,1,0.4385950510108818,0.1503277458923371
insider_replay,1,0.35602388863542567,0.0747228771914974
insider_replay,1,0.43989390238695564,0.20242891488103149
insider_replay,1,0.4188621604280737,0.030350392254155614
insider_replay,1,0.43068431430847565,0.3095923835958059
insider_replay,1,0.41952953320428027,0.10781520223372604
insider_replay,1,0.44242607628869585,0.24292409764506126
insider_replay,1,0.3161630078510244,0.023776961207883664
insider_replay,1,0.529849068580896,0.3692559222873757
insider_replay,1,0.395168763288114,0.2669561158846147
insider_replay,1,0.45135414072492935,0.25855971884768997
insider_replay,1,0.4199252442971386,0.07062919376542069
insider_replay,1,0.41653073632186227,0.150021996559963
insider_replay,1,0.5087116619809594,0.3519499940125785
insider_replay,1,0.39985608242061377,0.1632576230803577
insider_replay,1,0.4956268678104577,0.3922935862825803
insider_replay,1,0.3887601939378864,0.22356141294448514
insider_replay,1,0.5052807802452691,0.19536043523125182
insider_replay,1,0.4550586811468982,0.17268263604375994
insider_replay,1,0.36420526162857747,0.08740613905080977
insider_replay,1,0.45148565144529523,0.36533949319846565
insider_replay,1,0.44803309630906424,0.011373607045186375
insider_replay,1,0.3960080306586859,0.16182887074836705
insider_replay,1,0.43284506377155246,0.384707035979877
insider_replay,1,0.42310171837317817,0.2614343517863961
insider_replay,1,0.4047425647934875,0.028482001826610627
insider_replay,1,0.3889656424596883,0.2086136447217085
insider_replay,1,0.4686705919277707,0.255342009851705
insider_replay,1,0.4751345032623427,0.19470065585821744
insider_replay,1,0.44352253747703396,0.006449430082766928
insider_replay,1,0.45979272997853177,0.38352084476257636
insider_replay,1,0.4106700915222244,0.28791647569973255
insider_replay,1,0.43552971966126885,0.21135551900572544
insider_replay,1,0.4220524503492424,0.2420736421691382
insider_replay,1,0.47146033996380776,0.3362886026803925
insider_replay,1,0.45978184313633497,0.11030944662347086
insider_replay,1,0.4957666818711354,0.3423191328302315
insider_replay,1,0.376171560795304,0.19617966515750518
insider_replay,1,0.4579642066310896,0.16390209563352662
insider_replay,1,0.4591368144213234,0.35743470830257923
insider_replay,1,0.412925530038442,0.007311251110470308
insider_replay,1,0.4717892295290806,0.23170216564167406
insider_replay,1,0.4507110946408687,0.052707423533082935
insider_replay,1,0.3164452201394541,0.06867818222670885
insider_replay,1,0.29205287647889977,0.03158767912192095
insider_replay,1,0.4575556606706104,0.3103836434828516
insider_replay,1,0.4764730181485091,0.20068041459803043
insider_replay,1,0.5048288029248773,0.26343740249622954
insider_replay,1,0.41522057020023817,0.31534366473233133
insider_replay,1,0.4368244682228365,0.173263375260369
insider_replay,1,0.4830589013860547,0.2692808267807553
insider_replay,1,0.5341908191836068,0.3457793004801545
insider_replay,1,0.4123035729382769,0.009395566347340446
insider_replay,1,0.4253559125244765,0.10917008562039938
insider_replay,1,0.43549995730192076,0.06206177212443534
insider_replay,1,0.5470277856588861,0.3790561912732111
insider_replay,1,0.5713402782509205,0.2832450382268184
insider_replay,1,0.44543109357464805,0.06655426376963547
insider_replay,1,0.43349145455596755,0.014453628040501921
insider_replay,1,0.40400295070144776,0.13998421547910575
insider_replay,1,0.3884652146135848,0.12158454118598372
insider_replay,1,0.4809266672527831,0.12695324653505488
insider_replay,1,0.4873809072047272,0.22235229594968986
insider_replay,1,0.419836802999434,0.0869144377636133
insider_replay,1,0.4618873610377347,0.24622738801466185
insider_replay,1,0.45437899731124887,0.15963106724783682
insider_replay,1,0.41458578047698724,0.3414101779808088
insider_replay,1,0.4689419598369021,0.2609119845452735
insider_replay,1,0.3579666842358238,0.01837250537819837
insider_replay,1,0.41740686300357766,0.11647525712137119
insider_replay,1,0.39743118402991506,0.10719402793236124
insider_replay,1,0.3583113501363467,0.1265861222187723
insider_replay,1,0.45215635957583566,0.251689334325755
insider_replay,1,0.545391447828802,0.37541079283651485
insider_replay,1,0.3722137280501708,0.1366537022114244
insider_replay,1,0.4492983040115465,0.3178372251203791
insider_replay,1,0.522142986599876,0.3258977516539965
insider_replay,1,0.371551079406528,0.0008640309052776907
insider_replay,1,0.4389226875614165,0.2446048632893911
insider_replay,1,0.514982982035501,0.30764682187938286
insider_replay,1,0.5225677969614851,0.30311716984572584
insider_replay,1,0.3941470215572907,0.1777288430445823
insider_replay,1,0.5226792478768345,0.20024137164458564
insider_replay,1,0.4186618983181399,0.22875396484136262
insider_replay,1,0.43938414795706593,0.14485177142754613
insider_replay,1,0.380628927167203,0.03903736077239009
insider_replay,1,0.4785751069417123,0.37234279367150624
insider_replay,1,0.38110875457085386,0.07886539314488257
insider_replay,1,0.40782574359918,0.05271314300787569
insider_replay,1,0.4446299619705554,0.257615456231326
insider_replay,1,0.42221439149417894,0.13025160587972784
insider_replay,1,0.4778334106316,0.13972068766012416
insider_replay,1,0.5243234117518915,0.3505784580639013
insider_replay,1,0.49350006850325784,0.28434346548208833
insider_replay,1,0.44133322301533195,0.2770651630269936
insider_replay,1,0.5077767549263383,0.09500970245386116
insider_replay,1,0.4670918635807608,0.27942443426912045
insider_replay,1,0.4548711984193219,0.26680471907329883
insider_replay,1,0.48569708169737935,0.38758392918606793
insider_replay,1,0.5200933048641526,0.32763043441251344
insider_replay,1,0.5348653848351606,0.3294804689961646
insider_replay,1,0.4843740315799955,0.16452667008465172
insider_replay,1,0.3639449574628479,0.31301423992433786
insider_replay,1,0.3939621563830122,0.058243990937634486
insider_replay,1,0.35936127988743927,0.2044817744528974
insider_replay,1,0.43201582779187836,0.19780523328808433
insider_replay,1,0.5297587189078726,0.37263161556873703
insider_replay,1,0.4787661209358306,0.3777652343389201
insider_replay,1,0.4471781185372209,0.22413605877340143
insider_replay,1,0.42242507055732875,0.047726318929940614
insider_replay,1,0.48073244054189757,0.14508773216447254
insider_replay,1,0.5458548867700873,0.2803021608261295
insider_replay,1,0.5428836150920537,0.28054252482617104
insider_replay,1,0.3152403373200172,0.042292027377533084
insider_replay,1,0.41947975677020577,0.23325469861445447
insider_replay,1,0.3833905305309743,0.024330509265965274
insider_replay,1,0.44721642315704874,0.2254182129433253
insider_replay,1,0.5412613503285225,0.39444445210680656
insider_replay,1,0.4534178474750672,0.20579922100166176
insider_replay,1,0.5737178910635312,0.3215521552962029
insider_replay,1,0.43635295405711233,0.10561683088046317
insider_replay,1,0.3566595367227613,0.050865757170543806
insider_replay,1,0.46396084368683704,0.1791021192040777
insider_replay,1,0.46232373708218133,0.02611421646852823
insider_replay,1,0.4642933711126531,0.34122764811639983
insider_replay,1,0.40761495485334487,0.13469894114609066
insider_replay,1,0.41735591086676627,0.3098511831690695
insider_replay,1,0.31229274009835783,0.07344903833068757
insider_replay,1,0.48880156636273797,0.39314068523307577
insider_replay,1,0.4622461922543099,0.15078699720266955
insider_replay,1,0.4519121252963033,0.2093743297947328
insider_replay,1,0.5084308369671847,0.39325944340290225
insider_replay,1,0.37412428491723343,0.034083259563278734
insider_replay,1,0.5371871296562931,0.37067041768812015
insider_replay,1,0.39440235016746533,0.11123063235008611
insider_replay,1,0.4347573006203884,0.08094569578267166
insider_replay,1,0.3361208741681784,0.016311493513552877
insider_replay,1,0.5117599897781125,0.18015756774719127
insider_replay,1,0.37985544561298,0.057183142532498635
insider_replay,1,0.4419808277351571,0.18755685453955073
insider_replay,1,0.34992878343116085,0.07226883489451162
insider_replay,1,0.420108281095224,0.24222495771561148
insider_replay,1,0.4819303399828434,0.2650258134850409
insider_replay,1,0.40612956055831106,0.20167343784862446
insider_replay,1,0.4323429106398217,0.1832856929860888
insider_replay,1,0.3995993311526103,0.34892809188294516
insider_replay,1,0.42256039835831133,0.36099579765967993
insider_replay,1,0.40970865733628614,0.13640487427911024
insider_replay,1,0.5322823875439884,0.2900915228767336
insider_replay,1,0.3060882930001275,0.024911212443471387
insider_replay,1,0.37454835623819843,0.1522606211103693
insider_replay,1,0.4134280657977201,0.01529029679443026
insider_replay,1,0.4483401214027758,0.15838687090681214
insider_replay,1,0.3618969785791488,0.12502647488671892
insider_replay,1,0.34113824480423105,0.03879516402617083
insider_replay,1,0.3856806665753276,0.019991543833476434
insider_replay,1,0.44664365268374984,0.22696234239009894
insider_replay,1,0.399137414799109,0.1649396612467381
insider_replay,1,0.37718814558536534,0.21354798939321917
insider_replay,1,0.4575289008708001,0.3127867188657791
insider_replay,1,0.47346721943985637,0.17658025121724538
insider_replay,1,0.43463829727837305,0.07333161910579315
insider_replay,1,0.3748776635920298,0.17799689569959665
insider_replay,1,0.38056753611364547,0.008444408916131163
insider_replay,1,0.3102516129233221,0.006713612321206952
insider_replay,1,0.38314508694938626,0.14402883771731717
insider_replay,1,0.40160033630861997,0.03653807391287072
insider_replay,1,0.42886314037374945,0.372357115509634
insider_replay,1,0.3745507718533226,0.20234998835826545
insider_replay,1,0.4341282826530834,0.27723318476005215
insider_replay,1,0.2801510791995057,0.0038485728317695592
insider_replay,1,0.4096857689799577,0.2851661376200919
insider_replay,1,0.4319689235553603,0.04368636090822902
insider_replay,1,0.4779506347201434,0.3191027114390873
insider_replay,1,0.41160666400780954,0.3046309982926152
insider_replay,1,0.43590924352285415,0.27609284056592787
insider_replay,1,0.3901681696281492,0.13456291862417488
insider_replay,1,0.45726938810955453,0.337097257371261
insider_replay,1,0.4252779115426157,0.1989834271852646
insider_replay,1,0.4995821372606878,0.3106431491630379
insider_replay,1,0.41234713562199765,0.16794013237860544
insider_replay,1,0.35315706924161977,0.053154320225636646
insider_replay,1,0.4298100429875487,0.010649950602402258
insider_replay,1,0.4570470587819995,0.31464882522115006
insider_replay,1,0.33805482362992967,0.022711691923694224
insider_replay,1,0.49653386522513404,0.2539573797605696
insider_replay,1,0.5242040213135182,0.19252351586274494
insider_replay,1,0.4818523596670499,0.38745646203698736
insider_replay,1,0.38939707820970954,0.0012222180894474466
insider_replay,1,0.4214681445216452,0.19366987465582028
insider_replay,1,0.319980343463486,0.009749056533003442
insider_replay,1,0.37292818765909397,0.06827037129930127
insider_replay,1,0.5370278273410928,0.36813122625816913
insider_replay,1,0.4999588973145244,0.20588527142505814
insider_replay,1,0.5539782173466257,0.29428257922585466
insider_replay,1,0.3489787515791348,0.05723729452378188
insider_replay,1,0.4479743211569133,0.18995266642520314
insider_replay,1,0.3621376876669476,0.06783861931852582
insider_replay,1,0.37073890768999684,0.23348400085761745
insider_replay,1,0.47807125519944077,0.2167887314347092
insider_replay,1,0.48114972829349023,0.36331569508236156
insider_replay,1,0.31452074650269574,0.20571288481928438
insider_replay,1,0.34927988402353116,0.021594860168443433
insider_replay,1,0.4272506048991107,0.2552337063209355
insider_replay,1,0.530064640843539,0.3288573255462876
insider_replay,1,0.4852654106780806,0.058738211515910035
insider_replay,1,0.4480077410679985,0.06956434823854267
insider_replay,1,0.5075356487052505,0.2495147204664963
insider_replay,1,0.4966186174033027,0.3661700031369777
insider_replay,1,0.4200167535307207,0.21768697191891345
insider_replay,1,0.423411905278052,0.1372709372684145
insider_replay,1,0.4489677189361272,0.17776995040568205
insider_replay,1,0.5270429816638182,0.23116995444688124
insider_replay,1,0.4395737454978088,0.25687965800986656
insider_replay,1,0.3777621252717955,0.18579200098377655
insider_replay,1,0.49564319226982173,0.2619026354012873
insider_replay,1,0.4937804978173379,0.14494338790681124
insider_replay,1,0.3988178841251172,0.07964899629930994
insider_replay,1,0.42312649393278723,0.08123278260241325
insider_replay,1,0.5362275618780535,0.35379520416458093
insider_replay,1,0.5121750278891711,0.30387117815864667
insider_replay,1,0.43051513338136926,0.18611294828899094
insider_replay,1,0.5223181445022301,0.1833312197305247
insider_replay,1,0.42900895954313784,0.3356402814187562
insider_replay,1,0.48729765409069703,0.14335138374035913
insider_replay,1,0.4215578744647952,0.13423656533713846
insider_replay,1,0.40505018242671464,0.03935125808932769
insider_replay,1,0.4912559248744931,0.20268536735548304
insider_replay,1,0.44384977152318505,0.11026746053730006
insider_replay,1,0.475855212086738,0.20642065895535078
insider_replay,1,0.4973252809439083,0.3304870650124635
insider_replay,1,0.3538485477824241,0.02048082549972996
insider_replay,1,0.40172808242103225,0.005856853199368928
insider_replay,1,0.39171563275001625,0.15839330950282351
insider_replay,1,0.45603472354816155,0.34509728182348726
insider_replay,1,0.49404558632144835,0.3215705655300132
insider_replay,1,0.4073300466173204,0.2990043293068345
insider_replay,1,0.48086335303461414,0.24147289368781438
insider_replay,1,0.4138563723217341,0.02876393896891978
insider_replay,1,0.3606256819161122,0.11413873319310959
insider_replay,1,0.4778099110644535,0.1857534803495029
insider_replay,1,0.45181913327244905,0.270552185564052
insider_replay,1,0.4476191087415898,0.23025931900733143
insider_replay,1,0.3913504328965752,0.06585124368531847
insider_replay,1,0.32277606737414677,0.0741460814474602
insider_replay,1,0.5609618628886338,0.3422222282068728
insider_replay,1,0.5542055191608498,0.3529897688695729
insider_replay,1,0.43821514320186866,0.30568288442590363
insider_replay,1,0.39121650475313646,0.11472142876549007
insider_replay,1,0.4738427228491835,0.22280663935503697
insider_replay,1,0.38208048902269104,0.16661848105582178
insider_replay,1,0.5312899294013969,0.3274166916727738
insider_replay,1,0.4005553332524845,0.12723843593704928
insider_replay,1,0.3430360646754094,0.11649547238375622
insider_replay,1,0.37144404623948096,0.10138770907861355
insider_replay,1,0.4397913827953217,0.3396954098115972
insider_replay,1,0.5038323088453815,0.21680141700049502
insider_replay,1,0.2977454999880628,0.006001675773759852
insider_replay,1,0.4508994674807676,0.03363915964038346
insider_replay,1,0.3679466277778404,0.17783095290093703
insider_replay,1,0.3745426720305593,0.2050354675073523
insider_replay,1,0.43787634953292487,0.006798069252851091
insider_replay,1,0.4564957076876036,0.12189845361631227
insider_replay,1,0.4654477366288984,0.2807016818814343
insider_replay,1,0.41111470469022415,0.05929861998627293
insider_replay,1,0.44803156443629444,0.28084843574581625
insider_replay,1,0.513374065570106,0.39042291620473957
insider_replay,1,0.34374576796695205,0.006182019819126206
insider_replay,1,0.36696688887008605,0.09677491194353371
insider_replay,1,0.44102404434072817,0.024761076328491963
insider_replay,1,0.5187642777415324,0.32854499472749044
insider_replay,1,0.4819274079265831,0.2837226525729336
insider_replay,1,0.3681829948344779,0.06561791676124255
insider_replay,1,0.5022104217748342,0.19469606866182804
insider_replay,1,0.4598991343290791,0.29975400528096036
insider_replay,1,0.558870869830451,0.34449484790000756
insider_replay,1,0.49003609697603656,0.16586599692213033
insider_replay,1,0.4862461772516622,0.23755757281437925
insider_replay,1,0.5319427015769583,0.37996337437658595
insider_replay,1,0.4339775046245816,0.10373853724319396
insider_replay,1,0.45119707530252784,0.09510870743402898
insider_replay,1,0.3470899564048995,0.09260019756122428
insider_replay,1,0.4550640521301354,0.34043809899527216
insider_replay,1,0.487851246241339,0.09576050572836686
insider_replay,1,0.4059130444270066,0.02037576943674564
insider_replay,1,0.450744487416572,0.2114707384145841
insider_replay,1,0.32840140223805797,0.09239623777469733
insider_replay,1,0.4565261073956905,0.3951879110397758
insider_replay,1,0.4705267973577115,0.3647734719725009
insider_replay,1,0.40419311269054853,0.039034573166604684
insider_replay,1,0.36455254775669965,0.06317116524299404
insider_replay,1,0.43766188404187334,0.34125723691827425
insider_replay,1,0.4638983039466338,0.3970673082772556
insider_replay,1,0.517150101915031,0.18895750291317845
insider_replay,1,0.5150970807420552,0.30276281215581036
insider_replay,1,0.4183677221304742,0.3015403171585611
insider_replay,1,0.5220661464609834,0.34849696606874836
insider_replay,1,0.4867939468700953,0.28117481703079694
insider_replay,1,0.47547213122013465,0.2507634940014493
insider_replay,1,0.398362924880377,0.13417309533260818
insider_replay,1,0.4379534324154427,0.21535878274176412
insider_replay,1,0.429910003829784,0.2140819688416285
insider_replay,1,0.5030550688724726,0.1038947551678052
insider_replay,1,0.375599718102126,0.02019613317361242
insider_replay,1,0.3269395315712849,0.019094358882692355
insider_replay,1,0.42505991176964825,0.03951359524518288
insider_replay,1,0.3528272927935197,0.06006879183955034
insider_replay,1,0.3603570033291677,0.03726422906760698
insider_replay,1,0.39450227775611924,0.14425732159692647
insider_replay,1,0.40690141882713804,0.05051538039396917
insider_replay,1,0.42493363945665164,0.26448755992351497
insider_replay,1,0.31800890545201166,0.07198835385597424
insider_replay,1,0.37372708611147365,0.15547423297382257
insider_replay,1,0.4452321040981403,0.12238763695500432
insider_replay,1,0.4613321671266287,0.06389082685614032
insider_replay,1,0.3994687275720694,0.024974013229692817
insider_replay,1,0.4349578057063248,0.1714338301479127
insider_replay,1,0.4353524842370976,0.380434506391439
insider_replay,1,0.47693992978422817,0.2271954431413834
insider_replay,1,0.38209417946210167,0.24724752029418512
insider_replay,1,0.5223852740359713,0.34152614319923325
insider_replay,1,0.4460188528727705,0.150662352038332
insider_replay,1,0.40700461359113055,0.14674905277560568
insider_replay,1,0.4869269226684256,0.33343098347165645
insider_replay,1,0.4254859612447793,0.19849590310048512
insider_replay,1,0.3881482507630522,0.18000564179451484
insider_replay,1,0.47364456443546793,0.20314680109348743
insider_replay,1,0.31579526300768024,0.04563630178411171
insider_replay,1,0.48414201035604176,0.3996867423494776
insider_replay,1,0.43291129337833456,0.16108550315264383
insider_replay,1,0.511638060861502,0.3483008204852225
insider_replay,1,0.48497378958588644,0.26159236553720977
insider_replay,1,0.49625673945125776,0.30415517061655994
insider_replay,1,0.31753708425981597,0.0848777112385545
insider_replay,1,0.5014081156485317,0.1615387408639477
insider_replay,1,0.3984932492283224,0.29144339467411134
insider_replay,1,0.410035884541755,0.07817198775719447
insider_replay,1,0.36635435766161933,0.21219185985955905
insider_replay,1,0.3896592979731037,0.08887151881033498
insider_replay,1,0.42140440176992056,0.08330575210846916
insider_replay,1,0.4731207229644415,0.05921796880834656
insider_replay,1,0.3881209232440651,0.014103530844584267
insider_replay,1,0.4078616817556875,0.023878191952310737
insider_replay,1,0.5015698237766725,0.27720549223751645
insider_replay,1,0.47708924501577044,0.31798735260105526
insider_replay,1,0.4772735006788298,0.15881708957177093
insider_replay,1,0.4856056893896896,0.3829075661468164
insider_replay,1,0.32593733478961284,0.1758582089962594
insider_replay,1,0.3756123492529295,0.03330635203363004
insider_replay,1,0.44027313679020147,0.31874346230581874
insider_replay,1,0.5301374041370562,0.39048488692832733
insider_replay,1,0.5121739035763272,0.24016653396914156
insider_replay,1,0.4227636650833306,0.2145857284889927
insider_replay,1,0.491965777063773,0.28124952325791036
insider_replay,1,0.5547374433817432,0.36098016760852986
insider_replay,1,0.4300424249233724,0.2870114653720802
insider_replay,1,0.4994206389888961,0.37801285570061127
insider_replay,1,0.38427551197205106,0.11087294861140987
insider_replay,1,0.34712339750045906,0.04910575245084825
insider_replay,1,0.5286664876846282,0.3607784029342531
insider_replay,1,0.4121211127115245,0.2520647316624093
insider_replay,1,0.35171735363868706,0.12443789242957962
insider_replay,1,0.41899526065029097,0.1052581765175797
insider_replay,1,0.4025898414650297,0.2882885264274165
insider_replay,1,0.3866003799191532,0.10142111761495975
insider_replay,1,0.4301513901031834,0.1615252468801266
insider_replay,1,0.47511708679068765,0.18322553661717517
insider_replay,1,0.44291066115150635,0.11120869031270814
insider_replay,1,0.5212417260575719,0.3752594714713392
insider_replay,1,0.4239656533223835,0.32563486932862196
insider_replay,1,0.44240652249435986,0.2963783695269175
insider_replay,1,0.40925469826886957,0.017345047693678152
insider_replay,1,0.49623874064349677,0.1967769766030812
insider_replay,1,0.4470808012215286,0.35251647390495955
insider_replay,1,0.4162423419945171,0.22790631344085074
insider_replay,1,0.5235148707560274,0.30190171709300767
insider_replay,1,0.44891887871530556,0.15028214132647577
insider_replay,1,0.4250630100975229,0.02494711230472957
insider_replay,1,0.47383929216432186,0.3295741328252872
insider_replay,1,0.4095297464351693,0.08245602905581545
insider_replay,1,0.44060059742412455,0.12519074337280278
insider_replay,1,0.4553913815495652,0.23941553481648004
insider_replay,1,0.5661236730685595,0.2702273504619388
insider_replay,1,0.5367715328294577,0.24201875838749812
insider_replay,1,0.3742167674815641,0.04643171472480576
insider_replay,1,0.4135084505624244,0.16561976518602473
insider_replay,1,0.464997153072259,0.06625550191070442
insider_replay,1,0.522750908120392,0.35566510419165326
insider_replay,1,0.38447132919554033,0.15687264534577663
insider_replay,1,0.3965915577968697,0.0885787528222402
insider_replay,1,0.5083159699161891,0.2096859256700676
insider_replay,1,0.5230182101720682,0.28429672929828836
insider_replay,1,0.47172151524611816,0.39242967829845476
insider_replay,1,0.48965151941200014,0.3380430671612055
insider_replay,1,0.43145069174319356,0.18306392287273893
insider_replay,1,0.5129792868905398,0.26927675087276415
insider_replay,1,0.44389359951142227,0.3666384324035792
insider_replay,1,0.5261079666392533,0.3953459284919378
insider_replay,1,0.49313030907616384,0.25883319522206355
insider_replay,1,0.4798943460207412,0.39637419218843556
insider_replay,1,0.4211630000525225,0.032652966319929665
insider_replay,1,0.48346538636249703,0.22049085266744656
insider_replay,1,0.335433066836287,0.014515100529618064
insider_replay,1,0.4570805731329758,0.39023563477296147
insider_replay,1,0.41895336396452815,0.3192542479945344
insider_replay,1,0.5210660413465035,0.36175292802814796
insider_replay,1,0.42001940109037267,0.11080867596928701
insider_replay,1,0.49501977467718555,0.25210788505879894
insider_replay,1,0.4913207949380776,0.3734562067335678
insider_replay,1,0.45261892708963725,0.24229003160039597
insider_replay,1,0.5058532237367683,0.376907861396349
insider_replay,1,0.40183901285552426,0.04266375918418857
insider_replay,1,0.4645508797489207,0.23429827356961802
insider_replay,1,0.4408113651091548,0.08499438970644065
insider_replay,1,0.41020907944004875,0.1347306883338511
insider_replay,1,0.45145715850906587,0.3333368049524273
insider_replay,1,0.4279350591847675,0.17914147961999408
insider_replay,1,0.49559096528507196,0.006249787451577005
insider_replay,1,0.3827813819567686,0.11536504474377592
insider_replay,1,0.45830931532456426,0.27818344389831257
insider_replay,1,0.5324920531973222,0.34727073293302657
insider_replay,1,0.4835620228852033,0.14713565812660587
insider_replay,1,0.5633163677127835,0.3487828189611845
insider_replay,1,0.4374886181625537,0.13148600872952915
insider_replay,1,0.30827171794428954,0.1313820719346012
insider_replay,1,0.5131258913791544,0.193707036746262
insider_replay,1,0.4705226101497834,0.1881840864899934
insider_replay,1,0.5104043030946177,0.31071511224528114
insider_replay,1,0.4494442190212155,0.17211250690977753
insider_replay,1,0.3961681507591597,0.09347894500614973
insider_replay,1,0.4162855969949122,0.2701496612537421
insider_replay,1,0.4252827113693534,0.07909910003583508
insider_replay,1,0.5796772102831224,0.32151910010099394
insider_replay,1,0.4334006143128373,0.2136978623133221
insider_replay,1,0.4034033380403011,0.1463224268552847
insider_replay,1,0.49251163860213854,0.3993938521315765
insider_replay,1,0.3635027310988831,0.06119997465960889
insider_replay,1,0.4702225075033698,0.22163437733356553
insider_replay,1,0.4805341430175335,0.351512556124941
insider_replay,1,0.36247481073028404,0.06450063094554666
insider_replay,1,0.49590642128918866,0.3549280155732278
insider_replay,1,0.4556278185056193,0.2670716163034383
insider_replay,1,0.3595330282764196,0.08433880827795287
insider_replay,1,0.43198960833328304,0.13141899391435538
insider_replay,1,0.39552596181290145,0.2792396341124087
insider_replay,1,0.4036696099250067,0.06613734792664215
insider_replay,1,0.48499667859948004,0.36276171391231204
insider_replay,1,0.4106290268876068,0.07362606261139497
insider_replay,1,0.4645560716735893,0.2486640507734179
insider_replay,1,0.48725151410725775,0.2754669030136995
insider_replay,1,0.4367850329226183,0.1381772916906679
insider_replay,1,0.4634528764176586,0.23725628683550273
insider_replay,1,0.4453702127142456,0.23152578998826534
insider_replay,1,0.5347158652401227,0.2897145210772151
insider_replay,1,0.48830414176841497,0.14961139472647475
insider_replay,1,0.39085084930531716,0.08926112483746884
insider_replay,1,0.41936039315209067,0.35846104994437195
insider_replay,1,0.44551784192284644,0.05872714427310513
insider_replay,1,0.3825381362645981,0.21124532193427822
insider_replay,1,0.4363478741618216,0.11675835549092595
insider_replay,1,0.49868679240253644,0.34279087108767
insider_replay,1,0.5260268915366189,0.14983036070847974
insider_replay,1,0.4448459586144419,0.2567999912721326
insider_replay,1,0.376945965216768,0.1787081201928462
insider_replay,1,0.398288643009176,0.34880639188426166
insider_replay,1,0.5104756758297682,0.33480493727746197
insider_replay,1,0.48059846612412854,0.07470561073384029
insider_replay,1,0.4258964643392501,0.23611922271201735
insider_replay,1,0.5297836768227867,0.37569078700597025
insider_replay,1,0.43182902970833237,0.31134172487737477
insider_replay,1,0.35031927810600627,0.2819665235547837
insider_replay,1,0.46542831219183045,0.3102436126602122
insider_replay,1,0.486500341389563,0.10973605143300871
insider_replay,1,0.5188397222358432,0.26185285230797706
insider_replay,1,0.391404347794156,0.22601720145829718
insider_replay,1,0.34162132651396326,0.023351901408516174
insider_replay,1,0.3265905304971226,0.07205612969703826
insider_replay,1,0.40074669146872555,0.07161244969739262
insider_replay,1,0.4612617662602252,0.21395964689019575
insider_replay,1,0.3813749189473707,0.34202800263629846
insider_replay,1,0.3988298274092472,0.06990161089556271
insider_replay,1,0.4934758949102289,0.3143129088961785
insider_replay,1,0.5104664188303647,0.3200222434157855
insider_replay,1,0.3942595867979371,0.08071961927304305
insider_replay,1,0.4491402722397619,0.3211603462452448
insider_replay,1,0.4759384007847962,0.34615871019255584
insider_replay,1,0.37859003548933073,0.17989458556148247
insider_replay,1,0.42168192455497516,0.01977780305592716
insider_replay,1,0.46582224769432407,0.29367608793187366
insider_replay,1,0.42802921667353827,0.2548526936721362
insider_replay,1,0.4166084749060411,0.22048605235682192
insider_replay,1,0.46645878892695786,0.3581589992406562
insider_replay,1,0.4808360296238462,0.31188233191631415
insider_replay,1,0.47883233270228354,0.20570587653191855
insider_replay,1,0.42336603864792116,0.06553746621705252
insider_replay,1,0.4041148017747705,0.18518762149492995
insider_replay,1,0.42333790477286176,0.26293665161138663
insider_replay,1,0.39030972861212093,0.27678532969597247
insider_replay,1,0.4815891215351876,0.20423236105800227
insider_replay,1,0.5332613022217969,0.3283471368485044
insider_replay,1,0.41771639494023194,0.04971349179935092
insider_replay,1,0.36070038204835353,0.21305465336122265
insider_replay,1,0.4683100680666151,0.15370584808791674
insider_replay,1,0.4571305205152123,0.31599506970510244
insider_replay,1,0.38012353332470766,0.041766189654753476
insider_replay,1,0.47785588983264254,0.27011759156838694
insider_replay,1,0.3606330278739319,0.09520871973634187
insider_replay,1,0.49100313259924816,0.29034921442050743
insider_replay,1,0.48253900423951074,0.12729430871978664
insider_replay,1,0.3794819858892617,0.12244602565867804
insider_replay,1,0.49173098942662874,0.3415685808371653
insider_replay,1,0.4099626253516419,0.026968011619290924
insider_replay,1,0.5673708743172757,0.3667807101980195
insider_replay,1,0.4309479334075133,0.16762272536116143
insider_replay,1,0.4552571255662847,0.34003686495555435
insider_replay,1,0.4564818821096073,0.38022038531561236
insider_replay,1,0.48313388500071214,0.38526184850789796
insider_replay,1,0.4080166456296757,0.24343485622790895
insider_replay,1,0.34539963490723413,0.001486485845942287
insider_replay,1,0.4216105483631606,0.1320464954697989
insider_replay,1,0.41765615557348135,0.00930931983820984
insider_replay,1,0.4233438843079104,0.2698860836134193
insider_replay,1,0.4573389309376145,0.21243963093883156
insider_replay,1,0.3958803546614451,0.0031402023940089842
insider_replay,1,0.40231922148169075,0.18941299949546303
insider_replay,1,0.446465336878586,0.36405665396700126
insider_replay,1,0.3717416683997718,0.24158578511656514
insider_replay,1,0.4756654750197651,0.33150486849110944
insider_replay,1,0.5317824671666527,0.3383809428114122
insider_replay,1,0.4634255066908907,0.21206903141912814
insider_replay,1,0.41345737258326076,0.11288460012089474
insider_replay,1,0.42701889696027906,0.1406517101828014
insider_replay,1,0.43409468062395506,0.2699255594138642
insider_replay,1,0.4146321053634458,0.12182901247156704
insider_replay,1,0.5059264623621148,0.3788890216929264
insider_replay,1,0.4791001882278192,0.11890004457322419
insider_replay,1,0.4828282218397855,0.3307922965822918
insider_replay,1,0.41805422839493056,0.22040200503077045
insider_replay,1,0.34726749903770077,0.06516228367352017
insider_replay,1,0.4234736641182997,0.3345294634639665
insider_replay,1,0.44409076129039304,0.09822420364878495
insider_replay,1,0.561866420027586,0.39814358300137154
insider_replay,1,0.5360494432035328,0.3628100324564557
insider_replay,1,0.33018181381123857,0.04459646793966896
insider_replay,1,0.36132284722777763,6.223112713392709e-05
insider_replay,1,0.5340527757819119,0.3070490805993489
insider_replay,1,0.44266989307908583,0.3636674362391628
insider_replay,1,0.4080923382785757,0.02419156002426184
insider_replay,1,0.4786697884912183,0.21507713019697927
insider_replay,1,0.5098493063232051,0.3622317141897813
